"country_code","name","year","age","pasfr","tfr","f_a"
296,"Kiribati",1950,10,0.000354,6.129705,2.16991557e-05
296,"Kiribati",1950,11,0.004597,6.129705,0.00028178253885
296,"Kiribati",1950,12,0.021398,6.129705,0.0013116342759
296,"Kiribati",1950,13,0.081119,6.129705,0.00497235539895
296,"Kiribati",1950,14,0.207079,6.129705,0.01269333181695
296,"Kiribati",1950,15,0.439501,6.129705,0.02694011477205
296,"Kiribati",1950,16,0.848792,6.129705,0.0520284456636
296,"Kiribati",1950,17,1.501972,6.129705,0.0920664527826
296,"Kiribati",1950,18,2.374235,6.129705,0.14553360150675
296,"Kiribati",1950,19,3.275346,6.129705,0.2007690475293
296,"Kiribati",1950,20,4.120659,6.129705,0.25258424075595
296,"Kiribati",1950,21,4.695966,6.129705,0.2878488627003
296,"Kiribati",1950,22,4.98033,6.129705,0.3052795370265
296,"Kiribati",1950,23,5.068687,6.129705,0.31069556047335
296,"Kiribati",1950,24,5.003651,6.129705,0.30670904552955
296,"Kiribati",1950,25,4.874094,6.129705,0.2987675836227
296,"Kiribati",1950,26,4.723535,6.129705,0.28953876107175
296,"Kiribati",1950,27,4.614137,6.129705,0.28283298639585
296,"Kiribati",1950,28,4.552661,6.129705,0.27906468895005
296,"Kiribati",1950,29,4.502926,6.129705,0.2760160801683
296,"Kiribati",1950,30,4.451852,6.129705,0.2728853946366
296,"Kiribati",1950,31,4.366262,6.129705,0.2676389801271
296,"Kiribati",1950,32,4.24326,6.129705,0.260099320383
296,"Kiribati",1950,33,4.091394,6.129705,0.2507903825877
296,"Kiribati",1950,34,3.908139,6.129705,0.23955739168995
296,"Kiribati",1950,35,3.677951,6.129705,0.22544754634455
296,"Kiribati",1950,36,3.392632,6.129705,0.2079583333356
296,"Kiribati",1950,37,3.077671,6.129705,0.18865215317055
296,"Kiribati",1950,38,2.738905,6.129705,0.16788679673025
296,"Kiribati",1950,39,2.380906,6.129705,0.1459425141273
296,"Kiribati",1950,40,1.999999,6.129705,0.12259403870295
296,"Kiribati",1950,41,1.625945,6.129705,0.09966563196225
296,"Kiribati",1950,42,1.260699,6.129705,0.07727712963795
296,"Kiribati",1950,43,0.939922,6.129705,0.0576144458301
296,"Kiribati",1950,44,0.673004,6.129705,0.0412531598382
296,"Kiribati",1950,45,0.464333,6.129705,0.02846224311765
296,"Kiribati",1950,46,0.315273,6.129705,0.01932530484465
296,"Kiribati",1950,47,0.211351,6.129705,0.01295519281455
296,"Kiribati",1950,48,0.143884,6.129705,0.0088196647422
296,"Kiribati",1950,49,0.087303,6.129705,0.00535141635615
296,"Kiribati",1950,50,0.038949,6.129705,0.00238745880045
296,"Kiribati",1950,51,0.011201,6.129705,0.00068658825705
296,"Kiribati",1950,52,0.004099,6.129705,0.00025125660795
296,"Kiribati",1950,53,0.002706,6.129705,0.0001658698173
296,"Kiribati",1950,54,0.001323,6.129705,8.109599715e-05
296,"Kiribati",1951,10,0.00035,6.172256,2.1602896e-05
296,"Kiribati",1951,11,0.004549,6.172256,0.00028077592544
296,"Kiribati",1951,12,0.021245,6.172256,0.0013112957872
296,"Kiribati",1951,13,0.080793,6.172256,0.00498675079008
296,"Kiribati",1951,14,0.206482,6.172256,0.01274459763392
296,"Kiribati",1951,15,0.438957,6.172256,0.02709354976992
296,"Kiribati",1951,16,0.84795,6.172256,0.052337644752
296,"Kiribati",1951,17,1.500632,6.172256,0.09262284865792
296,"Kiribati",1951,18,2.372221,6.172256,0.14641955300576
296,"Kiribati",1951,19,3.272686,6.172256,0.20199855799616
296,"Kiribati",1951,20,4.117502,6.172256,0.25414276424512
296,"Kiribati",1951,21,4.692917,6.172256,0.28965885110752
296,"Kiribati",1951,22,4.977964,6.172256,0.30725268166784
296,"Kiribati",1951,23,5.067115,6.172256,0.3127553096144
296,"Kiribati",1951,24,5.002829,6.172256,0.30878741312224
296,"Kiribati",1951,25,4.873802,6.172256,0.30082353637312
296,"Kiribati",1951,26,4.723477,6.172256,0.29154509254112
296,"Kiribati",1951,27,4.614145,6.172256,0.2847968416112
296,"Kiribati",1951,28,4.552612,6.172256,0.28099886732672
296,"Kiribati",1951,29,4.502789,6.172256,0.27792366421984
296,"Kiribati",1951,30,4.451582,6.172256,0.27476303708992
296,"Kiribati",1951,31,4.366064,6.172256,0.26948464720384
296,"Kiribati",1951,32,4.243318,6.172256,0.26190844985408
296,"Kiribati",1951,33,4.091953,6.172256,0.25256581455968
296,"Kiribati",1951,34,3.909379,6.172256,0.24129687989024
296,"Kiribati",1951,35,3.679821,6.172256,0.22712797246176
296,"Kiribati",1951,36,3.394748,6.172256,0.20953253711488
296,"Kiribati",1951,37,3.07986,6.172256,0.1900968436416
296,"Kiribati",1951,38,2.741008,6.172256,0.16918203074048
296,"Kiribati",1951,39,2.382733,6.172256,0.14706838055648
296,"Kiribati",1951,40,2.001195,6.172256,0.1235188784592
296,"Kiribati",1951,41,1.626848,6.172256,0.10041322329088
296,"Kiribati",1951,42,1.261443,6.172256,0.07785949125408
296,"Kiribati",1951,43,0.94061,6.172256,0.0580568571616
296,"Kiribati",1951,44,0.673718,6.172256,0.04158359967808
296,"Kiribati",1951,45,0.465343,6.172256,0.02872216123808
296,"Kiribati",1951,46,0.316211,6.172256,0.01951735242016
296,"Kiribati",1951,47,0.2122,6.172256,0.013097527232
296,"Kiribati",1951,48,0.144608,6.172256,0.00892557595648
296,"Kiribati",1951,49,0.087809,6.172256,0.00541979627104
296,"Kiribati",1951,50,0.039156,6.172256,0.00241680855936
296,"Kiribati",1951,51,0.011248,6.172256,0.00069425535488
296,"Kiribati",1951,52,0.004106,6.172256,0.00025343283136
296,"Kiribati",1951,53,0.002702,6.172256,0.00016677435712
296,"Kiribati",1951,54,0.001321,6.172256,8.153550176e-05
296,"Kiribati",1952,10,0.000351,6.212185,2.180476935e-05
296,"Kiribati",1952,11,0.004566,6.212185,0.0002836483671
296,"Kiribati",1952,12,0.021288,6.212185,0.0013224499428
296,"Kiribati",1952,13,0.080822,6.212185,0.0050208121607
296,"Kiribati",1952,14,0.206427,6.212185,0.01282362712995
296,"Kiribati",1952,15,0.438722,6.212185,0.0272542222757
296,"Kiribati",1952,16,0.847333,6.212185,0.05263789352605
296,"Kiribati",1952,17,1.499311,6.212185,0.09313997304535
296,"Kiribati",1952,18,2.369943,6.212185,0.14722524355455
296,"Kiribati",1952,19,3.269636,6.212185,0.2031158371466
296,"Kiribati",1952,20,4.114024,6.212185,0.2555707818244
296,"Kiribati",1952,21,4.689656,6.212185,0.2913301065836
296,"Kiribati",1952,22,4.975506,6.212185,0.3090876374061
296,"Kiribati",1952,23,5.065514,6.212185,0.3146791008809
296,"Kiribati",1952,24,5.001981,6.212185,0.31073231338485
296,"Kiribati",1952,25,4.873451,6.212185,0.30274779200435
296,"Kiribati",1952,26,4.723315,6.212185,0.29342106593275
296,"Kiribati",1952,27,4.614013,6.212185,0.28663102348405
296,"Kiribati",1952,28,4.552404,6.212185,0.2828037584274
296,"Kiribati",1952,29,4.502501,6.212185,0.27970369174685
296,"Kiribati",1952,30,4.451195,6.212185,0.27651646811075
296,"Kiribati",1952,31,4.365782,6.212185,0.2712104545367
296,"Kiribati",1952,32,4.243323,6.212185,0.26360307490755
296,"Kiribati",1952,33,4.092491,6.212185,0.25423311202835
296,"Kiribati",1952,34,3.910627,6.212185,0.24293538389995
296,"Kiribati",1952,35,3.681723,6.212185,0.22871544394755
296,"Kiribati",1952,36,3.396906,6.212185,0.2110220849961
296,"Kiribati",1952,37,3.082095,6.212185,0.19146544327575
296,"Kiribati",1952,38,2.743151,6.212185,0.17040961494935
296,"Kiribati",1952,39,2.384594,6.212185,0.1481353907789
296,"Kiribati",1952,40,2.002416,6.212185,0.1243937863896
296,"Kiribati",1952,41,1.627775,6.212185,0.10112039438375
296,"Kiribati",1952,42,1.26221,6.212185,0.0784108202885
296,"Kiribati",1952,43,0.941323,6.212185,0.05847672620755
296,"Kiribati",1952,44,0.67446,6.212185,0.041898702951
296,"Kiribati",1952,45,0.466381,6.212185,0.02897245052485
296,"Kiribati",1952,46,0.317187,6.212185,0.01970424323595
296,"Kiribati",1952,47,0.213087,6.212185,0.01323735865095
296,"Kiribati",1952,48,0.14536,6.212185,0.009030032116
296,"Kiribati",1952,49,0.088334,6.212185,0.0054874714979
296,"Kiribati",1952,50,0.039374,6.212185,0.0024459857219
296,"Kiribati",1952,51,0.011302,6.212185,0.0007021011487
296,"Kiribati",1952,52,0.004117,6.212185,0.00025575565645
296,"Kiribati",1952,53,0.002702,6.212185,0.0001678532387
296,"Kiribati",1952,54,0.00132,6.212185,8.2000842e-05
296,"Kiribati",1953,10,0.000356,6.261804,2.229202224e-05
296,"Kiribati",1953,11,0.004627,6.261804,0.00028973367108
296,"Kiribati",1953,12,0.021462,6.261804,0.00134390837448
296,"Kiribati",1953,13,0.081089,6.261804,0.00507763424556
296,"Kiribati",1953,14,0.206736,6.261804,0.01294540311744
296,"Kiribati",1953,15,0.438697,6.261804,0.02747034629388
296,"Kiribati",1953,16,0.846873,6.261804,0.05302952738892
296,"Kiribati",1953,17,1.49801,6.261804,0.0938024501004
296,"Kiribati",1953,18,2.36749,6.261804,0.1482475835196
296,"Kiribati",1953,19,3.266319,6.261804,0.20453049379476
296,"Kiribati",1953,20,4.110317,6.261804,0.25737999431868
296,"Kiribati",1953,21,4.686233,6.261804,0.29344272544332
296,"Kiribati",1953,22,4.972964,6.261804,0.31139725867056
296,"Kiribati",1953,23,5.063871,6.261804,0.31708967683284
296,"Kiribati",1953,24,5.00109,6.261804,0.3131584536636
296,"Kiribati",1953,25,4.873035,6.261804,0.3051399005514
296,"Kiribati",1953,26,4.723058,6.261804,0.29574863476632
296,"Kiribati",1953,27,4.613762,6.261804,0.28890473346648
296,"Kiribati",1953,28,4.552067,6.261804,0.28504151348868
296,"Kiribati",1953,29,4.502092,6.261804,0.28191217693968
296,"Kiribati",1953,30,4.450714,6.261804,0.27869498728056
296,"Kiribati",1953,31,4.365436,6.261804,0.27335504606544
296,"Kiribati",1953,32,4.243291,6.261804,0.26570656556964
296,"Kiribati",1953,33,4.093019,6.261804,0.25629682746276
296,"Kiribati",1953,34,3.911892,6.261804,0.24495500973168
296,"Kiribati",1953,35,3.683664,6.261804,0.23066381969856
296,"Kiribati",1953,36,3.399113,6.261804,0.21284579379852
296,"Kiribati",1953,37,3.08438,6.261804,0.1931378302152
296,"Kiribati",1953,38,2.745341,6.261804,0.17190787255164
296,"Kiribati",1953,39,2.386497,6.261804,0.14943776460588
296,"Kiribati",1953,40,2.003668,6.261804,0.12546576297072
296,"Kiribati",1953,41,1.628729,6.261804,0.10198781767116
296,"Kiribati",1953,42,1.263002,6.261804,0.07908670975608
296,"Kiribati",1953,43,0.942063,6.261804,0.05899013861652
296,"Kiribati",1953,44,0.675233,6.261804,0.04228176700332
296,"Kiribati",1953,45,0.467454,6.261804,0.02927105327016
296,"Kiribati",1953,46,0.318201,6.261804,0.01992512294604
296,"Kiribati",1953,47,0.214012,6.261804,0.01340101197648
296,"Kiribati",1953,48,0.146142,6.261804,0.00915112560168
296,"Kiribati",1953,49,0.088879,6.261804,0.00556542877716
296,"Kiribati",1953,50,0.039602,6.261804,0.00247979962008
296,"Kiribati",1953,51,0.011361,6.261804,0.00071140355244
296,"Kiribati",1953,52,0.004131,6.261804,0.00025867512324
296,"Kiribati",1953,53,0.002705,6.261804,0.0001693817982
296,"Kiribati",1953,54,0.001321,6.261804,8.271843084e-05
296,"Kiribati",1954,10,0.000365,6.302606,2.30045119e-05
296,"Kiribati",1954,11,0.004743,6.302606,0.00029893260258
296,"Kiribati",1954,12,0.021803,6.302606,0.00137415718618
296,"Kiribati",1954,13,0.081658,6.302606,0.00514658200748
296,"Kiribati",1954,14,0.207505,6.302606,0.0130782225803
296,"Kiribati",1954,15,0.43894,6.302606,0.0276646587764
296,"Kiribati",1954,16,0.846612,6.302606,0.05335861870872
296,"Kiribati",1954,17,1.496738,6.302606,0.09433349899228
296,"Kiribati",1954,18,2.36483,6.302606,0.1490459174698
296,"Kiribati",1954,19,3.262687,6.302606,0.20563430662322
296,"Kiribati",1954,20,4.106354,6.302606,0.25880731358524
296,"Kiribati",1954,21,4.682644,6.302606,0.29512860170264
296,"Kiribati",1954,22,4.970348,6.302606,0.31326145126888
296,"Kiribati",1954,23,5.062201,6.302606,0.31905058395806
296,"Kiribati",1954,24,5.000168,6.302606,0.31514088837808
296,"Kiribati",1954,25,4.872558,6.302606,0.30709813286148
296,"Kiribati",1954,26,4.7227,6.302606,0.297653173562
296,"Kiribati",1954,27,4.61338,6.302606,0.2907631646828
296,"Kiribati",1954,28,4.551582,6.302606,0.28686828022692
296,"Kiribati",1954,29,4.501547,6.302606,0.28371477131482
296,"Kiribati",1954,30,4.450128,6.302606,0.28047403433568
296,"Kiribati",1954,31,4.365015,6.302606,0.2751096972909
296,"Kiribati",1954,32,4.243209,6.302606,0.26743274502654
296,"Kiribati",1954,33,4.093524,6.302606,0.25799868923544
296,"Kiribati",1954,34,3.913158,6.302606,0.24663093089748
296,"Kiribati",1954,35,3.685626,6.302606,0.23229048541356
296,"Kiribati",1954,36,3.40135,6.302606,0.214373689181
296,"Kiribati",1954,37,3.086696,6.302606,0.19454228729776
296,"Kiribati",1954,38,2.747557,6.302606,0.17316769233542
296,"Kiribati",1954,39,2.388422,6.302606,0.15053282827732
296,"Kiribati",1954,40,2.004937,6.302606,0.12636327965822
296,"Kiribati",1954,41,1.6297,6.302606,0.102713569982
296,"Kiribati",1954,42,1.263812,6.302606,0.07965309094072
296,"Kiribati",1954,43,0.942824,6.302606,0.05942248199344
296,"Kiribati",1954,44,0.676034,6.302606,0.04260775944604
296,"Kiribati",1954,45,0.468557,6.302606,0.02953130159542
296,"Kiribati",1954,46,0.319256,6.302606,0.02012144781136
296,"Kiribati",1954,47,0.214976,6.302606,0.01354909027456
296,"Kiribati",1954,48,0.146955,6.302606,0.0092619946473
296,"Kiribati",1954,49,0.089446,6.302606,0.00563742896276
296,"Kiribati",1954,50,0.039843,6.302606,0.00251114730858
296,"Kiribati",1954,51,0.011425,6.302606,0.0007200727355
296,"Kiribati",1954,52,0.004149,6.302606,0.00026149512294
296,"Kiribati",1954,53,0.002712,6.302606,0.00017092667472
296,"Kiribati",1954,54,0.001324,6.302606,8.344650344e-05
296,"Kiribati",1955,10,0.000377,6.324354,2.384281458e-05
296,"Kiribati",1955,11,0.004903,6.324354,0.00031008307662
296,"Kiribati",1955,12,0.022274,6.324354,0.00140868660996
296,"Kiribati",1955,13,0.08246,6.324354,0.0052150623084
296,"Kiribati",1955,14,0.208627,6.324354,0.01319431001958
296,"Kiribati",1955,15,0.43939,6.324354,0.0277885790406
296,"Kiribati",1955,16,0.846508,6.324354,0.05353616255832
296,"Kiribati",1955,17,1.495489,6.324354,0.09458001839106
296,"Kiribati",1955,18,2.362006,6.324354,0.14938162094124
296,"Kiribati",1955,19,3.258803,6.324354,0.20609823788262
296,"Kiribati",1955,20,4.102177,6.324354,0.25943619518658
296,"Kiribati",1955,21,4.678905,6.324354,0.2959105155237
296,"Kiribati",1955,22,4.967655,6.324354,0.3141720876987
296,"Kiribati",1955,23,5.060491,6.324354,0.32004336497814
296,"Kiribati",1955,24,4.999204,6.324354,0.31616735814216
296,"Kiribati",1955,25,4.872015,6.324354,0.3081234755331
296,"Kiribati",1955,26,4.722245,6.324354,0.2986514905473
296,"Kiribati",1955,27,4.61288,6.324354,0.2917348607952
296,"Kiribati",1955,28,4.55097,6.324354,0.2878194532338
296,"Kiribati",1955,29,4.500882,6.324354,0.28465171080228
296,"Kiribati",1955,30,4.44945,6.324354,0.281398969053
296,"Kiribati",1955,31,4.36453,6.324354,0.2760283276362
296,"Kiribati",1955,32,4.243089,6.324354,0.26834796889506
296,"Kiribati",1955,33,4.094015,6.324354,0.2589200014131
296,"Kiribati",1955,34,3.914437,6.324354,0.24756285298698
296,"Kiribati",1955,35,3.68762,6.324354,0.2332181429748
296,"Kiribati",1955,36,3.403628,6.324354,0.21525748356312
296,"Kiribati",1955,37,3.089056,6.324354,0.19536283669824
296,"Kiribati",1955,38,2.749812,6.324354,0.17390784521448
296,"Kiribati",1955,39,2.390382,6.324354,0.15117621963228
296,"Kiribati",1955,40,2.00623,6.324354,0.1268810872542
296,"Kiribati",1955,41,1.630694,6.324354,0.10313086121676
296,"Kiribati",1955,42,1.264645,6.324354,0.0799806266433
296,"Kiribati",1955,43,0.943611,6.324354,0.05967730002294
296,"Kiribati",1955,44,0.676866,6.324354,0.04280740194564
296,"Kiribati",1955,45,0.469697,6.324354,0.02970530100738
296,"Kiribati",1955,46,0.320352,6.324354,0.02026019452608
296,"Kiribati",1955,47,0.215981,6.324354,0.01365940301274
296,"Kiribati",1955,48,0.147802,6.324354,0.00934752169908
296,"Kiribati",1955,49,0.090036,6.324354,0.00569419536744
296,"Kiribati",1955,50,0.040095,6.324354,0.0025357497363
296,"Kiribati",1955,51,0.011495,6.324354,0.0007269844923
296,"Kiribati",1955,52,0.004169,6.324354,0.00026366231826
296,"Kiribati",1955,53,0.002721,6.324354,0.00017208567234
296,"Kiribati",1955,54,0.001328,6.324354,8.398742112e-05
296,"Kiribati",1956,10,0.000388,6.342691,2.460964108e-05
296,"Kiribati",1956,11,0.005045,6.342691,0.00031998876095
296,"Kiribati",1956,12,0.022693,6.342691,0.00143934686863
296,"Kiribati",1956,13,0.083171,6.342691,0.00527527953161
296,"Kiribati",1956,14,0.209611,6.342691,0.01329497803201
296,"Kiribati",1956,15,0.439777,6.342691,0.02789369619907
296,"Kiribati",1956,16,0.846368,6.342691,0.05368250696288
296,"Kiribati",1956,17,1.494247,6.342691,0.09477546998677
296,"Kiribati",1956,18,2.359235,6.342691,0.14963898601385
296,"Kiribati",1956,19,3.25497,6.342691,0.2064526892427
296,"Kiribati",1956,20,4.097996,6.342691,0.25992322347236
296,"Kiribati",1956,21,4.675113,6.342691,0.29652797149083
296,"Kiribati",1956,22,4.964875,6.342691,0.31490667978625
296,"Kiribati",1956,23,5.058681,6.342691,0.32085650450571
296,"Kiribati",1956,24,4.998142,6.342691,0.31701670280122
296,"Kiribati",1956,25,4.871389,6.342691,0.30897715167799
296,"Kiribati",1956,26,4.721723,6.342691,0.29948429976593
296,"Kiribati",1956,27,4.612326,6.342691,0.29254558609266
296,"Kiribati",1956,28,4.550318,6.342691,0.28861261025738
296,"Kiribati",1956,29,4.500188,6.342691,0.28543301925908
296,"Kiribati",1956,30,4.448747,6.342691,0.28217027558177
296,"Kiribati",1956,31,4.364031,6.342691,0.27679700147421
296,"Kiribati",1956,32,4.242972,6.342691,0.26911860317652
296,"Kiribati",1956,33,4.094533,6.342691,0.25970357608303
296,"Kiribati",1956,34,3.915768,6.342691,0.24836506451688
296,"Kiribati",1956,35,3.68969,6.342691,0.2340256355579
296,"Kiribati",1956,36,3.405994,6.342691,0.21603167489854
296,"Kiribati",1956,37,3.091508,6.342691,0.19608479968028
296,"Kiribati",1956,38,2.752159,6.342691,0.17456094119869
296,"Kiribati",1956,39,2.392425,6.342691,0.15174412515675
296,"Kiribati",1956,40,2.007582,6.342691,0.12733472283162
296,"Kiribati",1956,41,1.631736,6.342691,0.10349597241576
296,"Kiribati",1956,42,1.26552,6.342691,0.0802680231432
296,"Kiribati",1956,43,0.944437,6.342691,0.05990272059967
296,"Kiribati",1956,44,0.677736,6.342691,0.04298670027576
296,"Kiribati",1956,45,0.470888,6.342691,0.02986697079608
296,"Kiribati",1956,46,0.321493,6.342691,0.02039130757663
296,"Kiribati",1956,47,0.217025,6.342691,0.01376522514275
296,"Kiribati",1956,48,0.148682,6.342691,0.00943043983262
296,"Kiribati",1956,49,0.090648,6.342691,0.00574952253768
296,"Kiribati",1956,50,0.040356,6.342691,0.00255965637996
296,"Kiribati",1956,51,0.011565,6.342691,0.00073353221415
296,"Kiribati",1956,52,0.004189,6.342691,0.00026569532599
296,"Kiribati",1956,53,0.002729,6.342691,0.00017309203739
296,"Kiribati",1956,54,0.001331,6.342691,8.442121721e-05
296,"Kiribati",1957,10,0.000394,6.364463,2.507598422e-05
296,"Kiribati",1957,11,0.005124,6.364463,0.00032611508412
296,"Kiribati",1957,12,0.022951,6.364463,0.00146070790313
296,"Kiribati",1957,13,0.083749,6.364463,0.00533017411787
296,"Kiribati",1957,14,0.210664,6.364463,0.01340763233432
296,"Kiribati",1957,15,0.441179,6.364463,0.02807867421877
296,"Kiribati",1957,16,0.84819,6.364463,0.0539827387197
296,"Kiribati",1957,17,1.49559,6.364463,0.0951862721817
296,"Kiribati",1957,18,2.359161,6.364463,0.15014792895543
296,"Kiribati",1957,19,3.253189,6.364463,0.20704801022507
296,"Kiribati",1957,20,4.094563,6.364463,0.26059694714669
296,"Kiribati",1957,21,4.671011,6.364463,0.29728476682093
296,"Kiribati",1957,22,4.961132,6.364463,0.31574941052116
296,"Kiribati",1957,23,5.055632,6.364463,0.32176382805616
296,"Kiribati",1957,24,4.995901,6.364463,0.31796227066163
296,"Kiribati",1957,25,4.869801,6.364463,0.30993668281863
296,"Kiribati",1957,26,4.720513,6.364463,0.30043530329519
296,"Kiribati",1957,27,4.611288,6.364463,0.29348371858344
296,"Kiribati",1957,28,4.549286,6.364463,0.28953762423418
296,"Kiribati",1957,29,4.499127,6.364463,0.28634527323801
296,"Kiribati",1957,30,4.447608,6.364463,0.28306636554504
296,"Kiribati",1957,31,4.363053,6.364463,0.27768489385539
296,"Kiribati",1957,32,4.242366,6.364463,0.27000381439458
296,"Kiribati",1957,33,4.094572,6.364463,0.26059751994836
296,"Kiribati",1957,34,3.916652,6.364463,0.24927386737876
296,"Kiribati",1957,35,3.691371,6.364463,0.23493594148773
296,"Kiribati",1957,36,3.408028,6.364463,0.21690268108964
296,"Kiribati",1957,37,3.093693,6.364463,0.19689694631859
296,"Kiribati",1957,38,2.754303,6.364463,0.17529659534289
296,"Kiribati",1957,39,2.394304,6.364463,0.15238459218752
296,"Kiribati",1957,40,2.008774,6.364463,0.12784767798362
296,"Kiribati",1957,41,1.63264,6.364463,0.1039087687232
296,"Kiribati",1957,42,1.266286,6.364463,0.08059230394418
296,"Kiribati",1957,43,0.945185,6.364463,0.06015594960655
296,"Kiribati",1957,44,0.678559,6.364463,0.04318663648817
296,"Kiribati",1957,45,0.472076,6.364463,0.03004510235188
296,"Kiribati",1957,46,0.322654,6.364463,0.02053519444802
296,"Kiribati",1957,47,0.218096,6.364463,0.01388063922448
296,"Kiribati",1957,48,0.149576,6.364463,0.00951970917688
296,"Kiribati",1957,49,0.091259,6.364463,0.00580814528917
296,"Kiribati",1957,50,0.040598,6.364463,0.00258384468874
296,"Kiribati",1957,51,0.011616,6.364463,0.00073929602208
296,"Kiribati",1957,52,0.004204,6.364463,0.00026756202452
296,"Kiribati",1957,53,0.002741,6.364463,0.00017444993083
296,"Kiribati",1957,54,0.001338,6.364463,8.515651494e-05
296,"Kiribati",1958,10,0.000409,6.375554,2.607601586e-05
296,"Kiribati",1958,11,0.005314,6.375554,0.00033879693956
296,"Kiribati",1958,12,0.023541,6.375554,0.00150086916714
296,"Kiribati",1958,13,0.084923,6.375554,0.00541431172342
296,"Kiribati",1958,14,0.212614,6.375554,0.01355532038156
296,"Kiribati",1958,15,0.44309,6.375554,0.0282494422186
296,"Kiribati",1958,16,0.85038,6.375554,0.0542164361052
296,"Kiribati",1958,17,1.496966,6.375554,0.09543987569164
296,"Kiribati",1958,18,2.358666,6.375554,0.15037802450964
296,"Kiribati",1958,19,3.250798,6.375554,0.20725638192092
296,"Kiribati",1958,20,4.09066,6.375554,0.2608022372564
296,"Kiribati",1958,21,4.666632,6.375554,0.29752364314128
296,"Kiribati",1958,22,4.957307,6.375554,0.31605578473078
296,"Kiribati",1958,23,5.052603,6.375554,0.32213143267062
296,"Kiribati",1958,24,4.993674,6.375554,0.31837438245396
296,"Kiribati",1958,25,4.868167,6.375554,0.31037261589518
296,"Kiribati",1958,26,4.719178,6.375554,0.30087374174612
296,"Kiribati",1958,27,4.61006,6.375554,0.2939168647324
296,"Kiribati",1958,28,4.548025,6.375554,0.2899617898085
296,"Kiribati",1958,29,4.497845,6.375554,0.2867625368113
296,"Kiribati",1958,30,4.446299,6.375554,0.28347619374646
296,"Kiribati",1958,31,4.361953,6.375554,0.27809866896962
296,"Kiribati",1958,32,4.241674,6.375554,0.27043021637396
296,"Kiribati",1958,33,4.094558,6.375554,0.26105075635132
296,"Kiribati",1958,34,3.91751,6.375554,0.2497629655054
296,"Kiribati",1958,35,3.693047,6.375554,0.23545220573038
296,"Kiribati",1958,36,3.410066,6.375554,0.21741059926564
296,"Kiribati",1958,37,3.095881,6.375554,0.19737956493074
296,"Kiribati",1958,38,2.756442,6.375554,0.17573844818868
296,"Kiribati",1958,39,2.396176,6.375554,0.15276949481504
296,"Kiribati",1958,40,2.00996,6.375554,0.1281460851784
296,"Kiribati",1958,41,1.633543,6.375554,0.10414741607822
296,"Kiribati",1958,42,1.267059,6.375554,0.08078203075686
296,"Kiribati",1958,43,0.945948,6.375554,0.06030942555192
296,"Kiribati",1958,44,0.679409,6.375554,0.04331608767586
296,"Kiribati",1958,45,0.473288,6.375554,0.03017473201552
296,"Kiribati",1958,46,0.323858,6.375554,0.02064774167332
296,"Kiribati",1958,47,0.219213,6.375554,0.01397604319002
296,"Kiribati",1958,48,0.150506,6.375554,0.00959559130324
296,"Kiribati",1958,49,0.091893,6.375554,0.00585868783722
296,"Kiribati",1958,50,0.040855,6.375554,0.0026047325867
296,"Kiribati",1958,51,0.011677,6.375554,0.00074447344058
296,"Kiribati",1958,52,0.004226,6.375554,0.00026943091204
296,"Kiribati",1958,53,0.00276,6.375554,0.0001759652904
296,"Kiribati",1958,54,0.001347,6.375554,8.587871238e-05
296,"Kiribati",1959,10,0.000425,6.400147,2.720062475e-05
296,"Kiribati",1959,11,0.005526,6.400147,0.00035367212322
296,"Kiribati",1959,12,0.024196,6.400147,0.00154857956812
296,"Kiribati",1959,13,0.086213,6.400147,0.00551775873311
296,"Kiribati",1959,14,0.214738,6.400147,0.01374354766486
296,"Kiribati",1959,15,0.445113,6.400147,0.02848788631611
296,"Kiribati",1959,16,0.852662,6.400147,0.05457162141314
296,"Kiribati",1959,17,1.498372,6.400147,0.09589801060684
296,"Kiribati",1959,18,2.358108,6.400147,0.15092237841876
296,"Kiribati",1959,19,3.248295,6.400147,0.20789565499365
296,"Kiribati",1959,20,4.086655,6.400147,0.26155192738285
296,"Kiribati",1959,21,4.662173,6.400147,0.29838592539431
296,"Kiribati",1959,22,4.953426,6.400147,0.31702654553622
296,"Kiribati",1959,23,5.049525,6.400147,0.32317702280175
296,"Kiribati",1959,24,4.991389,6.400147,0.31945623334183
296,"Kiribati",1959,25,4.86646,6.400147,0.3114605936962
296,"Kiribati",1959,26,4.717754,6.400147,0.30194319109838
296,"Kiribati",1959,27,4.608734,6.400147,0.29496575083898
296,"Kiribati",1959,28,4.546667,6.400147,0.29099337160049
296,"Kiribati",1959,29,4.496477,6.400147,0.28778113782119
296,"Kiribati",1959,30,4.444924,6.400147,0.28448167003828
296,"Kiribati",1959,31,4.360807,6.400147,0.27909805838629
296,"Kiribati",1959,32,4.240954,6.400147,0.27142729020238
296,"Kiribati",1959,33,4.094536,6.400147,0.26205632296792
296,"Kiribati",1959,34,3.918379,6.400147,0.25078201601713
296,"Kiribati",1959,35,3.694749,6.400147,0.23646936728103
296,"Kiribati",1959,36,3.412137,6.400147,0.21838178384139
296,"Kiribati",1959,37,3.098104,6.400147,0.19828321021288
296,"Kiribati",1959,38,2.758613,6.400147,0.17655528716111
296,"Kiribati",1959,39,2.398076,6.400147,0.15348038917172
296,"Kiribati",1959,40,2.011164,6.400147,0.12871745241108
296,"Kiribati",1959,41,1.634464,6.400147,0.10460809866208
296,"Kiribati",1959,42,1.267851,6.400147,0.08114432774097
296,"Kiribati",1959,43,0.946736,6.400147,0.06059249570192
296,"Kiribati",1959,44,0.68029,6.400147,0.0435395600263
296,"Kiribati",1959,45,0.474544,6.400147,0.03037151357968
296,"Kiribati",1959,46,0.325109,6.400147,0.02080745391023
296,"Kiribati",1959,47,0.220375,6.400147,0.01410432395125
296,"Kiribati",1959,48,0.151473,6.400147,0.00969449466531
296,"Kiribati",1959,49,0.092553,6.400147,0.00592352805291
296,"Kiribati",1959,50,0.041125,6.400147,0.00263206045375
296,"Kiribati",1959,51,0.011742,6.400147,0.00075150526074
296,"Kiribati",1959,52,0.00425,6.400147,0.0002720062475
296,"Kiribati",1959,53,0.002781,6.400147,0.00017798808807
296,"Kiribati",1959,54,0.001358,6.400147,8.691399626e-05
296,"Kiribati",1960,10,0.000439,6.441212,2.827692068e-05
296,"Kiribati",1960,11,0.005713,6.441212,0.00036798644156
296,"Kiribati",1960,12,0.024779,6.441212,0.00159606792148
296,"Kiribati",1960,13,0.087375,6.441212,0.005628008985
296,"Kiribati",1960,14,0.216669,6.441212,0.01395610962828
296,"Kiribati",1960,15,0.447046,6.441212,0.02879518059752
296,"Kiribati",1960,16,0.854891,6.441212,0.05506534167892
296,"Kiribati",1960,17,1.499794,6.441212,0.09660491110328
296,"Kiribati",1960,18,2.357648,6.441212,0.15186110589376
296,"Kiribati",1960,19,3.245906,6.441212,0.20907568678072
296,"Kiribati",1960,20,4.082702,6.441212,0.26297549114824
296,"Kiribati",1960,21,4.657703,6.441212,0.30001252456036
296,"Kiribati",1960,22,4.94948,6.441212,0.3188064996976
296,"Kiribati",1960,23,5.046353,6.441212,0.32504629499836
296,"Kiribati",1960,24,4.989007,6.441212,0.32135251756484
296,"Kiribati",1960,25,4.864667,6.441212,0.31334351456404
296,"Kiribati",1960,26,4.716262,6.441212,0.30378443389544
296,"Kiribati",1960,27,4.60736,6.441212,0.2967698252032
296,"Kiribati",1960,28,4.545277,6.441212,0.29277092755724
296,"Kiribati",1960,29,4.495089,6.441212,0.28953821207868
296,"Kiribati",1960,30,4.443533,6.441212,0.28621738081996
296,"Kiribati",1960,31,4.359653,6.441212,0.28081449219436
296,"Kiribati",1960,32,4.240239,6.441212,0.27312278329668
296,"Kiribati",1960,33,4.094535,6.441212,0.2637376797642
296,"Kiribati",1960,34,3.91929,6.441212,0.2524497777948
296,"Kiribati",1960,35,3.696513,6.441212,0.23810023893756
296,"Kiribati",1960,36,3.414279,6.441212,0.21992094866148
296,"Kiribati",1960,37,3.100401,6.441212,0.19970340126012
296,"Kiribati",1960,38,2.760857,6.441212,0.17783265238684
296,"Kiribati",1960,39,2.400042,6.441212,0.15459179330904
296,"Kiribati",1960,40,2.012413,6.441212,0.12962378764556
296,"Kiribati",1960,41,1.635423,6.441212,0.10534106252676
296,"Kiribati",1960,42,1.268678,6.441212,0.08171823957736
296,"Kiribati",1960,43,0.947559,6.441212,0.06103428401508
296,"Kiribati",1960,44,0.68121,6.441212,0.0438781802652
296,"Kiribati",1960,45,0.475855,6.441212,0.0306508293626
296,"Kiribati",1960,46,0.326409,6.441212,0.02102469567708
296,"Kiribati",1960,47,0.221581,6.441212,0.01427250196172
296,"Kiribati",1960,48,0.152479,6.441212,0.00982149564548
296,"Kiribati",1960,49,0.09324,6.441212,0.0060057860688
296,"Kiribati",1960,50,0.041405,6.441212,0.0026669838286
296,"Kiribati",1960,51,0.011809,6.441212,0.00076064272508
296,"Kiribati",1960,52,0.004272,6.441212,0.00027516857664
296,"Kiribati",1960,53,0.002799,6.441212,0.00018028952388
296,"Kiribati",1960,54,0.001367,6.441212,8.805136804e-05
296,"Kiribati",1961,10,0.000453,6.477385,2.934255405e-05
296,"Kiribati",1961,11,0.005889,6.477385,0.00038145320265
296,"Kiribati",1961,12,0.025324,6.477385,0.0016403329774
296,"Kiribati",1961,13,0.088471,6.477385,0.00573060728335
296,"Kiribati",1961,14,0.2185,6.477385,0.014153086225
296,"Kiribati",1961,15,0.448934,6.477385,0.0290791835759
296,"Kiribati",1961,16,0.857095,6.477385,0.05551734296575
296,"Kiribati",1961,17,1.501214,6.477385,0.0972394104539
296,"Kiribati",1961,18,2.357209,6.477385,0.15268550218465
296,"Kiribati",1961,19,3.243526,6.477385,0.2100956665951
296,"Kiribati",1961,20,4.07871,6.477385,0.2641937497335
296,"Kiribati",1961,21,4.653155,6.477385,0.30140276399675
296,"Kiribati",1961,22,4.945435,6.477385,0.32033486487475
296,"Kiribati",1961,23,5.043077,6.477385,0.32665951313645
296,"Kiribati",1961,24,4.986529,6.477385,0.32299668146665
296,"Kiribati",1961,25,4.862792,6.477385,0.3149817595892
296,"Kiribati",1961,26,4.714701,6.477385,0.30538933536885
296,"Kiribati",1961,27,4.605927,6.477385,0.29834362460895
296,"Kiribati",1961,28,4.543841,6.477385,0.29432207535785
296,"Kiribati",1961,29,4.493662,6.477385,0.2910717883387
296,"Kiribati",1961,30,4.442109,6.477385,0.28773250204965
296,"Kiribati",1961,31,4.35848,6.477385,0.282315529748
296,"Kiribati",1961,32,4.239524,6.477385,0.2746102916474
296,"Kiribati",1961,33,4.09456,6.477385,0.265220415256
296,"Kiribati",1961,34,3.920257,6.477385,0.25393013887945
296,"Kiribati",1961,35,3.69836,6.477385,0.239557015886
296,"Kiribati",1961,36,3.416516,6.477385,0.2213008949066
296,"Kiribati",1961,37,3.102798,6.477385,0.2009801722323
296,"Kiribati",1961,38,2.7632,6.477385,0.17898310232
296,"Kiribati",1961,39,2.402096,6.477385,0.1555930059896
296,"Kiribati",1961,40,2.013727,6.477385,0.13043685063895
296,"Kiribati",1961,41,1.636434,6.477385,0.1059981304509
296,"Kiribati",1961,42,1.269549,6.477385,0.08223357649365
296,"Kiribati",1961,43,0.948424,6.477385,0.0614330739124
296,"Kiribati",1961,44,0.682172,6.477385,0.0441869068022
296,"Kiribati",1961,45,0.477222,6.477385,0.0309115062447
296,"Kiribati",1961,46,0.327759,6.477385,0.02123021230215
296,"Kiribati",1961,47,0.222832,6.477385,0.0144336865432
296,"Kiribati",1961,48,0.153523,6.477385,0.00994427577355
296,"Kiribati",1961,49,0.093954,6.477385,0.0060857623029
296,"Kiribati",1961,50,0.041695,6.477385,0.00270074567575
296,"Kiribati",1961,51,0.011877,6.477385,0.00076931901645
296,"Kiribati",1961,52,0.004295,6.477385,0.00027820368575
296,"Kiribati",1961,53,0.002817,6.477385,0.00018246793545
296,"Kiribati",1961,54,0.001376,6.477385,8.91288176e-05
296,"Kiribati",1962,10,0.000466,6.415205,2.98948553e-05
296,"Kiribati",1962,11,0.006055,6.415205,0.00038844066275
296,"Kiribati",1962,12,0.02596,6.415205,0.001665387218
296,"Kiribati",1962,13,0.09038,6.415205,0.005798062279
296,"Kiribati",1962,14,0.222647,6.415205,0.01428326147635
296,"Kiribati",1962,15,0.456555,6.415205,0.02928893918775
296,"Kiribati",1962,16,0.868756,6.415205,0.0557324783498
296,"Kiribati",1962,17,1.513875,6.415205,0.09711818469375
296,"Kiribati",1962,18,2.367253,6.415205,0.15186413281865
296,"Kiribati",1962,19,3.248374,6.415205,0.2083898512667
296,"Kiribati",1962,20,4.076861,6.415205,0.26153899071505
296,"Kiribati",1962,21,4.647544,6.415205,0.2981494750652
296,"Kiribati",1962,22,4.939484,6.415205,0.3168780245422
296,"Kiribati",1962,23,5.038489,6.415205,0.32322939825245
296,"Kiribati",1962,24,4.984284,6.415205,0.3197520363822
296,"Kiribati",1962,25,4.862536,6.415205,0.3119416525988
296,"Kiribati",1962,26,4.715425,6.415205,0.30250418037125
296,"Kiribati",1962,27,4.606542,6.415205,0.2955191127111
296,"Kiribati",1962,28,4.543336,6.415205,0.2914643182388
296,"Kiribati",1962,29,4.491597,6.415205,0.28814515532385
296,"Kiribati",1962,30,4.438039,6.415205,0.28470929982995
296,"Kiribati",1962,31,4.353142,6.415205,0.2792629832411
296,"Kiribati",1962,32,4.233618,6.415205,0.2715952736169
296,"Kiribati",1962,33,4.089215,6.415205,0.26233152514075
296,"Kiribati",1962,34,3.916406,6.415205,0.2512454735323
296,"Kiribati",1962,35,3.696211,6.415205,0.23711951288255
296,"Kiribati",1962,36,3.414878,6.415205,0.2190714241999
296,"Kiribati",1962,37,3.101314,6.415205,0.1989556507937
296,"Kiribati",1962,38,2.761536,6.415205,0.1771581955488
296,"Kiribati",1962,39,2.399778,6.415205,0.1539506782449
296,"Kiribati",1962,40,2.009487,6.415205,0.12891271049835
296,"Kiribati",1962,41,1.632189,6.415205,0.10470827033745
296,"Kiribati",1962,42,1.266177,6.415205,0.08122785021285
296,"Kiribati",1962,43,0.946442,6.415205,0.0607161945061
296,"Kiribati",1962,44,0.681902,6.415205,0.0437454111991
296,"Kiribati",1962,45,0.479722,6.415205,0.0307751497301
296,"Kiribati",1962,46,0.331052,6.415205,0.0212376644566
296,"Kiribati",1962,47,0.226375,6.415205,0.01452242031875
296,"Kiribati",1962,48,0.156706,6.415205,0.0100530111473
296,"Kiribati",1962,49,0.096206,6.415205,0.0061718121223
296,"Kiribati",1962,50,0.042561,6.415205,0.00273037540005
296,"Kiribati",1962,51,0.012045,6.415205,0.00077271144225
296,"Kiribati",1962,52,0.004335,6.415205,0.00027809913675
296,"Kiribati",1962,53,0.00285,6.415205,0.0001828333425
296,"Kiribati",1962,54,0.001393,6.415205,8.936380565e-05
296,"Kiribati",1963,10,0.00047,6.349929,2.98446663e-05
296,"Kiribati",1963,11,0.00611,6.349929,0.0003879806619
296,"Kiribati",1963,12,0.026266,6.349929,0.00166787235114
296,"Kiribati",1963,13,0.091715,6.349929,0.00582383738235
296,"Kiribati",1963,14,0.225968,6.349929,0.01434880756272
296,"Kiribati",1963,15,0.463756,6.349929,0.02944817673324
296,"Kiribati",1963,16,0.88023,6.349929,0.0558939800367
296,"Kiribati",1963,17,1.526712,6.349929,0.09694512803448
296,"Kiribati",1963,18,2.377877,6.349929,0.15099350120733
296,"Kiribati",1963,19,3.253873,6.349929,0.20661862525017
296,"Kiribati",1963,20,4.075367,6.349929,0.25878291098943
296,"Kiribati",1963,21,4.642012,6.349929,0.29476446617148
296,"Kiribati",1963,22,4.933424,6.349929,0.31326892126896
296,"Kiribati",1963,23,5.03374,6.349929,0.3196389160446
296,"Kiribati",1963,24,4.981952,6.349929,0.31635041481408
296,"Kiribati",1963,25,4.862316,6.349929,0.30875361375564
296,"Kiribati",1963,26,4.716315,6.349929,0.29948265391635
296,"Kiribati",1963,27,4.607418,6.349929,0.29256777173322
296,"Kiribati",1963,28,4.543142,6.349929,0.28848629136918
296,"Kiribati",1963,29,4.489825,6.349929,0.28510069972425
296,"Kiribati",1963,30,4.434193,6.349929,0.28156810722297
296,"Kiribati",1963,31,4.347981,6.349929,0.27609370643349
296,"Kiribati",1963,32,4.227872,6.349929,0.26846687021088
296,"Kiribati",1963,33,4.084003,6.349929,0.25933129085787
296,"Kiribati",1963,34,3.912652,6.349929,0.24845062401708
296,"Kiribati",1963,35,3.694126,6.349929,0.23457437817054
296,"Kiribati",1963,36,3.413326,6.349929,0.21674377753854
296,"Kiribati",1963,37,3.099959,6.349929,0.19684519552911
296,"Kiribati",1963,38,2.760055,6.349929,0.17526153286095
296,"Kiribati",1963,39,2.39768,6.349929,0.1522509776472
296,"Kiribati",1963,40,2.005535,6.349929,0.12735004857015
296,"Kiribati",1963,41,1.628184,6.349929,0.10338852798936
296,"Kiribati",1963,42,1.262947,6.349929,0.08019623780763
296,"Kiribati",1963,43,0.944465,6.349929,0.05997285692985
296,"Kiribati",1963,44,0.681478,6.349929,0.04327336915062
296,"Kiribati",1963,45,0.481839,6.349929,0.03059643439431
296,"Kiribati",1963,46,0.333914,6.349929,0.02120330192106
296,"Kiribati",1963,47,0.229486,6.349929,0.01457219806494
296,"Kiribati",1963,48,0.15951,6.349929,0.0101287717479
296,"Kiribati",1963,49,0.098184,6.349929,0.00623461428936
296,"Kiribati",1963,50,0.043298,6.349929,0.00274939225842
296,"Kiribati",1963,51,0.012171,6.349929,0.00077284985859
296,"Kiribati",1963,52,0.004364,6.349929,0.00027711090156
296,"Kiribati",1963,53,0.002882,6.349929,0.00018300495378
296,"Kiribati",1963,54,0.00141,6.349929,8.95339989e-05
296,"Kiribati",1964,10,0.000466,6.288886,2.930620876e-05
296,"Kiribati",1964,11,0.006056,6.288886,0.00038085493616
296,"Kiribati",1964,12,0.026246,6.288886,0.00165058101956
296,"Kiribati",1964,13,0.092481,6.288886,0.00581602466166
296,"Kiribati",1964,14,0.228472,6.288886,0.01436834362192
296,"Kiribati",1964,15,0.470557,6.288886,0.02959279329502
296,"Kiribati",1964,16,0.89155,6.288886,0.056068563133
296,"Kiribati",1964,17,1.539783,6.288886,0.09683519751738
296,"Kiribati",1964,18,2.389167,6.288886,0.15025198897962
296,"Kiribati",1964,19,3.260133,6.288886,0.20502604781838
296,"Kiribati",1964,20,4.074349,6.288886,0.25623116385214
296,"Kiribati",1964,21,4.636672,6.288886,0.29159501627392
296,"Kiribati",1964,22,4.927337,6.288886,0.30987460676582
296,"Kiribati",1964,23,5.028878,6.288886,0.31626040449908
296,"Kiribati",1964,24,4.979555,6.288886,0.3131585372573
296,"Kiribati",1964,25,4.862136,6.288886,0.30577419020496
296,"Kiribati",1964,26,4.717366,6.288886,0.29666976994276
296,"Kiribati",1964,27,4.608553,6.288886,0.28982664441958
296,"Kiribati",1964,28,4.543258,6.288886,0.28572031630588
296,"Kiribati",1964,29,4.488352,6.288886,0.28226734055872
296,"Kiribati",1964,30,4.430583,6.288886,0.27863431400538
296,"Kiribati",1964,31,4.343005,6.288886,0.2731266334243
296,"Kiribati",1964,32,4.222284,6.288886,0.26553462735624
296,"Kiribati",1964,33,4.078905,6.288886,0.2565176854983
296,"Kiribati",1964,34,3.908952,6.288886,0.24582953507472
296,"Kiribati",1964,35,3.69204,6.288886,0.2321881866744
296,"Kiribati",1964,36,3.411783,6.288886,0.21456314343738
296,"Kiribati",1964,37,3.098648,6.288886,0.19487044026128
296,"Kiribati",1964,38,2.758671,6.288886,0.17348967430506
296,"Kiribati",1964,39,2.395721,6.288886,0.15066416256806
296,"Kiribati",1964,40,2.001807,6.288886,0.12589136017002
296,"Kiribati",1964,41,1.624367,6.288886,0.10215458885162
296,"Kiribati",1964,42,1.259817,6.288886,0.07922845493862
296,"Kiribati",1964,43,0.942462,6.288886,0.05927036077332
296,"Kiribati",1964,44,0.680875,6.288886,0.0428194525525
296,"Kiribati",1964,45,0.483555,6.288886,0.0304102226973
296,"Kiribati",1964,46,0.336329,6.288886,0.02115134739494
296,"Kiribati",1964,47,0.232153,6.288886,0.01459983751558
296,"Kiribati",1964,48,0.161923,6.288886,0.01018315287778
296,"Kiribati",1964,49,0.099879,6.288886,0.00628127644794
296,"Kiribati",1964,50,0.043902,6.288886,0.00276094673172
296,"Kiribati",1964,51,0.012253,6.288886,0.00077057720158
296,"Kiribati",1964,52,0.00438,6.288886,0.0002754532068
296,"Kiribati",1964,53,0.002912,6.288886,0.00018313236032
296,"Kiribati",1964,54,0.001426,6.288886,8.967951436e-05
296,"Kiribati",1965,10,0.000452,6.261582,2.830235064e-05
296,"Kiribati",1965,11,0.00588,6.261582,0.0003681810216
296,"Kiribati",1965,12,0.025865,6.261582,0.0016195581843
296,"Kiribati",1965,13,0.092613,6.261582,0.00579903893766
296,"Kiribati",1965,14,0.230049,6.261582,0.01440470677518
296,"Kiribati",1965,15,0.47689,6.261582,0.0298608583998
296,"Kiribati",1965,16,0.902659,6.261582,0.05652073346538
296,"Kiribati",1965,17,1.553045,6.261582,0.0972451861719
296,"Kiribati",1965,18,2.401103,6.261582,0.15034703324946
296,"Kiribati",1965,19,3.267127,6.261582,0.20457383614914
296,"Kiribati",1965,20,4.073744,6.261582,0.25508082103008
296,"Kiribati",1965,21,4.631444,6.261582,0.29000166384408
296,"Kiribati",1965,22,4.92115,6.261582,0.308141842593
296,"Kiribati",1965,23,5.023855,6.261582,0.3145728003861
296,"Kiribati",1965,24,4.977073,6.261582,0.31164350709486
296,"Kiribati",1965,25,4.862,6.261582,0.30443811684
296,"Kiribati",1965,26,4.718601,6.261582,0.29545907086782
296,"Kiribati",1965,27,4.609976,6.261582,0.28865742742032
296,"Kiribati",1965,28,4.543721,6.261582,0.28450881626622
296,"Kiribati",1965,29,4.487207,6.261582,0.28097014581474
296,"Kiribati",1965,30,4.42723,6.261582,0.2772146367786
296,"Kiribati",1965,31,4.338234,6.261582,0.27164207926188
296,"Kiribati",1965,32,4.21688,6.261582,0.2640433990416
296,"Kiribati",1965,33,4.073963,6.261582,0.25509453389466
296,"Kiribati",1965,34,3.905369,6.261582,0.24453788233758
296,"Kiribati",1965,35,3.690036,6.261582,0.23105462996952
296,"Kiribati",1965,36,3.410338,6.261582,0.21354111034716
296,"Kiribati",1965,37,3.097472,6.261582,0.19395074920704
296,"Kiribati",1965,38,2.757469,6.261582,0.17266118255958
296,"Kiribati",1965,39,2.393974,6.261582,0.14990064506868
296,"Kiribati",1965,40,1.998347,6.261582,0.12512813604954
296,"Kiribati",1965,41,1.620763,6.261582,0.10148540427066
296,"Kiribati",1965,42,1.256799,6.261582,0.07869549996018
296,"Kiribati",1965,43,0.940434,6.261582,0.05888604606588
296,"Kiribati",1965,44,0.680088,6.261582,0.04258426779216
296,"Kiribati",1965,45,0.484865,6.261582,0.0303602195643
296,"Kiribati",1965,46,0.338286,6.261582,0.02118205528452
296,"Kiribati",1965,47,0.234362,6.261582,0.01467476880684
296,"Kiribati",1965,48,0.163934,6.261582,0.01026486183588
296,"Kiribati",1965,49,0.101282,6.261582,0.00634185548124
296,"Kiribati",1965,50,0.044367,6.261582,0.00277807608594
296,"Kiribati",1965,51,0.01229,6.261582,0.0007695484278
296,"Kiribati",1965,52,0.004383,6.261582,0.00027444513906
296,"Kiribati",1965,53,0.00294,6.261582,0.0001840905108
296,"Kiribati",1965,54,0.001442,6.261582,9.029201244e-05
296,"Kiribati",1966,10,0.000446,6.224669,2.776202374e-05
296,"Kiribati",1966,11,0.005802,6.224669,0.00036115529538
296,"Kiribati",1966,12,0.025776,6.224669,0.00160447068144
296,"Kiribati",1966,13,0.093269,6.224669,0.00580568652961
296,"Kiribati",1966,14,0.232431,6.224669,0.01446806040339
296,"Kiribati",1966,15,0.483686,6.224669,0.03010785249934
296,"Kiribati",1966,16,0.914172,6.224669,0.05690418109068
296,"Kiribati",1966,17,1.566425,6.224669,0.09750477138325
296,"Kiribati",1966,18,2.412686,6.224669,0.15018171750934
296,"Kiribati",1966,19,3.273471,6.224669,0.20376273456099
296,"Kiribati",1966,20,4.072459,6.224669,0.25349709291071
296,"Kiribati",1966,21,4.625666,6.224669,0.28793239754554
296,"Kiribati",1966,22,4.914673,6.224669,0.30592212668237
296,"Kiribati",1966,23,5.018757,6.224669,0.31240101116433
296,"Kiribati",1966,24,4.974652,6.224669,0.30965562090188
296,"Kiribati",1966,25,4.861982,6.224669,0.30264228633958
296,"Kiribati",1966,26,4.71995,6.224669,0.2938012644655
296,"Kiribati",1966,27,4.611488,6.224669,0.28704986397472
296,"Kiribati",1966,28,4.544234,6.224669,0.28286352508546
296,"Kiribati",1966,29,4.486086,6.224669,0.27924400455534
296,"Kiribati",1966,30,4.42389,6.224669,0.2753725094241
296,"Kiribati",1966,31,4.333488,6.224669,0.26974528415472
296,"Kiribati",1966,32,4.21154,6.224669,0.2621544248026
296,"Kiribati",1966,33,4.069118,6.224669,0.25328912671942
296,"Kiribati",1966,34,3.901911,6.224669,0.24288104442459
296,"Kiribati",1966,35,3.688167,6.224669,0.22957618791723
296,"Kiribati",1966,36,3.40906,6.224669,0.2122027010114
296,"Kiribati",1966,37,3.096495,6.224669,0.19274656435155
296,"Kiribati",1966,38,2.756496,6.224669,0.17158275199824
296,"Kiribati",1966,39,2.392471,6.224669,0.14892340067099
296,"Kiribati",1966,40,1.995174,6.224669,0.12419297747406
296,"Kiribati",1966,41,1.617381,6.224669,0.10067661371889
296,"Kiribati",1966,42,1.253892,6.224669,0.07805062661748
296,"Kiribati",1966,43,0.938371,6.224669,0.05841048874199
296,"Kiribati",1966,44,0.679103,6.224669,0.04227191391907
296,"Kiribati",1966,45,0.485724,6.224669,0.03023471125356
296,"Kiribati",1966,46,0.339772,6.224669,0.02114968235468
296,"Kiribati",1966,47,0.236108,6.224669,0.01469694148252
296,"Kiribati",1966,48,0.165526,6.224669,0.01030344560894
296,"Kiribati",1966,49,0.10238,6.224669,0.0063728161222
296,"Kiribati",1966,50,0.044701,6.224669,0.00278248928969
296,"Kiribati",1966,51,0.012291,6.224669,0.00076507406679
296,"Kiribati",1966,52,0.004384,6.224669,0.00027288948896
296,"Kiribati",1966,53,0.002981,6.224669,0.00018555738289
296,"Kiribati",1966,54,0.001466,6.224669,9.125364754e-05
296,"Kiribati",1967,10,0.000478,6.112124,2.921595272e-05
296,"Kiribati",1967,11,0.006208,6.112124,0.00037944065792
296,"Kiribati",1967,12,0.027009,6.112124,0.00165082357116
296,"Kiribati",1967,13,0.095576,6.112124,0.00584172363424
296,"Kiribati",1967,14,0.236043,6.112124,0.01442724085332
296,"Kiribati",1967,15,0.487137,6.112124,0.02977441748988
296,"Kiribati",1967,16,0.917923,6.112124,0.05610459198452
296,"Kiribati",1967,17,1.568429,6.112124,0.09586432533196
296,"Kiribati",1967,18,2.411063,6.112124,0.14736716027812
296,"Kiribati",1967,19,3.268659,6.112124,0.19978449121716
296,"Kiribati",1967,20,4.065807,6.112124,0.24850716544068
296,"Kiribati",1967,21,4.620342,6.112124,0.28240103226408
296,"Kiribati",1967,22,4.913651,6.112124,0.30032844204724
296,"Kiribati",1967,23,5.02243,6.112124,0.3069771494132
296,"Kiribati",1967,24,4.982494,6.112124,0.30453621157256
296,"Kiribati",1967,25,4.87214,6.112124,0.2977912382536
296,"Kiribati",1967,26,4.730083,6.112124,0.28910853826292
296,"Kiribati",1967,27,4.619956,6.112124,0.28237743946544
296,"Kiribati",1967,28,4.549732,6.112124,0.27808526150768
296,"Kiribati",1967,29,4.488199,6.112124,0.27432428824676
296,"Kiribati",1967,30,4.422228,6.112124,0.27029205892272
296,"Kiribati",1967,31,4.329155,6.112124,0.2646033217522
296,"Kiribati",1967,32,4.205612,6.112124,0.25705222039888
296,"Kiribati",1967,33,4.063371,6.112124,0.24835827410004
296,"Kiribati",1967,34,3.897824,6.112124,0.23823983618176
296,"Kiribati",1967,35,3.685996,6.112124,0.22529264615504
296,"Kiribati",1967,36,3.407121,6.112124,0.20824746035004
296,"Kiribati",1967,37,3.094328,6.112124,0.18912916432672
296,"Kiribati",1967,38,2.753696,6.112124,0.16830931410304
296,"Kiribati",1967,39,2.388449,6.112124,0.14598496455676
296,"Kiribati",1967,40,1.988302,6.112124,0.12152748373448
296,"Kiribati",1967,41,1.610342,6.112124,0.09842609986408
296,"Kiribati",1967,42,1.247964,6.112124,0.07627710715536
296,"Kiribati",1967,43,0.934273,6.112124,0.05710392425852
296,"Kiribati",1967,44,0.677278,6.112124,0.04139607118472
296,"Kiribati",1967,45,0.487482,6.112124,0.02979550431768
296,"Kiribati",1967,46,0.342735,6.112124,0.0209483881914
296,"Kiribati",1967,47,0.239629,6.112124,0.01464642161996
296,"Kiribati",1967,48,0.168876,6.112124,0.01032191052624
296,"Kiribati",1967,49,0.10485,6.112124,0.006408562014
296,"Kiribati",1967,50,0.045685,6.112124,0.0027923238494
296,"Kiribati",1967,51,0.012529,6.112124,0.00076578801596
296,"Kiribati",1967,52,0.004442,6.112124,0.00027150054808
296,"Kiribati",1967,53,0.003001,6.112124,0.00018342484124
296,"Kiribati",1967,54,0.001474,6.112124,9.009270776e-05
296,"Kiribati",1968,10,0.000507,5.983961,3.033868227e-05
296,"Kiribati",1968,11,0.006596,5.983961,0.00039470206756
296,"Kiribati",1968,12,0.02824,5.983961,0.0016898705864
296,"Kiribati",1968,13,0.098163,5.983961,0.00587403563643
296,"Kiribati",1968,14,0.240562,5.983961,0.01439513626082
296,"Kiribati",1968,15,0.493314,5.983961,0.02951971736754
296,"Kiribati",1968,16,0.92625,5.983961,0.0554264387625
296,"Kiribati",1968,17,1.575659,5.983961,0.09428682005299
296,"Kiribati",1968,18,2.413809,5.983961,0.14444138917449
296,"Kiribati",1968,19,3.266091,5.983961,0.19544161166451
296,"Kiribati",1968,20,4.058498,5.983961,0.24285893750578
296,"Kiribati",1968,21,4.613243,5.983961,0.27605466195523
296,"Kiribati",1968,22,4.911742,5.983961,0.29391672570062
296,"Kiribati",1968,23,5.02706,5.983961,0.3008173098466
296,"Kiribati",1968,24,4.9936,5.983961,0.298815076496
296,"Kiribati",1968,25,4.887294,5.983961,0.29245376691534
296,"Kiribati",1968,26,4.745904,5.983961,0.28399304445744
296,"Kiribati",1968,27,4.63377,5.983961,0.2772829896297
296,"Kiribati",1968,28,4.559274,5.983961,0.27282517804314
296,"Kiribati",1968,29,4.492539,5.983961,0.26883178166979
296,"Kiribati",1968,30,4.42051,5.983961,0.2645215944011
296,"Kiribati",1968,31,4.322935,5.983961,0.25868274445535
296,"Kiribati",1968,32,4.19645,5.983961,0.2511139313845
296,"Kiribati",1968,33,4.05389,5.983961,0.2425831965829
296,"Kiribati",1968,34,3.890246,5.983961,0.23279080344406
296,"Kiribati",1968,35,3.680822,5.983961,0.22025895295942
296,"Kiribati",1968,36,3.402055,5.983961,0.20357764439855
296,"Kiribati",1968,37,3.088839,5.983961,0.18483492111279
296,"Kiribati",1968,38,2.747318,5.983961,0.16439843766598
296,"Kiribati",1968,39,2.380391,5.983961,0.14244166908751
296,"Kiribati",1968,40,1.976262,5.983961,0.11825874733782
296,"Kiribati",1968,41,1.598295,5.983961,0.09564134946495
296,"Kiribati",1968,42,1.237836,5.983961,0.07407162348396
296,"Kiribati",1968,43,0.927112,5.983961,0.05547802050632
296,"Kiribati",1968,44,0.673713,5.983961,0.04031472317193
296,"Kiribati",1968,45,0.489385,5.983961,0.02928460753985
296,"Kiribati",1968,46,0.346613,5.983961,0.02074118674093
296,"Kiribati",1968,47,0.244473,5.983961,0.01462916897553
296,"Kiribati",1968,48,0.173559,5.983961,0.01038570287199
296,"Kiribati",1968,49,0.108313,5.983961,0.00648140767793
296,"Kiribati",1968,50,0.047022,5.983961,0.00281377814142
296,"Kiribati",1968,51,0.012825,5.983961,0.00076744299825
296,"Kiribati",1968,52,0.004508,5.983961,0.00026975696188
296,"Kiribati",1968,53,0.003028,5.983961,0.00018119433908
296,"Kiribati",1968,54,0.001486,5.983961,8.892166046e-05
296,"Kiribati",1969,10,0.000548,5.847996,3.204701808e-05
296,"Kiribati",1969,11,0.007123,5.847996,0.00041655275508
296,"Kiribati",1969,12,0.029842,5.847996,0.00174515896632
296,"Kiribati",1969,13,0.101165,5.847996,0.0059161251534
296,"Kiribati",1969,14,0.245332,5.847996,0.01434700554672
296,"Kiribati",1969,15,0.497576,5.847996,0.02909822457696
296,"Kiribati",1969,16,0.931117,5.847996,0.05445168491532
296,"Kiribati",1969,17,1.578594,5.847996,0.09231611397624
296,"Kiribati",1969,18,2.412417,5.847996,0.14107804966332
296,"Kiribati",1969,19,3.260728,5.847996,0.19068724301088
296,"Kiribati",1969,20,4.050649,5.847996,0.23688179149404
296,"Kiribati",1969,21,4.606644,5.847996,0.26939635685424
296,"Kiribati",1969,22,4.909949,5.847996,0.28713362112204
296,"Kiribati",1969,23,5.030628,5.847996,0.29419092421488
296,"Kiribati",1969,24,5.002024,5.847996,0.29251816343904
296,"Kiribati",1969,25,4.898563,5.847996,0.28646776829748
296,"Kiribati",1969,26,4.757491,5.847996,0.27821788338036
296,"Kiribati",1969,27,4.643876,5.847996,0.27157368272496
296,"Kiribati",1969,28,4.566435,5.847996,0.2670449361426
296,"Kiribati",1969,29,4.496173,5.847996,0.26293601719308
296,"Kiribati",1969,30,4.420121,5.847996,0.25848849927516
296,"Kiribati",1969,31,4.319658,5.847996,0.25261342705368
296,"Kiribati",1969,32,4.191432,5.847996,0.24511477570272
296,"Kiribati",1969,33,4.048873,5.847996,0.23677793108508
296,"Kiribati",1969,34,3.886674,5.847996,0.22729254005304
296,"Kiribati",1969,35,3.678906,5.847996,0.21514227572376
296,"Kiribati",1969,36,3.400268,5.847996,0.19884753662928
296,"Kiribati",1969,37,3.086802,5.847996,0.18051605748792
296,"Kiribati",1969,38,2.744685,5.847996,0.1605090690126
296,"Kiribati",1969,39,2.376532,5.847996,0.13897949629872
296,"Kiribati",1969,40,1.969709,5.847996,0.11518850353164
296,"Kiribati",1969,41,1.591306,5.847996,0.09305951122776
296,"Kiribati",1969,42,1.231533,5.847996,0.07202000057868
296,"Kiribati",1969,43,0.922079,5.847996,0.05392314303684
296,"Kiribati",1969,44,0.670322,5.847996,0.03920040374712
296,"Kiribati",1969,45,0.488569,5.847996,0.02857149557724
296,"Kiribati",1969,46,0.346961,5.847996,0.02029026540156
296,"Kiribati",1969,47,0.245496,5.847996,0.01435659626016
296,"Kiribati",1969,48,0.174713,5.847996,0.01021720925148
296,"Kiribati",1969,49,0.109195,5.847996,0.0063857192322
296,"Kiribati",1969,50,0.047295,5.847996,0.0027658097082
296,"Kiribati",1969,51,0.012856,5.847996,0.00075181836576
296,"Kiribati",1969,52,0.004537,5.847996,0.00026532357852
296,"Kiribati",1969,53,0.003088,5.847996,0.00018058611648
296,"Kiribati",1969,54,0.001519,5.847996,8.883105924e-05
296,"Kiribati",1970,10,0.000579,5.706355,3.303979545e-05
296,"Kiribati",1970,11,0.007525,5.706355,0.00042940321375
296,"Kiribati",1970,12,0.031123,5.706355,0.00177598886665
296,"Kiribati",1970,13,0.103887,5.706355,0.00592816101885
296,"Kiribati",1970,14,0.250196,5.706355,0.0142770719558
296,"Kiribati",1970,15,0.50422,5.706355,0.028772583181
296,"Kiribati",1970,16,0.940461,5.706355,0.05366604329655
296,"Kiribati",1970,17,1.587032,5.706355,0.0905616798836
296,"Kiribati",1970,18,2.416087,5.706355,0.13787050132885
296,"Kiribati",1970,19,3.258361,5.706355,0.18593364584155
296,"Kiribati",1970,20,4.042559,5.706355,0.23068276762445
296,"Kiribati",1970,21,4.598355,5.706355,0.26239846046025
296,"Kiribati",1970,22,4.907108,5.706355,0.2800170027134
296,"Kiribati",1970,23,5.034917,5.706355,0.28731023797535
296,"Kiribati",1970,24,5.013574,5.706355,0.2860923306277
296,"Kiribati",1970,25,4.914883,5.706355,0.28046067181465
296,"Kiribati",1970,26,4.77505,5.706355,0.2724813044275
296,"Kiribati",1970,27,4.659823,5.706355,0.26590604275165
296,"Kiribati",1970,28,4.578306,5.706355,0.2612543933463
296,"Kiribati",1970,29,4.50278,5.706355,0.256944611669
296,"Kiribati",1970,30,4.420393,5.706355,0.25224331697515
296,"Kiribati",1970,31,4.315127,5.706355,0.24623646532085
296,"Kiribati",1970,32,4.183679,5.706355,0.23873557580045
296,"Kiribati",1970,33,4.040506,5.706355,0.2305656161563
296,"Kiribati",1970,34,3.879898,5.706355,0.2214007535179
296,"Kiribati",1970,35,3.674165,5.706355,0.20966089818575
296,"Kiribati",1970,36,3.39534,5.706355,0.193750153857
296,"Kiribati",1970,37,3.081249,5.706355,0.17582700637395
296,"Kiribati",1970,38,2.738118,5.706355,0.1562467333989
296,"Kiribati",1970,39,2.368116,5.706355,0.1351331057718
296,"Kiribati",1970,40,1.957245,5.706355,0.11168734791975
296,"Kiribati",1970,41,1.57853,5.706355,0.0900765255815
296,"Kiribati",1970,42,1.22032,5.706355,0.069635791336
296,"Kiribati",1970,43,0.913407,5.706355,0.05212224601485
296,"Kiribati",1970,44,0.664788,5.706355,0.0379351632774
296,"Kiribati",1970,45,0.487747,5.706355,0.02783257532185
296,"Kiribati",1970,46,0.348177,5.706355,0.01986821564835
296,"Kiribati",1970,47,0.247866,5.706355,0.0141441138843
296,"Kiribati",1970,48,0.177256,5.706355,0.0101148566188
296,"Kiribati",1970,49,0.111121,5.706355,0.00634095873955
296,"Kiribati",1970,50,0.047925,5.706355,0.00273477063375
296,"Kiribati",1970,51,0.012936,5.706355,0.0007381740828
296,"Kiribati",1970,52,0.004567,5.706355,0.00026060923285
296,"Kiribati",1970,53,0.003149,5.706355,0.00017969311895
296,"Kiribati",1970,54,0.001552,5.706355,8.85626296e-05
296,"Kiribati",1971,10,0.000598,5.55393,3.32125014e-05
296,"Kiribati",1971,11,0.00777,5.55393,0.000431540361
296,"Kiribati",1971,12,0.031935,5.55393,0.0017736475455
296,"Kiribati",1971,13,0.105779,5.55393,0.0058748916147
296,"Kiribati",1971,14,0.25386,5.55393,0.014099206698
296,"Kiribati",1971,15,0.510123,5.55393,0.0283318743339
296,"Kiribati",1971,16,0.949458,5.55393,0.0527322326994
296,"Kiribati",1971,17,1.595893,5.55393,0.0886347800949
296,"Kiribati",1971,18,2.421174,5.55393,0.1344703091382
296,"Kiribati",1971,19,3.257896,5.55393,0.1809412633128
296,"Kiribati",1971,20,4.036216,5.55393,0.2241686112888
296,"Kiribati",1971,21,4.591436,5.55393,0.2550051414348
296,"Kiribati",1971,22,4.905151,5.55393,0.2724286529343
296,"Kiribati",1971,23,5.039772,5.55393,0.2799054090396
296,"Kiribati",1971,24,5.025595,5.55393,0.2791180283835
296,"Kiribati",1971,25,4.931761,5.55393,0.2739065537073
296,"Kiribati",1971,26,4.793414,5.55393,0.2662228581702
296,"Kiribati",1971,27,4.676887,5.55393,0.2597510301591
296,"Kiribati",1971,28,4.591613,5.55393,0.2550149718909
296,"Kiribati",1971,29,4.510995,5.55393,0.2505375046035
296,"Kiribati",1971,30,4.422307,5.55393,0.2456118351651
296,"Kiribati",1971,31,4.312124,5.55393,0.2394923484732
296,"Kiribati",1971,32,4.17723,5.55393,0.232000430139
296,"Kiribati",1971,33,4.033072,5.55393,0.2239939957296
296,"Kiribati",1971,34,3.873563,5.55393,0.2151349775259
296,"Kiribati",1971,35,3.669341,5.55393,0.2037926306013
296,"Kiribati",1971,36,3.389977,5.55393,0.1882769495961
296,"Kiribati",1971,37,3.07503,5.55393,0.170785013679
296,"Kiribati",1971,38,2.730771,5.55393,0.1516651098003
296,"Kiribati",1971,39,2.358856,5.55393,0.1310092110408
296,"Kiribati",1971,40,1.944061,5.55393,0.1079717870973
296,"Kiribati",1971,41,1.564936,5.55393,0.0869154499848
296,"Kiribati",1971,42,1.208142,5.55393,0.0670993609806
296,"Kiribati",1971,43,0.903564,5.55393,0.0501833120652
296,"Kiribati",1971,44,0.657844,5.55393,0.0365361952692
296,"Kiribati",1971,45,0.485063,5.55393,0.0269400594759
296,"Kiribati",1971,46,0.347563,5.55393,0.0193034057259
296,"Kiribati",1971,47,0.248536,5.55393,0.0138035154648
296,"Kiribati",1971,48,0.178345,5.55393,0.0099051564585
296,"Kiribati",1971,49,0.112013,5.55393,0.0062211236109
296,"Kiribati",1971,50,0.048086,5.55393,0.0026706627798
296,"Kiribati",1971,51,0.012873,5.55393,0.0007149574089
296,"Kiribati",1971,52,0.004564,5.55393,0.0002534813652
296,"Kiribati",1971,53,0.003216,5.55393,0.0001786143888
296,"Kiribati",1971,54,0.001592,5.55393,8.84185656e-05
296,"Kiribati",1972,10,0.000631,5.374047,3.391023657e-05
296,"Kiribati",1972,11,0.008202,5.374047,0.00044077933494
296,"Kiribati",1972,12,0.03305,5.374047,0.0017761225335
296,"Kiribati",1972,13,0.106776,5.374047,0.00573819242472
296,"Kiribati",1972,14,0.253688,5.374047,0.01363331235336
296,"Kiribati",1972,15,0.505802,5.374047,0.02718203720694
296,"Kiribati",1972,16,0.940692,5.374047,0.05055323020524
296,"Kiribati",1972,17,1.583074,5.374047,0.08507514080478
296,"Kiribati",1972,18,2.405634,5.374047,0.12927990180798
296,"Kiribati",1972,19,3.243452,5.374047,0.17430463490244
296,"Kiribati",1972,20,4.027031,5.374047,0.21641453864457
296,"Kiribati",1972,21,4.590756,5.374047,0.24670938509532
296,"Kiribati",1972,22,4.915266,5.374047,0.26414870501502
296,"Kiribati",1972,23,5.05978,5.374047,0.2719149552966
296,"Kiribati",1972,24,5.053429,5.374047,0.27157364957163
296,"Kiribati",1972,25,4.963592,5.374047,0.26674576696824
296,"Kiribati",1972,26,4.824919,5.374047,0.25929341477193
296,"Kiribati",1972,27,4.705313,5.374047,0.25286573211711
296,"Kiribati",1972,28,4.614775,5.374047,0.24800017744425
296,"Kiribati",1972,29,4.527816,5.374047,0.24332695991352
296,"Kiribati",1972,30,4.431686,5.374047,0.23816088853242
296,"Kiribati",1972,31,4.315067,5.374047,0.23189372866149
296,"Kiribati",1972,32,4.174841,5.374047,0.22435791751527
296,"Kiribati",1972,33,4.028159,5.374047,0.21647515789473
296,"Kiribati",1972,34,3.868578,5.374047,0.20789919995166
296,"Kiribati",1972,35,3.664659,5.374047,0.19694049704973
296,"Kiribati",1972,36,3.382963,5.374047,0.18180202161261
296,"Kiribati",1972,37,3.065426,5.374047,0.16473743399022
296,"Kiribati",1972,38,2.718482,5.374047,0.14609250036654
296,"Kiribati",1972,39,2.343406,5.374047,0.12593573984082
296,"Kiribati",1972,40,1.923281,5.374047,0.10335802488207
296,"Kiribati",1972,41,1.543985,5.374047,0.08297447957295
296,"Kiribati",1972,42,1.189745,5.374047,0.06393745548015
296,"Kiribati",1972,43,0.889172,5.374047,0.04778452119084
296,"Kiribati",1972,44,0.648327,5.374047,0.03484139769369
296,"Kiribati",1972,45,0.482387,5.374047,0.02592370410189
296,"Kiribati",1972,46,0.347965,5.374047,0.01869980264355
296,"Kiribati",1972,47,0.25086,5.374047,0.0134813343042
296,"Kiribati",1972,48,0.181323,5.374047,0.00974438324181
296,"Kiribati",1972,49,0.1145,5.374047,0.006153283815
296,"Kiribati",1972,50,0.049022,5.374047,0.00263446532034
296,"Kiribati",1972,51,0.013111,5.374047,0.00070459130217
296,"Kiribati",1972,52,0.004603,5.374047,0.00024736738341
296,"Kiribati",1972,53,0.003196,5.374047,0.00017175454212
296,"Kiribati",1972,54,0.001578,5.374047,8.480246166e-05
296,"Kiribati",1973,10,0.00065,5.198723,3.37916995e-05
296,"Kiribati",1973,11,0.008456,5.198723,0.00043960401688
296,"Kiribati",1973,12,0.033515,5.198723,0.00174235201345
296,"Kiribati",1973,13,0.105945,5.198723,0.00550778708235
296,"Kiribati",1973,14,0.249694,5.198723,0.01298089940762
296,"Kiribati",1973,15,0.494681,5.198723,0.02571709492363
296,"Kiribati",1973,16,0.921833,5.198723,0.04792354419259
296,"Kiribati",1973,17,1.559804,5.198723,0.08108988930292
296,"Kiribati",1973,18,2.382657,5.198723,0.12386773747011
296,"Kiribati",1973,19,3.226649,5.198723,0.16774454369227
296,"Kiribati",1973,20,4.021547,5.198723,0.20906908884481
296,"Kiribati",1973,21,4.596744,5.198723,0.23897198757912
296,"Kiribati",1973,22,4.931536,5.198723,0.25637689628528
296,"Kiribati",1973,23,5.083781,5.198723,0.26429169211663
296,"Kiribati",1973,24,5.082214,5.198723,0.26421022812722
296,"Kiribati",1973,25,4.99388,5.198723,0.2596179881524
296,"Kiribati",1973,26,4.853633,5.198723,0.25232693510659
296,"Kiribati",1973,27,4.731057,5.198723,0.24595454840211
296,"Kiribati",1973,28,4.636617,5.198723,0.24104487440091
296,"Kiribati",1973,29,4.545215,5.198723,0.23629313760445
296,"Kiribati",1973,30,4.444054,5.198723,0.23103405743042
296,"Kiribati",1973,31,4.322701,5.198723,0.22472525110823
296,"Kiribati",1973,32,4.178161,5.198723,0.21721101688403
296,"Kiribati",1973,33,4.028759,5.198723,0.20944402074757
296,"Kiribati",1973,34,3.867872,5.198723,0.20107995127456
296,"Kiribati",1973,35,3.662717,5.198723,0.19041451110391
296,"Kiribati",1973,36,3.378292,5.198723,0.17562804321116
296,"Kiribati",1973,37,3.058084,5.198723,0.15898131626732
296,"Kiribati",1973,38,2.708661,5.198723,0.14081578239903
296,"Kiribati",1973,39,2.331017,5.198723,0.12118311691291
296,"Kiribati",1973,40,1.907394,5.198723,0.09916013057862
296,"Kiribati",1973,41,1.527694,5.198723,0.07942057934762
296,"Kiribati",1973,42,1.174853,5.198723,0.06107735312719
296,"Kiribati",1973,43,0.876582,5.198723,0.04557107004786
296,"Kiribati",1973,44,0.638585,5.198723,0.03319826526955
296,"Kiribati",1973,45,0.476401,5.198723,0.02476676835923
296,"Kiribati",1973,46,0.344094,5.198723,0.01788849391962
296,"Kiribati",1973,47,0.248612,5.198723,0.01292464922476
296,"Kiribati",1973,48,0.180167,5.198723,0.00936638326741
296,"Kiribati",1973,49,0.114027,5.198723,0.00592794787521
296,"Kiribati",1973,50,0.048781,5.198723,0.00253598906663
296,"Kiribati",1973,51,0.013078,5.198723,0.00067988899394
296,"Kiribati",1973,52,0.004585,5.198723,0.00023836144955
296,"Kiribati",1973,53,0.003162,5.198723,0.00016438362126
296,"Kiribati",1973,54,0.001559,5.198723,8.104809157e-05
296,"Kiribati",1974,10,0.000611,5.093822,3.112325242e-05
296,"Kiribati",1974,11,0.007945,5.093822,0.0004047041579
296,"Kiribati",1974,12,0.031777,5.093822,0.00161866381694
296,"Kiribati",1974,13,0.101677,5.093822,0.00517924539494
296,"Kiribati",1974,14,0.241475,5.093822,0.0123003066745
296,"Kiribati",1974,15,0.482704,5.093822,0.02458808254688
296,"Kiribati",1974,16,0.904924,5.093822,0.04609521779528
296,"Kiribati",1974,17,1.541376,5.093822,0.07851494979072
296,"Kiribati",1974,18,2.366512,5.093822,0.12054590888864
296,"Kiribati",1974,19,3.214616,5.093822,0.16374681702352
296,"Kiribati",1974,20,4.014439,5.093822,0.20448837695858
296,"Kiribati",1974,21,4.592936,5.093822,0.23395598441392
296,"Kiribati",1974,22,4.929101,5.093822,0.25107963114022
296,"Kiribati",1974,23,5.081974,5.093822,0.25886670964628
296,"Kiribati",1974,24,5.080797,5.093822,0.25880675536134
296,"Kiribati",1974,25,4.99357,5.093822,0.2543635672454
296,"Kiribati",1974,26,4.855635,5.093822,0.2473374038697
296,"Kiribati",1974,27,4.736739,5.093822,0.24128105326458
296,"Kiribati",1974,28,4.647057,5.093822,0.23671281181854
296,"Kiribati",1974,29,4.559969,5.093822,0.23227670411518
296,"Kiribati",1974,30,4.462349,5.093822,0.22730411507878
296,"Kiribati",1974,31,4.342794,5.093822,0.22121419618668
296,"Kiribati",1974,32,4.198435,5.093822,0.2138608056857
296,"Kiribati",1974,33,4.048053,5.093822,0.20620061428566
296,"Kiribati",1974,34,3.885157,5.093822,0.19790298200054
296,"Kiribati",1974,35,3.676934,5.093822,0.18729647301748
296,"Kiribati",1974,36,3.388946,5.093822,0.17262687691612
296,"Kiribati",1974,37,3.065416,5.093822,0.15614683459952
296,"Kiribati",1974,38,2.71306,5.093822,0.1381984471532
296,"Kiribati",1974,39,2.332622,5.093822,0.11881961261284
296,"Kiribati",1974,40,1.906645,5.093822,0.0971211024719
296,"Kiribati",1974,41,1.524738,5.093822,0.07766743968636
296,"Kiribati",1974,42,1.170186,5.093822,0.05960719190892
296,"Kiribati",1974,43,0.870548,5.093822,0.04434416554456
296,"Kiribati",1974,44,0.631528,5.093822,0.03216891220016
296,"Kiribati",1974,45,0.468033,5.093822,0.02384076792126
296,"Kiribati",1974,46,0.335876,5.093822,0.01710892558072
296,"Kiribati",1974,47,0.241046,5.093822,0.01227845417812
296,"Kiribati",1974,48,0.173794,5.093822,0.00885275700668
296,"Kiribati",1974,49,0.109558,5.093822,0.00558068950676
296,"Kiribati",1974,50,0.04677,5.093822,0.0023823805494
296,"Kiribati",1974,51,0.012481,5.093822,0.00063575992382
296,"Kiribati",1974,52,0.004446,5.093822,0.00022647132612
296,"Kiribati",1974,53,0.003176,5.093822,0.00016177978672
296,"Kiribati",1974,54,0.001576,5.093822,8.027863472e-05
296,"Kiribati",1975,10,0.00055,5.018959,2.76042745e-05
296,"Kiribati",1975,11,0.007156,5.018959,0.00035915670604
296,"Kiribati",1975,12,0.029211,5.018959,0.00146608811349
296,"Kiribati",1975,13,0.09594,5.018959,0.0048151892646
296,"Kiribati",1975,14,0.23108,5.018959,0.0115978104572
296,"Kiribati",1975,15,0.469414,5.018959,0.02355969620026
296,"Kiribati",1975,16,0.887092,5.018959,0.04452278377228
296,"Kiribati",1975,17,1.52319,5.018959,0.0764482815921
296,"Kiribati",1975,18,2.352363,5.018959,0.11806413450117
296,"Kiribati",1975,19,3.205691,5.018959,0.16089231695669
296,"Kiribati",1975,20,4.0106,5.018959,0.201290369654
296,"Kiribati",1975,21,4.591828,5.018959,0.23046196467052
296,"Kiribati",1975,22,4.928215,5.018959,0.24734509028185
296,"Kiribati",1975,23,5.080712,5.018959,0.25499885218808
296,"Kiribati",1975,24,5.079255,5.018959,0.25492572595545
296,"Kiribati",1975,25,4.99288,5.018959,0.2505906001192
296,"Kiribati",1975,26,4.857412,5.018959,0.24379151674108
296,"Kiribati",1975,27,4.742537,5.018959,0.23802598758983
296,"Kiribati",1975,28,4.658055,5.018959,0.23378587064745
296,"Kiribati",1975,29,4.575642,5.018959,0.22964959596678
296,"Kiribati",1975,30,4.481835,5.018959,0.22494146109765
296,"Kiribati",1975,31,4.364099,5.018959,0.21903233952941
296,"Kiribati",1975,32,4.219717,5.018959,0.21178586614603
296,"Kiribati",1975,33,4.067895,5.018959,0.20416598221305
296,"Kiribati",1975,34,3.90234,5.018959,0.1958568446406
296,"Kiribati",1975,35,3.690413,5.018959,0.18522031540067
296,"Kiribati",1975,36,3.398528,5.018959,0.17057072692352
296,"Kiribati",1975,37,3.0715,5.018959,0.154157325685
296,"Kiribati",1975,38,2.716184,5.018959,0.13632416132456
296,"Kiribati",1975,39,2.333078,5.018959,0.11709622825802
296,"Kiribati",1975,40,1.905153,5.018959,0.09561884795727
296,"Kiribati",1975,41,1.521205,5.018959,0.07634865525595
296,"Kiribati",1975,42,1.16503,5.018959,0.0584723780377
296,"Kiribati",1975,43,0.864056,5.018959,0.04336661637704
296,"Kiribati",1975,44,0.624001,5.018959,0.03131835434959
296,"Kiribati",1975,45,0.459044,5.018959,0.02303923015196
296,"Kiribati",1975,46,0.327029,5.018959,0.01641345142811
296,"Kiribati",1975,47,0.232891,5.018959,0.01168870380469
296,"Kiribati",1975,48,0.166934,5.018959,0.00837834901706
296,"Kiribati",1975,49,0.104756,5.018959,0.00525766069004
296,"Kiribati",1975,50,0.044614,5.018959,0.00223915836826
296,"Kiribati",1975,51,0.011839,5.018959,0.00059419455601
296,"Kiribati",1975,52,0.004285,5.018959,0.00021506239315
296,"Kiribati",1975,53,0.003171,5.018959,0.00015915118989
296,"Kiribati",1975,54,0.001582,5.018959,7.939993138e-05
296,"Kiribati",1976,10,0.000492,4.963872,2.442225024e-05
296,"Kiribati",1976,11,0.006394,4.963872,0.00031738997568
296,"Kiribati",1976,12,0.026686,4.963872,0.00132465888192
296,"Kiribati",1976,13,0.090064,4.963872,0.00447066167808
296,"Kiribati",1976,14,0.220146,4.963872,0.01092776565312
296,"Kiribati",1976,15,0.453928,4.963872,0.02253240489216
296,"Kiribati",1976,16,0.865617,4.963872,0.04296811989024
296,"Kiribati",1976,17,1.500338,4.963872,0.07447485788736
296,"Kiribati",1976,18,2.333172,4.963872,0.11581567161984
296,"Kiribati",1976,19,3.192262,4.963872,0.15845979958464
296,"Kiribati",1976,20,4.003572,4.963872,0.19873218950784
296,"Kiribati",1976,21,4.588252,4.963872,0.22775495631744
296,"Kiribati",1976,22,4.924789,4.963872,0.24446022223008
296,"Kiribati",1976,23,5.076133,4.963872,0.25197274466976
296,"Kiribati",1976,24,5.073101,4.963872,0.25182224007072
296,"Kiribati",1976,25,4.986449,4.963872,0.24752094570528
296,"Kiribati",1976,26,4.852858,4.963872,0.24088965946176
296,"Kiribati",1976,27,4.742162,4.963872,0.23539485171264
296,"Kiribati",1976,28,4.663789,4.963872,0.23150451631008
296,"Kiribati",1976,29,4.587446,4.963872,0.22771494750912
296,"Kiribati",1976,30,4.499391,4.963872,0.22334401001952
296,"Kiribati",1976,31,4.385502,4.963872,0.21769070583744
296,"Kiribati",1976,32,4.243181,4.963872,0.21062607356832
296,"Kiribati",1976,33,4.091375,4.963872,0.20309061804
296,"Kiribati",1976,34,3.923992,4.963872,0.19478194017024
296,"Kiribati",1976,35,3.708894,4.963872,0.18410475077568
296,"Kiribati",1976,36,3.414235,4.963872,0.1694782551792
296,"Kiribati",1976,37,3.08473,4.963872,0.1531220487456
296,"Kiribati",1976,38,2.727318,4.963872,0.13538057455296
296,"Kiribati",1976,39,2.342265,4.963872,0.1162670365008
296,"Kiribati",1976,40,1.913649,4.963872,0.09499108688928
296,"Kiribati",1976,41,1.5269,4.963872,0.075793361568
296,"Kiribati",1976,42,1.167315,4.963872,0.0579440224368
296,"Kiribati",1976,43,0.86264,4.963872,0.0428203454208
296,"Kiribati",1976,44,0.618869,4.963872,0.03071986500768
296,"Kiribati",1976,45,0.448947,4.963872,0.02228515442784
296,"Kiribati",1976,46,0.315729,4.963872,0.01567238342688
296,"Kiribati",1976,47,0.221592,4.963872,0.01099954324224
296,"Kiribati",1976,48,0.156951,4.963872,0.00779084674272
296,"Kiribati",1976,49,0.097639,4.963872,0.00484667498208
296,"Kiribati",1976,50,0.041619,4.963872,0.00206591388768
296,"Kiribati",1976,51,0.011048,4.963872,0.00054840857856
296,"Kiribati",1976,52,0.004034,4.963872,0.00020024259648
296,"Kiribati",1976,53,0.003025,4.963872,0.000150157128
296,"Kiribati",1976,54,0.001513,4.963872,7.510338336e-05
296,"Kiribati",1977,10,0.000443,4.957311,2.196088773e-05
296,"Kiribati",1977,11,0.005756,4.957311,0.00028534282116
296,"Kiribati",1977,12,0.024564,4.957311,0.00121771387404
296,"Kiribati",1977,13,0.085071,4.957311,0.00421723404081
296,"Kiribati",1977,14,0.210832,4.957311,0.01045159792752
296,"Kiribati",1977,15,0.43986,4.957311,0.0218052281646
296,"Kiribati",1977,16,0.845914,4.957311,0.04193458777254
296,"Kiribati",1977,17,1.478544,4.957311,0.07329602435184
296,"Kiribati",1977,18,2.31324,4.957311,0.1146745009764
296,"Kiribati",1977,19,3.176071,4.957311,0.15744771705081
296,"Kiribati",1977,20,3.991918,4.957311,0.19789179012498
296,"Kiribati",1977,21,4.578839,4.957311,0.22698728941929
296,"Kiribati",1977,22,4.914995,4.957311,0.24365158778445
296,"Kiribati",1977,23,5.064699,4.957311,0.25107288064389
296,"Kiribati",1977,24,5.059565,4.957311,0.25081837229715
296,"Kiribati",1977,25,4.972272,4.957311,0.24649098680592
296,"Kiribati",1977,26,4.840489,4.957311,0.23995809365079
296,"Kiribati",1977,27,4.734298,4.957311,0.23469387552678
296,"Kiribati",1977,28,4.662765,4.957311,0.23114776224915
296,"Kiribati",1977,29,4.593574,4.957311,0.22771774919514
296,"Kiribati",1977,30,4.512768,4.957311,0.22371194446848
296,"Kiribati",1977,31,4.404619,4.957311,0.21835066219509
296,"Kiribati",1977,32,4.266588,4.957311,0.21150803624868
296,"Kiribati",1977,33,4.116754,4.957311,0.20408029888494
296,"Kiribati",1977,34,3.949151,4.957311,0.19577169692961
296,"Kiribati",1977,35,3.732239,4.957311,0.18501869449329
296,"Kiribati",1977,36,3.436311,4.957311,0.17034862319721
296,"Kiribati",1977,37,3.105564,4.957311,0.15395246578404
296,"Kiribati",1977,38,2.746961,4.957311,0.13617539981871
296,"Kiribati",1977,39,2.360514,4.957311,0.11701802017854
296,"Kiribati",1977,40,1.931821,4.957311,0.09576637493331
296,"Kiribati",1977,41,1.541446,4.957311,0.07641427211706
296,"Kiribati",1977,42,1.176826,4.957311,0.05833892474886
296,"Kiribati",1977,43,0.866407,4.957311,0.04295048951577
296,"Kiribati",1977,44,0.616673,4.957311,0.03057039846303
296,"Kiribati",1977,45,0.438949,4.957311,0.02176006706139
296,"Kiribati",1977,46,0.303405,4.957311,0.01504072943955
296,"Kiribati",1977,47,0.208651,4.957311,0.01034347897461
296,"Kiribati",1977,48,0.145225,4.957311,0.00719925489975
296,"Kiribati",1977,49,0.089089,4.957311,0.00441641879679
296,"Kiribati",1977,50,0.037878,4.957311,0.00187773026058
296,"Kiribati",1977,51,0.009999,4.957311,0.00049568152689
296,"Kiribati",1977,52,0.003875,4.957311,0.00019209580125
296,"Kiribati",1977,53,0.003078,4.957311,0.00015258603258
296,"Kiribati",1977,54,0.001501,4.957311,7.440923811e-05
296,"Kiribati",1978,10,0.000435,4.968591,2.161337085e-05
296,"Kiribati",1978,11,0.005653,4.968591,0.00028087444923
296,"Kiribati",1978,12,0.023909,4.968591,0.00118794042219
296,"Kiribati",1978,13,0.081961,4.968591,0.00407230686951
296,"Kiribati",1978,14,0.203046,4.968591,0.01008852528186
296,"Kiribati",1978,15,0.422465,4.968591,0.02099055796815
296,"Kiribati",1978,16,0.81815,4.968591,0.0406505272665
296,"Kiribati",1978,17,1.444938,4.968591,0.07179305942358
296,"Kiribati",1978,18,2.279766,4.968591,0.11327224829706
296,"Kiribati",1978,19,3.148678,4.968591,0.15644493172698
296,"Kiribati",1978,20,3.975168,4.968591,0.19750983948288
296,"Kiribati",1978,21,4.569458,4.968591,0.22703767893678
296,"Kiribati",1978,22,4.908544,4.968591,0.24388547541504
296,"Kiribati",1978,23,5.058027,4.968591,0.25131267429957
296,"Kiribati",1978,24,5.050514,4.968591,0.25093938405774
296,"Kiribati",1978,25,4.961508,4.968591,0.24651703995228
296,"Kiribati",1978,26,4.83017,4.968591,0.2399913919047
296,"Kiribati",1978,27,4.727447,4.968591,0.23488750617177
296,"Kiribati",1978,28,4.662221,4.968591,0.23164669300611
296,"Kiribati",1978,29,4.60021,4.968591,0.2285656200411
296,"Kiribati",1978,30,4.527139,4.968591,0.22493502091149
296,"Kiribati",1978,31,4.425074,4.968591,0.21986382850734
296,"Kiribati",1978,32,4.291471,4.968591,0.21322564187361
296,"Kiribati",1978,33,4.143765,4.968591,0.20588673485115
296,"Kiribati",1978,34,3.976122,4.968591,0.19755723984102
296,"Kiribati",1978,35,3.757468,4.968591,0.18669321687588
296,"Kiribati",1978,36,3.46002,4.968591,0.1719142423182
296,"Kiribati",1978,37,3.127633,4.968591,0.15539929175103
296,"Kiribati",1978,38,2.767361,4.968591,0.13749884958351
296,"Kiribati",1978,39,2.379159,4.968591,0.11821067994969
296,"Kiribati",1978,40,1.949947,4.968591,0.09688489114677
296,"Kiribati",1978,41,1.556023,4.968591,0.07731241873593
296,"Kiribati",1978,42,1.186654,4.968591,0.05895998384514
296,"Kiribati",1978,43,0.870965,4.968591,0.04327468860315
296,"Kiribati",1978,44,0.615861,4.968591,0.03059961421851
296,"Kiribati",1978,45,0.431142,4.968591,0.02142168260922
296,"Kiribati",1978,46,0.293462,4.968591,0.01458092652042
296,"Kiribati",1978,47,0.19809,4.968591,0.0098422819119
296,"Kiribati",1978,48,0.135662,4.968591,0.00674048992242
296,"Kiribati",1978,49,0.082158,4.968591,0.00408209499378
296,"Kiribati",1978,50,0.034902,4.968591,0.00173413763082
296,"Kiribati",1978,51,0.009224,4.968591,0.00045830283384
296,"Kiribati",1978,52,0.003786,4.968591,0.00018811085526
296,"Kiribati",1978,53,0.003143,4.968591,0.00015616281513
296,"Kiribati",1978,54,0.001504,4.968591,7.472760864e-05
296,"Kiribati",1979,10,0.000403,4.965083,2.000928449e-05
296,"Kiribati",1979,11,0.005241,4.965083,0.00026022000003
296,"Kiribati",1979,12,0.022686,4.965083,0.00112637872938
296,"Kiribati",1979,13,0.079824,4.965083,0.00396332785392
296,"Kiribati",1979,14,0.200127,4.965083,0.00993647165541
296,"Kiribati",1979,15,0.420525,4.965083,0.02087941528575
296,"Kiribati",1979,16,0.816946,4.965083,0.04056204696518
296,"Kiribati",1979,17,1.441061,4.965083,0.07154987473063
296,"Kiribati",1979,18,2.26917,4.965083,0.1126661739111
296,"Kiribati",1979,19,3.128221,4.965083,0.15531876907343
296,"Kiribati",1979,20,3.943258,4.965083,0.19578603260414
296,"Kiribati",1979,21,4.531615,4.965083,0.22499844599045
296,"Kiribati",1979,22,4.871065,4.965083,0.24185242023395
296,"Kiribati",1979,23,5.024497,4.965083,0.24947044638251
296,"Kiribati",1979,24,5.023603,4.965083,0.24942605854049
296,"Kiribati",1979,25,4.942609,4.965083,0.24540463921547
296,"Kiribati",1979,26,4.82009,4.965083,0.2393214691747
296,"Kiribati",1979,27,4.726122,4.965083,0.23465587998126
296,"Kiribati",1979,28,4.669132,4.965083,0.23182627917956
296,"Kiribati",1979,29,4.613745,4.965083,0.22907626865835
296,"Kiribati",1979,30,4.545582,4.965083,0.22569191913306
296,"Kiribati",1979,31,4.447235,4.965083,0.22080890895505
296,"Kiribati",1979,32,4.316323,4.965083,0.21430901949809
296,"Kiribati",1979,33,4.170354,4.965083,0.20706153749382
296,"Kiribati",1979,34,4.003445,4.965083,0.19877436710935
296,"Kiribati",1979,35,3.784122,4.965083,0.18788479812126
296,"Kiribati",1979,36,3.484964,4.965083,0.17303135512012
296,"Kiribati",1979,37,3.150616,4.965083,0.15643069941128
296,"Kiribati",1979,38,2.788203,4.965083,0.13843659315849
296,"Kiribati",1979,39,2.397092,4.965083,0.11901760738636
296,"Kiribati",1979,40,1.964715,4.965083,0.09754973046345
296,"Kiribati",1979,41,1.566588,4.965083,0.07778239446804
296,"Kiribati",1979,42,1.192796,4.965083,0.05922331142068
296,"Kiribati",1979,43,0.872728,4.965083,0.04333166956424
296,"Kiribati",1979,44,0.613536,4.965083,0.03046257163488
296,"Kiribati",1979,45,0.424031,4.965083,0.02105349109573
296,"Kiribati",1979,46,0.285147,4.965083,0.01415778522201
296,"Kiribati",1979,47,0.189532,4.965083,0.00941042111156
296,"Kiribati",1979,48,0.127854,4.965083,0.00634805721882
296,"Kiribati",1979,49,0.076306,4.965083,0.00378865623398
296,"Kiribati",1979,50,0.032032,4.965083,0.00159041538656
296,"Kiribati",1979,51,0.008258,4.965083,0.00041001655414
296,"Kiribati",1979,52,0.003714,4.965083,0.00018440318262
296,"Kiribati",1979,53,0.003341,4.965083,0.00016588342303
296,"Kiribati",1979,54,0.001547,4.965083,7.680983401e-05
296,"Kiribati",1980,10,0.000382,4.96438,1.89639316e-05
296,"Kiribati",1980,11,0.004966,4.96438,0.0002465311108
296,"Kiribati",1980,12,0.021869,4.96438,0.0010856602622
296,"Kiribati",1980,13,0.0784,4.96438,0.00389207392
296,"Kiribati",1980,14,0.198219,4.96438,0.0098403443922
296,"Kiribati",1980,15,0.419283,4.96438,0.0208148013954
296,"Kiribati",1980,16,0.816128,4.96438,0.0405156952064
296,"Kiribati",1980,17,1.43703,4.96438,0.071339629914
296,"Kiribati",1980,18,2.257771,4.96438,0.1120843319698
296,"Kiribati",1980,19,3.106721,4.96438,0.1542294359798
296,"Kiribati",1980,20,3.910535,4.96438,0.194133817433
296,"Kiribati",1980,21,4.49319,4.96438,0.223059025722
296,"Kiribati",1980,22,4.833159,4.96438,0.2399363787642
296,"Kiribati",1980,23,4.990573,4.96438,0.2477510078974
296,"Kiribati",1980,24,4.996216,4.96438,0.2480311478608
296,"Kiribati",1980,25,4.923128,4.96438,0.2444027818064
296,"Kiribati",1980,26,4.809316,4.96438,0.2387527216408
296,"Kiribati",1980,27,4.724012,4.96438,0.2345179069256
296,"Kiribati",1980,28,4.675206,4.96438,0.2320949916228
296,"Kiribati",1980,29,4.626498,4.96438,0.2296769414124
296,"Kiribati",1980,30,4.563358,4.96438,0.2265424318804
296,"Kiribati",1980,31,4.468811,4.96438,0.2218487595218
296,"Kiribati",1980,32,4.340607,4.96438,0.2154842257866
296,"Kiribati",1980,33,4.196479,4.96438,0.2083291641802
296,"Kiribati",1980,34,4.030489,4.96438,0.2000887898182
296,"Kiribati",1980,35,3.810703,4.96438,0.1891777775914
296,"Kiribati",1980,36,3.509814,4.96438,0.1742405042532
296,"Kiribati",1980,37,3.173405,4.96438,0.157539883139
296,"Kiribati",1980,38,2.808699,4.96438,0.1394344914162
296,"Kiribati",1980,39,2.414546,4.96438,0.1198672387148
296,"Kiribati",1980,40,1.978687,4.96438,0.0982295416906
296,"Kiribati",1980,41,1.576528,4.96438,0.0782648407264
296,"Kiribati",1980,42,1.19868,4.96438,0.059507030184
296,"Kiribati",1980,43,0.874752,4.96438,0.0434260133376
296,"Kiribati",1980,44,0.612079,4.96438,0.0303859274602
296,"Kiribati",1980,45,0.418671,4.96438,0.0207844193898
296,"Kiribati",1980,46,0.27877,4.96438,0.013839202126
296,"Kiribati",1980,47,0.182907,4.96438,0.0090801985266
296,"Kiribati",1980,48,0.121761,4.96438,0.0060446787318
296,"Kiribati",1980,49,0.0717,4.96438,0.00355946046
296,"Kiribati",1980,50,0.029722,4.96438,0.0014755130236
296,"Kiribati",1980,51,0.007458,4.96438,0.0003702434604
296,"Kiribati",1980,52,0.003664,4.96438,0.0001818948832
296,"Kiribati",1980,53,0.003521,4.96438,0.0001747958198
296,"Kiribati",1980,54,0.001589,4.96438,7.88839982e-05
296,"Kiribati",1981,10,0.000365,4.960951,1.810747115e-05
296,"Kiribati",1981,11,0.004742,4.960951,0.00023524829642
296,"Kiribati",1981,12,0.021203,4.960951,0.00105187044053
296,"Kiribati",1981,13,0.077242,4.960951,0.00383193777142
296,"Kiribati",1981,14,0.19666,4.960951,0.0097562062366
296,"Kiribati",1981,15,0.418369,4.960951,0.02075508108919
296,"Kiribati",1981,16,0.815449,4.960951,0.04045402531999
296,"Kiribati",1981,17,1.432866,4.960951,0.07108378015566
296,"Kiribati",1981,18,2.245953,4.960951,0.11142062781303
296,"Kiribati",1981,19,3.08471,4.960951,0.1530309515921
296,"Kiribati",1981,20,3.877412,4.960951,0.19235650938812
296,"Kiribati",1981,21,4.454435,4.960951,0.22098233767685
296,"Kiribati",1981,22,4.794916,4.960951,0.23787343325116
296,"Kiribati",1981,23,4.956254,4.960951,0.24587733237554
296,"Kiribati",1981,24,4.968342,4.960951,0.24647701213242
296,"Kiribati",1981,25,4.90308,4.960951,0.2432393962908
296,"Kiribati",1981,26,4.797908,4.960951,0.23802186490508
296,"Kiribati",1981,27,4.721217,4.960951,0.23421726197367
296,"Kiribati",1981,28,4.680574,4.960951,0.23220098265874
296,"Kiribati",1981,29,4.638608,4.960951,0.23011906996208
296,"Kiribati",1981,30,4.580582,4.960951,0.22724042853482
296,"Kiribati",1981,31,4.489889,4.960951,0.22274119324439
296,"Kiribati",1981,32,4.364385,4.960951,0.21651500130135
296,"Kiribati",1981,33,4.222175,4.960951,0.20946003288425
296,"Kiribati",1981,34,4.057266,4.960951,0.20127897819966
296,"Kiribati",1981,35,3.837202,4.960951,0.19036171099102
296,"Kiribati",1981,36,3.534562,4.960951,0.17534788888462
296,"Kiribati",1981,37,3.196001,4.960951,0.15855204356951
296,"Kiribati",1981,38,2.828861,4.960951,0.14033840806811
296,"Kiribati",1981,39,2.431544,4.960951,0.12062770638344
296,"Kiribati",1981,40,1.991899,4.960951,0.09881713335949
296,"Kiribati",1981,41,1.58587,4.960951,0.0786742336237
296,"Kiribati",1981,42,1.204321,4.960951,0.05974577469271
296,"Kiribati",1981,43,0.877024,4.960951,0.04350873089824
296,"Kiribati",1981,44,0.611442,4.960951,0.03033333801342
296,"Kiribati",1981,45,0.415013,4.960951,0.02058859157363
296,"Kiribati",1981,46,0.274257,4.960951,0.01360575538407
296,"Kiribati",1981,47,0.178113,4.960951,0.00883609865463
296,"Kiribati",1981,48,0.117264,4.960951,0.00581740958064
296,"Kiribati",1981,49,0.068285,4.960951,0.00338758539035
296,"Kiribati",1981,50,0.028045,4.960951,0.00139129870795
296,"Kiribati",1981,51,0.006901,4.960951,0.00034235522851
296,"Kiribati",1981,52,0.003598,4.960951,0.00017849501698
296,"Kiribati",1981,53,0.003598,4.960951,0.00017849501698
296,"Kiribati",1981,54,0.001599,4.960951,7.932560649e-05
296,"Kiribati",1982,10,0.000355,4.951732,1.75786486e-05
296,"Kiribati",1982,11,0.004619,4.951732,0.00022872050108
296,"Kiribati",1982,12,0.020841,4.951732,0.00103199046612
296,"Kiribati",1982,13,0.076618,4.951732,0.00379391802376
296,"Kiribati",1982,14,0.195832,4.951732,0.00969707581024
296,"Kiribati",1982,15,0.418038,4.951732,0.02070012141816
296,"Kiribati",1982,16,0.815045,4.951732,0.0403588440794
296,"Kiribati",1982,17,1.428495,4.951732,0.0707352440334
296,"Kiribati",1982,18,2.233383,4.951732,0.11059114069356
296,"Kiribati",1982,19,3.061745,4.951732,0.1516094069234
296,"Kiribati",1982,20,3.843515,4.951732,0.1903205621798
296,"Kiribati",1982,21,4.41507,4.951732,0.2186224340124
296,"Kiribati",1982,22,4.756147,4.951732,0.23551165296604
296,"Kiribati",1982,23,4.921406,4.951732,0.24369483575192
296,"Kiribati",1982,24,4.939861,4.951732,0.24460867789252
296,"Kiribati",1982,25,4.882332,4.951732,0.24175999599024
296,"Kiribati",1982,26,4.785697,4.951732,0.23697488977204
296,"Kiribati",1982,27,4.717531,4.951732,0.23359949213692
296,"Kiribati",1982,28,4.685,4.951732,0.2319886442
296,"Kiribati",1982,29,4.649841,4.951732,0.23024766474612
296,"Kiribati",1982,30,4.597048,4.951732,0.22763349687136
296,"Kiribati",1982,31,4.510277,4.951732,0.22333682949764
296,"Kiribati",1982,32,4.387449,4.951732,0.21725471611668
296,"Kiribati",1982,33,4.247258,4.951732,0.21031283350856
296,"Kiribati",1982,34,4.083653,4.951732,0.20221155236996
296,"Kiribati",1982,35,3.863572,4.951732,0.19131373106704
296,"Kiribati",1982,36,3.559155,4.951732,0.1762398170646
296,"Kiribati",1982,37,3.218319,4.951732,0.15936253178508
296,"Kiribati",1982,38,2.848558,4.951732,0.14105295802456
296,"Kiribati",1982,39,2.447911,4.951732,0.12121399231852
296,"Kiribati",1982,40,2.004067,4.951732,0.09923602694044
296,"Kiribati",1982,41,1.594396,4.951732,0.07895021693872
296,"Kiribati",1982,42,1.209632,4.951732,0.05989773482624
296,"Kiribati",1982,43,0.879638,4.951732,0.04355731633016
296,"Kiribati",1982,44,0.611928,4.951732,0.03030103459296
296,"Kiribati",1982,45,0.413707,4.951732,0.02048566190524
296,"Kiribati",1982,46,0.272298,4.951732,0.01348346720136
296,"Kiribati",1982,47,0.175809,4.951732,0.00870559051188
296,"Kiribati",1982,48,0.114917,4.951732,0.00569038186244
296,"Kiribati",1982,49,0.066484,4.951732,0.00329210950288
296,"Kiribati",1982,50,0.027277,4.951732,0.00135068393764
296,"Kiribati",1982,51,0.006715,4.951732,0.0003325088038
296,"Kiribati",1982,52,0.003502,4.951732,0.00017340965464
296,"Kiribati",1982,53,0.003502,4.951732,0.00017340965464
296,"Kiribati",1982,54,0.001556,4.951732,7.704894992e-05
296,"Kiribati",1983,10,0.000383,4.914207,1.882141281e-05
296,"Kiribati",1983,11,0.004978,4.914207,0.00024462922446
296,"Kiribati",1983,12,0.021654,4.914207,0.00106412238378
296,"Kiribati",1983,13,0.076606,4.914207,0.00376457741442
296,"Kiribati",1983,14,0.193312,4.914207,0.00949975183584
296,"Kiribati",1983,15,0.408505,4.914207,0.02007478130535
296,"Kiribati",1983,16,0.797069,4.914207,0.03916962059283
296,"Kiribati",1983,17,1.401724,4.914207,0.06888361892868
296,"Kiribati",1983,18,2.19876,4.914207,0.1080516178332
296,"Kiribati",1983,19,3.023731,4.914207,0.14859240046317
296,"Kiribati",1983,20,3.807059,4.914207,0.18708675987213
296,"Kiribati",1983,21,4.382842,4.914207,0.21538192836294
296,"Kiribati",1983,22,4.730071,4.914207,0.23244548018697
296,"Kiribati",1983,23,4.901659,4.914207,0.24087766969413
296,"Kiribati",1983,24,4.926301,4.914207,0.24208862858307
296,"Kiribati",1983,25,4.8751,4.914207,0.239572505457
296,"Kiribati",1983,26,4.785101,4.914207,0.23514976829907
296,"Kiribati",1983,27,4.723846,4.914207,0.23213957080122
296,"Kiribati",1983,28,4.698293,4.914207,0.23088384348651
296,"Kiribati",1983,29,4.669258,4.914207,0.22945700348406
296,"Kiribati",1983,30,4.62126,4.914207,0.2270982824082
296,"Kiribati",1983,31,4.537175,4.914207,0.22296617145225
296,"Kiribati",1983,32,4.414988,4.914207,0.21696164934516
296,"Kiribati",1983,33,4.27484,4.914207,0.2100744865188
296,"Kiribati",1983,34,4.110737,4.914207,0.20201012540559
296,"Kiribati",1983,35,3.888856,4.914207,0.19110643377192
296,"Kiribati",1983,36,3.580461,4.914207,0.17595126509427
296,"Kiribati",1983,37,3.235302,4.914207,0.15898943735514
296,"Kiribati",1983,38,2.861173,4.914207,0.14060396384811
296,"Kiribati",1983,39,2.456081,4.914207,0.12069690442767
296,"Kiribati",1983,40,2.006975,4.914207,0.09862690593825
296,"Kiribati",1983,41,1.594502,4.914207,0.07835712889914
296,"Kiribati",1983,42,1.208357,4.914207,0.05938116427899
296,"Kiribati",1983,43,0.878147,4.914207,0.04315396134429
296,"Kiribati",1983,44,0.611144,4.914207,0.03003288122808
296,"Kiribati",1983,45,0.414877,4.914207,0.02038791457539
296,"Kiribati",1983,46,0.273834,4.914207,0.01345676959638
296,"Kiribati",1983,47,0.177539,4.914207,0.00872463396573
296,"Kiribati",1983,48,0.11659,4.914207,0.0057294739413
296,"Kiribati",1983,49,0.067723,4.914207,0.00332804840661
296,"Kiribati",1983,50,0.027739,4.914207,0.00136315187973
296,"Kiribati",1983,51,0.006805,4.914207,0.00033441178635
296,"Kiribati",1983,52,0.003535,4.914207,0.00017371721745
296,"Kiribati",1983,53,0.003535,4.914207,0.00017371721745
296,"Kiribati",1983,54,0.001571,4.914207,7.720219197e-05
296,"Kiribati",1984,10,0.000405,4.909704,1.98843012e-05
296,"Kiribati",1984,11,0.00526,4.909704,0.0002582504304
296,"Kiribati",1984,12,0.022268,4.909704,0.00109329288672
296,"Kiribati",1984,13,0.076421,4.909704,0.00375204489384
296,"Kiribati",1984,14,0.19087,4.909704,0.0093711520248
296,"Kiribati",1984,15,0.399672,4.909704,0.01962271217088
296,"Kiribati",1984,16,0.78056,4.909704,0.0383231855424
296,"Kiribati",1984,17,1.37635,4.909704,0.067574711004
296,"Kiribati",1984,18,2.164446,4.909704,0.10626789183984
296,"Kiribati",1984,19,2.984136,4.909704,0.14651224455744
296,"Kiribati",1984,20,3.766648,4.909704,0.18493126752192
296,"Kiribati",1984,21,4.345085,4.909704,0.2133308120484
296,"Kiribati",1984,22,4.697804,4.909704,0.23064827090016
296,"Kiribati",1984,23,4.875281,4.909704,0.23936186626824
296,"Kiribati",1984,24,4.905734,4.909704,0.24085701842736
296,"Kiribati",1984,25,4.86057,4.909704,0.2386395997128
296,"Kiribati",1984,26,4.777043,4.909704,0.23453867125272
296,"Kiribati",1984,27,4.722844,4.909704,0.23187766078176
296,"Kiribati",1984,28,4.704756,4.909704,0.23098959352224
296,"Kiribati",1984,29,4.682643,4.909704,0.22990391067672
296,"Kiribati",1984,30,4.640615,4.909704,0.2278404602796
296,"Kiribati",1984,31,4.560982,4.909704,0.22393071569328
296,"Kiribati",1984,32,4.441724,4.909704,0.21807550089696
296,"Kiribati",1984,33,4.303799,4.909704,0.21130379165496
296,"Kiribati",1984,34,4.141154,4.909704,0.20331840358416
296,"Kiribati",1984,35,3.91919,4.909704,0.1924206281976
296,"Kiribati",1984,36,3.608561,4.909704,0.17716966375944
296,"Kiribati",1984,37,3.260488,4.909704,0.16008030975552
296,"Kiribati",1984,38,2.882999,4.909704,0.14154671722296
296,"Kiribati",1984,39,2.473982,4.909704,0.12146519321328
296,"Kiribati",1984,40,2.020032,4.909704,0.09917759190528
296,"Kiribati",1984,41,1.603788,4.909704,0.07874124358752
296,"Kiribati",1984,42,1.214511,4.909704,0.05962889514744
296,"Kiribati",1984,43,0.881903,4.909704,0.04329882686712
296,"Kiribati",1984,44,0.613215,4.909704,0.0301070413836
296,"Kiribati",1984,45,0.415972,4.909704,0.02042299392288
296,"Kiribati",1984,46,0.27416,4.909704,0.0134604444864
296,"Kiribati",1984,47,0.177415,4.909704,0.0087105513516
296,"Kiribati",1984,48,0.11628,4.909704,0.0057090038112
296,"Kiribati",1984,49,0.067431,4.909704,0.00331066250424
296,"Kiribati",1984,50,0.027604,4.909704,0.00135527469216
296,"Kiribati",1984,51,0.00678,4.909704,0.0003328779312
296,"Kiribati",1984,52,0.003526,4.909704,0.00017311616304
296,"Kiribati",1984,53,0.003526,4.909704,0.00017311616304
296,"Kiribati",1984,54,0.001567,4.909704,7.693506168e-05
296,"Kiribati",1985,10,0.000382,4.911137,1.876054334e-05
296,"Kiribati",1985,11,0.004965,4.911137,0.00024383795205
296,"Kiribati",1985,12,0.02127,4.911137,0.0010445988399
296,"Kiribati",1985,13,0.073985,4.911137,0.00363350470945
296,"Kiribati",1985,14,0.186078,4.911137,0.00913854550686
296,"Kiribati",1985,15,0.393086,4.911137,0.01930499198782
296,"Kiribati",1985,16,0.770156,4.911137,0.03782341627372
296,"Kiribati",1985,17,1.360717,4.911137,0.06682667605229
296,"Kiribati",1985,18,2.142358,4.911137,0.10521413641046
296,"Kiribati",1985,19,2.955542,4.911137,0.14515071671254
296,"Kiribati",1985,20,3.73222,4.911137,0.1832944373414
296,"Kiribati",1985,21,4.307815,4.911137,0.21156269635655
296,"Kiribati",1985,22,4.660829,4.911137,0.22889969752573
296,"Kiribati",1985,23,4.840321,4.911137,0.23771479554977
296,"Kiribati",1985,24,4.87427,4.911137,0.2393820774499
296,"Kiribati",1985,25,4.83445,4.911137,0.2374264626965
296,"Kiribati",1985,26,4.75814,4.911137,0.2336787740518
296,"Kiribati",1985,27,4.712742,4.911137,0.23144921607654
296,"Kiribati",1985,28,4.704602,4.911137,0.23104944952474
296,"Kiribati",1985,29,4.691932,4.911137,0.23042720846684
296,"Kiribati",1985,30,4.65817,4.911137,0.2287691103929
296,"Kiribati",1985,31,4.58493,4.911137,0.2251721936541
296,"Kiribati",1985,32,4.470113,4.911137,0.21953337348481
296,"Kiribati",1985,33,4.335618,4.911137,0.21292813977666
296,"Kiribati",1985,34,4.175305,4.911137,0.20505494871785
296,"Kiribati",1985,35,3.953753,4.911137,0.19417422647161
296,"Kiribati",1985,36,3.64061,4.911137,0.1787953447357
296,"Kiribati",1985,37,3.289092,4.911137,0.16153181417604
296,"Kiribati",1985,38,2.907523,4.911137,0.14279243783651
296,"Kiribati",1985,39,2.493601,4.911137,0.12246416134337
296,"Kiribati",1985,40,2.033239,4.911137,0.09985515282743
296,"Kiribati",1985,41,1.612559,4.911137,0.07919498169583
296,"Kiribati",1985,42,1.219948,4.911137,0.05991331760876
296,"Kiribati",1985,43,0.885097,4.911137,0.04346832625289
296,"Kiribati",1985,44,0.615156,4.911137,0.03021115392372
296,"Kiribati",1985,45,0.417958,4.911137,0.02052648998246
296,"Kiribati",1985,46,0.275545,4.911137,0.01353239244665
296,"Kiribati",1985,47,0.17837,4.911137,0.0087599950669
296,"Kiribati",1985,48,0.116894,4.911137,0.00574082448478
296,"Kiribati",1985,49,0.067758,4.911137,0.00332768820846
296,"Kiribati",1985,50,0.027659,4.911137,0.00135837138283
296,"Kiribati",1985,51,0.006744,4.911137,0.00033120707928
296,"Kiribati",1985,52,0.003476,4.911137,0.00017071112212
296,"Kiribati",1985,53,0.003476,4.911137,0.00017071112212
296,"Kiribati",1985,54,0.001545,4.911137,7.587706665e-05
296,"Kiribati",1986,10,0.000371,4.87081,1.80707051e-05
296,"Kiribati",1986,11,0.004829,4.87081,0.0002352114149
296,"Kiribati",1986,12,0.020779,4.87081,0.0010121056099
296,"Kiribati",1986,13,0.072639,4.87081,0.0035381076759
296,"Kiribati",1986,14,0.183197,4.87081,0.0089231777957
296,"Kiribati",1986,15,0.389319,4.87081,0.0189629887839
296,"Kiribati",1986,16,0.76378,4.87081,0.037202272618
296,"Kiribati",1986,17,1.350118,4.87081,0.0657616825558
296,"Kiribati",1986,18,2.125993,4.87081,0.1035530796433
296,"Kiribati",1986,19,2.932899,4.87081,0.1428559377819
296,"Kiribati",1986,20,3.70348,4.87081,0.180389474188
296,"Kiribati",1986,21,4.275513,4.87081,0.2082521147553
296,"Kiribati",1986,22,4.627824,4.87081,0.2254125141744
296,"Kiribati",1986,23,4.808824,4.87081,0.2342286802744
296,"Kiribati",1986,24,4.846384,4.87081,0.2360581565104
296,"Kiribati",1986,25,4.812439,4.87081,0.2344047600559
296,"Kiribati",1986,26,4.744104,4.87081,0.2310762920424
296,"Kiribati",1986,27,4.707945,4.87081,0.2293150558545
296,"Kiribati",1986,28,4.709745,4.87081,0.2294027304345
296,"Kiribati",1986,29,4.706095,4.87081,0.2292249458695
296,"Kiribati",1986,30,4.679684,4.87081,0.2279385162404
296,"Kiribati",1986,31,4.611186,4.87081,0.2246021088066
296,"Kiribati",1986,32,4.498488,4.87081,0.2191128033528
296,"Kiribati",1986,33,4.365085,4.87081,0.2126149966885
296,"Kiribati",1986,34,4.20491,4.87081,0.204813176771
296,"Kiribati",1986,35,3.981876,4.87081,0.1939496143956
296,"Kiribati",1986,36,3.664422,4.87081,0.1784870332182
296,"Kiribati",1986,37,3.308071,4.87081,0.1611298530751
296,"Kiribati",1986,38,2.9215,4.87081,0.14230071415
296,"Kiribati",1986,39,2.502321,4.87081,0.1218833015001
296,"Kiribati",1986,40,2.035369,4.87081,0.0991389567889
296,"Kiribati",1986,41,1.611488,4.87081,0.0784925186528
296,"Kiribati",1986,42,1.217563,4.87081,0.0593051803603
296,"Kiribati",1986,43,0.882924,4.87081,0.0430055504844
296,"Kiribati",1986,44,0.614386,4.87081,0.0299255747266
296,"Kiribati",1986,45,0.420407,4.87081,0.0204772261967
296,"Kiribati",1986,46,0.278667,4.87081,0.0135733401027
296,"Kiribati",1986,47,0.181731,4.87081,0.0088517717211
296,"Kiribati",1986,48,0.119951,4.87081,0.0058425853031
296,"Kiribati",1986,49,0.06992,4.87081,0.003405670352
296,"Kiribati",1986,50,0.028429,4.87081,0.0013847225749
296,"Kiribati",1986,51,0.006848,4.87081,0.0003335530688
296,"Kiribati",1986,52,0.003476,4.87081,0.0001693093556
296,"Kiribati",1986,53,0.003476,4.87081,0.0001693093556
296,"Kiribati",1986,54,0.001545,4.87081,7.52540145e-05
296,"Kiribati",1987,10,0.000333,4.806359,1.600517547e-05
296,"Kiribati",1987,11,0.004335,4.806359,0.00020835566265
296,"Kiribati",1987,12,0.019223,4.806359,0.00092392639057
296,"Kiribati",1987,13,0.069416,4.806359,0.00333638216344
296,"Kiribati",1987,14,0.177543,4.806359,0.00853335395937
296,"Kiribati",1987,15,0.38396,4.806359,0.0184544960164
296,"Kiribati",1987,16,0.756381,4.806359,0.03635438626779
296,"Kiribati",1987,17,1.339753,4.806359,0.06439333889327
296,"Kiribati",1987,18,2.111549,4.806359,0.10148862540091
296,"Kiribati",1987,19,2.912933,4.806359,0.14000601740947
296,"Kiribati",1987,20,3.676994,4.806359,0.17672953204846
296,"Kiribati",1987,21,4.244645,4.806359,0.20401287697555
296,"Kiribati",1987,22,4.595232,4.806359,0.22086334680288
296,"Kiribati",1987,23,4.777031,4.806359,0.22960125940129
296,"Kiribati",1987,24,4.817902,4.806359,0.23156566638818
296,"Kiribati",1987,25,4.789879,4.806359,0.23021878040561
296,"Kiribati",1987,26,4.729844,4.806359,0.22733328277996
296,"Kiribati",1987,27,4.703334,4.806359,0.22605911700906
296,"Kiribati",1987,28,4.715494,4.806359,0.22664357026346
296,"Kiribati",1987,29,4.72114,4.806359,0.2269149372926
296,"Kiribati",1987,30,4.702234,4.806359,0.22600624706006
296,"Kiribati",1987,31,4.638513,4.806359,0.22294358704167
296,"Kiribati",1987,32,4.527882,4.806359,0.21762626401638
296,"Kiribati",1987,33,4.395333,4.806359,0.21125548322547
296,"Kiribati",1987,34,4.234904,4.806359,0.20354468954536
296,"Kiribati",1987,35,4.009997,4.806359,0.19273485170923
296,"Kiribati",1987,36,3.688114,4.806359,0.17726399916926
296,"Kiribati",1987,37,3.326925,4.806359,0.15990395916075
296,"Kiribati",1987,38,2.935443,4.806359,0.14108792882037
296,"Kiribati",1987,39,2.511154,4.806359,0.12069507628286
296,"Kiribati",1987,40,2.037979,4.806359,0.09795258708461
296,"Kiribati",1987,41,1.610877,4.806359,0.07742453166843
296,"Kiribati",1987,42,1.215459,4.806359,0.05841932303781
296,"Kiribati",1987,43,0.88074,4.806359,0.0423315262566
296,"Kiribati",1987,44,0.613243,4.806359,0.02947466012237
296,"Kiribati",1987,45,0.421909,4.806359,0.02027846119331
296,"Kiribati",1987,46,0.280713,4.806359,0.01349207453967
296,"Kiribati",1987,47,0.184007,4.806359,0.00884403700513
296,"Kiribati",1987,48,0.122051,4.806359,0.00586620922309
296,"Kiribati",1987,49,0.071406,4.806359,0.00343202870754
296,"Kiribati",1987,50,0.028917,4.806359,0.00138985483203
296,"Kiribati",1987,51,0.006879,4.806359,0.00033062943561
296,"Kiribati",1987,52,0.003436,4.806359,0.00016514649524
296,"Kiribati",1987,53,0.003436,4.806359,0.00016514649524
296,"Kiribati",1987,54,0.001527,4.806359,7.339310193e-05
296,"Kiribati",1988,10,0.000278,4.733146,1.315814588e-05
296,"Kiribati",1988,11,0.003617,4.733146,0.00017119789082
296,"Kiribati",1988,12,0.017027,4.733146,0.00080591276942
296,"Kiribati",1988,13,0.065231,4.733146,0.00308747846726
296,"Kiribati",1988,14,0.1707,4.733146,0.008079480222
296,"Kiribati",1988,15,0.37961,4.733146,0.0179674955306
296,"Kiribati",1988,16,0.751799,4.733146,0.03558374429654
296,"Kiribati",1988,17,1.33487,4.733146,0.0631813460102
296,"Kiribati",1988,18,2.105703,4.733146,0.09966599731638
296,"Kiribati",1988,19,2.903243,4.733146,0.13741472992478
296,"Kiribati",1988,20,3.660553,4.733146,0.17325931789738
296,"Kiribati",1988,21,4.222012,4.733146,0.19983399209752
296,"Kiribati",1988,22,4.567915,4.733146,0.2162060861059
296,"Kiribati",1988,23,4.748386,4.733146,0.22474804202356
296,"Kiribati",1988,24,4.791718,4.733146,0.22679900884828
296,"Kiribati",1988,25,4.769985,4.733146,0.2257703542281
296,"Kiribati",1988,26,4.719632,4.733146,0.22338707322272
296,"Kiribati",1988,27,4.704097,4.733146,0.22265177899162
296,"Kiribati",1988,28,4.72759,4.733146,0.2237637369814
296,"Kiribati",1988,29,4.742908,4.733146,0.22448876028568
296,"Kiribati",1988,30,4.731246,4.733146,0.22393678079916
296,"Kiribati",1988,31,4.670771,4.733146,0.22107441075566
296,"Kiribati",1988,32,4.559539,4.733146,0.21580963779694
296,"Kiribati",1988,33,4.424547,4.733146,0.20942026934862
296,"Kiribati",1988,34,4.260255,4.733146,0.2016440891223
296,"Kiribati",1988,35,4.030233,4.733146,0.19075681203018
296,"Kiribati",1988,36,3.701608,4.733146,0.17520251098768
296,"Kiribati",1988,37,3.33403,4.733146,0.1578045075838
296,"Kiribati",1988,38,2.936883,4.733146,0.13900696023918
296,"Kiribati",1988,39,2.50767,4.733146,0.1186916822982
296,"Kiribati",1988,40,2.029381,4.733146,0.09605356562626
296,"Kiribati",1988,41,1.600703,4.733146,0.07576361001638
296,"Kiribati",1988,42,1.205855,4.733146,0.0570748776983
296,"Kiribati",1988,43,0.873317,4.733146,0.04133536865282
296,"Kiribati",1988,44,0.609152,4.733146,0.02883205352192
296,"Kiribati",1988,45,0.422761,4.733146,0.02000989536106
296,"Kiribati",1988,46,0.283237,4.733146,0.01340602073602
296,"Kiribati",1988,47,0.187417,4.733146,0.00887072023882
296,"Kiribati",1988,48,0.125477,4.733146,0.00593900960642
296,"Kiribati",1988,49,0.073945,4.733146,0.0034999248097
296,"Kiribati",1988,50,0.029804,4.733146,0.00141066683384
296,"Kiribati",1988,51,0.006973,4.733146,0.00033004227058
296,"Kiribati",1988,52,0.003406,4.733146,0.00016121095276
296,"Kiribati",1988,53,0.003406,4.733146,0.00016121095276
296,"Kiribati",1988,54,0.001514,4.733146,7.165983044e-05
296,"Kiribati",1989,10,0.000262,4.693225,1.22962495e-05
296,"Kiribati",1989,11,0.003406,4.693225,0.0001598512435
296,"Kiribati",1989,12,0.015959,4.693225,0.00074899177775
296,"Kiribati",1989,13,0.060876,4.693225,0.002857047651
296,"Kiribati",1989,14,0.160025,4.693225,0.00751033330625
296,"Kiribati",1989,15,0.358486,4.693225,0.0168245545735
296,"Kiribati",1989,16,0.717162,4.693225,0.0336580262745
296,"Kiribati",1989,17,1.289972,4.693225,0.060541288397
296,"Kiribati",1989,18,2.055601,4.693225,0.09647398003225
296,"Kiribati",1989,19,2.854681,4.693225,0.13397660236225
296,"Kiribati",1989,20,3.619578,4.693225,0.1698749395905
296,"Kiribati",1989,21,4.188708,4.693225,0.196585491033
296,"Kiribati",1989,22,4.541046,4.693225,0.2131215061335
296,"Kiribati",1989,23,4.725934,4.693225,0.2217987159715
296,"Kiribati",1989,24,4.771994,4.693225,0.2239604154065
296,"Kiribati",1989,25,4.753402,4.693225,0.2230878510145
296,"Kiribati",1989,26,4.707675,4.693225,0.22094178001875
296,"Kiribati",1989,27,4.699318,4.693225,0.2205495672055
296,"Kiribati",1989,28,4.732343,4.693225,0.22209950476175
296,"Kiribati",1989,29,4.75747,4.693225,0.2232787714075
296,"Kiribati",1989,30,4.755146,4.693225,0.2231697008585
296,"Kiribati",1989,31,4.701894,4.693225,0.2206704646815
296,"Kiribati",1989,32,4.595681,4.693225,0.21568564961225
296,"Kiribati",1989,33,4.464306,4.693225,0.2095199252685
296,"Kiribati",1989,34,4.302141,4.693225,0.20190915694725
296,"Kiribati",1989,35,4.071858,4.693225,0.1911014576205
296,"Kiribati",1989,36,3.740099,4.693225,0.17553126129275
296,"Kiribati",1989,37,3.368404,4.693225,0.158086778629
296,"Kiribati",1989,38,2.966497,4.693225,0.13922437882825
296,"Kiribati",1989,39,2.531771,4.693225,0.11882170951475
296,"Kiribati",1989,40,2.046932,4.693225,0.096067124357
296,"Kiribati",1989,41,1.612864,4.693225,0.075695336464
296,"Kiribati",1989,42,1.213416,4.693225,0.056948343066
296,"Kiribati",1989,43,0.87721,4.693225,0.0411694390225
296,"Kiribati",1989,44,0.610307,4.693225,0.02864308070075
296,"Kiribati",1989,45,0.421984,4.693225,0.019804658584
296,"Kiribati",1989,46,0.28123,4.693225,0.0131987566675
296,"Kiribati",1989,47,0.184905,4.693225,0.00867800768625
296,"Kiribati",1989,48,0.123133,4.693225,0.00577890873925
296,"Kiribati",1989,49,0.072264,4.693225,0.003391512114
296,"Kiribati",1989,50,0.029097,4.693225,0.00136558767825
296,"Kiribati",1989,51,0.006814,4.693225,0.0003197963515
296,"Kiribati",1989,52,0.003333,4.693225,0.00015642518925
296,"Kiribati",1989,53,0.003333,4.693225,0.00015642518925
296,"Kiribati",1989,54,0.001481,4.693225,6.950666225e-05
296,"Kiribati",1990,10,0.000234,4.668352,1.092394368e-05
296,"Kiribati",1990,11,0.003039,4.668352,0.00014187121728
296,"Kiribati",1990,12,0.014469,4.668352,0.00067546385088
296,"Kiribati",1990,13,0.056004,4.668352,0.00261446385408
296,"Kiribati",1990,14,0.148922,4.668352,0.00695220316544
296,"Kiribati",1990,15,0.339103,4.668352,0.01583052168256
296,"Kiribati",1990,16,0.686156,4.668352,0.03203217734912
296,"Kiribati",1990,17,1.251184,4.668352,0.05840967328768
296,"Kiribati",1990,18,2.014304,4.668352,0.09403480107008
296,"Kiribati",1990,19,2.816224,4.668352,0.13147124942848
296,"Kiribati",1990,20,3.58823,4.668352,0.1675112069696
296,"Kiribati",1990,21,4.163085,4.668352,0.1943474618592
296,"Kiribati",1990,22,4.518876,4.668352,0.21095703812352
296,"Kiribati",1990,23,4.706071,4.668352,0.21969595964992
296,"Kiribati",1990,24,4.754048,4.668352,0.22193569488896
296,"Kiribati",1990,25,4.73902,4.668352,0.2212341349504
296,"Kiribati",1990,26,4.699356,4.668352,0.21938247981312
296,"Kiribati",1990,27,4.699535,4.668352,0.2193908361632
296,"Kiribati",1990,28,4.743082,4.668352,0.22142376340864
296,"Kiribati",1990,29,4.77843,4.668352,0.2230739324736
296,"Kiribati",1990,30,4.785217,4.668352,0.22339077352384
296,"Kiribati",1990,31,4.737675,4.668352,0.221171345616
296,"Kiribati",1990,32,4.6338,4.668352,0.216322094976
296,"Kiribati",1990,33,4.502781,4.668352,0.21020566686912
296,"Kiribati",1990,34,4.339216,4.668352,0.20256987692032
296,"Kiribati",1990,35,4.10552,4.668352,0.1916601250304
296,"Kiribati",1990,36,3.768286,4.668352,0.17591685484672
296,"Kiribati",1990,37,3.390861,4.668352,0.15829732731072
296,"Kiribati",1990,38,2.983354,4.668352,0.13927346612608
296,"Kiribati",1990,39,2.543221,4.668352,0.11872650841792
296,"Kiribati",1990,40,2.052757,4.668352,0.09582992246464
296,"Kiribati",1990,41,1.615016,4.668352,0.07539463173632
296,"Kiribati",1990,42,1.213209,4.668352,0.05663686661568
296,"Kiribati",1990,43,0.87585,4.668352,0.040887760992
296,"Kiribati",1990,44,0.608807,4.668352,0.02842125376064
296,"Kiribati",1990,45,0.421314,4.668352,0.01966842054528
296,"Kiribati",1990,46,0.280541,4.668352,0.01309664138432
296,"Kiribati",1990,47,0.18437,4.668352,0.0086070405824
296,"Kiribati",1990,48,0.122866,4.668352,0.00573581736832
296,"Kiribati",1990,49,0.072168,4.668352,0.00336905627136
296,"Kiribati",1990,50,0.029001,4.668352,0.00135386876352
296,"Kiribati",1990,51,0.006763,4.668352,0.00031572064576
296,"Kiribati",1990,52,0.003288,4.668352,0.00015349541376
296,"Kiribati",1990,53,0.003288,4.668352,0.00015349541376
296,"Kiribati",1990,54,0.001461,4.668352,6.820462272e-05
296,"Kiribati",1991,10,0.000263,4.641977,1.220839951e-05
296,"Kiribati",1991,11,0.003419,4.641977,0.00015870919363
296,"Kiribati",1991,12,0.014617,4.641977,0.00067851777809
296,"Kiribati",1991,13,0.050724,4.641977,0.00235459641348
296,"Kiribati",1991,14,0.131761,4.641977,0.00611631531497
296,"Kiribati",1991,15,0.296078,4.641977,0.01374387266206
296,"Kiribati",1991,16,0.613273,4.641977,0.02846799160721
296,"Kiribati",1991,17,1.160826,4.641977,0.05388527593002
296,"Kiribati",1991,18,1.923567,4.641977,0.08929153771959
296,"Kiribati",1991,19,2.744091,4.641977,0.12738007307907
296,"Kiribati",1991,20,3.54992,4.641977,0.1647864699184
296,"Kiribati",1991,21,4.150353,4.641977,0.19265843167881
296,"Kiribati",1991,22,4.519534,4.641977,0.20979572878718
296,"Kiribati",1991,23,4.710095,4.641977,0.21864152657815
296,"Kiribati",1991,24,4.753559,4.641977,0.22065911546143
296,"Kiribati",1991,25,4.733001,4.641977,0.21970481782977
296,"Kiribati",1991,26,4.690316,4.641977,0.21772338994732
296,"Kiribati",1991,27,4.694248,4.641977,0.21790591248296
296,"Kiribati",1991,28,4.748442,4.641977,0.22042158549834
296,"Kiribati",1991,29,4.797185,4.641977,0.22268422434745
296,"Kiribati",1991,30,4.818361,4.641977,0.22366720939697
296,"Kiribati",1991,31,4.781764,4.641977,0.22196838507428
296,"Kiribati",1991,32,4.685013,4.641977,0.21747722590701
296,"Kiribati",1991,33,4.559173,4.641977,0.21163576205021
296,"Kiribati",1991,34,4.398634,4.641977,0.20418357859418
296,"Kiribati",1991,35,4.163903,4.641977,0.19328741956231
296,"Kiribati",1991,36,3.819804,4.641977,0.17731442312508
296,"Kiribati",1991,37,3.433758,4.641977,0.15939425659566
296,"Kiribati",1991,38,3.016615,4.641977,0.14003057447855
296,"Kiribati",1991,39,2.56594,4.641977,0.1191103446338
296,"Kiribati",1991,40,2.062735,4.641977,0.09575168427095
296,"Kiribati",1991,41,1.617142,4.641977,0.07506735969734
296,"Kiribati",1991,42,1.210376,4.641977,0.05618537553352
296,"Kiribati",1991,43,0.870434,4.641977,0.04040534608018
296,"Kiribati",1991,44,0.602795,4.641977,0.02798160525715
296,"Kiribati",1991,45,0.416967,4.641977,0.01935551223759
296,"Kiribati",1991,46,0.276363,4.641977,0.01282870689651
296,"Kiribati",1991,47,0.180869,4.641977,0.00839589738013
296,"Kiribati",1991,48,0.120406,4.641977,0.00558921882662
296,"Kiribati",1991,49,0.070733,4.641977,0.00328340959141
296,"Kiribati",1991,50,0.028356,4.641977,0.00131627899812
296,"Kiribati",1991,51,0.006643,4.641977,0.00030836653211
296,"Kiribati",1991,52,0.00325,4.641977,0.0001508642525
296,"Kiribati",1991,53,0.00325,4.641977,0.0001508642525
296,"Kiribati",1991,54,0.001444,4.641977,6.703014788e-05
296,"Kiribati",1992,10,0.000312,4.567604,1.425092448e-05
296,"Kiribati",1992,11,0.004062,4.567604,0.00018553607448
296,"Kiribati",1992,12,0.015167,4.567604,0.00069276849868
296,"Kiribati",1992,13,0.043993,4.567604,0.00200942602772
296,"Kiribati",1992,14,0.108801,4.567604,0.00496959882804
296,"Kiribati",1992,15,0.239584,4.567604,0.01094324836736
296,"Kiribati",1992,16,0.517231,4.567604,0.02362506384524
296,"Kiribati",1992,17,1.044419,4.567604,0.04770492402076
296,"Kiribati",1992,18,1.81239,4.567604,0.0827827981356
296,"Kiribati",1992,19,2.664366,4.567604,0.12169768799064
296,"Kiribati",1992,20,3.521644,4.567604,0.16085475220976
296,"Kiribati",1992,21,4.157987,4.567604,0.18992038053148
296,"Kiribati",1992,22,4.542432,4.567604,0.20748030572928
296,"Kiribati",1992,23,4.734906,4.567604,0.21627175585224
296,"Kiribati",1992,24,4.770857,4.567604,0.21791385516628
296,"Kiribati",1992,25,4.742697,4.567604,0.21662761787988
296,"Kiribati",1992,26,4.696834,4.567604,0.21453277765736
296,"Kiribati",1992,27,4.705468,4.567604,0.21492714458672
296,"Kiribati",1992,28,4.772048,4.567604,0.21796825532992
296,"Kiribati",1992,29,4.835892,4.567604,0.22088439642768
296,"Kiribati",1992,30,4.872851,4.567604,0.22257253719004
296,"Kiribati",1992,31,4.845146,4.567604,0.22130708250184
296,"Kiribati",1992,32,4.750226,4.567604,0.21697151278504
296,"Kiribati",1992,33,4.622384,4.567604,0.21113219647936
296,"Kiribati",1992,34,4.456557,4.567604,0.20355787579428
296,"Kiribati",1992,35,4.212814,4.567604,0.19242466077656
296,"Kiribati",1992,36,3.855754,4.567604,0.17611557393416
296,"Kiribati",1992,37,3.456524,4.567604,0.15788032848496
296,"Kiribati",1992,38,3.026918,4.567604,0.13825762764472
296,"Kiribati",1992,39,2.565338,4.567604,0.11717448110152
296,"Kiribati",1992,40,2.051492,4.567604,0.09370403065168
296,"Kiribati",1992,41,1.60132,4.567604,0.0731419563728
296,"Kiribati",1992,42,1.193764,4.567604,0.05452641221456
296,"Kiribati",1992,43,0.855962,4.567604,0.03909695455048
296,"Kiribati",1992,44,0.592626,4.567604,0.02706880888104
296,"Kiribati",1992,45,0.413434,4.567604,0.01888402792136
296,"Kiribati",1992,46,0.275013,4.567604,0.01256150478852
296,"Kiribati",1992,47,0.181416,4.567604,0.00828636447264
296,"Kiribati",1992,48,0.122398,4.567604,0.00559065594392
296,"Kiribati",1992,49,0.072816,4.567604,0.00332594652864
296,"Kiribati",1992,50,0.029128,4.567604,0.00133045169312
296,"Kiribati",1992,51,0.006835,4.567604,0.0003121957334
296,"Kiribati",1992,52,0.003352,4.567604,0.00015310608608
296,"Kiribati",1992,53,0.003352,4.567604,0.00015310608608
296,"Kiribati",1992,54,0.00149,4.567604,6.80572996e-05
296,"Kiribati",1993,10,0.000369,4.486623,1.655563887e-05
296,"Kiribati",1993,11,0.004798,4.486623,0.00021526817154
296,"Kiribati",1993,12,0.015939,4.486623,0.00071512283997
296,"Kiribati",1993,13,0.037341,4.486623,0.00167534989443
296,"Kiribati",1993,14,0.085848,4.486623,0.00385167611304
296,"Kiribati",1993,15,0.184665,4.486623,0.00828522236295
296,"Kiribati",1993,16,0.424208,4.486623,0.01903261369584
296,"Kiribati",1993,17,0.930822,4.486623,0.04176247394106
296,"Kiribati",1993,18,1.701858,4.486623,0.07635595245534
296,"Kiribati",1993,19,2.581793,4.486623,0.11583531855039
296,"Kiribati",1993,20,3.486554,4.486623,0.15642853367142
296,"Kiribati",1993,21,4.157054,4.486623,0.18651134088642
296,"Kiribati",1993,22,4.557419,4.486623,0.20447420906037
296,"Kiribati",1993,23,4.752872,4.486623,0.21324344831256
296,"Kiribati",1993,24,4.78221,4.486623,0.2145597337683
296,"Kiribati",1993,25,4.746675,4.486623,0.21296541228525
296,"Kiribati",1993,26,4.697099,4.486623,0.21074112406677
296,"Kiribati",1993,27,4.70987,4.486623,0.2113141106901
296,"Kiribati",1993,28,4.788426,4.486623,0.21483862225398
296,"Kiribati",1993,29,4.86724,4.486623,0.2183747093052
296,"Kiribati",1993,30,4.92022,4.486623,0.2207517221706
296,"Kiribati",1993,31,4.90296,4.486623,0.2199773310408
296,"Kiribati",1993,32,4.812645,4.486623,0.21592523747835
296,"Kiribati",1993,33,4.686129,4.486623,0.21024894152367
296,"Kiribati",1993,34,4.518593,4.486623,0.20273223281439
296,"Kiribati",1993,35,4.26906,4.486623,0.1915366278438
296,"Kiribati",1993,36,3.90152,4.486623,0.1750464936696
296,"Kiribati",1993,37,3.490903,4.486623,0.15662365690569
296,"Kiribati",1993,38,3.049871,4.486623,0.13683621375633
296,"Kiribati",1993,39,2.577367,4.486623,0.11563674061641
296,"Kiribati",1993,40,2.052,4.486623,0.09206550396
296,"Kiribati",1993,41,1.595399,4.486623,0.07157953847577
296,"Kiribati",1993,42,1.184599,4.486623,0.05314849119177
296,"Kiribati",1993,43,0.84612,4.486623,0.0379622145276
296,"Kiribati",1993,44,0.584143,4.486623,0.02620829419089
296,"Kiribati",1993,45,0.408365,4.486623,0.01832179801395
296,"Kiribati",1993,46,0.270953,4.486623,0.01215663961719
296,"Kiribati",1993,47,0.178593,4.486623,0.00801279461439
296,"Kiribati",1993,48,0.120936,4.486623,0.00542594239128
296,"Kiribati",1993,49,0.072418,4.486623,0.00324912264414
296,"Kiribati",1993,50,0.029236,4.486623,0.00131170910028
296,"Kiribati",1993,51,0.00711,4.486623,0.0003189988953
296,"Kiribati",1993,52,0.003279,4.486623,0.00014711636817
296,"Kiribati",1993,53,0.00311,4.486623,0.0001395339753
296,"Kiribati",1993,54,0.00141,4.486623,6.32613843e-05
296,"Kiribati",1994,10,0.000363,4.441614,1.612305882e-05
296,"Kiribati",1994,11,0.004714,4.441614,0.00020937768396
296,"Kiribati",1994,12,0.014882,4.441614,0.00066100099548
296,"Kiribati",1994,13,0.030939,4.441614,0.00137419095546
296,"Kiribati",1994,14,0.069106,4.441614,0.00306942177084
296,"Kiribati",1994,15,0.152469,4.441614,0.00677208444966
296,"Kiribati",1994,16,0.371897,4.441614,0.01651822921758
296,"Kiribati",1994,17,0.869966,4.441614,0.03864053165124
296,"Kiribati",1994,18,1.647391,4.441614,0.07317074929074
296,"Kiribati",1994,19,2.548137,4.441614,0.11317840973118
296,"Kiribati",1994,20,3.484686,4.441614,0.15477630123204
296,"Kiribati",1994,21,4.180369,4.441614,0.18567585475566
296,"Kiribati",1994,22,4.596586,4.441614,0.20416260729804
296,"Kiribati",1994,23,4.802157,4.441614,0.21329327761398
296,"Kiribati",1994,24,4.836996,4.441614,0.21484069151544
296,"Kiribati",1994,25,4.803409,4.441614,0.21334888662126
296,"Kiribati",1994,26,4.753113,4.441614,0.21111493244382
296,"Kiribati",1994,27,4.762397,4.441614,0.21152729188758
296,"Kiribati",1994,28,4.835023,4.441614,0.21475305847122
296,"Kiribati",1994,29,4.906722,4.441614,0.21793765129308
296,"Kiribati",1994,30,4.952146,4.441614,0.21995521003644
296,"Kiribati",1994,31,4.925086,4.441614,0.21875330928804
296,"Kiribati",1994,32,4.823353,4.441614,0.21423472211742
296,"Kiribati",1994,33,4.684559,4.441614,0.20807002838226
296,"Kiribati",1994,34,4.50478,4.441614,0.2000849391492
296,"Kiribati",1994,35,4.244869,4.441614,0.18854069578566
296,"Kiribati",1994,36,3.872102,4.441614,0.17198382452628
296,"Kiribati",1994,37,3.458945,4.441614,0.1536329853723
296,"Kiribati",1994,38,3.017981,4.441614,0.13404706661334
296,"Kiribati",1994,39,2.548865,4.441614,0.1132107446811
296,"Kiribati",1994,40,2.031615,4.441614,0.0902364962661
296,"Kiribati",1994,41,1.58048,4.441614,0.0701988209472
296,"Kiribati",1994,42,1.174233,4.441614,0.05215489732062
296,"Kiribati",1994,43,0.839411,4.441614,0.03728339649354
296,"Kiribati",1994,44,0.580156,4.441614,0.02576829011784
296,"Kiribati",1994,45,0.405329,4.441614,0.01800314961006
296,"Kiribati",1994,46,0.268781,4.441614,0.01193821452534
296,"Kiribati",1994,47,0.17727,4.441614,0.0078736491378
296,"Kiribati",1994,48,0.120613,4.441614,0.00535716389382
296,"Kiribati",1994,49,0.072915,4.441614,0.0032386028481
296,"Kiribati",1994,50,0.030203,4.441614,0.00134150067642
296,"Kiribati",1994,51,0.007822,4.441614,0.00034742304708
296,"Kiribati",1994,52,0.003197,4.441614,0.00014199839958
296,"Kiribati",1994,53,0.002689,4.441614,0.00011943500046
296,"Kiribati",1994,54,0.00128,4.441614,5.68526592e-05
296,"Kiribati",1995,10,0.000269,4.419143,1.188749467e-05
296,"Kiribati",1995,11,0.003501,4.419143,0.00015471419643
296,"Kiribati",1995,12,0.011514,4.419143,0.00050882012502
296,"Kiribati",1995,13,0.026387,4.419143,0.00116607926341
296,"Kiribati",1995,14,0.065166,4.419143,0.00287977872738
296,"Kiribati",1995,15,0.15638,4.419143,0.0069106558234
296,"Kiribati",1995,16,0.3844,4.419143,0.016987185692
296,"Kiribati",1995,17,0.884734,4.419143,0.03909766062962
296,"Kiribati",1995,18,1.656061,4.419143,0.07318370375723
296,"Kiribati",1995,19,2.542654,4.419143,0.11236351625522
296,"Kiribati",1995,20,3.460473,4.419143,0.15292325034639
296,"Kiribati",1995,21,4.154226,4.419143,0.18358118748318
296,"Kiribati",1995,22,4.585372,4.419143,0.20263414576196
296,"Kiribati",1995,23,4.80657,4.419143,0.2124092016951
296,"Kiribati",1995,24,4.852592,4.419143,0.21444297968656
296,"Kiribati",1995,25,4.820257,4.419143,0.21301404979751
296,"Kiribati",1995,26,4.759796,4.419143,0.21034219174828
296,"Kiribati",1995,27,4.757214,4.419143,0.21022808947602
296,"Kiribati",1995,28,4.818366,4.419143,0.21293048380338
296,"Kiribati",1995,29,4.879472,4.419143,0.21563084532496
296,"Kiribati",1995,30,4.913931,4.419143,0.21715363781133
296,"Kiribati",1995,31,4.886952,4.419143,0.21596139722136
296,"Kiribati",1995,32,4.795351,4.419143,0.21191341804193
296,"Kiribati",1995,33,4.678272,4.419143,0.20673952960896
296,"Kiribati",1995,34,4.528191,4.419143,0.20010723560313
296,"Kiribati",1995,35,4.294724,4.419143,0.18978999501532
296,"Kiribati",1995,36,3.929646,4.419143,0.17365667613378
296,"Kiribati",1995,37,3.517009,4.419143,0.15542165703287
296,"Kiribati",1995,38,3.069828,4.419143,0.13566008917404
296,"Kiribati",1995,39,2.584491,4.419143,0.11421235311213
296,"Kiribati",1995,40,2.034197,4.419143,0.08989407433171
296,"Kiribati",1995,41,1.567552,4.419143,0.06927236447936
296,"Kiribati",1995,42,1.153828,4.419143,0.05098930929404
296,"Kiribati",1995,43,0.816237,4.419143,0.03607068024891
296,"Kiribati",1995,44,0.557907,4.419143,0.02465470813701
296,"Kiribati",1995,45,0.392391,4.419143,0.01734031940913
296,"Kiribati",1995,46,0.258966,4.419143,0.01144407786138
296,"Kiribati",1995,47,0.170181,4.419143,0.00752054174883
296,"Kiribati",1995,48,0.115249,4.419143,0.00509301811607
296,"Kiribati",1995,49,0.068896,4.419143,0.00304461276128
296,"Kiribati",1995,50,0.027081,4.419143,0.00119674811583
296,"Kiribati",1995,51,0.006287,4.419143,0.00027783152041
296,"Kiribati",1995,52,0.003038,4.419143,0.00013425356434
296,"Kiribati",1995,53,0.003038,4.419143,0.00013425356434
296,"Kiribati",1995,54,0.00135,4.419143,5.96584305e-05
296,"Kiribati",1996,10,0.00011,4.425229,4.8677519e-06
296,"Kiribati",1996,11,0.001427,4.425229,6.314801783e-05
296,"Kiribati",1996,12,0.006457,4.425229,0.00028573703653
296,"Kiribati",1996,13,0.023811,4.425229,0.00105369127719
296,"Kiribati",1996,14,0.071834,4.425229,0.00317881899986
296,"Kiribati",1996,15,0.194117,4.425229,0.00859012177793
296,"Kiribati",1996,16,0.457349,4.425229,0.02023874057921
296,"Kiribati",1996,17,0.974837,4.425229,0.04313876962673
296,"Kiribati",1996,18,1.738192,4.425229,0.07691897645968
296,"Kiribati",1996,19,2.587986,4.425229,0.11452430698794
296,"Kiribati",1996,20,3.447252,4.425229,0.15254879520708
296,"Kiribati",1996,21,4.107887,4.425229,0.18178340681123
296,"Kiribati",1996,22,4.535624,4.425229,0.20071174857896
296,"Kiribati",1996,23,4.764273,4.425229,0.21082999043517
296,"Kiribati",1996,24,4.82187,4.425229,0.2133787895823
296,"Kiribati",1996,25,4.795851,4.425229,0.21222738924879
296,"Kiribati",1996,26,4.732619,4.425229,0.20942922844751
296,"Kiribati",1996,27,4.726054,4.425229,0.20913871216366
296,"Kiribati",1996,28,4.783269,4.425229,0.21167060693601
296,"Kiribati",1996,29,4.839568,4.425229,0.21416196661072
296,"Kiribati",1996,30,4.86651,4.425229,0.2153542118079
296,"Kiribati",1996,31,4.843271,4.425229,0.21432583284059
296,"Kiribati",1996,32,4.765575,4.425229,0.21088760691675
296,"Kiribati",1996,33,4.67483,4.425229,0.2068719328607
296,"Kiribati",1996,34,4.559446,4.425229,0.20176592663134
296,"Kiribati",1996,35,4.356326,4.425229,0.19277740148654
296,"Kiribati",1996,36,3.998728,4.425229,0.17695287108712
296,"Kiribati",1996,37,3.585258,4.425229,0.15865587674082
296,"Kiribati",1996,38,3.129482,4.425229,0.13848674501378
296,"Kiribati",1996,39,2.623353,4.425229,0.11608937772837
296,"Kiribati",1996,40,2.031491,4.425229,0.08989812886439
296,"Kiribati",1996,41,1.54571,4.425229,0.0684012071759
296,"Kiribati",1996,42,1.123068,4.425229,0.04969833082572
296,"Kiribati",1996,43,0.782553,4.425229,0.03462976229637
296,"Kiribati",1996,44,0.526047,4.425229,0.02327878439763
296,"Kiribati",1996,45,0.372511,4.425229,0.01648446480019
296,"Kiribati",1996,46,0.244221,4.425229,0.01080733851609
296,"Kiribati",1996,47,0.159121,4.425229,0.00704146863709
296,"Kiribati",1996,48,0.105862,4.425229,0.00468463592398
296,"Kiribati",1996,49,0.062065,4.425229,0.00274651837885
296,"Kiribati",1996,50,0.023531,4.425229,0.00104130063599
296,"Kiribati",1996,51,0.005226,4.425229,0.00023126246754
296,"Kiribati",1996,52,0.00257,4.425229,0.0001137283853
296,"Kiribati",1996,53,0.002185,4.425229,9.669125365e-05
296,"Kiribati",1996,54,0.000672,4.425229,2.973753888e-05
296,"Kiribati",1997,10,0.000106,4.368175,4.6302655e-06
296,"Kiribati",1997,11,0.001378,4.368175,6.01934515e-05
296,"Kiribati",1997,12,0.00648,4.368175,0.00028305774
296,"Kiribati",1997,13,0.024811,4.368175,0.00108378789925
296,"Kiribati",1997,14,0.07508,4.368175,0.00327962579
296,"Kiribati",1997,15,0.198932,4.368175,0.008689697891
296,"Kiribati",1997,16,0.466201,4.368175,0.02036447553175
296,"Kiribati",1997,17,0.991105,4.368175,0.04329320083375
296,"Kiribati",1997,18,1.765283,4.368175,0.07711065068525
296,"Kiribati",1997,19,2.627517,4.368175,0.11477454071475
296,"Kiribati",1997,20,3.499361,4.368175,0.15285821236175
296,"Kiribati",1997,21,4.167273,4.368175,0.18203377736775
296,"Kiribati",1997,22,4.596458,4.368175,0.2007813292415
296,"Kiribati",1997,23,4.823245,4.368175,0.21068778227875
296,"Kiribati",1997,24,4.876062,4.368175,0.2129949212685
296,"Kiribati",1997,25,4.841425,4.368175,0.21148191649375
296,"Kiribati",1997,26,4.76573,4.368175,0.2081754264275
296,"Kiribati",1997,27,4.742177,4.368175,0.20714659016975
296,"Kiribati",1997,28,4.7788,4.368175,0.2087463469
296,"Kiribati",1997,29,4.815485,4.368175,0.21034881189875
296,"Kiribati",1997,30,4.826295,4.368175,0.21082101161625
296,"Kiribati",1997,31,4.791576,4.368175,0.209304424938
296,"Kiribati",1997,32,4.707397,4.368175,0.20562733890475
296,"Kiribati",1997,33,4.610362,4.368175,0.2013886802935
296,"Kiribati",1997,34,4.489402,4.368175,0.1961049358135
296,"Kiribati",1997,35,4.28536,4.368175,0.18719202418
296,"Kiribati",1997,36,3.938469,4.368175,0.17203921824075
296,"Kiribati",1997,37,3.538436,4.368175,0.154565076743
296,"Kiribati",1997,38,3.097723,4.368175,0.13531396165525
296,"Kiribati",1997,39,2.609026,4.368175,0.1139668214755
296,"Kiribati",1997,40,2.041938,4.368175,0.0891954252315
296,"Kiribati",1997,41,1.565985,4.368175,0.06840496527375
296,"Kiribati",1997,42,1.145706,4.368175,0.0500464430655
296,"Kiribati",1997,43,0.802224,4.368175,0.035042548212
296,"Kiribati",1997,44,0.538743,4.368175,0.02353323704025
296,"Kiribati",1997,45,0.371802,4.368175,0.0162409620135
296,"Kiribati",1997,46,0.238907,4.368175,0.01043587584725
296,"Kiribati",1997,47,0.15126,4.368175,0.006607301505
296,"Kiribati",1997,48,0.097957,4.368175,0.00427893318475
296,"Kiribati",1997,49,0.056252,4.368175,0.002457185801
296,"Kiribati",1997,50,0.021668,4.368175,0.000946496159
296,"Kiribati",1997,51,0.004998,4.368175,0.0002183213865
296,"Kiribati",1997,52,0.002531,4.368175,0.00011055850925
296,"Kiribati",1997,53,0.002271,4.368175,9.920125425e-05
296,"Kiribati",1997,54,0.000808,4.368175,3.5294854e-05
296,"Kiribati",1998,10,0.000112,4.290281,4.80511472e-06
296,"Kiribati",1998,11,0.001458,4.290281,6.255229698e-05
296,"Kiribati",1998,12,0.006888,4.290281,0.00029551455528
296,"Kiribati",1998,13,0.026478,4.290281,0.00113598060318
296,"Kiribati",1998,14,0.079262,4.290281,0.00340056252622
296,"Kiribati",1998,15,0.204369,4.290281,0.00876800437689
296,"Kiribati",1998,16,0.475404,4.290281,0.02039616748524
296,"Kiribati",1998,17,1.00732,4.290281,0.0432168585692
296,"Kiribati",1998,18,1.79189,4.290281,0.0768771162109
296,"Kiribati",1998,19,2.666498,4.290281,0.11440025705938
296,"Kiribati",1998,20,3.551239,4.290281,0.15235813208159
296,"Kiribati",1998,21,4.226569,4.290281,0.18133168675889
296,"Kiribati",1998,22,4.657101,4.290281,0.19980271935381
296,"Kiribati",1998,23,4.881771,4.290281,0.20944169367651
296,"Kiribati",1998,24,4.929465,4.290281,0.21148790029665
296,"Kiribati",1998,25,4.885947,4.290281,0.20962085581107
296,"Kiribati",1998,26,4.797662,4.290281,0.20583318123022
296,"Kiribati",1998,27,4.757131,4.290281,0.20409428743811
296,"Kiribati",1998,28,4.773308,4.290281,0.20478832619548
296,"Kiribati",1998,29,4.790649,4.290281,0.20553230382369
296,"Kiribati",1998,30,4.785662,4.290281,0.20531834751022
296,"Kiribati",1998,31,4.73969,4.290281,0.2033460195289
296,"Kiribati",1998,32,4.649123,4.290281,0.19946044073563
296,"Kiribati",1998,33,4.545884,4.290281,0.19503119753404
296,"Kiribati",1998,34,4.419434,4.290281,0.18960613720954
296,"Kiribati",1998,35,4.214563,4.290281,0.18081659562203
296,"Kiribati",1998,36,3.878264,4.290281,0.16638842352184
296,"Kiribati",1998,37,3.49149,4.290281,0.1497947320869
296,"Kiribati",1998,38,3.065634,4.290281,0.13152431303154
296,"Kiribati",1998,39,2.594202,4.290281,0.11129855550762
296,"Kiribati",1998,40,2.051529,4.290281,0.08801635889649
296,"Kiribati",1998,41,1.585624,4.290281,0.06802772520344
296,"Kiribati",1998,42,1.168052,4.290281,0.05011271302612
296,"Kiribati",1998,43,0.822045,4.290281,0.03526804044645
296,"Kiribati",1998,44,0.552083,4.290281,0.02368591205323
296,"Kiribati",1998,45,0.372146,4.290281,0.01596610913026
296,"Kiribati",1998,46,0.235044,4.290281,0.01008404807364
296,"Kiribati",1998,47,0.145009,4.290281,0.00622129357529
296,"Kiribati",1998,48,0.091554,4.290281,0.00392792386674
296,"Kiribati",1998,49,0.051527,4.290281,0.00221065309087
296,"Kiribati",1998,50,0.020189,4.290281,0.00086616483109
296,"Kiribati",1998,51,0.004849,4.290281,0.00020803572569
296,"Kiribati",1998,52,0.002516,4.290281,0.00010794346996
296,"Kiribati",1998,53,0.002396,4.290281,0.00010279513276
296,"Kiribati",1998,54,0.000971,4.290281,4.165862851e-05
296,"Kiribati",1999,10,0.000125,4.185058,5.2313225e-06
296,"Kiribati",1999,11,0.001619,4.185058,6.775608902e-05
296,"Kiribati",1999,12,0.007571,4.185058,0.00031685074118
296,"Kiribati",1999,13,0.02883,4.185058,0.0012065522214
296,"Kiribati",1999,14,0.084583,4.185058,0.00353984760814
296,"Kiribati",1999,15,0.212574,4.185058,0.00889634519292
296,"Kiribati",1999,16,0.489133,4.185058,0.02047049974714
296,"Kiribati",1999,17,1.032163,4.185058,0.04319662020454
296,"Kiribati",1999,18,1.833283,4.185058,0.07672395685414
296,"Kiribati",1999,19,2.725518,4.185058,0.11406450910044
296,"Kiribati",1999,20,3.62613,4.185058,0.1517556436554
296,"Kiribati",1999,21,4.306173,4.185058,0.18021583763034
296,"Kiribati",1999,22,4.730298,4.185058,0.19796571487284
296,"Kiribati",1999,23,4.945938,4.185058,0.20699037394404
296,"Kiribati",1999,24,4.984097,4.185058,0.20858735022626
296,"Kiribati",1999,25,4.931052,4.185058,0.20636738621016
296,"Kiribati",1999,26,4.8334,4.185058,0.202280593372
296,"Kiribati",1999,27,4.780286,4.185058,0.20005774166588
296,"Kiribati",1999,28,4.780731,4.185058,0.20007636517398
296,"Kiribati",1999,29,4.782544,4.185058,0.20015224027552
296,"Kiribati",1999,30,4.764314,4.185058,0.19938930420212
296,"Kiribati",1999,31,4.705345,4.185058,0.1969214173501
296,"Kiribati",1999,32,4.602625,4.185058,0.1926225257725
296,"Kiribati",1999,33,4.484931,4.185058,0.18769696360998
296,"Kiribati",1999,34,4.343194,4.185058,0.18176518795252
296,"Kiribati",1999,35,4.128211,4.185058,0.17276802471238
296,"Kiribati",1999,36,3.795453,4.185058,0.15884190941274
296,"Kiribati",1999,37,3.416831,4.185058,0.14299635911198
296,"Kiribati",1999,38,3.002857,4.185058,0.12567130710706
296,"Kiribati",1999,39,2.548469,4.185058,0.10665490576202
296,"Kiribati",1999,40,2.032618,4.185058,0.08506624221844
296,"Kiribati",1999,41,1.580905,4.185058,0.0661617911749
296,"Kiribati",1999,42,1.17135,4.185058,0.049021676883
296,"Kiribati",1999,43,0.828803,4.185058,0.03468588625574
296,"Kiribati",1999,44,0.55857,4.185058,0.0233764784706
296,"Kiribati",1999,45,0.371722,4.185058,0.01555678129876
296,"Kiribati",1999,46,0.233541,4.185058,0.00977382630378
296,"Kiribati",1999,47,0.142876,4.185058,0.00597944346808
296,"Kiribati",1999,48,0.089659,4.185058,0.00375228115222
296,"Kiribati",1999,49,0.050296,4.185058,0.00210491677168
296,"Kiribati",1999,50,0.020054,4.185058,0.00083927153132
296,"Kiribati",1999,51,0.004963,4.185058,0.00020770442854
296,"Kiribati",1999,52,0.002605,4.185058,0.0001090207609
296,"Kiribati",1999,53,0.002605,4.185058,0.0001090207609
296,"Kiribati",1999,54,0.001158,4.185058,4.846297164e-05
296,"Kiribati",2000,10,0.00015,4.070689,6.1060335e-06
296,"Kiribati",2000,11,0.001951,4.070689,7.941914239e-05
296,"Kiribati",2000,12,0.008395,4.070689,0.00034173434155
296,"Kiribati",2000,13,0.029345,4.070689,0.00119454368705
296,"Kiribati",2000,14,0.083942,4.070689,0.00341701776038
296,"Kiribati",2000,15,0.205809,4.070689,0.00837784432401
296,"Kiribati",2000,16,0.476352,4.070689,0.01939080846528
296,"Kiribati",2000,17,1.016093,4.070689,0.04136198598077
296,"Kiribati",2000,18,1.818282,4.070689,0.07401660536298
296,"Kiribati",2000,19,2.718814,4.070689,0.11067446242846
296,"Kiribati",2000,20,3.634316,4.070689,0.14794170163724
296,"Kiribati",2000,21,4.328824,4.070689,0.17621296239736
296,"Kiribati",2000,22,4.765567,4.070689,0.19399141165663
296,"Kiribati",2000,23,4.991737,4.070689,0.20319808896793
296,"Kiribati",2000,24,5.037774,4.070689,0.20507211206286
296,"Kiribati",2000,25,4.987594,4.070689,0.20302944032266
296,"Kiribati",2000,26,4.887244,4.070689,0.19894450391116
296,"Kiribati",2000,27,4.824347,4.070689,0.19638416265083
296,"Kiribati",2000,28,4.808721,4.070689,0.19574807678769
296,"Kiribati",2000,29,4.793072,4.070689,0.19511105466608
296,"Kiribati",2000,30,4.758478,4.070689,0.19370284051342
296,"Kiribati",2000,31,4.685469,4.070689,0.19073087118141
296,"Kiribati",2000,32,4.571753,4.070689,0.18610184647817
296,"Kiribati",2000,33,4.443286,4.070689,0.18087235444054
296,"Kiribati",2000,34,4.29178,4.070689,0.1747050163642
296,"Kiribati",2000,35,4.071492,4.070689,0.16573777697988
296,"Kiribati",2000,36,3.744128,4.070689,0.15241180664192
296,"Kiribati",2000,37,3.374134,4.070689,0.13735050158326
296,"Kiribati",2000,38,2.971167,4.070689,0.12094696824063
296,"Kiribati",2000,39,2.530925,4.070689,0.10302608557325
296,"Kiribati",2000,40,2.036427,4.070689,0.08289660988203
296,"Kiribati",2000,41,1.594143,4.070689,0.06489260374527
296,"Kiribati",2000,42,1.18791,4.070689,0.0483561216999
296,"Kiribati",2000,43,0.844314,4.070689,0.03436939712346
296,"Kiribati",2000,44,0.569653,4.070689,0.02318880200917
296,"Kiribati",2000,45,0.372385,4.070689,0.01515863523265
296,"Kiribati",2000,46,0.231182,4.070689,0.00941070024398
296,"Kiribati",2000,47,0.138878,4.070689,0.00565329146942
296,"Kiribati",2000,48,0.085733,4.070689,0.00348992380037
296,"Kiribati",2000,49,0.047498,4.070689,0.00193349586122
296,"Kiribati",2000,50,0.019249,4.070689,0.00078356692561
296,"Kiribati",2000,51,0.004976,4.070689,0.00020255748464
296,"Kiribati",2000,52,0.002746,4.070689,0.00011178111994
296,"Kiribati",2000,53,0.002746,4.070689,0.00011178111994
296,"Kiribati",2000,54,0.00122,4.070689,4.96624058e-05
296,"Kiribati",2001,10,0.000184,3.956826,7.28055984e-06
296,"Kiribati",2001,11,0.002397,3.956826,9.484511922e-05
296,"Kiribati",2001,12,0.009545,3.956826,0.0003776790417
296,"Kiribati",2001,13,0.030364,3.956826,0.00120145064664
296,"Kiribati",2001,14,0.083944,3.956826,0.00332151801744
296,"Kiribati",2001,15,0.199038,3.956826,0.00787558733388
296,"Kiribati",2001,16,0.463715,3.956826,0.0183483956859
296,"Kiribati",2001,17,1.003993,3.956826,0.03972625606218
296,"Kiribati",2001,18,1.814759,3.956826,0.07180685594934
296,"Kiribati",2001,19,2.731593,3.956826,0.10808438203818
296,"Kiribati",2001,20,3.668671,3.956826,0.14516292798246
296,"Kiribati",2001,21,4.376586,3.956826,0.17317389276036
296,"Kiribati",2001,22,4.817126,3.956826,0.19060529402076
296,"Kiribati",2001,23,5.042268,3.956826,0.19951377121368
296,"Kiribati",2001,24,5.083907,3.956826,0.20116135399182
296,"Kiribati",2001,25,5.027213,3.956826,0.19891807105938
296,"Kiribati",2001,26,4.919096,3.956826,0.19464006949296
296,"Kiribati",2001,27,4.845899,3.956826,0.19174379156574
296,"Kiribati",2001,28,4.817865,3.956826,0.1906345349649
296,"Kiribati",2001,29,4.790495,3.956826,0.1895515516887
296,"Kiribati",2001,30,4.746631,3.956826,0.18781592953206
296,"Kiribati",2001,31,4.665039,3.956826,0.18458747606214
296,"Kiribati",2001,32,4.543891,3.956826,0.17979386049966
296,"Kiribati",2001,33,4.40619,3.956826,0.1743452715294
296,"Kiribati",2001,34,4.244647,3.956826,0.16795329610422
296,"Kiribati",2001,35,4.017862,3.956826,0.15897980826012
296,"Kiribati",2001,36,3.694496,3.956826,0.14618477829696
296,"Kiribati",2001,37,3.331639,3.956826,0.13182715817814
296,"Kiribati",2001,38,2.938249,3.956826,0.11626140037674
296,"Kiribati",2001,39,2.511148,3.956826,0.09936175696248
296,"Kiribati",2001,40,2.037444,3.956826,0.08061811392744
296,"Kiribati",2001,41,1.604453,3.956826,0.06348541346178
296,"Kiribati",2001,42,1.201673,3.956826,0.04754810969898
296,"Kiribati",2001,43,0.857461,3.956826,0.03392823978786
296,"Kiribati",2001,44,0.579045,3.956826,0.0229118031117
296,"Kiribati",2001,45,0.371878,3.956826,0.01471456539228
296,"Kiribati",2001,46,0.228205,3.956826,0.0090296747733
296,"Kiribati",2001,47,0.134611,3.956826,0.00532632304686
296,"Kiribati",2001,48,0.081696,3.956826,0.00323256856896
296,"Kiribati",2001,49,0.044661,3.956826,0.00176715805986
296,"Kiribati",2001,50,0.018403,3.956826,0.00072817468878
296,"Kiribati",2001,51,0.004978,3.956826,0.00019697079828
296,"Kiribati",2001,52,0.002881,3.956826,0.00011399615706
296,"Kiribati",2001,53,0.002881,3.956826,0.00011399615706
296,"Kiribati",2001,54,0.00128,3.956826,5.06473728e-05
296,"Kiribati",2002,10,0.000209,3.813599,7.97042191e-06
296,"Kiribati",2002,11,0.002721,3.813599,0.00010376802879
296,"Kiribati",2002,12,0.010421,3.813599,0.00039741515179
296,"Kiribati",2002,13,0.031409,3.813599,0.00119781330991
296,"Kiribati",2002,14,0.084698,3.813599,0.00323004208102
296,"Kiribati",2002,15,0.19869,3.813599,0.0075772398531
296,"Kiribati",2002,16,0.462336,3.813599,0.01763164107264
296,"Kiribati",2002,17,1.001741,3.813599,0.03820238475859
296,"Kiribati",2002,18,1.812276,3.813599,0.06911293941324
296,"Kiribati",2002,19,2.731211,3.813599,0.10415743538389
296,"Kiribati",2002,20,3.673048,3.813599,0.14007532179752
296,"Kiribati",2002,21,4.389007,3.813599,0.16737912706193
296,"Kiribati",2002,22,4.840481,3.813599,0.18459653501119
296,"Kiribati",2002,23,5.077827,3.813599,0.19364795969373
296,"Kiribati",2002,24,5.131655,3.813599,0.19570074376345
296,"Kiribati",2002,25,5.083251,3.813599,0.19385480930349
296,"Kiribati",2002,26,4.978016,3.813599,0.18984156839584
296,"Kiribati",2002,27,4.901106,3.813599,0.18690852940494
296,"Kiribati",2002,28,4.863151,3.813599,0.18546107790449
296,"Kiribati",2002,29,4.822685,3.813599,0.18391786693315
296,"Kiribati",2002,30,4.763672,3.813599,0.18166734775528
296,"Kiribati",2002,31,4.667172,3.813599,0.17798722472028
296,"Kiribati",2002,32,4.53204,3.813599,0.1728338321196
296,"Kiribati",2002,33,4.382407,3.813599,0.16712742952793
296,"Kiribati",2002,34,4.2114,3.813599,0.160605908286
296,"Kiribati",2002,35,3.978034,3.813599,0.15170626484366
296,"Kiribati",2002,36,3.651531,3.813599,0.13925474970069
296,"Kiribati",2002,37,3.287837,3.813599,0.12538491895363
296,"Kiribati",2002,38,2.895711,3.813599,0.11043080573889
296,"Kiribati",2002,39,2.471958,3.813599,0.09427056556842
296,"Kiribati",2002,40,2.003802,3.813599,0.07641697303398
296,"Kiribati",2002,41,1.576827,3.813599,0.06013385870373
296,"Kiribati",2002,42,1.180527,3.813599,0.04502056586673
296,"Kiribati",2002,43,0.842477,3.813599,0.03212869444723
296,"Kiribati",2002,44,0.569595,3.813599,0.02172206922405
296,"Kiribati",2002,45,0.367458,3.813599,0.01401337461342
296,"Kiribati",2002,46,0.226584,3.813599,0.00864100515816
296,"Kiribati",2002,47,0.134854,3.813599,0.00514279079546
296,"Kiribati",2002,48,0.08291,3.813599,0.0031618549309
296,"Kiribati",2002,49,0.045924,3.813599,0.00175135720476
296,"Kiribati",2002,50,0.018965,3.813599,0.00072324905035
296,"Kiribati",2002,51,0.005127,3.813599,0.00019552322073
296,"Kiribati",2002,52,0.002965,3.813599,0.00011307321035
296,"Kiribati",2002,53,0.002965,3.813599,0.00011307321035
296,"Kiribati",2002,54,0.001318,3.813599,5.026323482e-05
296,"Kiribati",2003,10,0.00024,3.701609,8.8838616e-06
296,"Kiribati",2003,11,0.003124,3.701609,0.00011563826516
296,"Kiribati",2003,12,0.011774,3.701609,0.00043582744366
296,"Kiribati",2003,13,0.034638,3.701609,0.00128216332542
296,"Kiribati",2003,14,0.091039,3.701609,0.00336990781751
296,"Kiribati",2003,15,0.209979,3.701609,0.00777260156211
296,"Kiribati",2003,16,0.479029,3.701609,0.01773178057661
296,"Kiribati",2003,17,1.010447,3.701609,0.03740279709223
296,"Kiribati",2003,18,1.798962,3.701609,0.06659053929858
296,"Kiribati",2003,19,2.692323,3.701609,0.09965927047707
296,"Kiribati",2003,20,3.611366,3.701609,0.13367864887894
296,"Kiribati",2003,21,4.329935,3.701609,0.16027726365415
296,"Kiribati",2003,22,4.809912,3.701609,0.17804413548408
296,"Kiribati",2003,23,5.085348,3.701609,0.18823969924932
296,"Kiribati",2003,24,5.179984,3.701609,0.19174275394256
296,"Kiribati",2003,25,5.161969,3.701609,0.19107590908121
296,"Kiribati",2003,26,5.071553,3.701609,0.18772906228777
296,"Kiribati",2003,27,4.992903,3.701609,0.18481774680927
296,"Kiribati",2003,28,4.937957,3.701609,0.18278386072813
296,"Kiribati",2003,29,4.872797,3.701609,0.18037189230373
296,"Kiribati",2003,30,4.78397,3.701609,0.1770838640773
296,"Kiribati",2003,31,4.663094,3.701609,0.17260950718246
296,"Kiribati",2003,32,4.510113,3.701609,0.16694674871817
296,"Kiribati",2003,33,4.350257,3.701609,0.16102950463513
296,"Kiribati",2003,34,4.176055,3.701609,0.15458122772495
296,"Kiribati",2003,35,3.943638,3.701609,0.14597805913542
296,"Kiribati",2003,36,3.619421,3.701609,0.13397681348389
296,"Kiribati",2003,37,3.259299,3.701609,0.12064650512091
296,"Kiribati",2003,38,2.87149,3.701609,0.1062913322741
296,"Kiribati",2003,39,2.451378,3.701609,0.09074042867202
296,"Kiribati",2003,40,1.985672,3.701609,0.07350181346248
296,"Kiribati",2003,41,1.561885,3.701609,0.05781487572965
296,"Kiribati",2003,42,1.168991,3.701609,0.04327147606519
296,"Kiribati",2003,43,0.833585,3.701609,0.03085605738265
296,"Kiribati",2003,44,0.562519,3.701609,0.02082225393071
296,"Kiribati",2003,45,0.362037,3.701609,0.01340119417533
296,"Kiribati",2003,46,0.222757,3.701609,0.00824559316013
296,"Kiribati",2003,47,0.132176,3.701609,0.00489263871184
296,"Kiribati",2003,48,0.080952,3.701609,0.00299652651768
296,"Kiribati",2003,49,0.04469,3.701609,0.0016542490621
296,"Kiribati",2003,50,0.018477,3.701609,0.00068394629493
296,"Kiribati",2003,51,0.00505,3.701609,0.0001869312545
296,"Kiribati",2003,52,0.002952,3.701609,0.00010927149768
296,"Kiribati",2003,53,0.002952,3.701609,0.00010927149768
296,"Kiribati",2003,54,0.001312,3.701609,4.856511008e-05
296,"Kiribati",2004,10,0.000251,3.734209,9.37286459e-06
296,"Kiribati",2004,11,0.003269,3.734209,0.00012207129221
296,"Kiribati",2004,12,0.012475,3.734209,0.00046584257275
296,"Kiribati",2004,13,0.037398,3.734209,0.00139651948182
296,"Kiribati",2004,14,0.097927,3.734209,0.00365679884743
296,"Kiribati",2004,15,0.223629,3.734209,0.00835077424461
296,"Kiribati",2004,16,0.50019,3.734209,0.0186781399971
296,"Kiribati",2004,17,1.022315,3.734209,0.03817537873835
296,"Kiribati",2004,18,1.783774,3.734209,0.06660984924766
296,"Kiribati",2004,19,2.645008,3.734209,0.09877012678672
296,"Kiribati",2004,20,3.534742,3.734209,0.13199465389078
296,"Kiribati",2004,21,4.254759,3.734209,0.15888159350631
296,"Kiribati",2004,22,4.767421,3.734209,0.17802546404989
296,"Kiribati",2004,23,5.085687,3.734209,0.18991018166583
296,"Kiribati",2004,24,5.224903,3.734209,0.19510879806727
296,"Kiribati",2004,25,5.238282,3.734209,0.19560839788938
296,"Kiribati",2004,26,5.160423,3.734209,0.19270098010407
296,"Kiribati",2004,27,5.075698,3.734209,0.18953717152882
296,"Kiribati",2004,28,4.998031,3.734209,0.18663692342479
296,"Kiribati",2004,29,4.902976,3.734209,0.18308737105984
296,"Kiribati",2004,30,4.780546,3.734209,0.17851557898114
296,"Kiribati",2004,31,4.635727,3.734209,0.17310773484943
296,"Kiribati",2004,32,4.469418,3.734209,0.16689740920362
296,"Kiribati",2004,33,4.305499,3.734209,0.16077633115291
296,"Kiribati",2004,34,4.135298,3.734209,0.15442067009282
296,"Kiribati",2004,35,3.911511,3.734209,0.14606399579799
296,"Kiribati",2004,36,3.598075,3.734209,0.13435964047675
296,"Kiribati",2004,37,3.24897,3.734209,0.1213233301473
296,"Kiribati",2004,38,2.871458,3.734209,0.10722624306722
296,"Kiribati",2004,39,2.459152,3.734209,0.09182987530768
296,"Kiribati",2004,40,1.999487,3.734209,0.07466502350783
296,"Kiribati",2004,41,1.577386,3.734209,0.05890288997674
296,"Kiribati",2004,42,1.183325,3.734209,0.04418782864925
296,"Kiribati",2004,43,0.844063,3.734209,0.03151907651167
296,"Kiribati",2004,44,0.567151,3.734209,0.02117860368559
296,"Kiribati",2004,45,0.358564,3.734209,0.01338952915876
296,"Kiribati",2004,46,0.217171,3.734209,0.00810961902739
296,"Kiribati",2004,47,0.125528,3.734209,0.00468747787352
296,"Kiribati",2004,48,0.0744,3.734209,0.002778251496
296,"Kiribati",2004,49,0.039815,3.734209,0.00148677531335
296,"Kiribati",2004,50,0.016566,3.734209,0.00061860906294
296,"Kiribati",2004,51,0.004719,3.734209,0.00017621732271
296,"Kiribati",2004,52,0.002868,3.734209,0.00010709711412
296,"Kiribati",2004,53,0.002868,3.734209,0.00010709711412
296,"Kiribati",2004,54,0.001275,3.734209,4.761116475e-05
296,"Kiribati",2005,10,0.00027,3.759898,1.01517246e-05
296,"Kiribati",2005,11,0.003507,3.759898,0.00013185962286
296,"Kiribati",2005,12,0.013451,3.759898,0.00050574387998
296,"Kiribati",2005,13,0.040622,3.759898,0.00152734576556
296,"Kiribati",2005,14,0.105515,3.759898,0.0039672563747
296,"Kiribati",2005,15,0.237083,3.759898,0.00891407897534
296,"Kiribati",2005,16,0.52034,3.759898,0.0195642532532
296,"Kiribati",2005,17,1.031222,3.759898,0.03877289535356
296,"Kiribati",2005,18,1.762778,3.759898,0.06627865476644
296,"Kiribati",2005,19,2.589895,3.759898,0.0973774103071
296,"Kiribati",2005,20,3.449786,3.759898,0.12970843481828
296,"Kiribati",2005,21,4.172567,3.759898,0.15688426318166
296,"Kiribati",2005,22,4.720784,3.759898,0.17749666320032
296,"Kiribati",2005,23,5.084243,3.759898,0.19116235087214
296,"Kiribati",2005,24,5.269327,3.759898,0.19812132048646
296,"Kiribati",2005,25,5.313931,3.759898,0.19979838539038
296,"Kiribati",2005,26,5.246979,3.759898,0.19728105848142
296,"Kiribati",2005,27,5.153746,3.759898,0.19377559277908
296,"Kiribati",2005,28,5.050509,3.759898,0.18989398688082
296,"Kiribati",2005,29,4.92323,3.759898,0.1851084263054
296,"Kiribati",2005,30,4.765806,3.759898,0.17918944447788
296,"Kiribati",2005,31,4.597546,3.759898,0.17286304010308
296,"Kiribati",2005,32,4.420221,3.759898,0.16619580097458
296,"Kiribati",2005,33,4.255162,3.759898,0.15998975093476
296,"Kiribati",2005,34,4.092245,3.759898,0.1538642379101
296,"Kiribati",2005,35,3.880604,3.759898,0.14590675218392
296,"Kiribati",2005,36,3.582035,3.759898,0.1346808623243
296,"Kiribati",2005,37,3.247548,3.759898,0.12210449230104
296,"Kiribati",2005,38,2.883259,3.759898,0.10840759747582
296,"Kiribati",2005,39,2.480963,3.759898,0.09328167821774
296,"Kiribati",2005,40,2.029465,3.759898,0.0763058139457
296,"Kiribati",2005,41,1.608557,3.759898,0.06048010247186
296,"Kiribati",2005,42,1.211223,3.759898,0.04554074935254
296,"Kiribati",2005,43,0.865017,3.759898,0.03252375688266
296,"Kiribati",2005,44,0.57857,3.759898,0.0217536418586
296,"Kiribati",2005,45,0.356901,3.759898,0.01341911356098
296,"Kiribati",2005,46,0.211652,3.759898,0.00795789931496
296,"Kiribati",2005,47,0.11787,3.759898,0.0044317917726
296,"Kiribati",2005,48,0.066471,3.759898,0.00249924179958
296,"Kiribati",2005,49,0.033793,3.759898,0.00127058233114
296,"Kiribati",2005,50,0.014184,3.759898,0.00053330393232
296,"Kiribati",2005,51,0.004335,3.759898,0.0001629915783
296,"Kiribati",2005,52,0.002822,3.759898,0.00010610432156
296,"Kiribati",2005,53,0.002772,3.759898,0.00010422437256
296,"Kiribati",2005,54,0.001193,3.759898,4.485558314e-05
296,"Kiribati",2006,10,0.000214,3.815367,8.16488538e-06
296,"Kiribati",2006,11,0.002785,3.815367,0.00010625797095
296,"Kiribati",2006,12,0.011851,3.815367,0.00045215914317
296,"Kiribati",2006,13,0.040918,3.815367,0.00156117186906
296,"Kiribati",2006,14,0.111343,3.815367,0.00424814407881
296,"Kiribati",2006,15,0.257276,3.815367,0.00981602360292
296,"Kiribati",2006,16,0.555765,3.815367,0.02120447440755
296,"Kiribati",2006,17,1.063855,3.815367,0.04058997259785
296,"Kiribati",2006,18,1.772052,3.815367,0.06761028723084
296,"Kiribati",2006,19,2.564546,3.815367,0.09784684178382
296,"Kiribati",2006,20,3.386686,3.815367,0.12921450003762
296,"Kiribati",2006,21,4.102189,3.815367,0.15651356538363
296,"Kiribati",2006,22,4.675034,3.815367,0.17836970447478
296,"Kiribati",2006,23,5.073461,3.815367,0.19357115675187
296,"Kiribati",2006,24,5.295465,3.815367,0.20204142410655
296,"Kiribati",2006,25,5.364702,3.815367,0.20468306975634
296,"Kiribati",2006,26,5.304575,3.815367,0.20238900404025
296,"Kiribati",2006,27,5.202156,3.815367,0.19848134331252
296,"Kiribati",2006,28,5.07587,3.815367,0.1936630689429
296,"Kiribati",2006,29,4.920431,3.815367,0.18773250063177
296,"Kiribati",2006,30,4.732839,3.815367,0.18057517736913
296,"Kiribati",2006,31,4.546868,3.815367,0.17347970120556
296,"Kiribati",2006,32,4.364697,3.815367,0.16652920898799
296,"Kiribati",2006,33,4.204947,3.815367,0.16043416020549
296,"Kiribati",2006,34,4.05556,3.815367,0.1547344979052
296,"Kiribati",2006,35,3.861055,3.815367,0.14731341832185
296,"Kiribati",2006,36,3.578998,3.815367,0.13655190862266
296,"Kiribati",2006,37,3.259279,3.815367,0.12435345540393
296,"Kiribati",2006,38,2.907001,3.815367,0.11091275684367
296,"Kiribati",2006,39,2.511809,3.815367,0.09583473168903
296,"Kiribati",2006,40,2.062736,3.815367,0.07870094864112
296,"Kiribati",2006,41,1.640146,3.815367,0.06257758923582
296,"Kiribati",2006,42,1.237991,3.815367,0.04723390007697
296,"Kiribati",2006,43,0.884243,3.815367,0.03373711562181
296,"Kiribati",2006,44,0.588444,3.815367,0.02245129818948
296,"Kiribati",2006,45,0.355493,3.815367,0.01356336260931
296,"Kiribati",2006,46,0.206745,3.815367,0.00788808050415
296,"Kiribati",2006,47,0.11097,3.815367,0.0042339127599
296,"Kiribati",2006,48,0.059143,3.815367,0.00225652250481
296,"Kiribati",2006,49,0.028093,3.815367,0.00107185105131
296,"Kiribati",2006,50,0.011725,3.815367,0.00044735178075
296,"Kiribati",2006,51,0.003875,3.815367,0.00014784547125
296,"Kiribati",2006,52,0.002824,3.815367,0.00010774596408
296,"Kiribati",2006,53,0.002494,3.815367,9.515525298e-05
296,"Kiribati",2006,54,0.000852,3.815367,3.250692684e-05
296,"Kiribati",2007,10,0.000143,3.864681,5.52649383e-06
296,"Kiribati",2007,11,0.001856,3.864681,7.172847936e-05
296,"Kiribati",2007,12,0.009575,3.864681,0.00037004320575
296,"Kiribati",2007,13,0.039666,3.864681,0.00153296436546
296,"Kiribati",2007,14,0.114182,3.864681,0.00441277005942
296,"Kiribati",2007,15,0.274625,3.864681,0.01061338019625
296,"Kiribati",2007,16,0.588726,3.864681,0.02275238186406
296,"Kiribati",2007,17,1.103326,3.864681,0.04264003029006
296,"Kiribati",2007,18,1.806108,3.864681,0.06980031271548
296,"Kiribati",2007,19,2.581779,3.864681,0.09977752247499
296,"Kiribati",2007,20,3.379534,3.864681,0.13060820838654
296,"Kiribati",2007,21,4.084464,3.864681,0.15785150415984
296,"Kiribati",2007,22,4.66236,3.864681,0.1801853410716
296,"Kiribati",2007,23,5.072092,3.864681,0.19602017582652
296,"Kiribati",2007,24,5.307733,3.864681,0.20512694878173
296,"Kiribati",2007,25,5.385697,3.864681,0.20814000867657
296,"Kiribati",2007,26,5.326389,3.864681,0.20584794366909
296,"Kiribati",2007,27,5.217903,3.864681,0.20165530583943
296,"Kiribati",2007,28,5.079595,3.864681,0.19631014284195
296,"Kiribati",2007,29,4.909868,3.864681,0.18975073572108
296,"Kiribati",2007,30,4.707003,3.864681,0.18191065061043
296,"Kiribati",2007,31,4.512474,3.864681,0.17439272530794
296,"Kiribati",2007,32,4.32854,3.864681,0.1672842629574
296,"Kiribati",2007,33,4.172498,3.864681,0.16125373743138
296,"Kiribati",2007,34,4.031153,3.864681,0.15579120407193
296,"Kiribati",2007,35,3.846334,3.864681,0.14864853929454
296,"Kiribati",2007,36,3.57258,3.864681,0.1380688204698
296,"Kiribati",2007,37,3.260031,3.864681,0.12598979865111
296,"Kiribati",2007,38,2.913308,3.864681,0.11259006074748
296,"Kiribati",2007,39,2.520681,3.864681,0.09741627967761
296,"Kiribati",2007,40,2.070783,3.864681,0.08002915715223
296,"Kiribati",2007,41,1.646993,3.864681,0.06365102554233
296,"Kiribati",2007,42,1.243014,3.864681,0.04803852588534
296,"Kiribati",2007,43,0.886545,3.864681,0.03426213617145
296,"Kiribati",2007,44,0.58742,3.864681,0.0227019091302
296,"Kiribati",2007,45,0.350732,3.864681,0.01355467296492
296,"Kiribati",2007,46,0.201471,3.864681,0.00778621145751
296,"Kiribati",2007,47,0.10555,3.864681,0.0040791707955
296,"Kiribati",2007,48,0.053981,3.864681,0.00208619345061
296,"Kiribati",2007,49,0.024236,3.864681,0.00093664408716
296,"Kiribati",2007,50,0.009989,3.864681,0.00038604298509
296,"Kiribati",2007,51,0.003487,3.864681,0.00013476142647
296,"Kiribati",2007,52,0.002736,3.864681,0.00010573767216
296,"Kiribati",2007,53,0.002236,3.864681,8.641426716e-05
296,"Kiribati",2007,54,0.000605,3.864681,2.338132005e-05
296,"Kiribati",2008,10,8e-05,3.899135,3.119308e-06
296,"Kiribati",2008,11,0.001046,3.899135,4.07849521e-05
296,"Kiribati",2008,12,0.007623,3.899135,0.00029723106105
296,"Kiribati",2008,13,0.03883,3.899135,0.0015140341205
296,"Kiribati",2008,14,0.117359,3.899135,0.00457598584465
296,"Kiribati",2008,15,0.292548,3.899135,0.0114068414598
296,"Kiribati",2008,16,0.622325,3.899135,0.02426529188875
296,"Kiribati",2008,17,1.143304,3.899135,0.0445789664204
296,"Kiribati",2008,18,1.840353,3.899135,0.07175784794655
296,"Kiribati",2008,19,2.598874,3.899135,0.1013336057399
296,"Kiribati",2008,20,3.371996,3.899135,0.1314786762346
296,"Kiribati",2008,21,4.066136,3.899135,0.1585441319236
296,"Kiribati",2008,22,4.648913,3.899135,0.18126739390255
296,"Kiribati",2008,23,5.069807,3.899135,0.19767861916945
296,"Kiribati",2008,24,5.318978,3.899135,0.2073941328403
296,"Kiribati",2008,25,5.405655,3.899135,0.21077378608425
296,"Kiribati",2008,26,5.347244,3.899135,0.2084962623394
296,"Kiribati",2008,27,5.232879,3.899135,0.20403701659665
296,"Kiribati",2008,28,5.082832,3.899135,0.1981864815032
296,"Kiribati",2008,29,4.899138,3.899135,0.1910240044563
296,"Kiribati",2008,30,4.681298,3.899135,0.1825301287723
296,"Kiribati",2008,31,4.478426,3.899135,0.1746198756151
296,"Kiribati",2008,32,4.292836,3.899135,0.1673834709686
296,"Kiribati",2008,33,4.140624,3.899135,0.1614485196024
296,"Kiribati",2008,34,4.00745,3.899135,0.1562558855575
296,"Kiribati",2008,35,3.83238,3.899135,0.149429669913
296,"Kiribati",2008,36,3.566751,3.899135,0.13907243660385
296,"Kiribati",2008,37,3.261135,3.899135,0.12715605618225
296,"Kiribati",2008,38,2.919689,3.899135,0.11384261569015
296,"Kiribati",2008,39,2.529321,3.899135,0.09862164037335
296,"Kiribati",2008,40,2.078121,3.899135,0.08102874325335
296,"Kiribati",2008,41,1.653048,3.899135,0.0644545731348
296,"Kiribati",2008,42,1.247356,3.899135,0.0486360943706
296,"Kiribati",2008,43,0.888412,3.899135,0.0346403832362
296,"Kiribati",2008,44,0.586304,3.899135,0.0228607844704
296,"Kiribati",2008,45,0.34644,3.899135,0.013508163294
296,"Kiribati",2008,46,0.196796,3.899135,0.0076733417146
296,"Kiribati",2008,47,0.100768,3.899135,0.0039290803568
296,"Kiribati",2008,48,0.049392,3.899135,0.0019258607592
296,"Kiribati",2008,49,0.020815,3.899135,0.00081160495025
296,"Kiribati",2008,50,0.008478,3.899135,0.0003305686653
296,"Kiribati",2008,51,0.003099,3.899135,0.00012083419365
296,"Kiribati",2008,52,0.002479,3.899135,9.665955665e-05
296,"Kiribati",2008,53,0.002065,3.899135,8.051713775e-05
296,"Kiribati",2008,54,0.000596,3.899135,2.32388446e-05
296,"Kiribati",2009,10,7.3e-05,3.905211,2.85080403e-06
296,"Kiribati",2009,11,0.000955,3.905211,3.729476505e-05
296,"Kiribati",2009,12,0.007348,3.905211,0.00028695490428
296,"Kiribati",2009,13,0.038336,3.905211,0.00149710168896
296,"Kiribati",2009,14,0.116565,3.905211,0.00455210920215
296,"Kiribati",2009,15,0.290974,3.905211,0.01136314865514
296,"Kiribati",2009,16,0.62134,3.905211,0.0242646380274
296,"Kiribati",2009,17,1.152279,3.905211,0.04499892625869
296,"Kiribati",2009,18,1.868492,3.905211,0.07296855511812
296,"Kiribati",2009,19,2.646628,3.905211,0.10335640778508
296,"Kiribati",2009,20,3.435069,3.905211,0.13414669244559
296,"Kiribati",2009,21,4.125563,3.905211,0.16111194008793
296,"Kiribati",2009,22,4.686238,3.905211,0.18300748186218
296,"Kiribati",2009,23,5.081376,3.905211,0.19843845450336
296,"Kiribati",2009,24,5.306308,3.905211,0.20722252370988
296,"Kiribati",2009,25,5.377532,3.905211,0.21000397119252
296,"Kiribati",2009,26,5.315078,3.905211,0.20756501071458
296,"Kiribati",2009,27,5.205016,3.905211,0.20326685738376
296,"Kiribati",2009,28,5.066059,3.905211,0.19784029333449
296,"Kiribati",2009,29,4.89577,3.905211,0.1911901485747
296,"Kiribati",2009,30,4.692575,3.905211,0.18325495508325
296,"Kiribati",2009,31,4.49715,3.905211,0.1756231964865
296,"Kiribati",2009,32,4.311855,3.905211,0.16838703576405
296,"Kiribati",2009,33,4.152896,3.905211,0.16217935141056
296,"Kiribati",2009,34,4.007501,3.905211,0.15650136987711
296,"Kiribati",2009,35,3.819526,3.905211,0.14916054949986
296,"Kiribati",2009,36,3.545873,3.905211,0.13847382244203
296,"Kiribati",2009,37,3.234752,3.905211,0.12632389092672
296,"Kiribati",2009,38,2.890553,3.905211,0.11288219371683
296,"Kiribati",2009,39,2.501518,3.905211,0.09768955610298
296,"Kiribati",2009,40,2.057539,3.905211,0.08035123935729
296,"Kiribati",2009,41,1.636909,3.905211,0.06392475032799
296,"Kiribati",2009,42,1.234971,3.905211,0.04822822333881
296,"Kiribati",2009,43,0.879532,3.905211,0.03434758041252
296,"Kiribati",2009,44,0.58062,3.905211,0.0226744361082
296,"Kiribati",2009,45,0.341523,3.905211,0.01333719376353
296,"Kiribati",2009,46,0.193692,3.905211,0.00756408129012
296,"Kiribati",2009,47,0.098876,3.905211,0.00386131642836
296,"Kiribati",2009,48,0.048306,3.905211,0.00188645122566
296,"Kiribati",2009,49,0.020282,3.905211,0.00079205489502
296,"Kiribati",2009,50,0.008311,3.905211,0.00032456208621
296,"Kiribati",2009,51,0.003081,3.905211,0.00012031955091
296,"Kiribati",2009,52,0.002477,3.905211,9.673207647e-05
296,"Kiribati",2009,53,0.002075,3.905211,8.103312825e-05
296,"Kiribati",2009,54,0.000609,3.905211,2.378273499e-05
296,"Kiribati",2010,10,7e-05,3.898225,2.7287575e-06
296,"Kiribati",2010,11,0.000916,3.898225,3.5707741e-05
296,"Kiribati",2010,12,0.007233,3.898225,0.00028195861425
296,"Kiribati",2010,13,0.038145,3.898225,0.00148697792625
296,"Kiribati",2010,14,0.116257,3.898225,0.00453195943825
296,"Kiribati",2010,15,0.28981,3.898225,0.0112974458725
296,"Kiribati",2010,16,0.620758,3.898225,0.0241985435455
296,"Kiribati",2010,17,1.161471,3.898225,0.04527675288975
296,"Kiribati",2010,18,1.896515,3.898225,0.07393042185875
296,"Kiribati",2010,19,2.694015,3.898225,0.10501876623375
296,"Kiribati",2010,20,3.497677,3.898225,0.13634731923325
296,"Kiribati",2010,21,4.184534,3.898225,0.1631225505215
296,"Kiribati",2010,22,4.723212,3.898225,0.184121430987
296,"Kiribati",2010,23,5.09269,3.898225,0.1985245147525
296,"Kiribati",2010,24,5.293442,3.898225,0.2063502794045
296,"Kiribati",2010,25,5.349235,3.898225,0.20852521607875
296,"Kiribati",2010,26,5.282704,3.898225,0.205931688004
296,"Kiribati",2010,27,5.176885,3.898225,0.20180662529125
296,"Kiribati",2010,28,5.04894,3.898225,0.196819041315
296,"Kiribati",2010,29,4.892006,3.898225,0.1907014008935
296,"Kiribati",2010,30,4.703432,3.898225,0.183350362082
296,"Kiribati",2010,31,4.515471,3.898225,0.17602321938975
296,"Kiribati",2010,32,4.330517,3.898225,0.16881329632325
296,"Kiribati",2010,33,4.164906,3.898225,0.1623574069185
296,"Kiribati",2010,34,4.007425,3.898225,0.15621844320625
296,"Kiribati",2010,35,3.806684,3.898225,0.148393107359
296,"Kiribati",2010,36,3.525083,3.898225,0.13741566677675
296,"Kiribati",2010,37,3.208495,3.898225,0.12507435421375
296,"Kiribati",2010,38,2.861546,3.898225,0.1115495015585
296,"Kiribati",2010,39,2.473825,3.898225,0.09643526460625
296,"Kiribati",2010,40,2.036964,3.898225,0.079405439889
296,"Kiribati",2010,41,1.62079,3.898225,0.0631820409775
296,"Kiribati",2010,42,1.222661,3.898225,0.04766207676725
296,"Kiribati",2010,43,0.870811,3.898225,0.03394617210475
296,"Kiribati",2010,44,0.5752,3.898225,0.0224225902
296,"Kiribati",2010,45,0.337086,3.898225,0.0131403707235
296,"Kiribati",2010,46,0.191051,3.898225,0.00744759784475
296,"Kiribati",2010,47,0.097412,3.898225,0.003797338937
296,"Kiribati",2010,48,0.047584,3.898225,0.001854931384
296,"Kiribati",2010,49,0.02,3.898225,0.000779645
296,"Kiribati",2010,50,0.00825,3.898225,0.0003216035625
296,"Kiribati",2010,51,0.003086,3.898225,0.0001202992235
296,"Kiribati",2010,52,0.00249,3.898225,9.70658025e-05
296,"Kiribati",2010,53,0.002093,3.898225,8.158984925e-05
296,"Kiribati",2010,54,0.000621,3.898225,2.420797725e-05
296,"Kiribati",2011,10,4.4e-05,3.878043,1.70633892e-06
296,"Kiribati",2011,11,0.000578,3.878043,2.241508854e-05
296,"Kiribati",2011,12,0.006458,3.878043,0.00025044401694
296,"Kiribati",2011,13,0.038079,3.878043,0.00147671999397
296,"Kiribati",2011,14,0.118165,3.878043,0.00458248951095
296,"Kiribati",2011,15,0.297697,3.878043,0.01154481766971
296,"Kiribati",2011,16,0.636359,3.878043,0.02467827565437
296,"Kiribati",2011,17,1.191742,3.878043,0.04621626720906
296,"Kiribati",2011,18,1.947096,3.878043,0.07550922013128
296,"Kiribati",2011,19,2.760761,3.878043,0.10706349870723
296,"Kiribati",2011,20,3.572365,3.878043,0.13853785081695
296,"Kiribati",2011,21,4.249247,3.878043,0.16478762583621
296,"Kiribati",2011,22,4.76145,3.878043,0.1846510784235
296,"Kiribati",2011,23,5.102584,3.878043,0.19788040163112
296,"Kiribati",2011,24,5.277979,3.878043,0.20468229515097
296,"Kiribati",2011,25,5.317556,3.878043,0.20621710822908
296,"Kiribati",2011,26,5.245921,3.878043,0.20343907212603
296,"Kiribati",2011,27,5.142301,3.878043,0.19942064396943
296,"Kiribati",2011,28,5.022341,3.878043,0.19476854358663
296,"Kiribati",2011,29,4.875733,3.878043,0.18908302230519
296,"Kiribati",2011,30,4.699217,3.878043,0.18223765592331
296,"Kiribati",2011,31,4.517548,3.878043,0.17519245398564
296,"Kiribati",2011,32,4.333145,3.878043,0.16804122635235
296,"Kiribati",2011,33,4.161407,3.878043,0.16138115286501
296,"Kiribati",2011,34,3.992662,3.878043,0.15483714920466
296,"Kiribati",2011,35,3.780922,3.878043,0.14662578095646
296,"Kiribati",2011,36,3.494811,3.878043,0.13553027334873
296,"Kiribati",2011,37,3.17636,3.878043,0.1231806066348
296,"Kiribati",2011,38,2.830188,3.878043,0.10975590762084
296,"Kiribati",2011,39,2.44728,3.878043,0.0949065707304
296,"Kiribati",2011,40,2.02159,3.878043,0.0783981294837
296,"Kiribati",2011,41,1.61163,3.878043,0.0624997044009
296,"Kiribati",2011,42,1.217633,3.878043,0.04722033132219
296,"Kiribati",2011,43,0.868721,3.878043,0.03368937393003
296,"Kiribati",2011,44,0.575035,3.878043,0.02230010456505
296,"Kiribati",2011,45,0.335555,3.878043,0.01301296718865
296,"Kiribati",2011,46,0.190361,3.878043,0.00738228143523
296,"Kiribati",2011,47,0.097143,3.878043,0.00376724731149
296,"Kiribati",2011,48,0.047533,3.878043,0.00184335017919
296,"Kiribati",2011,49,0.020045,3.878043,0.00077735371935
296,"Kiribati",2011,50,0.008343,3.878043,0.00032354512749
296,"Kiribati",2011,51,0.003111,3.878043,0.00012064591773
296,"Kiribati",2011,52,0.002468,3.878043,9.571010124e-05
296,"Kiribati",2011,53,0.002139,3.878043,8.295133977e-05
296,"Kiribati",2011,54,0.000695,3.878043,2.695239885e-05
296,"Kiribati",2012,10,5.5e-05,3.768373,2.07260515e-06
296,"Kiribati",2012,11,0.000715,3.768373,2.694386695e-05
296,"Kiribati",2012,12,0.006992,3.768373,0.00026348464016
296,"Kiribati",2012,13,0.039723,3.768373,0.00149691080679
296,"Kiribati",2012,14,0.12172,3.768373,0.0045868636156
296,"Kiribati",2012,15,0.306958,3.768373,0.01156732239334
296,"Kiribati",2012,16,0.651691,3.768373,0.02455814768743
296,"Kiribati",2012,17,1.210551,3.768373,0.04561807703523
296,"Kiribati",2012,18,1.965925,3.768373,0.07408338690025
296,"Kiribati",2012,19,2.776315,3.768373,0.10462190485495
296,"Kiribati",2012,20,3.582521,3.768373,0.13500275408333
296,"Kiribati",2012,21,4.258988,3.768373,0.16049455386524
296,"Kiribati",2012,22,4.776339,3.768373,0.17999026926447
296,"Kiribati",2012,23,5.125377,3.768373,0.19314332301621
296,"Kiribati",2012,24,5.3098,3.768373,0.200093069554
296,"Kiribati",2012,25,5.355533,3.768373,0.20181645957809
296,"Kiribati",2012,26,5.285362,3.768373,0.19917215456026
296,"Kiribati",2012,27,5.178599,3.768373,0.19514892649427
296,"Kiribati",2012,28,5.051233,3.768373,0.19034930053909
296,"Kiribati",2012,29,4.894762,3.768373,0.18445288962226
296,"Kiribati",2012,30,4.706062,3.768373,0.17734196977126
296,"Kiribati",2012,31,4.513299,3.768373,0.17007794092527
296,"Kiribati",2012,32,4.319114,3.768373,0.16276032581522
296,"Kiribati",2012,33,4.141288,3.768373,0.15605917884424
296,"Kiribati",2012,34,3.969893,3.768373,0.14960037594089
296,"Kiribati",2012,35,3.756947,3.768373,0.14157577637231
296,"Kiribati",2012,36,3.467384,3.768373,0.13066396246232
296,"Kiribati",2012,37,3.145884,3.768373,0.11854864326732
296,"Kiribati",2012,38,2.797187,3.768373,0.10540843966751
296,"Kiribati",2012,39,2.411767,3.768373,0.09088437645091
296,"Kiribati",2012,40,1.981157,3.768373,0.07465738547561
296,"Kiribati",2012,41,1.573574,3.768373,0.05929813775102
296,"Kiribati",2012,42,1.185807,3.768373,0.04468563082011
296,"Kiribati",2012,43,0.845051,3.768373,0.03184467372023
296,"Kiribati",2012,44,0.56053,3.768373,0.0211228611769
296,"Kiribati",2012,45,0.334399,3.768373,0.01260140162827
296,"Kiribati",2012,46,0.193116,3.768373,0.00727733120268
296,"Kiribati",2012,47,0.102173,3.768373,0.00385025974529
296,"Kiribati",2012,48,0.053014,3.768373,0.00199776526222
296,"Kiribati",2012,49,0.024267,3.768373,0.00091447107591
296,"Kiribati",2012,50,0.010076,3.768373,0.00037970126348
296,"Kiribati",2012,51,0.003405,3.768373,0.00012831310065
296,"Kiribati",2012,52,0.002552,3.768373,9.616887896e-05
296,"Kiribati",2012,53,0.002195,3.768373,8.271578735e-05
296,"Kiribati",2012,54,0.000698,3.768373,2.630324354e-05
296,"Kiribati",2013,10,7.2e-05,3.643468,2.62329696e-06
296,"Kiribati",2013,11,0.000933,3.643468,3.399355644e-05
296,"Kiribati",2013,12,0.007767,3.643468,0.00028298815956
296,"Kiribati",2013,13,0.041802,3.643468,0.00152304249336
296,"Kiribati",2013,14,0.126001,3.643468,0.00459080611468
296,"Kiribati",2013,15,0.316617,3.643468,0.01153583907756
296,"Kiribati",2013,16,0.667372,3.643468,0.02431548526096
296,"Kiribati",2013,17,1.229232,3.643468,0.04478667456576
296,"Kiribati",2013,18,1.983742,3.643468,0.07227700497256
296,"Kiribati",2013,19,2.790006,3.643468,0.10165297580808
296,"Kiribati",2013,20,3.590195,3.643468,0.1308076059626
296,"Kiribati",2013,21,4.266258,3.643468,0.15543974502744
296,"Kiribati",2013,22,4.789348,3.643468,0.17449836178864
296,"Kiribati",2013,23,5.146823,3.643468,0.18752284902164
296,"Kiribati",2013,24,5.340589,3.643468,0.19458265122652
296,"Kiribati",2013,25,5.392538,3.643468,0.19647539641784
296,"Kiribati",2013,26,5.323658,3.643468,0.19396577565944
296,"Kiribati",2013,27,5.213731,3.643468,0.18996062059108
296,"Kiribati",2013,28,5.079146,3.643468,0.18505705918328
296,"Kiribati",2013,29,4.913091,3.643468,0.17900689839588
296,"Kiribati",2013,30,4.712461,3.643468,0.17169700854748
296,"Kiribati",2013,31,4.509085,3.643468,0.1642870690678
296,"Kiribati",2013,32,4.30577,3.643468,0.1568793521036
296,"Kiribati",2013,33,4.122817,3.643468,0.15021351809356
296,"Kiribati",2013,34,3.949921,3.643468,0.14391410766028
296,"Kiribati",2013,35,3.736655,3.643468,0.1361438291954
296,"Kiribati",2013,36,3.443648,3.643468,0.12546821291264
296,"Kiribati",2013,37,3.118795,3.643468,0.1136322978106
296,"Kiribati",2013,38,2.767004,3.643468,0.10081490529872
296,"Kiribati",2013,39,2.378122,3.643468,0.08664611407096
296,"Kiribati",2013,40,1.940964,3.643468,0.07071840223152
296,"Kiribati",2013,41,1.534961,3.643468,0.05592581284748
296,"Kiribati",2013,42,1.153025,3.643468,0.042010096907
296,"Kiribati",2013,43,0.820283,3.643468,0.02988674861444
296,"Kiribati",2013,44,0.544992,3.643468,0.01985660912256
296,"Kiribati",2013,45,0.332433,3.643468,0.01211208997644
296,"Kiribati",2013,46,0.195415,3.643468,0.0071198829922
296,"Kiribati",2013,47,0.106985,3.643468,0.0038979642398
296,"Kiribati",2013,48,0.058376,3.643468,0.00212691087968
296,"Kiribati",2013,49,0.028424,3.643468,0.00103561934432
296,"Kiribati",2013,50,0.011721,3.643468,0.00042705088428
296,"Kiribati",2013,51,0.00368,3.643468,0.0001340796224
296,"Kiribati",2013,52,0.002642,3.643468,9.626042456e-05
296,"Kiribati",2013,53,0.00223,3.643468,8.12493364e-05
296,"Kiribati",2013,54,0.000671,3.643468,2.444767028e-05
296,"Kiribati",2014,10,7.8e-05,3.520546,2.74602588e-06
296,"Kiribati",2014,11,0.00101,3.520546,3.55575146e-05
296,"Kiribati",2014,12,0.00818,3.520546,0.0002879806628
296,"Kiribati",2014,13,0.043571,3.520546,0.00153393709766
296,"Kiribati",2014,14,0.130381,3.520546,0.00459012308026
296,"Kiribati",2014,15,0.329387,3.520546,0.01159622085302
296,"Kiribati",2014,16,0.689298,3.520546,0.02426705316708
296,"Kiribati",2014,17,1.256831,3.520546,0.04424731349726
296,"Kiribati",2014,18,2.01198,3.520546,0.0708326814108
296,"Kiribati",2014,19,2.812784,3.520546,0.09902535460064
296,"Kiribati",2014,20,3.602864,3.520546,0.12684048443744
296,"Kiribati",2014,21,4.274369,3.520546,0.15048112685474
296,"Kiribati",2014,22,4.79964,3.520546,0.1689735340344
296,"Kiribati",2014,23,5.163367,3.520546,0.18177871038382
296,"Kiribati",2014,24,5.365812,3.520546,0.18890587973352
296,"Kiribati",2014,25,5.424738,3.520546,0.19098039666948
296,"Kiribati",2014,26,5.359115,3.520546,0.1886701087679
296,"Kiribati",2014,27,5.248876,3.520546,0.18478909406296
296,"Kiribati",2014,28,5.110481,3.520546,0.17991683442626
296,"Kiribati",2014,29,4.937727,3.520546,0.17383495038942
296,"Kiribati",2014,30,4.726995,3.520546,0.1664160333927
296,"Kiribati",2014,31,4.513585,3.520546,0.1589028361741
296,"Kiribati",2014,32,4.300441,3.520546,0.15139900360786
296,"Kiribati",2014,33,4.111594,3.520546,0.14475055810324
296,"Kiribati",2014,34,3.936366,3.520546,0.13858157575836
296,"Kiribati",2014,35,3.721324,3.520546,0.13101092322904
296,"Kiribati",2014,36,3.421499,3.520546,0.12045544618454
296,"Kiribati",2014,37,3.089839,3.520546,0.10877920332094
296,"Kiribati",2014,38,2.731631,3.520546,0.09616832590526
296,"Kiribati",2014,39,2.335885,3.520546,0.0822359059321
296,"Kiribati",2014,40,1.887651,3.520546,0.06645562177446
296,"Kiribati",2014,41,1.482284,3.520546,0.05218449007064
296,"Kiribati",2014,42,1.107227,3.520546,0.03898043585942
296,"Kiribati",2014,43,0.784786,3.520546,0.02762875213156
296,"Kiribati",2014,44,0.521857,3.520546,0.01837221573922
296,"Kiribati",2014,45,0.32732,3.520546,0.0115234511672
296,"Kiribati",2014,46,0.19664,3.520546,0.0069228016544
296,"Kiribati",2014,47,0.112023,3.520546,0.00394382124558
296,"Kiribati",2014,48,0.064427,3.520546,0.00226818217142
296,"Kiribati",2014,49,0.03321,3.520546,0.0011691733266
296,"Kiribati",2014,50,0.0135,3.520546,0.00047527371
296,"Kiribati",2014,51,0.003935,3.520546,0.0001385334851
296,"Kiribati",2014,52,0.002714,3.520546,9.554761844e-05
296,"Kiribati",2014,53,0.0022,3.520546,7.7452012e-05
296,"Kiribati",2014,54,0.000578,3.520546,2.034875588e-05
296,"Kiribati",2015,10,9.2e-05,3.437717,3.16269964e-06
296,"Kiribati",2015,11,0.001197,3.437717,4.114947249e-05
296,"Kiribati",2015,12,0.008879,3.437717,0.00030523489243
296,"Kiribati",2015,13,0.045591,3.437717,0.00156728955747
296,"Kiribati",2015,14,0.134921,3.437717,0.00463820215357
296,"Kiribati",2015,15,0.338099,3.437717,0.01162288679983
296,"Kiribati",2015,16,0.703951,3.437717,0.02419984319867
296,"Kiribati",2015,17,1.274243,3.437717,0.04380486823231
296,"Kiribati",2015,18,2.028163,3.437717,0.06972250423871
296,"Kiribati",2015,19,2.824793,3.437717,0.09710838917581
296,"Kiribati",2015,20,3.609337,3.437717,0.12407879163629
296,"Kiribati",2015,21,4.281588,3.437717,0.14718887854596
296,"Kiribati",2015,22,4.814139,3.437717,0.16549647480663
296,"Kiribati",2015,23,5.18659,3.437717,0.1783002861503
296,"Kiribati",2015,24,5.397088,3.437717,0.18553661168096
296,"Kiribati",2015,25,5.459594,3.437717,0.18768539106898
296,"Kiribati",2015,26,5.391644,3.437717,0.18534946236748
296,"Kiribati",2015,27,5.275042,3.437717,0.18134101559114
296,"Kiribati",2015,28,5.127012,3.437717,0.17625216311604
296,"Kiribati",2015,29,4.943234,3.437717,0.16993439556778
296,"Kiribati",2015,30,4.720355,3.437717,0.16227244629535
296,"Kiribati",2015,31,4.498176,3.437717,0.15463456104192
296,"Kiribati",2015,32,4.279661,3.437717,0.14712263373937
296,"Kiribati",2015,33,4.08989,3.437717,0.1405988438113
296,"Kiribati",2015,34,3.917434,3.437717,0.13467029458178
296,"Kiribati",2015,35,3.706058,3.437717,0.12740378589586
296,"Kiribati",2015,36,3.406795,3.437717,0.11711597087015
296,"Kiribati",2015,37,3.075094,3.437717,0.10571302920398
296,"Kiribati",2015,38,2.71623,3.437717,0.0933763004691
296,"Kiribati",2015,39,2.318284,3.437717,0.07969604317628
296,"Kiribati",2015,40,1.864423,3.437717,0.06409358642291
296,"Kiribati",2015,41,1.458784,3.437717,0.05014886556128
296,"Kiribati",2015,42,1.086122,3.437717,0.03733780063474
296,"Kiribati",2015,43,0.76724,3.437717,0.0263755399108
296,"Kiribati",2015,44,0.508534,3.437717,0.01748195976878
296,"Kiribati",2015,45,0.320422,3.437717,0.01101520156574
296,"Kiribati",2015,46,0.192686,3.437717,0.00662399937862
296,"Kiribati",2015,47,0.110082,3.437717,0.00378430762794
296,"Kiribati",2015,48,0.063467,3.437717,0.00218181584839
296,"Kiribati",2015,49,0.032764,3.437717,0.00112633359788
296,"Kiribati",2015,50,0.013201,3.437717,0.00045381302117
296,"Kiribati",2015,51,0.003855,3.437717,0.00013252399035
296,"Kiribati",2015,52,0.002746,3.437717,9.439970882e-05
296,"Kiribati",2015,53,0.002085,3.437717,7.167639945e-05
296,"Kiribati",2015,54,0.000412,3.437717,1.416339404e-05
296,"Kiribati",2016,10,9.7e-05,3.375487,3.27422239e-06
296,"Kiribati",2016,11,0.001255,3.375487,4.236236185e-05
296,"Kiribati",2016,12,0.009207,3.375487,0.00031078108809
296,"Kiribati",2016,13,0.047049,3.375487,0.00158813287863
296,"Kiribati",2016,14,0.13878,3.375487,0.0046845008586
296,"Kiribati",2016,15,0.347663,3.375487,0.01173531936881
296,"Kiribati",2016,16,0.720869,3.375487,0.02433283938203
296,"Kiribati",2016,17,1.295366,3.375487,0.04372491093242
296,"Kiribati",2016,18,2.049135,3.375487,0.06916828553745
296,"Kiribati",2016,19,2.841064,3.375487,0.09589974598168
296,"Kiribati",2016,20,3.617849,3.375487,0.12212002267463
296,"Kiribati",2016,21,4.288131,3.375487,0.14474530444797
296,"Kiribati",2016,22,4.825188,3.375487,0.16287359366556
296,"Kiribati",2016,23,5.204533,3.375487,0.17567833482571
296,"Kiribati",2016,24,5.422468,3.375487,0.18303470241916
296,"Kiribati",2016,25,5.489311,3.375487,0.18529097919457
296,"Kiribati",2016,26,5.421098,3.375487,0.18298845824726
296,"Kiribati",2016,27,5.300977,3.375487,0.17893378950799
296,"Kiribati",2016,28,5.146619,3.375487,0.17372345528453
296,"Kiribati",2016,29,4.95471,3.375487,0.1672455919377
296,"Kiribati",2016,30,4.721817,3.375487,0.15938431899879
296,"Kiribati",2016,31,4.491687,3.375487,0.15161631076569
296,"Kiribati",2016,32,4.267332,3.375487,0.14404323690684
296,"Kiribati",2016,33,4.075633,3.375487,0.13757246208271
296,"Kiribati",2016,34,3.904532,3.375487,0.13179697007084
296,"Kiribati",2016,35,3.694955,3.375487,0.12472272568085
296,"Kiribati",2016,36,3.393608,3.375487,0.11455079687096
296,"Kiribati",2016,37,3.059356,3.375487,0.10326816406372
296,"Kiribati",2016,38,2.697605,3.375487,0.09105730608635
296,"Kiribati",2016,39,2.29544,3.375487,0.0774822787928
296,"Kiribati",2016,40,1.83369,3.375487,0.0618959675703
296,"Kiribati",2016,41,1.427305,3.375487,0.04817849472535
296,"Kiribati",2016,42,1.057616,3.375487,0.03569969058992
296,"Kiribati",2016,43,0.743549,3.375487,0.02509839983363
296,"Kiribati",2016,44,0.490794,3.375487,0.01656668766678
296,"Kiribati",2016,45,0.311482,3.375487,0.01051403441734
296,"Kiribati",2016,46,0.187774,3.375487,0.00633828695938
296,"Kiribati",2016,47,0.107882,3.375487,0.00364154288534
296,"Kiribati",2016,48,0.062536,3.375487,0.00211089455032
296,"Kiribati",2016,49,0.032429,3.375487,0.00109463667923
296,"Kiribati",2016,50,0.012925,3.375487,0.00043628169475
296,"Kiribati",2016,51,0.003731,3.375487,0.00012593941997
296,"Kiribati",2016,52,0.00267,3.375487,9.01255029e-05
296,"Kiribati",2016,53,0.001962,3.375487,6.622705494e-05
296,"Kiribati",2016,54,0.000322,3.375487,1.086906814e-05
296,"Kiribati",2017,10,0.000104,3.339421,3.47299784e-06
296,"Kiribati",2017,11,0.001356,3.339421,4.528254876e-05
296,"Kiribati",2017,12,0.009636,3.339421,0.00032178660756
296,"Kiribati",2017,13,0.048523,3.339421,0.00162038725183
296,"Kiribati",2017,14,0.142499,3.339421,0.00475864153079
296,"Kiribati",2017,15,0.353941,3.339421,0.01181958008161
296,"Kiribati",2017,16,0.731863,3.339421,0.02443998671323
296,"Kiribati",2017,17,1.307828,3.339421,0.04367388287588
296,"Kiribati",2017,18,2.059183,3.339421,0.06876478953043
296,"Kiribati",2017,19,2.846442,3.339421,0.09505468190082
296,"Kiribati",2017,20,3.617978,3.339421,0.12081951710738
296,"Kiribati",2017,21,4.289419,3.339421,0.14324175886399
296,"Kiribati",2017,22,4.834087,3.339421,0.16143051643627
296,"Kiribati",2017,23,5.221755,3.339421,0.17437638303855
296,"Kiribati",2017,24,5.446599,3.339421,0.18188487079179
296,"Kiribati",2017,25,5.515664,3.339421,0.18419124190544
296,"Kiribati",2017,26,5.443942,3.339421,0.18179614237582
296,"Kiribati",2017,27,5.316793,3.339421,0.17755010196853
296,"Kiribati",2017,28,5.152767,3.339421,0.17207258327907
296,"Kiribati",2017,29,4.950537,3.339421,0.16531927219077
296,"Kiribati",2017,30,4.707285,3.339421,0.15719606381985
296,"Kiribati",2017,31,4.471128,3.339421,0.14930978736888
296,"Kiribati",2017,32,4.245063,3.339421,0.14176052528523
296,"Kiribati",2017,33,4.055403,3.339421,0.13542697941663
296,"Kiribati",2017,34,3.889277,3.339421,0.12987933288617
296,"Kiribati",2017,35,3.685384,3.339421,0.12307048722664
296,"Kiribati",2017,36,3.38811,3.339421,0.1131432568431
296,"Kiribati",2017,37,3.057118,3.339421,0.10209004048678
296,"Kiribati",2017,38,2.697595,3.339421,0.09008405392495
296,"Kiribati",2017,39,2.295683,3.339421,0.07666252019543
296,"Kiribati",2017,40,1.831773,3.339421,0.06117061223433
296,"Kiribati",2017,41,1.424052,3.339421,0.04755509153892
296,"Kiribati",2017,42,1.053319,3.339421,0.03517475588299
296,"Kiribati",2017,43,0.737964,3.339421,0.02464372478844
296,"Kiribati",2017,44,0.483764,3.339421,0.01615491660644
296,"Kiribati",2017,45,0.3029,3.339421,0.010115106209
296,"Kiribati",2017,46,0.179687,3.339421,0.00600050541227
296,"Kiribati",2017,47,0.100496,3.339421,0.00335598452816
296,"Kiribati",2017,48,0.056106,3.339421,0.00187361554626
296,"Kiribati",2017,49,0.027921,3.339421,0.00093239973741
296,"Kiribati",2017,50,0.011091,3.339421,0.00037037518311
296,"Kiribati",2017,51,0.003334,3.339421,0.00011133629614
296,"Kiribati",2017,52,0.002439,3.339421,8.144847819e-05
296,"Kiribati",2017,53,0.001842,3.339421,6.151213482e-05
296,"Kiribati",2017,54,0.000355,3.339421,1.185494455e-05
296,"Kiribati",2018,10,0.000111,3.318445,3.68347395e-06
296,"Kiribati",2018,11,0.001449,3.318445,4.808426805e-05
296,"Kiribati",2018,12,0.00994,3.318445,0.000329853433
296,"Kiribati",2018,13,0.049222,3.318445,0.0016334049979
296,"Kiribati",2018,14,0.144055,3.318445,0.00478038594475
296,"Kiribati",2018,15,0.355392,3.318445,0.0117934880544
296,"Kiribati",2018,16,0.734766,3.318445,0.0243828055887
296,"Kiribati",2018,17,1.311722,3.318445,0.0435287731229
296,"Kiribati",2018,18,2.063267,3.318445,0.06846838059815
296,"Kiribati",2018,19,2.849448,3.318445,0.0945573646836
296,"Kiribati",2018,20,3.618822,3.318445,0.1200886177179
296,"Kiribati",2018,21,4.288281,3.318445,0.14230424643045
296,"Kiribati",2018,22,4.83148,3.318445,0.160330006486
296,"Kiribati",2018,23,5.218387,3.318445,0.17316930248215
296,"Kiribati",2018,24,5.443247,3.318445,0.18063115790915
296,"Kiribati",2018,25,5.513168,3.318445,0.1829514478376
296,"Kiribati",2018,26,5.443203,3.318445,0.18062969779335
296,"Kiribati",2018,27,5.318552,3.318445,0.1764932229164
296,"Kiribati",2018,28,5.157517,3.318445,0.17114936501065
296,"Kiribati",2018,29,4.957795,3.318445,0.16452170028775
296,"Kiribati",2018,30,4.716354,3.318445,0.1565096134953
296,"Kiribati",2018,31,4.480941,3.318445,0.14869756256745
296,"Kiribati",2018,32,4.254647,3.318445,0.14118812063915
296,"Kiribati",2018,33,4.064131,3.318445,0.13486595196295
296,"Kiribati",2018,34,3.896596,3.318445,0.1293063951322
296,"Kiribati",2018,35,3.690674,3.318445,0.1224729868193
296,"Kiribati",2018,36,3.390968,3.318445,0.1125274080476
296,"Kiribati",2018,37,3.057776,3.318445,0.1014706147832
296,"Kiribati",2018,38,2.696366,3.318445,0.0894774227087
296,"Kiribati",2018,39,2.292579,3.318445,0.07607797319655
296,"Kiribati",2018,40,1.826963,3.318445,0.06062676232535
296,"Kiribati",2018,41,1.417916,3.318445,0.0470527626062
296,"Kiribati",2018,42,1.046384,3.318445,0.0347236775288
296,"Kiribati",2018,43,0.730494,3.318445,0.0242410416183
296,"Kiribati",2018,44,0.476012,3.318445,0.0157961964134
296,"Kiribati",2018,45,0.294259,3.318445,0.00976482307255
296,"Kiribati",2018,46,0.172044,3.318445,0.0057091855158
296,"Kiribati",2018,47,0.093813,3.318445,0.00311313280785
296,"Kiribati",2018,48,0.050438,3.318445,0.0016737572891
296,"Kiribati",2018,49,0.024003,3.318445,0.00079652635335
296,"Kiribati",2018,50,0.009498,3.318445,0.0003151859061
296,"Kiribati",2018,51,0.002983,3.318445,9.898921435e-05
296,"Kiribati",2018,52,0.002231,3.318445,7.403450795e-05
296,"Kiribati",2018,53,0.00173,3.318445,5.74090985e-05
296,"Kiribati",2018,54,0.000379,3.318445,1.257690655e-05
296,"Kiribati",2019,10,0.000125,3.290096,4.11262e-06
296,"Kiribati",2019,11,0.001623,3.290096,5.339825808e-05
296,"Kiribati",2019,12,0.01047,3.290096,0.0003444730512
296,"Kiribati",2019,13,0.050208,3.290096,0.00165189139968
296,"Kiribati",2019,14,0.145898,3.290096,0.00480018426208
296,"Kiribati",2019,15,0.355569,3.290096,0.01169856144624
296,"Kiribati",2019,16,0.735115,3.290096,0.0241859892104
296,"Kiribati",2019,17,1.311927,3.290096,0.04316365774992
296,"Kiribati",2019,18,2.063012,3.290096,0.06787507529152
296,"Kiribati",2019,19,2.848906,3.290096,0.09373174234976
296,"Kiribati",2019,20,3.618386,3.290096,0.11904837305056
296,"Kiribati",2019,21,4.288468,3.290096,0.14109471412928
296,"Kiribati",2019,22,4.832753,3.290096,0.15900221314288
296,"Kiribati",2019,23,5.220544,3.290096,0.17176090932224
296,"Kiribati",2019,24,5.445928,3.290096,0.17917625929088
296,"Kiribati",2019,25,5.515939,3.290096,0.18147968840144
296,"Kiribati",2019,26,5.445782,3.290096,0.17917145575072
296,"Kiribati",2019,27,5.320948,3.290096,0.17506429731008
296,"Kiribati",2019,28,5.159773,3.290096,0.16976148508208
296,"Kiribati",2019,29,4.959782,3.290096,0.16318158919072
296,"Kiribati",2019,30,4.718132,3.290096,0.15523107220672
296,"Kiribati",2019,31,4.482677,3.290096,0.14748437666992
296,"Kiribati",2019,32,4.256609,3.290096,0.14004652244464
296,"Kiribati",2019,33,4.066004,3.290096,0.13377543496384
296,"Kiribati",2019,34,3.898057,3.290096,0.12824981743472
296,"Kiribati",2019,35,3.691549,3.290096,0.12145550598704
296,"Kiribati",2019,36,3.39205,3.290096,0.111601701368
296,"Kiribati",2019,37,3.059294,3.290096,0.10065370952224
296,"Kiribati",2019,38,2.698461,3.290096,0.08878195742256
296,"Kiribati",2019,39,2.295122,3.290096,0.07551171711712
296,"Kiribati",2019,40,1.830733,3.290096,0.06023287320368
296,"Kiribati",2019,41,1.42079,3.290096,0.0467453549584
296,"Kiribati",2019,42,1.047528,3.290096,0.03446467682688
296,"Kiribati",2019,43,0.729273,3.290096,0.02399378180208
296,"Kiribati",2019,44,0.472072,3.290096,0.01553162198912
296,"Kiribati",2019,45,0.285668,3.290096,0.00939875144128
296,"Kiribati",2019,46,0.163374,3.290096,0.00537516143904
296,"Kiribati",2019,47,0.085498,3.290096,0.00281296627808
296,"Kiribati",2019,48,0.04308,3.290096,0.0014173733568
296,"Kiribati",2019,49,0.018821,3.290096,0.00061922896816
296,"Kiribati",2019,50,0.007421,3.290096,0.00024415802416
296,"Kiribati",2019,51,0.002564,3.290096,8.435806144e-05
296,"Kiribati",2019,52,0.002003,3.290096,6.590062288e-05
296,"Kiribati",2019,53,0.001629,3.290096,5.359566384e-05
296,"Kiribati",2019,54,0.000434,3.290096,1.427901664e-05
296,"Kiribati",2020,10,0.000131,3.254181,4.26297711e-06
296,"Kiribati",2020,11,0.001708,3.254181,5.558141148e-05
296,"Kiribati",2020,12,0.010759,3.254181,0.00035011733379
296,"Kiribati",2020,13,0.050919,3.254181,0.00165699642339
296,"Kiribati",2020,14,0.147546,3.254181,0.00480141389826
296,"Kiribati",2020,15,0.35734,3.254181,0.0116284903854
296,"Kiribati",2020,16,0.738564,3.254181,0.02403420936084
296,"Kiribati",2020,17,1.316273,3.254181,0.04283390587413
296,"Kiribati",2020,18,2.067088,3.254181,0.06726678494928
296,"Kiribati",2020,19,2.85123,3.254181,0.0927841849263
296,"Kiribati",2020,20,3.617795,3.254181,0.11772959750895
296,"Kiribati",2020,21,4.285576,3.254181,0.13946039993256
296,"Kiribati",2020,22,4.828529,3.254181,0.15712907329749
296,"Kiribati",2020,23,5.215805,3.254181,0.16973173530705
296,"Kiribati",2020,24,5.441448,3.254181,0.17707456694088
296,"Kiribati",2020,25,5.512451,3.254181,0.17938513307631
296,"Kiribati",2020,26,5.444041,3.254181,0.17715894785421
296,"Kiribati",2020,27,5.321649,3.254181,0.17317609064469
296,"Kiribati",2020,28,5.163391,3.254181,0.16802608887771
296,"Kiribati",2020,29,4.965865,3.254181,0.16159823531565
296,"Kiribati",2020,30,4.726024,3.254181,0.15379337506344
296,"Kiribati",2020,31,4.491534,3.254181,0.14616264603654
296,"Kiribati",2020,32,4.265658,3.254181,0.13881223216098
296,"Kiribati",2020,33,4.074737,3.254181,0.13259931725397
296,"Kiribati",2020,34,3.905989,3.254181,0.12710795190009
296,"Kiribati",2020,35,3.698014,3.254181,0.12034006896534
296,"Kiribati",2020,36,3.396487,3.254181,0.11052783462147
296,"Kiribati",2020,37,3.061812,3.254181,0.09963690435972
296,"Kiribati",2020,38,2.699242,3.254181,0.08783822030802
296,"Kiribati",2020,39,2.294008,3.254181,0.07465117247448
296,"Kiribati",2020,40,1.827714,3.254181,0.05947712172234
296,"Kiribati",2020,41,1.416177,3.254181,0.04608496286037
296,"Kiribati",2020,42,1.041789,3.254181,0.03390169969809
296,"Kiribati",2020,43,0.722645,3.254181,0.02351617628745
296,"Kiribati",2020,44,0.464803,3.254181,0.01512553091343
296,"Kiribati",2020,45,0.27701,3.254181,0.0090144067881
296,"Kiribati",2020,46,0.155673,3.254181,0.00506588118813
296,"Kiribati",2020,47,0.078726,3.254181,0.00256188653406
296,"Kiribati",2020,48,0.037309,3.254181,0.00121410238929
296,"Kiribati",2020,49,0.014819,3.254181,0.00048223708239
296,"Kiribati",2020,50,0.005767,3.254181,0.00018766861827
296,"Kiribati",2020,51,0.002199,3.254181,7.155944019e-05
296,"Kiribati",2020,52,0.001787,3.254181,5.815221447e-05
296,"Kiribati",2020,53,0.001513,3.254181,4.923575853e-05
296,"Kiribati",2020,54,0.000459,3.254181,1.493669079e-05
296,"Kiribati",2021,10,0.000131,3.219212,4.21716772e-06
296,"Kiribati",2021,11,0.0017,3.219212,5.4726604e-05
296,"Kiribati",2021,12,0.010778,3.219212,0.00034696666936
296,"Kiribati",2021,13,0.051191,3.219212,0.00164794681492
296,"Kiribati",2021,14,0.148595,3.219212,0.0047835880714
296,"Kiribati",2021,15,0.359048,3.219212,0.01155851630176
296,"Kiribati",2021,16,0.742294,3.219212,0.02389601752328
296,"Kiribati",2021,17,1.321058,3.219212,0.04252765766296
296,"Kiribati",2021,18,2.071476,3.219212,0.06668520396912
296,"Kiribati",2021,19,2.853315,3.219212,0.0918542588778
296,"Kiribati",2021,20,3.616083,3.219212,0.11640937786596
296,"Kiribati",2021,21,4.281097,3.219212,0.13781758835564
296,"Kiribati",2021,22,4.822733,3.219212,0.15525399946396
296,"Kiribati",2021,23,5.209681,3.219212,0.16771067591372
296,"Kiribati",2021,24,5.435835,3.219212,0.1749910526202
296,"Kiribati",2021,25,5.507999,3.219212,0.17731416476788
296,"Kiribati",2021,26,5.441358,3.219212,0.17516884969896
296,"Kiribati",2021,27,5.321373,3.219212,0.17130627818076
296,"Kiribati",2021,28,5.165966,3.219212,0.16630339738792
296,"Kiribati",2021,29,4.970843,3.219212,0.16002197435716
296,"Kiribati",2021,30,4.732764,3.219212,0.15235770661968
296,"Kiribati",2021,31,4.499434,3.219212,0.14484631926008
296,"Kiribati",2021,32,4.274175,3.219212,0.137594754501
296,"Kiribati",2021,33,4.083508,3.219212,0.13145677955696
296,"Kiribati",2021,34,3.91461,3.219212,0.1260195948732
296,"Kiribati",2021,35,3.705773,3.219212,0.11929668910876
296,"Kiribati",2021,36,3.402635,3.219212,0.1095380342362
296,"Kiribati",2021,37,3.066324,3.219212,0.09871147016688
296,"Kiribati",2021,38,2.70216,3.219212,0.0869882589792
296,"Kiribati",2021,39,2.294977,3.219212,0.07388017498124
296,"Kiribati",2021,40,1.82651,3.219212,0.0587992291012
296,"Kiribati",2021,41,1.413076,3.219212,0.04548991216112
296,"Kiribati",2021,42,1.037219,3.219212,0.03339027851428
296,"Kiribati",2021,43,0.716822,3.219212,0.02307601984264
296,"Kiribati",2021,44,0.457979,3.219212,0.01474331492548
296,"Kiribati",2021,45,0.26839,3.219212,0.0086400430868
296,"Kiribati",2021,46,0.147904,3.219212,0.00476134331648
296,"Kiribati",2021,47,0.071822,3.219212,0.00231210244264
296,"Kiribati",2021,48,0.031388,3.219212,0.00101044626256
296,"Kiribati",2021,49,0.010696,3.219212,0.00034432691552
296,"Kiribati",2021,50,0.004044,3.219212,0.00013018493328
296,"Kiribati",2021,51,0.001814,3.219212,5.839650568e-05
296,"Kiribati",2021,52,0.001556,3.219212,5.009093872e-05
296,"Kiribati",2021,53,0.001385,3.219212,4.45860862e-05
296,"Kiribati",2021,54,0.000482,3.219212,1.551660184e-05
296,"Kiribati",2022,10,0.000133,3.181544,4.23145352e-06
296,"Kiribati",2022,11,0.001728,3.181544,5.497708032e-05
296,"Kiribati",2022,12,0.010913,3.181544,0.00034720189672
296,"Kiribati",2022,13,0.051716,3.181544,0.00164536729504
296,"Kiribati",2022,14,0.150071,3.181544,0.00477457489624
296,"Kiribati",2022,15,0.361335,3.181544,0.0114960320124
296,"Kiribati",2022,16,0.746671,3.181544,0.02375566640024
296,"Kiribati",2022,17,1.32616,3.181544,0.0421923639104
296,"Kiribati",2022,18,2.07546,3.181544,0.0660316731024
296,"Kiribati",2022,19,2.854239,3.181544,0.09080886965016
296,"Kiribati",2022,20,3.612571,3.181544,0.11493553589624
296,"Kiribati",2022,21,4.274603,3.181544,0.13599837527032
296,"Kiribati",2022,22,4.815121,3.181544,0.15319519326824
296,"Kiribati",2022,23,5.201984,3.181544,0.16550340983296
296,"Kiribati",2022,24,5.428838,3.181544,0.17272086965872
296,"Kiribati",2022,25,5.502229,3.181544,0.17505583661576
296,"Kiribati",2022,26,5.437265,3.181544,0.1729889783716
296,"Kiribati",2022,27,5.319559,3.181544,0.16924411019096
296,"Kiribati",2022,28,5.166878,3.181544,0.16438649699632
296,"Kiribati",2022,29,4.974123,3.181544,0.15825391185912
296,"Kiribati",2022,30,4.737841,3.181544,0.15073649606504
296,"Kiribati",2022,31,4.505935,3.181544,0.1433583046364
296,"Kiribati",2022,32,4.281738,3.181544,0.13622537843472
296,"Kiribati",2022,33,4.091973,3.181544,0.13018792146312
296,"Kiribati",2022,34,3.923709,3.181544,0.12483452826696
296,"Kiribati",2022,35,3.714757,3.181544,0.11818662844808
296,"Kiribati",2022,36,3.410408,3.181544,0.10850363109952
296,"Kiribati",2022,37,3.072677,3.181544,0.09775857073288
296,"Kiribati",2022,38,2.706953,3.181544,0.08612290075432
296,"Kiribati",2022,39,2.297678,3.181544,0.07310163654832
296,"Kiribati",2022,40,1.826547,3.181544,0.05811239648568
296,"Kiribati",2022,41,1.411039,3.181544,0.04489282664216
296,"Kiribati",2022,42,1.033623,3.181544,0.03288517053912
296,"Kiribati",2022,43,0.711968,3.181544,0.02265157518592
296,"Kiribati",2022,44,0.452181,3.181544,0.01438633747464
296,"Kiribati",2022,45,0.261121,3.181544,0.00830767950824
296,"Kiribati",2022,46,0.141388,3.181544,0.00449832143072
296,"Kiribati",2022,47,0.066046,3.181544,0.00210128255024
296,"Kiribati",2022,48,0.026415,3.181544,0.0008404048476
296,"Kiribati",2022,49,0.007222,3.181544,0.00022977110768
296,"Kiribati",2022,50,0.002575,3.181544,8.1924758e-05
296,"Kiribati",2022,51,0.001482,3.181544,4.715048208e-05
296,"Kiribati",2022,52,0.001356,3.181544,4.314173664e-05
296,"Kiribati",2022,53,0.001272,3.181544,4.046923968e-05
296,"Kiribati",2022,54,5e-04,3.181544,1.590772e-05
296,"Kiribati",2023,10,0.000145,3.147397,4.56372565e-06
296,"Kiribati",2023,11,0.001888,3.147397,5.942285536e-05
296,"Kiribati",2023,12,0.011394,3.147397,0.00035861441418
296,"Kiribati",2023,13,0.05259,3.147397,0.0016552160823
296,"Kiribati",2023,14,0.151619,3.147397,0.00477205185743
296,"Kiribati",2023,15,0.361624,3.147397,0.01138174292728
296,"Kiribati",2023,16,0.747018,3.147397,0.02351162212146
296,"Kiribati",2023,17,1.326215,3.147397,0.04174125112355
296,"Kiribati",2023,18,2.074895,3.147397,0.06530518298315
296,"Kiribati",2023,19,2.853246,3.147397,0.08980297900662
296,"Kiribati",2023,20,3.611548,3.147397,0.11366975340556
296,"Kiribati",2023,21,4.274047,3.147397,0.13452122705659
296,"Kiribati",2023,22,4.815472,3.147397,0.15156202126384
296,"Kiribati",2023,23,5.203094,3.147397,0.16376202446318
296,"Kiribati",2023,24,5.430416,3.147397,0.17091675027152
296,"Kiribati",2023,25,5.503923,3.147397,0.17323030738431
296,"Kiribati",2023,26,5.438833,3.147397,0.17118166667701
296,"Kiribati",2023,27,5.321001,3.147397,0.16747302584397
296,"Kiribati",2023,28,5.168231,3.147397,0.16266474744707
296,"Kiribati",2023,29,4.975313,3.147397,0.15659285210261
296,"Kiribati",2023,30,4.738919,3.147397,0.14915259443843
296,"Kiribati",2023,31,4.507052,3.147397,0.14185481943644
296,"Kiribati",2023,32,4.283111,3.147397,0.13480650712067
296,"Kiribati",2023,33,4.093419,3.147397,0.12883614680343
296,"Kiribati",2023,34,3.925031,3.147397,0.12353630794307
296,"Kiribati",2023,35,3.71581,3.147397,0.1169512924657
296,"Kiribati",2023,36,3.411656,3.147397,0.10737835859432
296,"Kiribati",2023,37,3.074238,3.147397,0.09675847458486
296,"Kiribati",2023,38,2.708885,3.147397,0.08525936522345
296,"Kiribati",2023,39,2.299856,3.147397,0.07238559874832
296,"Kiribati",2023,40,1.829449,3.147397,0.05758002294253
296,"Kiribati",2023,41,1.413239,3.147397,0.04448024188883
296,"Kiribati",2023,42,1.034561,3.147397,0.03256174187717
296,"Kiribati",2023,43,0.711235,3.147397,0.02238538905295
296,"Kiribati",2023,44,0.449557,3.147397,0.01414934353129
296,"Kiribati",2023,45,0.254902,3.147397,0.00802277790094
296,"Kiribati",2023,46,0.135376,3.147397,0.00426082016272
296,"Kiribati",2023,47,0.060471,3.147397,0.00190326243987
296,"Kiribati",2023,48,0.021628,3.147397,0.00068071902316
296,"Kiribati",2023,49,0.003904,3.147397,0.00012287437888
296,"Kiribati",2023,50,0.001167,3.147397,3.673012299e-05
296,"Kiribati",2023,51,0.001167,3.147397,3.673012299e-05
296,"Kiribati",2023,52,0.001167,3.147397,3.673012299e-05
296,"Kiribati",2023,53,0.001167,3.147397,3.673012299e-05
296,"Kiribati",2023,54,0.000519,3.147397,1.633499043e-05
296,"Kiribati",2024,10,0.000149,3.12428,4.6551772e-06
296,"Kiribati",2024,11,0.001981,3.12428,6.18919868e-05
296,"Kiribati",2024,12,0.011749,3.12428,0.0003670716572
296,"Kiribati",2024,13,0.053755,3.12428,0.001679456714
296,"Kiribati",2024,14,0.154417,3.12428,0.0048244194476
296,"Kiribati",2024,15,0.36712,3.12428,0.011469856736
296,"Kiribati",2024,16,0.756607,3.12428,0.0236385211796
296,"Kiribati",2024,17,1.339111,3.12428,0.0418375771508
296,"Kiribati",2024,18,2.089787,3.12428,0.0652907972836
296,"Kiribati",2024,19,2.867737,3.12428,0.0895961335436
296,"Kiribati",2024,20,3.623492,3.12428,0.1132080358576
296,"Kiribati",2024,21,4.283758,3.12428,0.1338365944424
296,"Kiribati",2024,22,4.823683,3.12428,0.1507053632324
296,"Kiribati",2024,23,5.210723,3.12428,0.1627975765444
296,"Kiribati",2024,24,5.438234,3.12428,0.1699056572152
296,"Kiribati",2024,25,5.511962,3.12428,0.1722091263736
296,"Kiribati",2024,26,5.446768,3.12428,0.1701722832704
296,"Kiribati",2024,27,5.32846,3.12428,0.166476010088
296,"Kiribati",2024,28,5.174771,3.12428,0.1616743353988
296,"Kiribati",2024,29,4.980293,3.12428,0.1555982981404
296,"Kiribati",2024,30,4.741582,3.12428,0.1481402981096
296,"Kiribati",2024,31,4.507166,3.12428,0.1408164859048
296,"Kiribati",2024,32,4.280525,3.12428,0.13373558647
296,"Kiribati",2024,33,4.088698,3.12428,0.1277423738744
296,"Kiribati",2024,34,3.91872,3.12428,0.122431785216
296,"Kiribati",2024,35,3.708045,3.12428,0.115849708326
296,"Kiribati",2024,36,3.401839,3.12428,0.1062829755092
296,"Kiribati",2024,37,3.062698,3.12428,0.0956872610744
296,"Kiribati",2024,38,2.696018,3.12428,0.0842311511704
296,"Kiribati",2024,39,2.285812,3.12428,0.0714151671536
296,"Kiribati",2024,40,1.813957,3.12428,0.0566730957596
296,"Kiribati",2024,41,1.39834,3.12428,0.043688056952
296,"Kiribati",2024,42,1.021462,3.12428,0.0319133329736
296,"Kiribati",2024,43,0.70047,3.12428,0.021884644116
296,"Kiribati",2024,44,0.44139,3.12428,0.013790259492
296,"Kiribati",2024,45,0.249623,3.12428,0.0077989214644
296,"Kiribati",2024,46,0.131959,3.12428,0.0041227686452
296,"Kiribati",2024,47,0.05839,3.12428,0.001824267092
296,"Kiribati",2024,48,0.020428,3.12428,0.0006382279184
296,"Kiribati",2024,49,0.003474,3.12428,0.0001085374872
296,"Kiribati",2024,50,0.001016,3.12428,3.17426848e-05
296,"Kiribati",2024,51,0.001089,3.12428,3.40234092e-05
296,"Kiribati",2024,52,0.001106,3.12428,3.45545368e-05
296,"Kiribati",2024,53,0.00112,3.12428,3.4991936e-05
296,"Kiribati",2024,54,0.000513,3.12428,1.60275564e-05
296,"Kiribati",2025,10,0.000151,3.091667,4.66841717e-06
296,"Kiribati",2025,11,0.002002,3.091667,6.189517334e-05
296,"Kiribati",2025,12,0.011873,3.091667,0.00036707362291
296,"Kiribati",2025,13,0.054322,3.091667,0.00167945534774
296,"Kiribati",2025,14,0.156046,3.091667,0.00482442268682
296,"Kiribati",2025,15,0.370993,3.091667,0.01146986815331
296,"Kiribati",2025,16,0.764589,3.091667,0.02363854579863
296,"Kiribati",2025,17,1.351626,3.091667,0.04178777500542
296,"Kiribati",2025,18,2.104124,3.091667,0.06505250734708
296,"Kiribati",2025,19,2.881552,3.091667,0.08908799227184
296,"Kiribati",2025,20,3.6349,3.091667,0.112379003783
296,"Kiribati",2025,21,4.292976,3.091667,0.13272452230992
296,"Kiribati",2025,22,4.831482,3.091667,0.14937333460494
296,"Kiribati",2025,23,5.218048,3.091667,0.16132466806016
296,"Kiribati",2025,24,5.445874,3.091667,0.16836828931958
296,"Kiribati",2025,25,5.519964,3.091667,0.17065890539988
296,"Kiribati",2025,26,5.454815,3.091667,0.16864471526605
296,"Kiribati",2025,27,5.33616,3.091667,0.1649762977872
296,"Kiribati",2025,28,5.181665,3.091667,0.16019982685555
296,"Kiribati",2025,29,4.985716,3.091667,0.15414173628572
296,"Kiribati",2025,30,4.744761,3.091667,0.14669221006587
296,"Kiribati",2025,31,4.507839,3.091667,0.13936737077613
296,"Kiribati",2025,32,4.278521,3.091667,0.13227762184507
296,"Kiribati",2025,33,4.08456,3.091667,0.1262809936152
296,"Kiribati",2025,34,3.912974,3.091667,0.12097612587658
296,"Kiribati",2025,35,3.700812,3.091667,0.11441678333604
296,"Kiribati",2025,36,3.392529,3.091667,0.10488569955843
296,"Kiribati",2025,37,3.051639,3.091667,0.09434651592213
296,"Kiribati",2025,38,2.683608,3.091667,0.08296822294536
296,"Kiribati",2025,39,2.272213,3.091667,0.07024925949071
296,"Kiribati",2025,40,1.798929,3.091667,0.05561689424643
296,"Kiribati",2025,41,1.383882,3.091667,0.04278502311294
296,"Kiribati",2025,42,1.008754,3.091667,0.03118731452918
296,"Kiribati",2025,43,0.690039,3.091667,0.02133370805013
296,"Kiribati",2025,44,0.433499,3.091667,0.01340234552833
296,"Kiribati",2025,45,0.244526,3.091667,0.00755992964842
296,"Kiribati",2025,46,0.128677,3.091667,0.00397826434559
296,"Kiribati",2025,47,0.056413,3.091667,0.00174410210471
296,"Kiribati",2025,48,0.019313,3.091667,0.00059709364771
296,"Kiribati",2025,49,0.003097,3.091667,9.574892699e-05
296,"Kiribati",2025,50,0.000886,3.091667,2.739216962e-05
296,"Kiribati",2025,51,0.001018,3.091667,3.147317006e-05
296,"Kiribati",2025,52,0.001049,3.091667,3.243158683e-05
296,"Kiribati",2025,53,0.001076,3.091667,3.326633692e-05
296,"Kiribati",2025,54,0.000507,3.091667,1.567475169e-05
296,"Kiribati",2026,10,0.000152,3.060043,4.65126536e-06
296,"Kiribati",2026,11,0.002023,3.060043,6.190466989e-05
296,"Kiribati",2026,12,0.011996,3.060043,0.00036708275828
296,"Kiribati",2026,13,0.054883,3.060043,0.00167944339969
296,"Kiribati",2026,14,0.157659,3.060043,0.00482443319337
296,"Kiribati",2026,15,0.374827,3.060043,0.01146986737561
296,"Kiribati",2026,16,0.77249,3.060043,0.0236385261707
296,"Kiribati",2026,17,1.363749,3.060043,0.04173130581207
296,"Kiribati",2026,18,2.117898,3.060043,0.06480858949614
296,"Kiribati",2026,19,2.894686,3.060043,0.08857863631498
296,"Kiribati",2026,20,3.645567,3.060043,0.11155591779381
296,"Kiribati",2026,21,4.301464,3.060043,0.13162664802952
296,"Kiribati",2026,22,4.838604,3.060043,0.14806336299972
296,"Kiribati",2026,23,5.224782,3.060043,0.15988057585626
296,"Kiribati",2026,24,5.453036,3.060043,0.16686524640548
296,"Kiribati",2026,25,5.527626,3.060043,0.16914773247918
296,"Kiribati",2026,26,5.462674,3.060043,0.16716017334982
296,"Kiribati",2026,27,5.34381,3.060043,0.1635228838383
296,"Kiribati",2026,28,5.18863,3.060043,0.1587743091109
296,"Kiribati",2026,29,4.99131,3.060043,0.1527362322633
296,"Kiribati",2026,30,4.748198,3.060043,0.14529690052514
296,"Kiribati",2026,31,4.508827,3.060043,0.13797204499561
296,"Kiribati",2026,32,4.276865,3.060043,0.13087390805195
296,"Kiribati",2026,33,4.080782,3.060043,0.12487368393626
296,"Kiribati",2026,34,3.907576,3.060043,0.11957350585768
296,"Kiribati",2026,35,3.693905,3.060043,0.11303508137915
296,"Kiribati",2026,36,3.383537,3.060043,0.10353768712091
296,"Kiribati",2026,37,3.04089,3.060043,0.0930525415827
296,"Kiribati",2026,38,2.671503,3.060043,0.08174914054629
296,"Kiribati",2026,39,2.258927,3.060043,0.06912413753861
296,"Kiribati",2026,40,1.784258,3.060043,0.05459906203094
296,"Kiribati",2026,41,1.369779,3.060043,0.04191582640497
296,"Kiribati",2026,42,0.996374,3.060043,0.03048947284082
296,"Kiribati",2026,43,0.679897,3.060043,0.02080514055571
296,"Kiribati",2026,44,0.425851,3.060043,0.01303122371593
296,"Kiribati",2026,45,0.239604,3.060043,0.00733198542972
296,"Kiribati",2026,46,0.125525,3.060043,0.00384111897575
296,"Kiribati",2026,47,0.054534,3.060043,0.00166876384962
296,"Kiribati",2026,48,0.018278,3.060043,0.00055931465954
296,"Kiribati",2026,49,0.002768,3.060043,8.470199024e-05
296,"Kiribati",2026,50,0.000775,3.060043,2.371533325e-05
296,"Kiribati",2026,51,0.000952,3.060043,2.913160936e-05
296,"Kiribati",2026,52,0.000996,3.060043,3.047802828e-05
296,"Kiribati",2026,53,0.001033,3.060043,3.161024419e-05
296,"Kiribati",2026,54,5e-04,3.060043,1.5300215e-05
296,"Kiribati",2027,10,0.000154,3.030311,4.66667894e-06
296,"Kiribati",2027,11,0.002043,3.030311,6.190925373e-05
296,"Kiribati",2027,12,0.012113,3.030311,0.00036706157143
296,"Kiribati",2027,13,0.055422,3.030311,0.00167945896242
296,"Kiribati",2027,14,0.159206,3.030311,0.00482443693066
296,"Kiribati",2027,15,0.378505,3.030311,0.01146987865055
296,"Kiribati",2027,16,0.78007,3.030311,0.0236385470177
296,"Kiribati",2027,17,1.375469,3.030311,0.04168098840859
296,"Kiribati",2027,18,2.131099,3.030311,0.06457892741789
296,"Kiribati",2027,19,2.907133,3.030311,0.08809517108363
296,"Kiribati",2027,20,3.65551,3.030311,0.1107733216361
296,"Kiribati",2027,21,4.309243,3.030311,0.13058346464573
296,"Kiribati",2027,22,4.845074,3.030311,0.14682081038014
296,"Kiribati",2027,23,5.230954,3.030311,0.15851417446694
296,"Kiribati",2027,24,5.459753,3.030311,0.16544749573183
296,"Kiribati",2027,25,5.53498,3.030311,0.1677271077878
296,"Kiribati",2027,26,5.470379,3.030311,0.16576949657869
296,"Kiribati",2027,27,5.351444,3.030311,0.16216539619084
296,"Kiribati",2027,28,5.195699,3.030311,0.15744583832389
296,"Kiribati",2027,29,4.997106,3.030311,0.15142785279966
296,"Kiribati",2027,30,4.751922,3.030311,0.14399801507742
296,"Kiribati",2027,31,4.510157,3.030311,0.13667178368827
296,"Kiribati",2027,32,4.275584,3.030311,0.12956349226624
296,"Kiribati",2027,33,4.077386,3.030311,0.12355747647046
296,"Kiribati",2027,34,3.90255,3.030311,0.1182594019305
296,"Kiribati",2027,35,3.687347,3.030311,0.11173808174917
296,"Kiribati",2027,36,3.374882,3.030311,0.10226942048302
296,"Kiribati",2027,37,3.030467,3.030311,0.09183257485237
296,"Kiribati",2027,38,2.659716,3.030311,0.08059766651676
296,"Kiribati",2027,39,2.245965,3.030311,0.06805972445115
296,"Kiribati",2027,40,1.769947,3.030311,0.05363489863517
296,"Kiribati",2027,41,1.356032,3.030311,0.04109198685952
296,"Kiribati",2027,42,0.984318,3.030311,0.02982789662898
296,"Kiribati",2027,43,0.670038,3.030311,0.02030423521818
296,"Kiribati",2027,44,0.418441,3.030311,0.01268006365151
296,"Kiribati",2027,45,0.234851,3.030311,0.00711671568661
296,"Kiribati",2027,46,0.122497,3.030311,0.00371204006567
296,"Kiribati",2027,47,0.052748,3.030311,0.00159842844628
296,"Kiribati",2027,48,0.017315,3.030311,0.00052469834965
296,"Kiribati",2027,49,0.002478,3.030311,7.509110658e-05
296,"Kiribati",2027,50,0.000679,3.030311,2.057581169e-05
296,"Kiribati",2027,51,0.000892,3.030311,2.703037412e-05
296,"Kiribati",2027,52,0.000946,3.030311,2.866674206e-05
296,"Kiribati",2027,53,0.000993,3.030311,3.009098823e-05
296,"Kiribati",2027,54,0.000494,3.030311,1.496973634e-05
296,"Kiribati",2028,10,0.000155,3.001432,4.6522196e-06
296,"Kiribati",2028,11,0.002062,3.001432,6.188952784e-05
296,"Kiribati",2028,12,0.01223,3.001432,0.0003670751336
296,"Kiribati",2028,13,0.055955,3.001432,0.0016794512756
296,"Kiribati",2028,14,0.160738,3.001432,0.00482444176816
296,"Kiribati",2028,15,0.382147,3.001432,0.01146988234504
296,"Kiribati",2028,16,0.787575,3.001432,0.023638528074
296,"Kiribati",2028,17,1.386777,3.001432,0.04162316864664
296,"Kiribati",2028,18,2.143721,3.001432,0.06434232808472
296,"Kiribati",2028,19,2.91889,3.001432,0.0876084985048
296,"Kiribati",2028,20,3.664708,3.001432,0.10999371861856
296,"Kiribati",2028,21,4.316294,3.001432,0.12955062933008
296,"Kiribati",2028,22,4.850874,3.001432,0.14559568451568
296,"Kiribati",2028,23,5.236544,3.001432,0.15717130731008
296,"Kiribati",2028,24,5.466003,3.001432,0.16405836316296
296,"Kiribati",2028,25,5.542006,3.001432,0.16633954152592
296,"Kiribati",2028,26,5.477911,3.001432,0.16441577368552
296,"Kiribati",2028,27,5.359043,3.001432,0.16084803149576
296,"Kiribati",2028,28,5.202854,3.001432,0.15616012486928
296,"Kiribati",2028,29,5.003088,3.001432,0.15016428422016
296,"Kiribati",2028,30,4.755916,3.001432,0.14274558471712
296,"Kiribati",2028,31,4.511814,3.001432,0.13541902917648
296,"Kiribati",2028,32,4.274661,3.001432,0.12830104314552
296,"Kiribati",2028,33,4.074359,3.001432,0.12228911482088
296,"Kiribati",2028,34,3.897881,3.001432,0.11699224765592
296,"Kiribati",2028,35,3.681122,3.001432,0.11048637366704
296,"Kiribati",2028,36,3.366549,3.001432,0.10104467898168
296,"Kiribati",2028,37,3.020356,3.001432,0.09065393149792
296,"Kiribati",2028,38,2.648235,3.001432,0.0794849727252
296,"Kiribati",2028,39,2.233314,3.001432,0.06703140105648
296,"Kiribati",2028,40,1.755985,3.001432,0.0527046957052
296,"Kiribati",2028,41,1.342628,3.001432,0.04029806643296
296,"Kiribati",2028,42,0.972576,3.001432,0.02919120728832
296,"Kiribati",2028,43,0.660453,3.001432,0.01982304768696
296,"Kiribati",2028,44,0.411259,3.001432,0.01234365922888
296,"Kiribati",2028,45,0.230261,3.001432,0.00691112733752
296,"Kiribati",2028,46,0.119589,3.001432,0.00358938251448
296,"Kiribati",2028,47,0.051049,3.001432,0.00153220102168
296,"Kiribati",2028,48,0.016419,3.001432,0.00049280512008
296,"Kiribati",2028,49,0.002223,3.001432,6.672183336e-05
296,"Kiribati",2028,50,0.000597,3.001432,1.791854904e-05
296,"Kiribati",2028,51,0.000836,3.001432,2.509197152e-05
296,"Kiribati",2028,52,9e-04,3.001432,2.7012888e-05
296,"Kiribati",2028,53,0.000955,3.001432,2.86636756e-05
296,"Kiribati",2028,54,0.000488,3.001432,1.464698816e-05
296,"Kiribati",2029,10,0.000157,2.972814,4.66731798e-06
296,"Kiribati",2029,11,0.002082,2.972814,6.189398748e-05
296,"Kiribati",2029,12,0.012347,2.972814,0.00036705334458
296,"Kiribati",2029,13,0.056494,2.972814,0.00167946154116
296,"Kiribati",2029,14,0.162285,2.972814,0.0048244311999
296,"Kiribati",2029,15,0.385825,2.972814,0.0114698596155
296,"Kiribati",2029,16,0.795157,2.972814,0.02363853861798
296,"Kiribati",2029,17,1.397663,2.972814,0.04154992133682
296,"Kiribati",2029,18,2.155755,2.972814,0.0640865864457
296,"Kiribati",2029,19,2.929953,2.972814,0.08710205297742
296,"Kiribati",2029,20,3.673152,2.972814,0.10919597689728
296,"Kiribati",2029,21,4.322606,2.972814,0.12850303633284
296,"Kiribati",2029,22,4.855994,2.972814,0.14435966947116
296,"Kiribati",2029,23,5.241542,2.972814,0.15582129439188
296,"Kiribati",2029,24,5.471776,2.972814,0.16266572297664
296,"Kiribati",2029,25,5.548694,2.972814,0.16495235204916
296,"Kiribati",2029,26,5.485258,2.972814,0.16306651776012
296,"Kiribati",2029,27,5.366597,2.972814,0.15953894693958
296,"Kiribati",2029,28,5.210087,2.972814,0.15488619574818
296,"Kiribati",2029,29,5.009248,2.972814,0.14891562583872
296,"Kiribati",2029,30,4.760176,2.972814,0.14151117855264
296,"Kiribati",2029,31,4.513791,2.972814,0.13418661077874
296,"Kiribati",2029,32,4.274091,2.972814,0.12706077562074
296,"Kiribati",2029,33,4.071693,2.972814,0.12104385954102
296,"Kiribati",2029,34,3.89356,2.972814,0.1157482967784
296,"Kiribati",2029,35,3.675222,2.972814,0.10925751414708
296,"Kiribati",2029,36,3.358531,2.972814,0.09984287976234
296,"Kiribati",2029,37,3.01055,2.972814,0.089498051877
296,"Kiribati",2029,38,2.63705,2.972814,0.078394591587
296,"Kiribati",2029,39,2.220966,2.972814,0.06602518818324
296,"Kiribati",2029,40,1.742362,2.972814,0.05179718146668
296,"Kiribati",2029,41,1.329558,2.972814,0.03952528636212
296,"Kiribati",2029,42,0.961138,2.972814,0.02857284502332
296,"Kiribati",2029,43,0.651133,2.972814,0.01935697298262
296,"Kiribati",2029,44,0.404297,2.972814,0.01201899781758
296,"Kiribati",2029,45,0.225829,2.972814,0.00671347612806
296,"Kiribati",2029,46,0.116795,2.972814,0.0034720981113
296,"Kiribati",2029,47,0.049434,2.972814,0.00146958087276
296,"Kiribati",2029,48,0.015585,2.972814,0.0004633130619
296,"Kiribati",2029,49,0.001999,2.972814,5.942655186e-05
296,"Kiribati",2029,50,0.000526,2.972814,1.563700164e-05
296,"Kiribati",2029,51,0.000785,2.972814,2.33365899e-05
296,"Kiribati",2029,52,0.000856,2.972814,2.544728784e-05
296,"Kiribati",2029,53,0.000919,2.972814,2.732016066e-05
296,"Kiribati",2029,54,0.000482,2.972814,1.432896348e-05
296,"Kiribati",2030,10,0.000158,2.943604,4.65089432e-06
296,"Kiribati",2030,11,0.002103,2.943604,6.190399212e-05
296,"Kiribati",2030,12,0.01247,2.943604,0.0003670674188
296,"Kiribati",2030,13,0.057054,2.943604,0.00167944382616
296,"Kiribati",2030,14,0.163895,2.943604,0.0048244197758
296,"Kiribati",2030,15,0.389654,2.943604,0.01146987073016
296,"Kiribati",2030,16,0.803048,2.943604,0.02363855304992
296,"Kiribati",2030,17,1.408118,2.943604,0.04144941777272
296,"Kiribati",2030,18,2.167193,2.943604,0.06379357983572
296,"Kiribati",2030,19,2.940317,2.943604,0.08655128882468
296,"Kiribati",2030,20,3.680822,2.943604,0.10834882362488
296,"Kiribati",2030,21,4.328163,2.943604,0.12740397919452
296,"Kiribati",2030,22,4.860414,2.943604,0.14307134092056
296,"Kiribati",2030,23,5.245928,2.943604,0.15441934644512
296,"Kiribati",2030,24,5.477053,2.943604,0.16122275119012
296,"Kiribati",2030,25,5.555025,2.943604,0.163517938101
296,"Kiribati",2030,26,5.492403,2.943604,0.16167459440412
296,"Kiribati",2030,27,5.374088,2.943604,0.15819186933152
296,"Kiribati",2030,28,5.217381,2.943604,0.15357903581124
296,"Kiribati",2030,29,5.015571,2.943604,0.14763854857884
296,"Kiribati",2030,30,4.764684,2.943604,0.14025342881136
296,"Kiribati",2030,31,4.516074,2.943604,0.13293533490696
296,"Kiribati",2030,32,4.273858,2.943604,0.12580545504232
296,"Kiribati",2030,33,4.069373,2.943604,0.11978622640292
296,"Kiribati",2030,34,3.889575,2.943604,0.114493685283
296,"Kiribati",2030,35,3.669635,2.943604,0.1080195226454
296,"Kiribati",2030,36,3.350815,2.943604,0.0986347243726
296,"Kiribati",2030,37,3.001036,2.943604,0.08833861573744
296,"Kiribati",2030,38,2.626152,2.943604,0.07730351531808
296,"Kiribati",2030,39,2.20891,2.943604,0.0650215631164
296,"Kiribati",2030,40,1.729066,2.943604,0.05089685593864
296,"Kiribati",2030,41,1.316811,2.943604,0.03876170126844
296,"Kiribati",2030,42,0.949994,2.943604,0.02796406138376
296,"Kiribati",2030,43,0.642069,2.943604,0.01889996876676
296,"Kiribati",2030,44,0.397548,2.943604,0.01170223882992
296,"Kiribati",2030,45,0.221549,2.943604,0.00652152522596
296,"Kiribati",2030,46,0.114112,2.943604,0.00335900539648
296,"Kiribati",2030,47,0.047897,2.943604,0.00140989800788
296,"Kiribati",2030,48,0.014807,2.943604,0.00043585944428
296,"Kiribati",2030,49,0.001802,2.943604,5.304374408e-05
296,"Kiribati",2030,50,0.000464,2.943604,1.365832256e-05
296,"Kiribati",2030,51,0.000737,2.943604,2.169436148e-05
296,"Kiribati",2030,52,0.000815,2.943604,2.39903726e-05
296,"Kiribati",2030,53,0.000885,2.943604,2.60508954e-05
296,"Kiribati",2030,54,0.000475,2.943604,1.3982119e-05
296,"Kiribati",2031,10,0.00016,2.916404,4.6662464e-06
296,"Kiribati",2031,11,0.002122,2.916404,6.188609288e-05
296,"Kiribati",2031,12,0.012586,2.916404,0.00036705860744
296,"Kiribati",2031,13,0.057586,2.916404,0.00167944040744
296,"Kiribati",2031,14,0.165424,2.916404,0.00482443215296
296,"Kiribati",2031,15,0.393288,2.916404,0.01146986696352
296,"Kiribati",2031,16,0.810537,2.916404,0.02363853348948
296,"Kiribati",2031,17,1.418134,2.916404,0.04135851670136
296,"Kiribati",2031,18,2.17803,2.916404,0.0635201540412
296,"Kiribati",2031,19,2.949979,2.916404,0.08603330555516
296,"Kiribati",2031,20,3.687771,2.916404,0.10755030095484
296,"Kiribati",2031,21,4.333026,2.916404,0.12636854358504
296,"Kiribati",2031,22,4.864205,2.916404,0.1418598691882
296,"Kiribati",2031,23,5.24978,2.916404,0.1531047939112
296,"Kiribati",2031,24,5.481914,2.916404,0.15987475917256
296,"Kiribati",2031,25,5.561078,2.916404,0.16218350123512
296,"Kiribati",2031,26,5.499427,2.916404,0.16038550900508
296,"Kiribati",2031,27,5.381597,2.916404,0.15694911017188
296,"Kiribati",2031,28,5.224813,2.916404,0.15237665532452
296,"Kiribati",2031,29,5.022131,2.916404,0.14646562936924
296,"Kiribati",2031,30,4.769513,2.916404,0.13909826791252
296,"Kiribati",2031,31,4.518729,2.916404,0.13178439330516
296,"Kiribati",2031,32,4.274027,2.916404,0.12464789438908
296,"Kiribati",2031,33,4.067461,2.916404,0.11862359530244
296,"Kiribati",2031,34,3.885982,2.916404,0.11333093448728
296,"Kiribati",2031,35,3.664414,2.916404,0.10686911647256
296,"Kiribati",2031,36,3.343449,2.916404,0.09750848037396
296,"Kiribati",2031,37,2.991855,2.916404,0.0872545788942
296,"Kiribati",2031,38,2.615575,2.916404,0.076280733923
296,"Kiribati",2031,39,2.197174,2.916404,0.06407847042296
296,"Kiribati",2031,40,1.716117,2.916404,0.05004890483268
296,"Kiribati",2031,41,1.304398,2.916404,0.03804151544792
296,"Kiribati",2031,42,0.93915,2.916404,0.027389408166
296,"Kiribati",2031,43,0.633262,2.916404,0.01846847829848
296,"Kiribati",2031,44,0.39101,2.916404,0.0114034312804
296,"Kiribati",2031,45,0.217416,2.916404,0.00634072892064
296,"Kiribati",2031,46,0.111534,2.916404,0.00325278203736
296,"Kiribati",2031,47,0.046435,2.916404,0.0013542321974
296,"Kiribati",2031,48,0.014083,2.916404,0.00041071717532
296,"Kiribati",2031,49,0.001627,2.916404,4.744989308e-05
296,"Kiribati",2031,50,0.000411,2.916404,1.198642044e-05
296,"Kiribati",2031,51,0.000693,2.916404,2.021067972e-05
296,"Kiribati",2031,52,0.000776,2.916404,2.263129504e-05
296,"Kiribati",2031,53,0.000852,2.916404,2.484776208e-05
296,"Kiribati",2031,54,0.000469,2.916404,1.367793476e-05
296,"Kiribati",2032,10,0.000161,2.890583,4.65383863e-06
296,"Kiribati",2032,11,0.002141,2.890583,6.188738203e-05
296,"Kiribati",2032,12,0.012699,2.890583,0.00036707513517
296,"Kiribati",2032,13,0.058101,2.890583,0.00167945762883
296,"Kiribati",2032,14,0.166902,2.890583,0.00482444083866
296,"Kiribati",2032,15,0.396801,2.890583,0.01146986224983
296,"Kiribati",2032,16,0.817777,2.890583,0.02363852293991
296,"Kiribati",2032,17,1.427701,2.890583,0.04126888239683
296,"Kiribati",2032,18,2.188258,2.890583,0.06325341374414
296,"Kiribati",2032,19,2.958937,2.890583,0.08553052990271
296,"Kiribati",2032,20,3.693985,2.890583,0.10677770243255
296,"Kiribati",2032,21,4.337184,2.890583,0.12536990338272
296,"Kiribati",2032,22,4.867357,2.890583,0.14069499399131
296,"Kiribati",2032,23,5.253086,2.890583,0.15184481089138
296,"Kiribati",2032,24,5.486346,2.890583,0.15858738479718
296,"Kiribati",2032,25,5.566844,2.890583,0.16091424630052
296,"Kiribati",2032,26,5.506319,2.890583,0.15916472093977
296,"Kiribati",2032,27,5.389114,2.890583,0.15577681313462
296,"Kiribati",2032,28,5.232376,2.890583,0.15124617115208
296,"Kiribati",2032,29,5.02892,2.890583,0.1453651066036
296,"Kiribati",2032,30,4.774656,2.890583,0.13801539464448
296,"Kiribati",2032,31,4.52175,2.890583,0.1307049368025
296,"Kiribati",2032,32,4.274588,2.890583,0.12356051404804
296,"Kiribati",2032,33,4.065947,2.890583,0.11752957277101
296,"Kiribati",2032,34,3.882773,2.890583,0.11223477626659
296,"Kiribati",2032,35,3.65955,2.890583,0.1057823301765
296,"Kiribati",2032,36,3.336424,2.890583,0.09644210495192
296,"Kiribati",2032,37,2.983001,2.890583,0.08622611979583
296,"Kiribati",2032,38,2.60531,2.890583,0.0753086479573
296,"Kiribati",2032,39,2.18575,2.890583,0.0631809179225
296,"Kiribati",2032,40,1.703506,2.890583,0.04924125483998
296,"Kiribati",2032,41,1.292311,2.890583,0.03735532207313
296,"Kiribati",2032,42,0.928598,2.890583,0.02684189592634
296,"Kiribati",2032,43,0.624705,2.890583,0.01805761653015
296,"Kiribati",2032,44,0.384675,2.890583,0.01111935015525
296,"Kiribati",2032,45,0.213425,2.890583,0.00616922676775
296,"Kiribati",2032,46,0.109057,2.890583,0.00315238310231
296,"Kiribati",2032,47,0.045043,2.890583,0.00130200530069
296,"Kiribati",2032,48,0.013407,2.890583,0.00038754046281
296,"Kiribati",2032,49,0.001472,2.890583,4.254938176e-05
296,"Kiribati",2032,50,0.000365,2.890583,1.055062795e-05
296,"Kiribati",2032,51,0.000653,2.890583,1.887550699e-05
296,"Kiribati",2032,52,0.00074,2.890583,2.13903142e-05
296,"Kiribati",2032,53,0.000821,2.890583,2.373168643e-05
296,"Kiribati",2032,54,0.000462,2.890583,1.335449346e-05
296,"Kiribati",2033,10,0.000163,2.865131,4.67016353e-06
296,"Kiribati",2033,11,0.00216,2.865131,6.18868296e-05
296,"Kiribati",2033,12,0.012812,2.865131,0.00036708058372
296,"Kiribati",2033,13,0.058617,2.865131,0.00167945383827
296,"Kiribati",2033,14,0.168384,2.865131,0.00482442218304
296,"Kiribati",2033,15,0.400326,2.865131,0.01146986432706
296,"Kiribati",2033,16,0.825042,2.865131,0.02363853410502
296,"Kiribati",2033,17,1.436812,2.865131,0.04116654602372
296,"Kiribati",2033,18,2.19787,2.865131,0.0629718547097
296,"Kiribati",2033,19,2.967187,2.865131,0.08501379456497
296,"Kiribati",2033,20,3.699447,2.865131,0.10599400282557
296,"Kiribati",2033,21,4.340617,2.865131,0.12436436325827
296,"Kiribati",2033,22,4.869848,2.865131,0.13952752470088
296,"Kiribati",2033,23,5.255823,2.865131,0.15058621407813
296,"Kiribati",2033,24,5.490326,2.865131,0.15730503222706
296,"Kiribati",2033,25,5.572298,2.865131,0.15965363741038
296,"Kiribati",2033,26,5.513054,2.865131,0.15795621920074
296,"Kiribati",2033,27,5.396614,2.865131,0.15462006066434
296,"Kiribati",2033,28,5.240046,2.865131,0.15013418236026
296,"Kiribati",2033,29,5.035918,2.865131,0.14428564775258
296,"Kiribati",2033,30,4.780091,2.865131,0.13695586906921
296,"Kiribati",2033,31,4.525118,2.865131,0.12965055860458
296,"Kiribati",2033,32,4.275526,2.865131,0.12249942083906
296,"Kiribati",2033,33,4.064813,2.865131,0.11646221735503
296,"Kiribati",2033,34,3.87993,2.865131,0.1111650772083
296,"Kiribati",2033,35,3.655026,2.865131,0.10472128298406
296,"Kiribati",2033,36,3.329724,2.865131,0.09540095453844
296,"Kiribati",2033,37,2.974457,2.865131,0.08522208958867
296,"Kiribati",2033,38,2.595345,2.865131,0.07436003415195
296,"Kiribati",2033,39,2.174625,2.865131,0.06230585500875
296,"Kiribati",2033,40,1.691219,2.865131,0.04845563984689
296,"Kiribati",2033,41,1.280538,2.865131,0.03668909120478
296,"Kiribati",2033,42,0.918326,2.865131,0.02631124290706
296,"Kiribati",2033,43,0.616388,2.865131,0.01766032366828
296,"Kiribati",2033,44,0.378537,2.865131,0.01084558093347
296,"Kiribati",2033,45,0.209572,2.865131,0.00600451233932
296,"Kiribati",2033,46,0.106677,2.865131,0.00305643579687
296,"Kiribati",2033,47,0.043718,2.865131,0.00125257797058
296,"Kiribati",2033,48,0.012777,2.865131,0.00036607778787
296,"Kiribati",2033,49,0.001335,2.865131,3.824949885e-05
296,"Kiribati",2033,50,0.000325,2.865131,9.31167575e-06
296,"Kiribati",2033,51,0.000615,2.865131,1.762055565e-05
296,"Kiribati",2033,52,0.000706,2.865131,2.022782486e-05
296,"Kiribati",2033,53,0.000791,2.865131,2.266318621e-05
296,"Kiribati",2033,54,0.000456,2.865131,1.306499736e-05
296,"Kiribati",2034,10,0.000164,2.840014,4.65762296e-06
296,"Kiribati",2034,11,0.002179,2.840014,6.188390506e-05
296,"Kiribati",2034,12,0.012925,2.840014,0.0003670718095
296,"Kiribati",2034,13,0.059135,2.840014,0.0016794422789
296,"Kiribati",2034,14,0.169873,2.840014,0.00482441698222
296,"Kiribati",2034,15,0.403867,2.840014,0.01146987934138
296,"Kiribati",2034,16,0.832339,2.840014,0.02363854412746
296,"Kiribati",2034,17,1.445458,2.840014,0.04105120956412
296,"Kiribati",2034,18,2.206863,2.840014,0.06267521816082
296,"Kiribati",2034,19,2.974726,2.840014,0.08448263486164
296,"Kiribati",2034,20,3.704155,2.840014,0.1051985205817
296,"Kiribati",2034,21,4.343326,2.840014,0.12335106646564
296,"Kiribati",2034,22,4.87168,2.840014,0.1383563940352
296,"Kiribati",2034,23,5.257993,2.840014,0.14932773731902
296,"Kiribati",2034,24,5.493857,2.840014,0.15602630793998
296,"Kiribati",2034,25,5.577443,2.840014,0.15840016204202
296,"Kiribati",2034,26,5.519636,2.840014,0.15675843514904
296,"Kiribati",2034,27,5.404103,2.840014,0.15347728177442
296,"Kiribati",2034,28,5.247828,2.840014,0.14903904989592
296,"Kiribati",2034,29,5.043129,2.840014,0.14322556963806
296,"Kiribati",2034,30,4.785825,2.840014,0.1359181000155
296,"Kiribati",2034,31,4.528837,2.840014,0.12861960483718
296,"Kiribati",2034,32,4.276842,2.840014,0.12146291155788
296,"Kiribati",2034,33,4.064064,2.840014,0.11541998656896
296,"Kiribati",2034,34,3.877455,2.840014,0.1101202648437
296,"Kiribati",2034,35,3.650844,2.840014,0.10368448071816
296,"Kiribati",2034,36,3.32335,2.840014,0.094383605269
296,"Kiribati",2034,37,2.966224,2.840014,0.08424117687136
296,"Kiribati",2034,38,2.585677,2.840014,0.07343358879478
296,"Kiribati",2034,39,2.163796,2.840014,0.06145210933144
296,"Kiribati",2034,40,1.679253,2.840014,0.04769102029542
296,"Kiribati",2034,41,1.269072,2.840014,0.03604182247008
296,"Kiribati",2034,42,0.908329,2.840014,0.02579667076606
296,"Kiribati",2034,43,0.608306,2.840014,0.01727597556284
296,"Kiribati",2034,44,0.372588,2.840014,0.01058155136232
296,"Kiribati",2034,45,0.205852,2.840014,0.00584622561928
296,"Kiribati",2034,46,0.10439,2.840014,0.0029646906146
296,"Kiribati",2034,47,0.042457,2.840014,0.00120578474398
296,"Kiribati",2034,48,0.012188,2.840014,0.00034614090632
296,"Kiribati",2034,49,0.001213,2.840014,3.444936982e-05
296,"Kiribati",2034,50,0.000289,2.840014,8.20764046e-06
296,"Kiribati",2034,51,0.000581,2.840014,1.650048134e-05
296,"Kiribati",2034,52,0.000674,2.840014,1.914169436e-05
296,"Kiribati",2034,53,0.000763,2.840014,2.166930682e-05
296,"Kiribati",2034,54,0.00045,2.840014,1.2780063e-05
296,"Kiribati",2035,10,0.000166,2.81444,4.6719704e-06
296,"Kiribati",2035,11,0.002199,2.81444,6.18895356e-05
296,"Kiribati",2035,12,0.013042,2.81444,0.0003670592648
296,"Kiribati",2035,13,0.059673,2.81444,0.0016794607812
296,"Kiribati",2035,14,0.171417,2.81444,0.0048244286148
296,"Kiribati",2035,15,0.407536,2.81444,0.0114698561984
296,"Kiribati",2035,16,0.839902,2.81444,0.0236385378488
296,"Kiribati",2035,17,1.453634,2.81444,0.0409116567496
296,"Kiribati",2035,18,2.215229,2.81444,0.0623462910676
296,"Kiribati",2035,19,2.981554,2.81444,0.0839140483976
296,"Kiribati",2035,20,3.708094,2.81444,0.1043620807736
296,"Kiribati",2035,21,4.345295,2.81444,0.122295720598
296,"Kiribati",2035,22,4.872835,2.81444,0.137143017374
296,"Kiribati",2035,23,5.259577,2.81444,0.1480276389188
296,"Kiribati",2035,24,5.496918,2.81444,0.1547074589592
296,"Kiribati",2035,25,5.582257,2.81444,0.1571092739108
296,"Kiribati",2035,26,5.526044,2.81444,0.1555271927536
296,"Kiribati",2035,27,5.411561,2.81444,0.1523051374084
296,"Kiribati",2035,28,5.255704,2.81444,0.1479186356576
296,"Kiribati",2035,29,5.050536,2.81444,0.1421443053984
296,"Kiribati",2035,30,4.79184,2.81444,0.134863461696
296,"Kiribati",2035,31,4.532891,2.81444,0.1275754974604
296,"Kiribati",2035,32,4.278521,2.81444,0.1204164064324
296,"Kiribati",2035,33,4.063683,2.81444,0.1143699198252
296,"Kiribati",2035,34,3.875334,2.81444,0.1090689502296
296,"Kiribati",2035,35,3.646989,2.81444,0.1026423172116
296,"Kiribati",2035,36,3.317287,2.81444,0.0933630522428
296,"Kiribati",2035,37,2.958287,2.81444,0.0832592126428
296,"Kiribati",2035,38,2.576295,2.81444,0.072508276998
296,"Kiribati",2035,39,2.153252,2.81444,0.0606019855888
296,"Kiribati",2035,40,1.667595,2.81444,0.046933460718
296,"Kiribati",2035,41,1.257903,2.81444,0.0354029251932
296,"Kiribati",2035,42,0.898597,2.81444,0.0252904734068
296,"Kiribati",2035,43,0.600449,2.81444,0.0168992768356
296,"Kiribati",2035,44,0.366822,2.81444,0.0103239850968
296,"Kiribati",2035,45,0.202261,2.81444,0.0056925144884
296,"Kiribati",2035,46,0.102193,2.81444,0.0028761606692
296,"Kiribati",2035,47,0.041257,2.81444,0.0011611535108
296,"Kiribati",2035,48,0.011638,2.81444,0.0003275445272
296,"Kiribati",2035,49,0.001105,2.81444,3.1099562e-05
296,"Kiribati",2035,50,0.000259,2.81444,7.2893996e-06
296,"Kiribati",2035,51,0.000549,2.81444,1.54512756e-05
296,"Kiribati",2035,52,0.000644,2.81444,1.81249936e-05
296,"Kiribati",2035,53,0.000736,2.81444,2.07142784e-05
296,"Kiribati",2035,54,0.000443,2.81444,1.24679692e-05
296,"Kiribati",2036,10,0.000167,2.792707,4.66382069e-06
296,"Kiribati",2036,11,0.002216,2.792707,6.188638712e-05
296,"Kiribati",2036,12,0.013144,2.792707,0.00036707340808
296,"Kiribati",2036,13,0.060137,2.792707,0.00167945020859
296,"Kiribati",2036,14,0.172751,2.792707,0.00482442926957
296,"Kiribati",2036,15,0.410708,2.792707,0.01146987106556
296,"Kiribati",2036,16,0.846438,2.792707,0.02363853327666
296,"Kiribati",2036,17,1.461331,2.792707,0.04081069313017
296,"Kiribati",2036,18,2.222964,2.792707,0.06208087123548
296,"Kiribati",2036,19,2.987668,2.792707,0.08343681337276
296,"Kiribati",2036,20,3.711356,2.792707,0.10364729880692
296,"Kiribati",2036,21,4.346634,2.792707,0.12138875198238
296,"Kiribati",2036,22,4.873438,2.792707,0.13610084416666
296,"Kiribati",2036,23,5.260711,2.792707,0.14691624434677
296,"Kiribati",2036,24,5.49965,2.792707,0.1535891105255
296,"Kiribati",2036,25,5.586884,2.792707,0.15602530054988
296,"Kiribati",2036,26,5.532422,2.792707,0.15450433646354
296,"Kiribati",2036,27,5.419127,2.792707,0.15134033906789
296,"Kiribati",2036,28,5.26381,2.792707,0.1470027903367
296,"Kiribati",2036,29,5.05827,2.792707,0.1412626603689
296,"Kiribati",2036,30,4.798262,2.792707,0.13400139875234
296,"Kiribati",2036,31,4.537399,2.792707,0.12671625949093
296,"Kiribati",2036,32,4.280675,2.792707,0.11954671037225
296,"Kiribati",2036,33,4.063775,2.792707,0.11348932888925
296,"Kiribati",2036,34,3.873667,2.792707,0.10818016946569
296,"Kiribati",2036,35,3.643556,2.792707,0.10175384346092
296,"Kiribati",2036,36,3.311621,2.792707,0.09248387148047
296,"Kiribati",2036,37,2.950721,2.792707,0.08240499191747
296,"Kiribati",2036,38,2.567262,2.792707,0.07169610558234
296,"Kiribati",2036,39,2.143044,2.792707,0.05984893980108
296,"Kiribati",2036,40,1.656283,2.792707,0.04625513128081
296,"Kiribati",2036,41,1.247057,2.792707,0.03482664813299
296,"Kiribati",2036,42,0.889147,2.792707,0.02483127050929
296,"Kiribati",2036,43,0.592827,2.792707,0.01655592112689
296,"Kiribati",2036,44,0.361242,2.792707,0.01008843062094
296,"Kiribati",2036,45,0.198793,2.792707,0.00555170602651
296,"Kiribati",2036,46,0.100083,2.792707,0.00279502494681
296,"Kiribati",2036,47,0.040113,2.792707,0.00112023855891
296,"Kiribati",2036,48,0.011124,2.792707,0.00031066072668
296,"Kiribati",2036,49,0.001008,2.792707,2.815048656e-05
296,"Kiribati",2036,50,0.000232,2.792707,6.47908024e-06
296,"Kiribati",2036,51,0.000519,2.792707,1.449414933e-05
296,"Kiribati",2036,52,0.000616,2.792707,1.720307512e-05
296,"Kiribati",2036,53,0.000711,2.792707,1.985614677e-05
296,"Kiribati",2036,54,0.000437,2.792707,1.220412959e-05
296,"Kiribati",2037,10,0.000168,2.769904,4.65343872e-06
296,"Kiribati",2037,11,0.002235,2.769904,6.19073544e-05
296,"Kiribati",2037,12,0.013252,2.769904,0.00036706767808
296,"Kiribati",2037,13,0.060632,2.769904,0.00167944819328
296,"Kiribati",2037,14,0.174173,2.769904,0.00482442489392
296,"Kiribati",2037,15,0.414089,2.769904,0.01146986777456
296,"Kiribati",2037,16,0.853406,2.769904,0.02363852693024
296,"Kiribati",2037,17,1.468543,2.769904,0.04067723129872
296,"Kiribati",2037,18,2.230064,2.769904,0.06177063193856
296,"Kiribati",2037,19,2.993066,2.769904,0.08290505485664
296,"Kiribati",2037,20,3.713837,2.769904,0.10286971961648
296,"Kiribati",2037,21,4.347223,2.769904,0.12041390376592
296,"Kiribati",2037,22,4.873355,2.769904,0.1349872550792
296,"Kiribati",2037,23,5.261249,2.769904,0.14573154650096
296,"Kiribati",2037,24,5.501901,2.769904,0.15239737587504
296,"Kiribati",2037,25,5.591171,2.769904,0.15487006917584
296,"Kiribati",2037,26,5.538616,2.769904,0.15341434612864
296,"Kiribati",2037,27,5.426652,2.769904,0.15031305081408
296,"Kiribati",2037,28,5.272001,2.769904,0.14602936657904
296,"Kiribati",2037,29,5.066193,2.769904,0.14032868255472
296,"Kiribati",2037,30,4.804961,2.769904,0.13309280693744
296,"Kiribati",2037,31,4.542237,2.769904,0.12581560435248
296,"Kiribati",2037,32,4.283187,2.769904,0.11864016804048
296,"Kiribati",2037,33,4.06423,2.769904,0.1125752693392
296,"Kiribati",2037,34,3.872346,2.769904,0.10726026674784
296,"Kiribati",2037,35,3.640441,2.769904,0.10083672087664
296,"Kiribati",2037,36,3.306258,2.769904,0.09158017259232
296,"Kiribati",2037,37,2.943443,2.769904,0.08153054539472
296,"Kiribati",2037,38,2.558504,2.769904,0.07086810463616
296,"Kiribati",2037,39,2.13311,2.769904,0.0590850992144
296,"Kiribati",2037,40,1.645267,2.769904,0.04557231644368
296,"Kiribati",2037,41,1.236494,2.769904,0.03424969676576
296,"Kiribati",2037,42,0.879947,2.769904,0.02437368715088
296,"Kiribati",2037,43,0.585417,2.769904,0.01621548889968
296,"Kiribati",2037,44,0.355834,2.769904,0.00985626019936
296,"Kiribati",2037,45,0.195446,2.769904,0.00541366657184
296,"Kiribati",2037,46,0.098055,2.769904,0.0027160293672
296,"Kiribati",2037,47,0.039025,2.769904,0.001080955036
296,"Kiribati",2037,48,0.010643,2.769904,0.00029480088272
296,"Kiribati",2037,49,0.000922,2.769904,2.553851488e-05
296,"Kiribati",2037,50,0.000209,2.769904,5.78909936e-06
296,"Kiribati",2037,51,0.000491,2.769904,1.360022864e-05
296,"Kiribati",2037,52,0.00059,2.769904,1.63424336e-05
296,"Kiribati",2037,53,0.000686,2.769904,1.900154144e-05
296,"Kiribati",2037,54,0.00043,2.769904,1.19105872e-05
296,"Kiribati",2038,10,0.00017,2.745099,4.6666683e-06
296,"Kiribati",2038,11,0.002255,2.745099,6.190198245e-05
296,"Kiribati",2038,12,0.013372,2.745099,0.00036707463828
296,"Kiribati",2038,13,0.06118,2.745099,0.0016794515682
296,"Kiribati",2038,14,0.175747,2.745099,0.00482442913953
296,"Kiribati",2038,15,0.417831,2.745099,0.01146987460269
296,"Kiribati",2038,16,0.861118,2.745099,0.02363854160682
296,"Kiribati",2038,17,1.475264,2.745099,0.04049745731136
296,"Kiribati",2038,18,2.236524,2.745099,0.06139479795876
296,"Kiribati",2038,19,2.997747,2.745099,0.08229112291953
296,"Kiribati",2038,20,3.715517,2.745099,0.10199462001183
296,"Kiribati",2038,21,4.347038,2.745099,0.11933049666762
296,"Kiribati",2038,22,4.87256,2.745099,0.1337565958344
296,"Kiribati",2038,23,5.261162,2.745099,0.14442410545038
296,"Kiribati",2038,24,5.503642,2.745099,0.15108042150558
296,"Kiribati",2038,25,5.595085,2.745099,0.15359062238415
296,"Kiribati",2038,26,5.544597,2.745099,0.15220467680103
296,"Kiribati",2038,27,5.434108,2.745099,0.14917164436692
296,"Kiribati",2038,28,5.280251,2.745099,0.14494811739849
296,"Kiribati",2038,29,5.074279,2.745099,0.13929398208621
296,"Kiribati",2038,30,4.81191,2.745099,0.1320916932909
296,"Kiribati",2038,31,4.547381,2.745099,0.12483011035719
296,"Kiribati",2038,32,4.286034,2.745099,0.11765587647366
296,"Kiribati",2038,33,4.065025,2.745099,0.11158896062475
296,"Kiribati",2038,34,3.87135,2.745099,0.1062723901365
296,"Kiribati",2038,35,3.637626,2.745099,0.09985643494974
296,"Kiribati",2038,36,3.301179,2.745099,0.09062063171721
296,"Kiribati",2038,37,2.936435,2.745099,0.08060804782065
296,"Kiribati",2038,38,2.550004,2.745099,0.07000013430396
296,"Kiribati",2038,39,2.123435,2.745099,0.05829039295065
296,"Kiribati",2038,40,1.634532,2.745099,0.04486952158668
296,"Kiribati",2038,41,1.226201,2.745099,0.03366043138899
296,"Kiribati",2038,42,0.870988,2.745099,0.02390948287812
296,"Kiribati",2038,43,0.578211,2.745099,0.01587246437889
296,"Kiribati",2038,44,0.350589,2.745099,0.00962401513311
296,"Kiribati",2038,45,0.192215,2.745099,0.00527649204285
296,"Kiribati",2038,46,0.096107,2.745099,0.00263823229593
296,"Kiribati",2038,47,0.037988,2.745099,0.00104280820812
296,"Kiribati",2038,48,0.010194,2.745099,0.00027983539206
296,"Kiribati",2038,49,0.000845,2.745099,2.319608655e-05
296,"Kiribati",2038,50,0.000188,2.745099,5.16078612e-06
296,"Kiribati",2038,51,0.000466,2.745099,1.279216134e-05
296,"Kiribati",2038,52,0.000565,2.745099,1.550980935e-05
296,"Kiribati",2038,53,0.000663,2.745099,1.820000637e-05
296,"Kiribati",2038,54,0.000424,2.745099,1.163921976e-05
296,"Kiribati",2039,10,0.000171,2.717892,4.64759532e-06
296,"Kiribati",2039,11,0.002277,2.717892,6.188640084e-05
296,"Kiribati",2039,12,0.013506,2.717892,0.00036707849352
296,"Kiribati",2039,13,0.061792,2.717892,0.00167943982464
296,"Kiribati",2039,14,0.177506,2.717892,0.00482442137352
296,"Kiribati",2039,15,0.422013,2.717892,0.01146985756596
296,"Kiribati",2039,16,0.868366,2.717892,0.02360125004472
296,"Kiribati",2039,17,1.481488,2.717892,0.04026524383296
296,"Kiribati",2039,18,2.242341,2.717892,0.06094440665172
296,"Kiribati",2039,19,3.001711,2.717892,0.08158326313212
296,"Kiribati",2039,20,3.71644,2.717892,0.1010088254448
296,"Kiribati",2039,21,4.346134,2.717892,0.11812322829528
296,"Kiribati",2039,22,4.871112,2.717892,0.13239156335904
296,"Kiribati",2039,23,5.260517,2.717892,0.14297517070164
296,"Kiribati",2039,24,5.50494,2.717892,0.1496183238648
296,"Kiribati",2039,25,5.598696,2.717892,0.15216651068832
296,"Kiribati",2039,26,5.550431,2.717892,0.15085472011452
296,"Kiribati",2039,27,5.441561,2.717892,0.14789575109412
296,"Kiribati",2039,28,5.288624,2.717892,0.14373908860608
296,"Kiribati",2039,29,5.082591,2.717892,0.13813933418172
296,"Kiribati",2039,30,4.819172,2.717892,0.13097989025424
296,"Kiribati",2039,31,4.552889,2.717892,0.12374260589988
296,"Kiribati",2039,32,4.28927,2.717892,0.1165777261884
296,"Kiribati",2039,33,4.066211,2.717892,0.11051522347212
296,"Kiribati",2039,34,3.870727,2.717892,0.10520217947484
296,"Kiribati",2039,35,3.635154,2.717892,0.09879955975368
296,"Kiribati",2039,36,3.296423,2.717892,0.08959321700316
296,"Kiribati",2039,37,2.929731,2.717892,0.07962692447052
296,"Kiribati",2039,38,2.541793,2.717892,0.06908318860356
296,"Kiribati",2039,39,2.114042,2.717892,0.05745737839464
296,"Kiribati",2039,40,1.624094,2.717892,0.04414112089848
296,"Kiribati",2039,41,1.216188,2.717892,0.03305467635696
296,"Kiribati",2039,42,0.862275,2.717892,0.023435703243
296,"Kiribati",2039,43,0.571212,2.717892,0.01552492525104
296,"Kiribati",2039,44,0.345507,2.717892,0.00939050711244
296,"Kiribati",2039,45,0.189097,2.717892,0.00513945223524
296,"Kiribati",2039,46,0.094235,2.717892,0.0025612055262
296,"Kiribati",2039,47,0.037,2.717892,0.00100562004
296,"Kiribati",2039,48,0.009773,2.717892,0.00026561958516
296,"Kiribati",2039,49,0.000776,2.717892,2.109084192e-05
296,"Kiribati",2039,50,0.00017,2.717892,4.6204164e-06
296,"Kiribati",2039,51,0.000442,2.717892,1.201308264e-05
296,"Kiribati",2039,52,0.000542,2.717892,1.473097464e-05
296,"Kiribati",2039,53,0.000641,2.717892,1.742168772e-05
296,"Kiribati",2039,54,0.000417,2.717892,1.133360964e-05
296,"Kiribati",2040,10,0.000173,2.690644,4.65481412e-06
296,"Kiribati",2040,11,0.0023,2.690644,6.1884812e-05
296,"Kiribati",2040,12,0.013642,2.690644,0.00036705765448
296,"Kiribati",2040,13,0.062418,2.690644,0.00167944617192
296,"Kiribati",2040,14,0.179304,2.690644,0.00482443231776
296,"Kiribati",2040,15,0.426287,2.690644,0.01146986558828
296,"Kiribati",2040,16,0.873308,2.690644,0.02349760930352
296,"Kiribati",2040,17,1.48721,2.690644,0.0400155266324
296,"Kiribati",2040,18,2.247511,2.690644,0.06047251987084
296,"Kiribati",2040,19,3.004957,2.690644,0.08085269522308
296,"Kiribati",2040,20,3.716705,2.690644,0.1000033000802
296,"Kiribati",2040,21,4.344628,2.690644,0.11689847260432
296,"Kiribati",2040,22,4.869145,2.690644,0.1310113577938
296,"Kiribati",2040,23,5.259453,2.690644,0.14151315657732
296,"Kiribati",2040,24,5.505942,2.690644,0.14814529806648
296,"Kiribati",2040,25,5.602154,2.690644,0.15073402047176
296,"Kiribati",2040,26,5.556269,2.690644,0.14949941847236
296,"Kiribati",2040,27,5.449158,2.690644,0.14661744277752
296,"Kiribati",2040,28,5.297264,2.690644,0.14253051598016
296,"Kiribati",2040,29,5.091268,2.690644,0.13698789696592
296,"Kiribati",2040,30,4.826877,2.690644,0.12987407638788
296,"Kiribati",2040,31,4.558885,2.690644,0.1226633657194
296,"Kiribati",2040,32,4.293012,2.690644,0.11550966979728
296,"Kiribati",2040,33,4.067897,2.690644,0.10945262655668
296,"Kiribati",2040,34,3.870581,2.690644,0.10414355544164
296,"Kiribati",2040,35,3.633123,2.690644,0.09775440601212
296,"Kiribati",2040,36,3.292078,2.690644,0.08857809918232
296,"Kiribati",2040,37,2.923408,2.690644,0.07865850194752
296,"Kiribati",2040,38,2.533936,2.690644,0.06817919694784
296,"Kiribati",2040,39,2.104985,2.690644,0.0566376526034
296,"Kiribati",2040,40,1.613992,2.690644,0.04342677890848
296,"Kiribati",2040,41,1.206483,2.690644,0.03246216245052
296,"Kiribati",2040,42,0.853826,2.690644,0.02297341803944
296,"Kiribati",2040,43,0.564427,2.690644,0.01518672120988
296,"Kiribati",2040,44,0.340593,2.690644,0.00916414511892
296,"Kiribati",2040,45,0.186087,2.690644,0.00500693870028
296,"Kiribati",2040,46,0.092437,2.690644,0.00248715059428
296,"Kiribati",2040,47,0.036059,2.690644,0.00097021931996
296,"Kiribati",2040,48,0.009379,2.690644,0.00025235550076
296,"Kiribati",2040,49,0.000714,2.690644,1.921119816e-05
296,"Kiribati",2040,50,0.000154,2.690644,4.14359176e-06
296,"Kiribati",2040,51,0.00042,2.690644,1.13007048e-05
296,"Kiribati",2040,52,0.000519,2.690644,1.396444236e-05
296,"Kiribati",2040,53,0.00062,2.690644,1.66819928e-05
296,"Kiribati",2040,54,0.000411,2.690644,1.105854684e-05
296,"Kiribati",2041,10,0.000175,2.667053,4.66734275e-06
296,"Kiribati",2041,11,0.002321,2.667053,6.190230013e-05
296,"Kiribati",2041,12,0.013763,2.667053,0.00036706650439
296,"Kiribati",2041,13,0.06297,2.667053,0.0016794432741
296,"Kiribati",2041,14,0.18089,2.667053,0.0048244321717
296,"Kiribati",2041,15,0.430058,2.667053,0.01146987479074
296,"Kiribati",2041,16,0.877898,2.667053,0.02341400494594
296,"Kiribati",2041,17,1.492425,2.667053,0.03980376573525
296,"Kiribati",2041,18,2.252031,2.667053,0.06006286034643
296,"Kiribati",2041,19,3.007484,2.667053,0.08021119224652
296,"Kiribati",2041,20,3.716274,2.667053,0.09911499720522
296,"Kiribati",2041,21,4.342474,2.667053,0.11581608309122
296,"Kiribati",2041,22,4.866607,2.667053,0.12979498799171
296,"Kiribati",2041,23,5.257918,2.667053,0.14023145975654
296,"Kiribati",2041,24,5.506591,2.667053,0.14686370046323
296,"Kiribati",2041,25,5.6054,2.667053,0.149498988862
296,"Kiribati",2041,26,5.562051,2.667053,0.14834284805703
296,"Kiribati",2041,27,5.456842,2.667053,0.14553686826626
296,"Kiribati",2041,28,5.306117,2.667053,0.14151695263201
296,"Kiribati",2041,29,5.100258,2.667053,0.13602658399674
296,"Kiribati",2041,30,4.834977,2.667053,0.12895139912781
296,"Kiribati",2041,31,4.565323,2.667053,0.12175958403119
296,"Kiribati",2041,32,4.297215,2.667053,0.11460900157395
296,"Kiribati",2041,33,4.070043,2.667053,0.10855020393279
296,"Kiribati",2041,34,3.870871,2.667053,0.10323818113163
296,"Kiribati",2041,35,3.631494,2.667053,0.09685386967182
296,"Kiribati",2041,36,3.288108,2.667053,0.08769558305724
296,"Kiribati",2041,37,2.917433,2.667053,0.07780948434949
296,"Kiribati",2041,38,2.526403,2.667053,0.06738050700359
296,"Kiribati",2041,39,2.096237,2.667053,0.05590775179561
296,"Kiribati",2041,40,1.604204,2.667053,0.04278497090812
296,"Kiribati",2041,41,1.197067,2.667053,0.03192641133551
296,"Kiribati",2041,42,0.845624,2.667053,0.02255324026072
296,"Kiribati",2041,43,0.557847,2.667053,0.01487807514891
296,"Kiribati",2041,44,0.335839,2.667053,0.00895700412467
296,"Kiribati",2041,45,0.183183,2.667053,0.00488558769699
296,"Kiribati",2041,46,0.090709,2.667053,0.00241925710577
296,"Kiribati",2041,47,0.035162,2.667053,0.00093778917586
296,"Kiribati",2041,48,0.009009,2.667053,0.00024027480477
296,"Kiribati",2041,49,0.000659,2.667053,1.757587927e-05
296,"Kiribati",2041,50,0.000139,2.667053,3.70720367e-06
296,"Kiribati",2041,51,0.000399,2.667053,1.064154147e-05
296,"Kiribati",2041,52,0.000499,2.667053,1.330859447e-05
296,"Kiribati",2041,53,6e-04,2.667053,1.6002318e-05
296,"Kiribati",2041,54,0.000404,2.667053,1.077489412e-05
296,"Kiribati",2042,10,0.000176,2.643796,4.65308096e-06
296,"Kiribati",2042,11,0.002341,2.643796,6.189126436e-05
296,"Kiribati",2042,12,0.013884,2.643796,0.00036706463664
296,"Kiribati",2042,13,0.063524,2.643796,0.00167944497104
296,"Kiribati",2042,14,0.182481,2.643796,0.00482442537876
296,"Kiribati",2042,15,0.433841,2.643796,0.01146987100436
296,"Kiribati",2042,16,0.88213,2.643796,0.0233217176548
296,"Kiribati",2042,17,1.497128,2.643796,0.03958101017888
296,"Kiribati",2042,18,2.255899,2.643796,0.05964136752604
296,"Kiribati",2042,19,3.009294,2.643796,0.07955959440024
296,"Kiribati",2042,20,3.715116,2.643796,0.09822008820336
296,"Kiribati",2042,21,4.339637,2.643796,0.11473114942052
296,"Kiribati",2042,22,4.863459,2.643796,0.12857993450364
296,"Kiribati",2042,23,5.255866,2.643796,0.13895437507336
296,"Kiribati",2042,24,5.50684,2.643796,0.1455896156464
296,"Kiribati",2042,25,5.608387,2.643796,0.14827431117052
296,"Kiribati",2042,26,5.567732,2.643796,0.14719947590672
296,"Kiribati",2042,27,5.464568,2.643796,0.14447203020128
296,"Kiribati",2042,28,5.315138,2.643796,0.14052140583848
296,"Kiribati",2042,29,5.10952,2.643796,0.1350852853792
296,"Kiribati",2042,30,4.843433,2.643796,0.12805048791668
296,"Kiribati",2042,31,4.572167,2.643796,0.12087876825932
296,"Kiribati",2042,32,4.301845,2.643796,0.1137320060362
296,"Kiribati",2042,33,4.072613,2.643796,0.10767157958948
296,"Kiribati",2042,34,3.871566,2.643796,0.10235630704536
296,"Kiribati",2042,35,3.630236,2.643796,0.09597603415856
296,"Kiribati",2042,36,3.284484,2.643796,0.08683505661264
296,"Kiribati",2042,37,2.91178,2.643796,0.0769815231688
296,"Kiribati",2042,38,2.519171,2.643796,0.06660174213116
296,"Kiribati",2042,39,2.087778,2.643796,0.05519659125288
296,"Kiribati",2042,40,1.594711,2.643796,0.04216090562956
296,"Kiribati",2042,41,1.187924,2.643796,0.03140628719504
296,"Kiribati",2042,42,0.837659,2.643796,0.02214599513564
296,"Kiribati",2042,43,0.551461,2.643796,0.01457950385956
296,"Kiribati",2042,44,0.331235,2.643796,0.0087571776806
296,"Kiribati",2042,45,0.180382,2.643796,0.00476893210072
296,"Kiribati",2042,46,0.08905,2.643796,0.002354300338
296,"Kiribati",2042,47,0.034308,2.643796,0.00090703353168
296,"Kiribati",2042,48,0.008663,2.643796,0.00022903204748
296,"Kiribati",2042,49,0.000609,2.643796,1.610071764e-05
296,"Kiribati",2042,50,0.000127,2.643796,3.35762092e-06
296,"Kiribati",2042,51,0.00038,2.643796,1.00464248e-05
296,"Kiribati",2042,52,0.000479,2.643796,1.266378284e-05
296,"Kiribati",2042,53,0.000581,2.643796,1.536045476e-05
296,"Kiribati",2042,54,0.000398,2.643796,1.052230808e-05
296,"Kiribati",2043,10,0.000178,2.620286,4.66410908e-06
296,"Kiribati",2043,11,0.002362,2.620286,6.189115532e-05
296,"Kiribati",2043,12,0.014009,2.620286,0.00036707586574
296,"Kiribati",2043,13,0.064094,2.620286,0.00167944610884
296,"Kiribati",2043,14,0.184118,2.620286,0.00482441817748
296,"Kiribati",2043,15,0.437734,2.620286,0.01146988271924
296,"Kiribati",2043,16,0.886,2.620286,0.02321573396
296,"Kiribati",2043,17,1.501316,2.620286,0.03933877296376
296,"Kiribati",2043,18,2.259113,2.620286,0.05919522166318
296,"Kiribati",2043,19,3.010385,2.620286,0.0788806967011
296,"Kiribati",2043,20,3.713225,2.620286,0.0972971148235
296,"Kiribati",2043,21,4.336114,2.620286,0.11361858808604
296,"Kiribati",2043,22,4.859694,2.620286,0.12733788152484
296,"Kiribati",2043,23,5.253291,2.620286,0.13765124861226
296,"Kiribati",2043,24,5.506683,2.620286,0.14429084371338
296,"Kiribati",2043,25,5.611105,2.620286,0.1470269987603
296,"Kiribati",2043,26,5.573303,2.620286,0.14603647824658
296,"Kiribati",2043,27,5.472329,2.620286,0.14339067066094
296,"Kiribati",2043,28,5.324321,2.620286,0.13951243775806
296,"Kiribati",2043,29,5.119047,2.620286,0.13413367187442
296,"Kiribati",2043,30,4.85224,2.620286,0.1271425654064
296,"Kiribati",2043,31,4.579411,2.620286,0.11999366531546
296,"Kiribati",2043,32,4.306898,2.620286,0.11285304532828
296,"Kiribati",2043,33,4.075604,2.620286,0.10679248102744
296,"Kiribati",2043,34,3.872659,2.620286,0.10147474160474
296,"Kiribati",2043,35,3.629343,2.620286,0.09509916652098
296,"Kiribati",2043,36,3.2812,2.620286,0.085976824232
296,"Kiribati",2043,37,2.906443,2.620286,0.07615711902698
296,"Kiribati",2043,38,2.512233,2.620286,0.06582768958638
296,"Kiribati",2043,39,2.079602,2.620286,0.05449152006172
296,"Kiribati",2043,40,1.585507,2.620286,0.04154481795002
296,"Kiribati",2043,41,1.179047,2.620286,0.03089440347442
296,"Kiribati",2043,42,0.829923,2.620286,0.02174635617978
296,"Kiribati",2043,43,0.545263,2.620286,0.01428745005218
296,"Kiribati",2043,44,0.326778,2.620286,0.00856251818508
296,"Kiribati",2043,45,0.177679,2.620286,0.00465569796194
296,"Kiribati",2043,46,0.087457,2.620286,0.00229162352702
296,"Kiribati",2043,47,0.033495,2.620286,0.0008776647957
296,"Kiribati",2043,48,0.008339,2.620286,0.00021850564954
296,"Kiribati",2043,49,0.000564,2.620286,1.477841304e-05
296,"Kiribati",2043,50,0.000116,2.620286,3.03953176e-06
296,"Kiribati",2043,51,0.000363,2.620286,9.51163818e-06
296,"Kiribati",2043,52,0.00046,2.620286,1.20533156e-05
296,"Kiribati",2043,53,0.000563,2.620286,1.475221018e-05
296,"Kiribati",2043,54,0.000391,2.620286,1.024531826e-05
296,"Kiribati",2044,10,0.000179,2.597127,4.64885733e-06
296,"Kiribati",2044,11,0.002383,2.597127,6.188953641e-05
296,"Kiribati",2044,12,0.014134,2.597127,0.00036707793018
296,"Kiribati",2044,13,0.064666,2.597127,0.00167945814582
296,"Kiribati",2044,14,0.18576,2.597127,0.0048244231152
296,"Kiribati",2044,15,0.441637,2.597127,0.01146987376899
296,"Kiribati",2044,16,0.889503,2.597127,0.02310152257881
296,"Kiribati",2044,17,1.504985,2.597127,0.03908637178095
296,"Kiribati",2044,18,2.261671,2.597127,0.05873846819217
296,"Kiribati",2044,19,3.010759,2.597127,0.07819323489393
296,"Kiribati",2044,20,3.710611,2.597127,0.09636928014597
296,"Kiribati",2044,21,4.331913,2.597127,0.11250528213951
296,"Kiribati",2044,22,4.855325,2.597127,0.12609895651275
296,"Kiribati",2044,23,5.250206,2.597127,0.13635451758162
296,"Kiribati",2044,24,5.50613,2.597127,0.1430011888851
296,"Kiribati",2044,25,5.613568,2.597127,0.14579149019136
296,"Kiribati",2044,26,5.578776,2.597127,0.14488789776552
296,"Kiribati",2044,27,5.480136,2.597127,0.14232609169272
296,"Kiribati",2044,28,5.33368,2.597127,0.1385224433736
296,"Kiribati",2044,29,5.128854,2.597127,0.13320285202458
296,"Kiribati",2044,30,4.861412,2.597127,0.12625704363324
296,"Kiribati",2044,31,4.587069,2.597127,0.11913200750763
296,"Kiribati",2044,32,4.312384,2.597127,0.11199808920768
296,"Kiribati",2044,33,4.079026,2.597127,0.10593748558302
296,"Kiribati",2044,34,3.87416,2.597127,0.1006168553832
296,"Kiribati",2044,35,3.628824,2.597127,0.09424516788648
296,"Kiribati",2044,36,3.278263,2.597127,0.08514065350401
296,"Kiribati",2044,37,2.901426,2.597127,0.07535371803102
296,"Kiribati",2044,38,2.505593,2.597127,0.06507343231311
296,"Kiribati",2044,39,2.07171,2.597127,0.0538049397717
296,"Kiribati",2044,40,1.576591,2.597127,0.04094607054057
296,"Kiribati",2044,41,1.170435,2.597127,0.03039768340245
296,"Kiribati",2044,42,0.822413,2.597127,0.02135911007451
296,"Kiribati",2044,43,0.539251,2.597127,0.01400503331877
296,"Kiribati",2044,44,0.322465,2.597127,0.00837482558055
296,"Kiribati",2044,45,0.175072,2.597127,0.00454684218144
296,"Kiribati",2044,46,0.085927,2.597127,0.00223163331729
296,"Kiribati",2044,47,0.03272,2.597127,0.0008497799544
296,"Kiribati",2044,48,0.008035,2.597127,0.00020867915445
296,"Kiribati",2044,49,0.000523,2.597127,1.358297421e-05
296,"Kiribati",2044,50,0.000106,2.597127,2.75295462e-06
296,"Kiribati",2044,51,0.000346,2.597127,8.98605942e-06
296,"Kiribati",2044,52,0.000443,2.597127,1.150527261e-05
296,"Kiribati",2044,53,0.000545,2.597127,1.415434215e-05
296,"Kiribati",2044,54,0.000385,2.597127,9.99893895e-06
296,"Kiribati",2045,10,0.000181,2.579108,4.66818548e-06
296,"Kiribati",2045,11,0.0024,2.579108,6.1898592e-05
296,"Kiribati",2045,12,0.014232,2.579108,0.00036705865056
296,"Kiribati",2045,13,0.065117,2.579108,0.00167943775636
296,"Kiribati",2045,14,0.187058,2.579108,0.00482442784264
296,"Kiribati",2045,15,0.444722,2.579108,0.01146986067976
296,"Kiribati",2045,16,0.892635,2.579108,0.0230220206958
296,"Kiribati",2045,17,1.508131,2.579108,0.03889632727148
296,"Kiribati",2045,18,2.263572,2.579108,0.05837996653776
296,"Kiribati",2045,19,3.010417,2.579108,0.07764190568036
296,"Kiribati",2045,20,3.707332,2.579108,0.09561609619856
296,"Kiribati",2045,21,4.327103,2.579108,0.11160065964124
296,"Kiribati",2045,22,4.850426,2.579108,0.12509772500008
296,"Kiribati",2045,23,5.246689,2.579108,0.13531777573412
296,"Kiribati",2045,24,5.505265,2.579108,0.1419867300362
296,"Kiribati",2045,25,5.615859,2.579108,0.14483906873772
296,"Kiribati",2045,26,5.584234,2.579108,0.14402342583272
296,"Kiribati",2045,27,5.488072,2.579108,0.14154330399776
296,"Kiribati",2045,28,5.343294,2.579108,0.13780932301752
296,"Kiribati",2045,29,5.139017,2.579108,0.13254079856836
296,"Kiribati",2045,30,4.871021,2.579108,0.12562889229268
296,"Kiribati",2045,31,4.59521,2.579108,0.1185154287268
296,"Kiribati",2045,32,4.318369,2.579108,0.11137540034852
296,"Kiribati",2045,33,4.082939,2.579108,0.10530340638412
296,"Kiribati",2045,34,3.876128,2.579108,0.09996952733824
296,"Kiribati",2045,35,3.628732,2.579108,0.09358891731056
296,"Kiribati",2045,36,3.275721,2.579108,0.08448438236868
296,"Kiribati",2045,37,2.896772,2.579108,0.07471087839376
296,"Kiribati",2045,38,2.499286,2.579108,0.06445928516888
296,"Kiribati",2045,39,2.064129,2.579108,0.05323611616932
296,"Kiribati",2045,40,1.567983,2.579108,0.04043997499164
296,"Kiribati",2045,41,1.1621,2.579108,0.029971814068
296,"Kiribati",2045,42,0.815137,2.579108,0.02102326357796
296,"Kiribati",2045,43,0.533426,2.579108,0.01375763264008
296,"Kiribati",2045,44,0.318295,2.579108,0.0082091718086
296,"Kiribati",2045,45,0.172557,2.579108,0.00445043139156
296,"Kiribati",2045,46,0.084458,2.579108,0.00217826303464
296,"Kiribati",2045,47,0.031982,2.579108,0.00082485032056
296,"Kiribati",2045,48,0.00775,2.579108,0.00019988087
296,"Kiribati",2045,49,0.000487,2.579108,1.256025596e-05
296,"Kiribati",2045,50,9.7e-05,2.579108,2.50173476e-06
296,"Kiribati",2045,51,0.000331,2.579108,8.53684748e-06
296,"Kiribati",2045,52,0.000427,2.579108,1.101279116e-05
296,"Kiribati",2045,53,0.000529,2.579108,1.364348132e-05
296,"Kiribati",2045,54,0.000379,2.579108,9.77481932e-06
296,"Kiribati",2046,10,0.000182,2.559901,4.65901982e-06
296,"Kiribati",2046,11,0.002418,2.559901,6.189840618e-05
296,"Kiribati",2046,12,0.014339,2.559901,0.00036706420439
296,"Kiribati",2046,13,0.065606,2.559901,0.00167944865006
296,"Kiribati",2046,14,0.188462,2.559901,0.00482444062262
296,"Kiribati",2046,15,0.447737,2.559901,0.01146162394037
296,"Kiribati",2046,16,0.895393,2.559901,0.02292117436093
296,"Kiribati",2046,17,1.510752,2.559901,0.03867375555552
296,"Kiribati",2046,18,2.264815,2.559901,0.05797702183315
296,"Kiribati",2046,19,3.00936,2.559901,0.0770366367336
296,"Kiribati",2046,20,3.703332,2.559901,0.09480163290132
296,"Kiribati",2046,21,4.32162,2.559901,0.1106291935962
296,"Kiribati",2046,22,4.844925,2.559901,0.12402528352425
296,"Kiribati",2046,23,5.242663,2.559901,0.13420698256363
296,"Kiribati",2046,24,5.504004,2.559901,0.14089705343604
296,"Kiribati",2046,25,5.617893,2.559901,0.14381249908593
296,"Kiribati",2046,26,5.589593,2.559901,0.14308804710293
296,"Kiribati",2046,27,5.496055,2.559901,0.14069356690555
296,"Kiribati",2046,28,5.353085,2.559901,0.13703367644585
296,"Kiribati",2046,29,5.149462,2.559901,0.13182112923262
296,"Kiribati",2046,30,4.880998,2.559901,0.12494871661198
296,"Kiribati",2046,31,4.603767,2.559901,0.11785187747067
296,"Kiribati",2046,32,4.324792,2.559901,0.11071039365592
296,"Kiribati",2046,33,4.087286,2.559901,0.10463047518686
296,"Kiribati",2046,34,3.878504,2.559901,0.09928586268104
296,"Kiribati",2046,35,3.629013,2.559901,0.09289914007713
296,"Kiribati",2046,36,3.273524,2.559901,0.08379897361124
296,"Kiribati",2046,37,2.892435,2.559901,0.07404347248935
296,"Kiribati",2046,38,2.493272,2.559901,0.06382529486072
296,"Kiribati",2046,39,2.056827,2.559901,0.05265273494127
296,"Kiribati",2046,40,1.559653,2.559901,0.03992557274353
296,"Kiribati",2046,41,1.154019,2.559901,0.02954174392119
296,"Kiribati",2046,42,0.808078,2.559901,0.02068599680278
296,"Kiribati",2046,43,0.527778,2.559901,0.01351059429978
296,"Kiribati",2046,44,0.31426,2.559901,0.0080447448826
296,"Kiribati",2046,45,0.170133,2.559901,0.00435523636833
296,"Kiribati",2046,46,0.083047,2.559901,0.00212592098347
296,"Kiribati",2046,47,0.031279,2.559901,0.00080071143379
296,"Kiribati",2046,48,0.007482,2.559901,0.00019153179282
296,"Kiribati",2046,49,0.000454,2.559901,1.162195054e-05
296,"Kiribati",2046,50,8.9e-05,2.559901,2.27831189e-06
296,"Kiribati",2046,51,0.000316,2.559901,8.08928716e-06
296,"Kiribati",2046,52,0.000411,2.559901,1.052119311e-05
296,"Kiribati",2046,53,0.000513,2.559901,1.313229213e-05
296,"Kiribati",2046,54,0.000372,2.559901,9.52283172e-06
296,"Kiribati",2047,10,0.000184,2.53654,4.6672336e-06
296,"Kiribati",2047,11,0.00244,2.53654,6.1891576e-05
296,"Kiribati",2047,12,0.014471,2.53654,0.0003670627034
296,"Kiribati",2047,13,0.06621,2.53654,0.001679443134
296,"Kiribati",2047,14,0.190197,2.53654,0.0048244229838
296,"Kiribati",2047,15,0.449109,2.53654,0.0113918294286
296,"Kiribati",2047,16,0.897774,2.53654,0.0227723966196
296,"Kiribati",2047,17,1.512846,2.53654,0.0383739439284
296,"Kiribati",2047,18,2.2654,2.53654,0.05746277716
296,"Kiribati",2047,19,3.00759,2.53654,0.076288723386
296,"Kiribati",2047,20,3.698667,2.53654,0.0938181679218
296,"Kiribati",2047,21,4.315526,2.53654,0.1094650432004
296,"Kiribati",2047,22,4.838892,2.53654,0.1227404311368
296,"Kiribati",2047,23,5.238202,2.53654,0.1328690890108
296,"Kiribati",2047,24,5.502425,2.53654,0.139571211095
296,"Kiribati",2047,25,5.619749,2.53654,0.1425471812846
296,"Kiribati",2047,26,5.594931,2.53654,0.1419176627874
296,"Kiribati",2047,27,5.504162,2.53654,0.1396152707948
296,"Kiribati",2047,28,5.363127,2.53654,0.1360378616058
296,"Kiribati",2047,29,5.160263,2.53654,0.1308921351002
296,"Kiribati",2047,30,4.891413,2.53654,0.1240726473102
296,"Kiribati",2047,31,4.612808,2.53654,0.1170057200432
296,"Kiribati",2047,32,4.331712,2.53654,0.1098756075648
296,"Kiribati",2047,33,4.092123,2.53654,0.1037983367442
296,"Kiribati",2047,34,3.881343,2.53654,0.0984518177322
296,"Kiribati",2047,35,3.629718,2.53654,0.0920692489572
296,"Kiribati",2047,36,3.271716,2.53654,0.0829883850264
296,"Kiribati",2047,37,2.888454,2.53654,0.0732667910916
296,"Kiribati",2047,38,2.487584,2.53654,0.0630985631936
296,"Kiribati",2047,39,2.049829,2.53654,0.0519947325166
296,"Kiribati",2047,40,1.551621,2.53654,0.0393574873134
296,"Kiribati",2047,41,1.146204,2.53654,0.0290739229416
296,"Kiribati",2047,42,0.801242,2.53654,0.0203238238268
296,"Kiribati",2047,43,0.522309,2.53654,0.0132485767086
296,"Kiribati",2047,44,0.310361,2.53654,0.0078724309094
296,"Kiribati",2047,45,0.167796,2.53654,0.0042562126584
296,"Kiribati",2047,46,0.081694,2.53654,0.0020722009876
296,"Kiribati",2047,47,0.030609,2.53654,0.0007764095286
296,"Kiribati",2047,48,0.007231,2.53654,0.0001834172074
296,"Kiribati",2047,49,0.000424,2.53654,1.07549296e-05
296,"Kiribati",2047,50,8.2e-05,2.53654,2.0799628e-06
296,"Kiribati",2047,51,0.000303,2.53654,7.6857162e-06
296,"Kiribati",2047,52,0.000396,2.53654,1.00446984e-05
296,"Kiribati",2047,53,0.000498,2.53654,1.26319692e-05
296,"Kiribati",2047,54,0.000366,2.53654,9.2837364e-06
296,"Kiribati",2048,10,0.000185,2.515582,4.6538267e-06
296,"Kiribati",2048,11,0.002461,2.515582,6.190847302e-05
296,"Kiribati",2048,12,0.014592,2.515582,0.00036707372544
296,"Kiribati",2048,13,0.066762,2.515582,0.00167945285484
296,"Kiribati",2048,14,0.191782,2.515582,0.00482443347124
296,"Kiribati",2048,15,0.450254,2.515582,0.01132650857828
296,"Kiribati",2048,16,0.899773,2.515582,0.02263452762886
296,"Kiribati",2048,17,1.514411,2.515582,0.03809625052202
296,"Kiribati",2048,18,2.265326,2.515582,0.05698613309732
296,"Kiribati",2048,19,3.005108,2.515582,0.07559595592856
296,"Kiribati",2048,20,3.693308,2.515582,0.09290819125256
296,"Kiribati",2048,21,4.308791,2.515582,0.10839117081362
296,"Kiribati",2048,22,4.832291,2.515582,0.12156024258362
296,"Kiribati",2048,23,5.233265,2.515582,0.1316470723523
296,"Kiribati",2048,24,5.500486,2.515582,0.13836923572852
296,"Kiribati",2048,25,5.621382,2.515582,0.14141047374324
296,"Kiribati",2048,26,5.600205,2.515582,0.1408777489431
296,"Kiribati",2048,27,5.51235,2.515582,0.138667684377
296,"Kiribati",2048,28,5.373382,2.515582,0.13517183038324
296,"Kiribati",2048,29,5.17138,2.515582,0.1300903044316
296,"Kiribati",2048,30,4.902231,2.515582,0.12331964063442
296,"Kiribati",2048,31,4.6223,2.515582,0.116277746786
296,"Kiribati",2048,32,4.339101,2.515582,0.10915364371782
296,"Kiribati",2048,33,4.097421,2.515582,0.10307398514022
296,"Kiribati",2048,34,3.884617,2.515582,0.09772072602094
296,"Kiribati",2048,35,3.630819,2.515582,0.09133622921658
296,"Kiribati",2048,36,3.270271,2.515582,0.08226634862722
296,"Kiribati",2048,37,2.884806,2.515582,0.07256966047092
296,"Kiribati",2048,38,2.482201,2.515582,0.06244180155982
296,"Kiribati",2048,39,2.043116,2.515582,0.05139625833512
296,"Kiribati",2048,40,1.54387,2.515582,0.0388373158234
296,"Kiribati",2048,41,1.138642,2.515582,0.02864347319644
296,"Kiribati",2048,42,0.794619,2.515582,0.01998929253258
296,"Kiribati",2048,43,0.51701,2.515582,0.0130058104982
296,"Kiribati",2048,44,0.306591,2.515582,0.00771254800962
296,"Kiribati",2048,45,0.165544,2.515582,0.00416439506608
296,"Kiribati",2048,46,0.080395,2.515582,0.0020224021489
296,"Kiribati",2048,47,0.029971,2.515582,0.00075394508122
296,"Kiribati",2048,48,0.006995,2.515582,0.0001759649609
296,"Kiribati",2048,49,0.000397,2.515582,9.98686054e-06
296,"Kiribati",2048,50,7.6e-05,2.515582,1.91184232e-06
296,"Kiribati",2048,51,0.00029,2.515582,7.2951878e-06
296,"Kiribati",2048,52,0.000382,2.515582,9.60952324e-06
296,"Kiribati",2048,53,0.000483,2.515582,1.215026106e-05
296,"Kiribati",2048,54,0.00036,2.515582,9.0560952e-06
296,"Kiribati",2049,10,0.000186,2.49851,4.6472286e-06
296,"Kiribati",2049,11,0.002477,2.49851,6.18880927e-05
296,"Kiribati",2049,12,0.014691,2.49851,0.0003670561041
296,"Kiribati",2049,13,0.067218,2.49851,0.0016794484518
296,"Kiribati",2049,14,0.193092,2.49851,0.0048244229292
296,"Kiribati",2049,15,0.451169,2.49851,0.0112725025819
296,"Kiribati",2049,16,0.90139,2.49851,0.022521319289
296,"Kiribati",2049,17,1.515445,2.49851,0.0378635448695
296,"Kiribati",2049,18,2.264594,2.49851,0.0565811075494
296,"Kiribati",2049,19,3.001916,2.49851,0.0750031714516
296,"Kiribati",2049,20,3.687269,2.49851,0.0921267846919
296,"Kiribati",2049,21,4.301426,2.49851,0.1074715587526
296,"Kiribati",2049,22,4.825135,2.49851,0.1205564804885
296,"Kiribati",2049,23,5.227866,2.49851,0.1306187547966
296,"Kiribati",2049,24,5.498197,2.49851,0.1373730018647
296,"Kiribati",2049,25,5.622804,2.49851,0.1404863202204
296,"Kiribati",2049,26,5.605426,2.49851,0.1400521291526
296,"Kiribati",2049,27,5.520632,2.49851,0.1379335425832
296,"Kiribati",2049,28,5.38386,2.49851,0.134516280486
296,"Kiribati",2049,29,5.182828,2.49851,0.1294934758628
296,"Kiribati",2049,30,4.913464,2.49851,0.1227633893864
296,"Kiribati",2049,31,4.632254,2.49851,0.1157373294154
296,"Kiribati",2049,32,4.346968,2.49851,0.1086094301768
296,"Kiribati",2049,33,4.10319,2.49851,0.102518612469
296,"Kiribati",2049,34,3.888335,2.49851,0.0971504388085
296,"Kiribati",2049,35,3.632323,2.49851,0.0907539533873
296,"Kiribati",2049,36,3.269197,2.49851,0.0816812139647
296,"Kiribati",2049,37,2.881494,2.49851,0.0719944157394
296,"Kiribati",2049,38,2.477125,2.49851,0.0618912158375
296,"Kiribati",2049,39,2.03669,2.49851,0.050886903319
296,"Kiribati",2049,40,1.536399,2.49851,0.0383870826549
296,"Kiribati",2049,41,1.131331,2.49851,0.0282664181681
296,"Kiribati",2049,42,0.788205,2.49851,0.0196933807455
296,"Kiribati",2049,43,0.511879,2.49851,0.0127893480029
296,"Kiribati",2049,44,0.302947,2.49851,0.0075691610897
296,"Kiribati",2049,45,0.163374,2.49851,0.0040819157274
296,"Kiribati",2049,46,0.079149,2.49851,0.0019775456799
296,"Kiribati",2049,47,0.029365,2.49851,0.0007336874615
296,"Kiribati",2049,48,0.006774,2.49851,0.0001692490674
296,"Kiribati",2049,49,0.000372,2.49851,9.2944572e-06
296,"Kiribati",2049,50,7e-05,2.49851,1.748957e-06
296,"Kiribati",2049,51,0.000278,2.49851,6.9458578e-06
296,"Kiribati",2049,52,0.000369,2.49851,9.2195019e-06
296,"Kiribati",2049,53,0.00047,2.49851,1.1742997e-05
296,"Kiribati",2049,54,0.000353,2.49851,8.8197403e-06
296,"Kiribati",2050,10,0.000188,2.48186,4.6658968e-06
296,"Kiribati",2050,11,0.002494,2.48186,6.18975884e-05
296,"Kiribati",2050,12,0.01479,2.48186,0.000367067094
296,"Kiribati",2050,13,0.067194,2.48186,0.0016676610084
296,"Kiribati",2050,14,0.194388,2.48186,0.0048244380168
296,"Kiribati",2050,15,0.451855,2.48186,0.011214408503
296,"Kiribati",2050,16,0.902622,2.48186,0.0224018143692
296,"Kiribati",2050,17,1.515947,2.48186,0.0376236822142
296,"Kiribati",2050,18,2.263205,2.48186,0.056169579613
296,"Kiribati",2050,19,2.998018,2.48186,0.0744066095348
296,"Kiribati",2050,20,3.680554,2.48186,0.0913461975044
296,"Kiribati",2050,21,4.293441,2.48186,0.1065571948026
296,"Kiribati",2050,22,4.817431,2.48186,0.1195618930166
296,"Kiribati",2050,23,5.222012,2.48186,0.1296030270232
296,"Kiribati",2050,24,5.495566,2.48186,0.1363922543276
296,"Kiribati",2050,25,5.624023,2.48186,0.1395803772278
296,"Kiribati",2050,26,5.610601,2.48186,0.1392472619786
296,"Kiribati",2050,27,5.529014,2.48186,0.1372223868604
296,"Kiribati",2050,28,5.394571,2.48186,0.1338856998206
296,"Kiribati",2050,29,5.194614,2.48186,0.1289230470204
296,"Kiribati",2050,30,4.925121,2.48186,0.1222346080506
296,"Kiribati",2050,31,4.642679,2.48186,0.1152247930294
296,"Kiribati",2050,32,4.355323,2.48186,0.1080930194078
296,"Kiribati",2050,33,4.109437,2.48186,0.1019904731282
296,"Kiribati",2050,34,3.892502,2.48186,0.0966064501372
296,"Kiribati",2050,35,3.634236,2.48186,0.0901966495896
296,"Kiribati",2050,36,3.268497,2.48186,0.0811195196442
296,"Kiribati",2050,37,2.878523,2.48186,0.0714409109278
296,"Kiribati",2050,38,2.472359,2.48186,0.0613604890774
296,"Kiribati",2050,39,2.030551,2.48186,0.0503954330486
296,"Kiribati",2050,40,1.529207,2.48186,0.0379527768502
296,"Kiribati",2050,41,1.124267,2.48186,0.0279027329662
296,"Kiribati",2050,42,0.781999,2.48186,0.0194081203814
296,"Kiribati",2050,43,0.506912,2.48186,0.0125808461632
296,"Kiribati",2050,44,0.299427,2.48186,0.0074313589422
296,"Kiribati",2050,45,0.161283,2.48186,0.0040028182638
296,"Kiribati",2050,46,0.077954,2.48186,0.0019347091444
296,"Kiribati",2050,47,0.028787,2.48186,0.0007144530382
296,"Kiribati",2050,48,0.006567,2.48186,0.0001629837462
296,"Kiribati",2050,49,0.00035,2.48186,8.68651e-06
296,"Kiribati",2050,50,6.5e-05,2.48186,1.613209e-06
296,"Kiribati",2050,51,0.000267,2.48186,6.6265662e-06
296,"Kiribati",2050,52,0.000357,2.48186,8.8602402e-06
296,"Kiribati",2050,53,0.000457,2.48186,1.13421002e-05
296,"Kiribati",2050,54,0.000347,2.48186,8.6120542e-06
296,"Kiribati",2051,10,0.000189,2.468788,4.66600932e-06
296,"Kiribati",2051,11,0.002507,2.468788,6.189251516e-05
296,"Kiribati",2051,12,0.014868,2.468788,0.00036705939984
296,"Kiribati",2051,13,0.066883,2.468788,0.00165119947804
296,"Kiribati",2051,14,0.195417,2.468788,0.00482443144596
296,"Kiribati",2051,15,0.452309,2.468788,0.01116655031492
296,"Kiribati",2051,16,0.903467,2.468788,0.02230468487996
296,"Kiribati",2051,17,1.515918,2.468788,0.03742480167384
296,"Kiribati",2051,18,2.26116,2.468788,0.0558232467408
296,"Kiribati",2051,19,2.993416,2.468788,0.07390109499808
296,"Kiribati",2051,20,3.673173,2.468788,0.09068285424324
296,"Kiribati",2051,21,4.284841,2.468788,0.10578364042708
296,"Kiribati",2051,22,4.809186,2.468788,0.11872860686568
296,"Kiribati",2051,23,5.215709,2.468788,0.12876479790692
296,"Kiribati",2051,24,5.492599,2.468788,0.13560062500012
296,"Kiribati",2051,25,5.625042,2.468788,0.13887036189096
296,"Kiribati",2051,26,5.615734,2.468788,0.13864056710392
296,"Kiribati",2051,27,5.537503,2.468788,0.13670920956364
296,"Kiribati",2051,28,5.40552,2.468788,0.1334508290976
296,"Kiribati",2051,29,5.206745,2.468788,0.1285434957506
296,"Kiribati",2051,30,4.937209,2.468788,0.12188922332692
296,"Kiribati",2051,31,4.653582,2.468788,0.11488707398616
296,"Kiribati",2051,32,4.36417,2.468788,0.1077421052596
296,"Kiribati",2051,33,4.116168,2.468788,0.10161946164384
296,"Kiribati",2051,34,3.897124,2.468788,0.09621172965712
296,"Kiribati",2051,35,3.636561,2.468788,0.08977898158068
296,"Kiribati",2051,36,3.268173,2.468788,0.08068426284324
296,"Kiribati",2051,37,2.875892,2.468788,0.07099967658896
296,"Kiribati",2051,38,2.467902,2.468788,0.06092726842776
296,"Kiribati",2051,39,2.024698,2.468788,0.04998550126024
296,"Kiribati",2051,40,1.522291,2.468788,0.03758213753308
296,"Kiribati",2051,41,1.117449,2.468788,0.02758744681812
296,"Kiribati",2051,42,0.775995,2.468788,0.0191576714406
296,"Kiribati",2051,43,0.502106,2.468788,0.01239593267528
296,"Kiribati",2051,44,0.296028,2.468788,0.00730830374064
296,"Kiribati",2051,45,0.15927,2.468788,0.0039320386476
296,"Kiribati",2051,46,0.076808,2.468788,0.00189622668704
296,"Kiribati",2051,47,0.028237,2.468788,0.00069711166756
296,"Kiribati",2051,48,0.006372,2.468788,0.00015731117136
296,"Kiribati",2051,49,0.00033,2.468788,8.1470004e-06
296,"Kiribati",2051,50,6.1e-05,2.468788,1.50596068e-06
296,"Kiribati",2051,51,0.000257,2.468788,6.34478516e-06
296,"Kiribati",2051,52,0.000345,2.468788,8.5173186e-06
296,"Kiribati",2051,53,0.000444,2.468788,1.096141872e-05
296,"Kiribati",2051,54,0.000341,2.468788,8.41856708e-06
296,"Kiribati",2052,10,0.00019,2.451637,4.6581103e-06
296,"Kiribati",2052,11,0.002525,2.451637,6.190383425e-05
296,"Kiribati",2052,12,0.014972,2.451637,0.00036705909164
296,"Kiribati",2052,13,0.066508,2.451637,0.00163053473596
296,"Kiribati",2052,14,0.196784,2.451637,0.00482442935408
296,"Kiribati",2052,15,0.452531,2.451637,0.01109441743247
296,"Kiribati",2052,16,0.903925,2.451637,0.02216095975225
296,"Kiribati",2052,17,1.515356,2.451637,0.03715102837772
296,"Kiribati",2052,18,2.25846,2.451637,0.0553692409902
296,"Kiribati",2052,19,2.988112,2.451637,0.07325765939344
296,"Kiribati",2052,20,3.665093,2.451637,0.08985477607241
296,"Kiribati",2052,21,4.275589,2.451637,0.10482192189193
296,"Kiribati",2052,22,4.800358,2.451637,0.11768735286046
296,"Kiribati",2052,23,5.208909,2.451637,0.12770354034033
296,"Kiribati",2052,24,5.489243,2.451637,0.13457631240791
296,"Kiribati",2052,25,5.625807,2.451637,0.13792436596059
296,"Kiribati",2052,26,5.620772,2.451637,0.13780092603764
296,"Kiribati",2052,27,5.546044,2.451637,0.13596886674028
296,"Kiribati",2052,28,5.416656,2.451637,0.13279674265872
296,"Kiribati",2052,29,5.219173,2.451637,0.12795517636201
296,"Kiribati",2052,30,4.949684,2.451637,0.12134828432708
296,"Kiribati",2052,31,4.664922,2.451637,0.11436695377314
296,"Kiribati",2052,32,4.373471,2.451637,0.10722163322027
296,"Kiribati",2052,33,4.123346,2.451637,0.10108947617402
296,"Kiribati",2052,34,3.902164,2.451637,0.09566689642468
296,"Kiribati",2052,35,3.639265,2.451637,0.08922156726805
296,"Kiribati",2052,36,3.268193,2.451637,0.08012422881941
296,"Kiribati",2052,37,2.873574,2.451637,0.07044960340638
296,"Kiribati",2052,38,2.463729,2.451637,0.06040169174373
296,"Kiribati",2052,39,2.019109,2.451637,0.04950122331433
296,"Kiribati",2052,40,1.515634,2.451637,0.03715784392858
296,"Kiribati",2052,41,1.110861,2.451637,0.02723427929457
296,"Kiribati",2052,42,0.770184,2.451637,0.01888211591208
296,"Kiribati",2052,43,0.497452,2.451637,0.01219571728924
296,"Kiribati",2052,44,0.292742,2.451637,0.00717697118654
296,"Kiribati",2052,45,0.157332,2.451637,0.00385720952484
296,"Kiribati",2052,46,0.07571,2.451637,0.0018561343727
296,"Kiribati",2052,47,0.027714,2.451637,0.00067944667818
296,"Kiribati",2052,48,0.006189,2.451637,0.00015173181393
296,"Kiribati",2052,49,0.000311,2.451637,7.62459107e-06
296,"Kiribati",2052,50,5.7e-05,2.451637,1.39743309e-06
296,"Kiribati",2052,51,0.000248,2.451637,6.08005976e-06
296,"Kiribati",2052,52,0.000334,2.451637,8.18846758e-06
296,"Kiribati",2052,53,0.000432,2.451637,1.059107184e-05
296,"Kiribati",2052,54,0.000334,2.451637,8.18846758e-06
296,"Kiribati",2053,10,0.000191,2.436269,4.65327379e-06
296,"Kiribati",2053,11,0.002541,2.436269,6.190559529e-05
296,"Kiribati",2053,12,0.015067,2.436269,0.00036707265023
296,"Kiribati",2053,13,0.066072,2.436269,0.00160969165368
296,"Kiribati",2053,14,0.198025,2.436269,0.00482442168725
296,"Kiribati",2053,15,0.452521,2.436269,0.01102462884149
296,"Kiribati",2053,16,0.903995,2.436269,0.02202374994655
296,"Kiribati",2053,17,1.514263,2.436269,0.03689152004747
296,"Kiribati",2053,18,2.255109,2.436269,0.05494052148321
296,"Kiribati",2053,19,2.982111,2.436269,0.07265224583859
296,"Kiribati",2053,20,3.656337,2.436269,0.08907820486653
296,"Kiribati",2053,21,4.265713,2.436269,0.10392424344797
296,"Kiribati",2053,22,4.790973,2.436269,0.11672098999737
296,"Kiribati",2053,23,5.20164,2.436269,0.1267259428116
296,"Kiribati",2053,24,5.485528,2.436269,0.13364221815032
296,"Kiribati",2053,25,5.626348,2.436269,0.13707297215612
296,"Kiribati",2053,26,5.625744,2.436269,0.13705825709136
296,"Kiribati",2053,27,5.554669,2.436269,0.13532667889961
296,"Kiribati",2053,28,5.42801,2.436269,0.1322409249469
296,"Kiribati",2053,29,5.231928,2.436269,0.12746383996632
296,"Kiribati",2053,30,4.962575,2.436269,0.12090167632675
296,"Kiribati",2053,31,4.676726,2.436269,0.11393762575294
296,"Kiribati",2053,32,4.383253,2.436269,0.10678783403057
296,"Kiribati",2053,33,4.130994,2.436269,0.10064212621386
296,"Kiribati",2053,34,3.907646,2.436269,0.09520076812774
296,"Kiribati",2053,35,3.642367,2.436269,0.08873785808723
296,"Kiribati",2053,36,3.268576,2.436269,0.07963130382944
296,"Kiribati",2053,37,2.871584,2.436269,0.06995951080096
296,"Kiribati",2053,38,2.459852,2.436269,0.05992861172188
296,"Kiribati",2053,39,2.013794,2.436269,0.04906143894586
296,"Kiribati",2053,40,1.50924,2.436269,0.0367691462556
296,"Kiribati",2053,41,1.104505,2.436269,0.02690871291845
296,"Kiribati",2053,42,0.764565,2.436269,0.01862686007985
296,"Kiribati",2053,43,0.49295,2.436269,0.0120095880355
296,"Kiribati",2053,44,0.28957,2.436269,0.0070547041433
296,"Kiribati",2053,45,0.155467,2.436269,0.00378759432623
296,"Kiribati",2053,46,0.074658,2.436269,0.00181886971002
296,"Kiribati",2053,47,0.027217,2.436269,0.00066307933373
296,"Kiribati",2053,48,0.006018,2.436269,0.00014661466842
296,"Kiribati",2053,49,0.000295,2.436269,7.18699355e-06
296,"Kiribati",2053,50,5.3e-05,2.436269,1.29122257e-06
296,"Kiribati",2053,51,0.000239,2.436269,5.82268291e-06
296,"Kiribati",2053,52,0.000324,2.436269,7.89351156e-06
296,"Kiribati",2053,53,0.00042,2.436269,1.02323298e-05
296,"Kiribati",2053,54,0.000328,2.436269,7.99096232e-06
296,"Kiribati",2054,10,0.000193,2.418375,4.66746375e-06
296,"Kiribati",2054,11,0.002559,2.418375,6.188621625e-05
296,"Kiribati",2054,12,0.015178,2.418375,0.0003670609575
296,"Kiribati",2054,13,0.065574,2.418375,0.0015858252225
296,"Kiribati",2054,14,0.199442,2.418375,0.0048232554675
296,"Kiribati",2054,15,0.452279,2.418375,0.01093780226625
296,"Kiribati",2054,16,0.903676,2.418375,0.021854274465
296,"Kiribati",2054,17,1.512638,2.418375,0.0365812592325
296,"Kiribati",2054,18,2.251107,2.418375,0.05444020891125
296,"Kiribati",2054,19,2.975415,2.418375,0.07195669250625
296,"Kiribati",2054,20,3.646899,2.418375,0.08819569369125
296,"Kiribati",2054,21,4.2552,2.418375,0.102906693
296,"Kiribati",2054,22,4.781019,2.418375,0.11562296824125
296,"Kiribati",2054,23,5.193885,2.418375,0.12560761636875
296,"Kiribati",2054,24,5.481434,2.418375,0.1325616294975
296,"Kiribati",2054,25,5.626645,2.418375,0.13607337601875
296,"Kiribati",2054,26,5.630629,2.418375,0.13616972407875
296,"Kiribati",2054,27,5.563356,2.418375,0.134542810665
296,"Kiribati",2054,28,5.439561,2.418375,0.13154898333375
296,"Kiribati",2054,29,5.244993,2.418375,0.12684359946375
296,"Kiribati",2054,30,4.975865,2.418375,0.12033507519375
296,"Kiribati",2054,31,4.68898,2.418375,0.113397120075
296,"Kiribati",2054,32,4.393502,2.418375,0.1062513539925
296,"Kiribati",2054,33,4.1391,2.418375,0.100098959625
296,"Kiribati",2054,34,3.913555,2.418375,0.09464443573125
296,"Kiribati",2054,35,3.645855,2.418375,0.08817044585625
296,"Kiribati",2054,36,3.269309,2.418375,0.07906415152875
296,"Kiribati",2054,37,2.869909,2.418375,0.06940516177875
296,"Kiribati",2054,38,2.45626,2.418375,0.059401577775
296,"Kiribati",2054,39,2.008742,2.418375,0.0485789143425
296,"Kiribati",2054,40,1.503101,2.418375,0.03635061880875
296,"Kiribati",2054,41,1.098375,2.418375,0.02656282640625
296,"Kiribati",2054,42,0.759132,2.418375,0.018358658505
296,"Kiribati",2054,43,0.488595,2.418375,0.01181605933125
296,"Kiribati",2054,44,0.286507,2.418375,0.00692881366125
296,"Kiribati",2054,45,0.153672,2.418375,0.00371636523
296,"Kiribati",2054,46,0.07365,2.418375,0.0017811331875
296,"Kiribati",2054,47,0.026745,2.418375,0.00064679439375
296,"Kiribati",2054,48,0.005857,2.418375,0.00014164422375
296,"Kiribati",2054,49,0.000279,2.418375,6.74726625e-06
296,"Kiribati",2054,50,5e-05,2.418375,1.2091875e-06
296,"Kiribati",2054,51,0.00023,2.418375,5.5622625e-06
296,"Kiribati",2054,52,0.000314,2.418375,7.5936975e-06
296,"Kiribati",2054,53,0.00041,2.418375,9.9153375e-06
296,"Kiribati",2054,54,0.000322,2.418375,7.7871675e-06
296,"Kiribati",2055,10,0.000194,2.401461,4.65883434e-06
296,"Kiribati",2055,11,0.002578,2.401461,6.190966458e-05
296,"Kiribati",2055,12,0.015285,2.401461,0.00036706331385
296,"Kiribati",2055,13,0.065016,2.401461,0.00156133388376
296,"Kiribati",2055,14,0.199222,2.401461,0.00478423863342
296,"Kiribati",2055,15,0.451804,2.401461,0.01084989685644
296,"Kiribati",2055,16,0.902968,2.401461,0.02168442436248
296,"Kiribati",2055,17,1.510485,2.401461,0.03627370818585
296,"Kiribati",2055,18,2.246459,2.401461,0.05394783676599
296,"Kiribati",2055,19,2.968029,2.401461,0.07127605890369
296,"Kiribati",2055,20,3.636853,2.401461,0.08733760642233
296,"Kiribati",2055,21,4.244139,2.401461,0.10192134287079
296,"Kiribati",2055,22,4.770592,2.401461,0.11456390634912
296,"Kiribati",2055,23,5.18575,2.401461,0.1245337638075
296,"Kiribati",2055,24,5.477071,2.401461,0.13152972400731
296,"Kiribati",2055,25,5.626809,2.401461,0.13512562367949
296,"Kiribati",2055,26,5.635539,2.401461,0.13533527122479
296,"Kiribati",2055,27,5.572216,2.401461,0.13381459407576
296,"Kiribati",2055,28,5.451421,2.401461,0.13091374926081
296,"Kiribati",2055,29,5.258474,2.401461,0.12628020230514
296,"Kiribati",2055,30,4.989659,2.401461,0.11982471491799
296,"Kiribati",2055,31,4.701782,2.401461,0.11291146103502
296,"Kiribati",2055,32,4.404307,2.401461,0.10576771492527
296,"Kiribati",2055,33,4.147748,2.401461,0.09960655059828
296,"Kiribati",2055,34,3.919973,2.401461,0.09413662280553
296,"Kiribati",2055,35,3.649803,2.401461,0.08764859562183
296,"Kiribati",2055,36,3.270458,2.401461,0.07853877339138
296,"Kiribati",2055,37,2.868606,2.401461,0.06888845433366
296,"Kiribati",2055,38,2.453002,2.401461,0.05890788635922
296,"Kiribati",2055,39,2.003992,2.401461,0.04812508632312
296,"Kiribati",2055,40,1.497244,2.401461,0.03595573073484
296,"Kiribati",2055,41,1.092488,2.401461,0.02623567324968
296,"Kiribati",2055,42,0.753897,2.401461,0.01810454243517
296,"Kiribati",2055,43,0.484393,2.401461,0.01163250898173
296,"Kiribati",2055,44,0.283555,2.401461,0.00680946273855
296,"Kiribati",2055,45,0.151947,2.401461,0.00364894794567
296,"Kiribati",2055,46,0.072685,2.401461,0.00174550192785
296,"Kiribati",2055,47,0.026296,2.401461,0.00063148818456
296,"Kiribati",2055,48,0.005706,2.401461,0.00013702736466
296,"Kiribati",2055,49,0.000265,2.401461,6.36387165e-06
296,"Kiribati",2055,50,4.7e-05,2.401461,1.12868667e-06
296,"Kiribati",2055,51,0.000223,2.401461,5.35525803e-06
296,"Kiribati",2055,52,0.000304,2.401461,7.30044144e-06
296,"Kiribati",2055,53,0.000399,2.401461,9.58182939e-06
296,"Kiribati",2055,54,0.000316,2.401461,7.58861676e-06
296,"Kiribati",2056,10,0.000195,2.384929,4.65061155e-06
296,"Kiribati",2056,11,0.002595,2.384929,6.188890755e-05
296,"Kiribati",2056,12,0.015391,2.384929,0.00036706442239
296,"Kiribati",2056,13,0.0644,2.384929,0.001535894276
296,"Kiribati",2056,14,0.198878,2.384929,0.00474309909662
296,"Kiribati",2056,15,0.451098,2.384929,0.01075836702042
296,"Kiribati",2056,16,0.901874,2.384929,0.02150905456946
296,"Kiribati",2056,17,1.507804,2.384929,0.03596005485916
296,"Kiribati",2056,18,2.241167,2.384929,0.05345024172143
296,"Kiribati",2056,19,2.959957,2.384929,0.07059287288053
296,"Kiribati",2056,20,3.626146,2.384929,0.08648100753634
296,"Kiribati",2056,21,4.232463,2.384929,0.10094123750127
296,"Kiribati",2056,22,4.759615,2.384929,0.11351343842335
296,"Kiribati",2056,23,5.177149,2.384929,0.12347132787421
296,"Kiribati",2056,24,5.472346,2.384929,0.13051156673434
296,"Kiribati",2056,25,5.626745,2.384929,0.13419387326105
296,"Kiribati",2056,26,5.640379,2.384929,0.13451903448091
296,"Kiribati",2056,27,5.581156,2.384929,0.13310660797924
296,"Kiribati",2056,28,5.463498,2.384929,0.13030054821642
296,"Kiribati",2056,29,5.272285,2.384929,0.12574025392765
296,"Kiribati",2056,30,5.003873,2.384929,0.11933881830017
296,"Kiribati",2056,31,4.715054,2.384929,0.11245069021166
296,"Kiribati",2056,32,4.4156,2.384929,0.105308924924
296,"Kiribati",2056,33,4.156873,2.384929,0.09913846967017
296,"Kiribati",2056,34,3.926834,2.384929,0.09365220284786
296,"Kiribati",2056,35,3.65415,2.384929,0.0871488830535
296,"Kiribati",2056,36,3.271967,2.384929,0.07803408985343
296,"Kiribati",2056,37,2.867626,2.384929,0.06839084408554
296,"Kiribati",2056,38,2.450033,2.384929,0.05843154752657
296,"Kiribati",2056,39,1.999507,2.384929,0.04768682230003
296,"Kiribati",2056,40,1.491641,2.384929,0.03557457878489
296,"Kiribati",2056,41,1.086823,2.384929,0.02591995690567
296,"Kiribati",2056,42,0.748843,2.384929,0.01785937387147
296,"Kiribati",2056,43,0.480332,2.384929,0.01145557716428
296,"Kiribati",2056,44,0.280708,2.384929,0.00669468649732
296,"Kiribati",2056,45,0.150289,2.384929,0.00358428594481
296,"Kiribati",2056,46,0.071763,2.384929,0.00171149659827
296,"Kiribati",2056,47,0.025871,2.384929,0.00061700498159
296,"Kiribati",2056,48,0.005565,2.384929,0.00013272129885
296,"Kiribati",2056,49,0.000253,2.384929,6.03387037e-06
296,"Kiribati",2056,50,4.4e-05,2.384929,1.04936876e-06
296,"Kiribati",2056,51,0.000215,2.384929,5.12759735e-06
296,"Kiribati",2056,52,0.000296,2.384929,7.05938984e-06
296,"Kiribati",2056,53,0.000389,2.384929,9.27737381e-06
296,"Kiribati",2056,54,0.00031,2.384929,7.3932799e-06
296,"Kiribati",2057,10,0.000196,2.371873,4.64887108e-06
296,"Kiribati",2057,11,0.00261,2.371873,6.19058853e-05
296,"Kiribati",2057,12,0.015476,2.371873,0.00036707106548
296,"Kiribati",2057,13,0.063728,2.371873,0.00151154722544
296,"Kiribati",2057,14,0.198413,2.371873,0.00470610437549
296,"Kiribati",2057,15,0.450161,2.371873,0.01067724721553
296,"Kiribati",2057,16,0.900392,2.371873,0.02135615474216
296,"Kiribati",2057,17,1.504597,2.371873,0.03568713000181
296,"Kiribati",2057,18,2.235235,2.371873,0.05301693545155
296,"Kiribati",2057,19,2.951203,2.371873,0.06999878713219
296,"Kiribati",2057,20,3.61478,2.371873,0.0857379908294
296,"Kiribati",2057,21,4.220176,2.371873,0.10009721509648
296,"Kiribati",2057,22,4.748092,2.371873,0.11261871216316
296,"Kiribati",2057,23,5.168083,2.371873,0.12258036529459
296,"Kiribati",2057,24,5.467261,2.371873,0.12967648749853
296,"Kiribati",2057,25,5.626452,2.371873,0.13345229584596
296,"Kiribati",2057,26,5.645147,2.371873,0.13389571750331
296,"Kiribati",2057,27,5.590177,2.371873,0.13259189891521
296,"Kiribati",2057,28,5.475793,2.371873,0.12987885570289
296,"Kiribati",2057,29,5.286429,2.371873,0.12538738211517
296,"Kiribati",2057,30,5.018512,2.371873,0.11903273112976
296,"Kiribati",2057,31,4.728802,2.371873,0.11216117786146
296,"Kiribati",2057,32,4.427382,2.371873,0.10501187826486
296,"Kiribati",2057,33,4.166476,2.371873,0.09882351929548
296,"Kiribati",2057,34,3.934141,2.371873,0.09331282816093
296,"Kiribati",2057,35,3.658897,2.371873,0.08678439004081
296,"Kiribati",2057,36,3.273837,2.371873,0.07765125586701
296,"Kiribati",2057,37,2.86697,2.371873,0.0680008873481
296,"Kiribati",2057,38,2.447354,2.371873,0.05804812874042
296,"Kiribati",2057,39,1.995286,2.371873,0.04732564990678
296,"Kiribati",2057,40,1.486288,2.371873,0.03525286377424
296,"Kiribati",2057,41,1.081376,2.371873,0.02564886537248
296,"Kiribati",2057,42,0.743967,2.371873,0.01764595240191
296,"Kiribati",2057,43,0.47641,2.371873,0.0112998401593
296,"Kiribati",2057,44,0.277963,2.371873,0.00659292934699
296,"Kiribati",2057,45,0.148696,2.371873,0.00352688027608
296,"Kiribati",2057,46,0.07088,2.371873,0.0016811835824
296,"Kiribati",2057,47,0.025467,2.371873,0.00060404489691
296,"Kiribati",2057,48,0.005433,2.371873,0.00012886386009
296,"Kiribati",2057,49,0.000241,2.371873,5.71621393e-06
296,"Kiribati",2057,50,4.2e-05,2.371873,9.9618666e-07
296,"Kiribati",2057,51,0.000208,2.371873,4.93349584e-06
296,"Kiribati",2057,52,0.000287,2.371873,6.80727551e-06
296,"Kiribati",2057,53,0.000379,2.371873,8.98939867e-06
296,"Kiribati",2057,54,0.000304,2.371873,7.21049392e-06
296,"Kiribati",2058,10,0.000198,2.356577,4.66602246e-06
296,"Kiribati",2058,11,0.002627,2.356577,6.190727779e-05
296,"Kiribati",2058,12,0.015576,2.356577,0.00036706043352
296,"Kiribati",2058,13,0.063001,2.356577,0.00148466707577
296,"Kiribati",2058,14,0.197825,2.356577,0.00466189845025
296,"Kiribati",2058,15,0.448995,2.356577,0.01058091290115
296,"Kiribati",2058,16,0.898526,2.356577,0.02117445705502
296,"Kiribati",2058,17,1.500868,2.356577,0.03536911008836
296,"Kiribati",2058,18,2.228668,2.356577,0.05252027749436
296,"Kiribati",2058,19,2.941773,2.356577,0.06932514591021
296,"Kiribati",2058,20,3.602761,2.356577,0.08490183709097
296,"Kiribati",2058,21,4.20728,2.356577,0.0991477928056
296,"Kiribati",2058,22,4.736023,2.356577,0.11160802873271
296,"Kiribati",2058,23,5.15855,2.356577,0.1215652028335
296,"Kiribati",2058,24,5.461811,2.356577,0.12871178180947
296,"Kiribati",2058,25,5.625925,2.356577,0.13257925458725
296,"Kiribati",2058,26,5.64984,2.356577,0.1331428299768
296,"Kiribati",2058,27,5.599272,2.356577,0.13195115611944
296,"Kiribati",2058,28,5.488303,2.356577,0.12933608618831
296,"Kiribati",2058,29,5.300901,2.356577,0.12491981375877
296,"Kiribati",2058,30,5.033575,2.356577,0.11862007072775
296,"Kiribati",2058,31,4.743023,2.356577,0.11177298912271
296,"Kiribati",2058,32,4.439655,2.356577,0.10462388860935
296,"Kiribati",2058,33,4.176556,2.356577,0.09842375808812
296,"Kiribati",2058,34,3.941893,2.356577,0.09289374380261
296,"Kiribati",2058,35,3.664043,2.356577,0.08634599460811
296,"Kiribati",2058,36,3.276065,2.356577,0.07720299429505
296,"Kiribati",2058,37,2.866633,2.356577,0.06755441395241
296,"Kiribati",2058,38,2.444961,2.356577,0.05761738858497
296,"Kiribati",2058,39,1.991325,2.356577,0.04692710694525
296,"Kiribati",2058,40,1.481181,2.356577,0.03490517077437
296,"Kiribati",2058,41,1.076143,2.356577,0.02536013842511
296,"Kiribati",2058,42,0.739266,2.356577,0.01742137252482
296,"Kiribati",2058,43,0.472624,2.356577,0.01113774848048
296,"Kiribati",2058,44,0.275317,2.356577,0.00648805709909
296,"Kiribati",2058,45,0.147166,2.356577,0.00346808010782
296,"Kiribati",2058,46,0.070037,2.356577,0.00165047583349
296,"Kiribati",2058,47,0.025084,2.356577,0.00059112377468
296,"Kiribati",2058,48,0.005309,2.356577,0.00012511067293
296,"Kiribati",2058,49,0.000231,2.356577,5.44369287e-06
296,"Kiribati",2058,50,3.9e-05,2.356577,9.1906503e-07
296,"Kiribati",2058,51,0.000202,2.356577,4.76028554e-06
296,"Kiribati",2058,52,0.000279,2.356577,6.57484983e-06
296,"Kiribati",2058,53,0.00037,2.356577,8.7193349e-06
296,"Kiribati",2058,54,0.000298,2.356577,7.02259946e-06
296,"Kiribati",2059,10,0.000199,2.342177,4.66093223e-06
296,"Kiribati",2059,11,0.002643,2.342177,6.190373811e-05
296,"Kiribati",2059,12,0.015672,2.342177,0.00036706597944
296,"Kiribati",2059,13,0.062222,2.342177,0.00145734937294
296,"Kiribati",2059,14,0.197117,2.342177,0.00461682903709
296,"Kiribati",2059,15,0.447601,2.342177,0.01048360767377
296,"Kiribati",2059,16,0.896276,2.342177,0.02099237032852
296,"Kiribati",2059,17,1.496619,2.342177,0.03505346599563
296,"Kiribati",2059,18,2.221469,2.342177,0.05203073598013
296,"Kiribati",2059,19,2.931671,2.342177,0.06866492387767
296,"Kiribati",2059,20,3.590093,2.342177,0.08408633252461
296,"Kiribati",2059,21,4.193781,2.342177,0.09822577401237
296,"Kiribati",2059,22,4.723409,2.342177,0.11063059921393
296,"Kiribati",2059,23,5.148551,2.342177,0.12058817735527
296,"Kiribati",2059,24,5.455996,2.342177,0.12778908343292
296,"Kiribati",2059,25,5.625164,2.342177,0.13175129742028
296,"Kiribati",2059,26,5.654454,2.342177,0.13243732106358
296,"Kiribati",2059,27,5.608442,2.342177,0.13135963858234
296,"Kiribati",2059,28,5.501027,2.342177,0.12884378915779
296,"Kiribati",2059,29,5.315706,2.342177,0.12450324331962
296,"Kiribati",2059,30,5.049063,2.342177,0.11825799230151
296,"Kiribati",2059,31,4.757722,2.342177,0.11143427040794
296,"Kiribati",2059,32,4.452419,2.342177,0.10428353376163
296,"Kiribati",2059,33,4.187118,2.342177,0.09806971475886
296,"Kiribati",2059,34,3.950092,2.342177,0.09251814630284
296,"Kiribati",2059,35,3.669588,2.342177,0.08594824613076
296,"Kiribati",2059,36,3.278653,2.342177,0.07679185647581
296,"Kiribati",2059,37,2.866616,2.342177,0.06714122063032
296,"Kiribati",2059,38,2.442853,2.342177,0.05721594110981
296,"Kiribati",2059,39,1.987624,2.342177,0.04655367217448
296,"Kiribati",2059,40,1.476319,2.342177,0.03457800406463
296,"Kiribati",2059,41,1.071122,2.342177,0.02508757312594
296,"Kiribati",2059,42,0.734737,2.342177,0.01720884102449
296,"Kiribati",2059,43,0.46897,2.342177,0.0109841074769
296,"Kiribati",2059,44,0.272768,2.342177,0.00638870935936
296,"Kiribati",2059,45,0.145698,2.342177,0.00341250504546
296,"Kiribati",2059,46,0.069232,2.342177,0.00162153598064
296,"Kiribati",2059,47,0.024721,2.342177,0.00057900957617
296,"Kiribati",2059,48,0.005193,2.342177,0.00012162925161
296,"Kiribati",2059,49,0.000221,2.342177,5.17621117e-06
296,"Kiribati",2059,50,3.7e-05,2.342177,8.6660549e-07
296,"Kiribati",2059,51,0.000196,2.342177,4.59066692e-06
296,"Kiribati",2059,52,0.000272,2.342177,6.37072144e-06
296,"Kiribati",2059,53,0.000361,2.342177,8.45525897e-06
296,"Kiribati",2059,54,0.000292,2.342177,6.83915684e-06
296,"Kiribati",2060,10,2e-04,2.324943,4.649886e-06
296,"Kiribati",2060,11,0.002662,2.324943,6.188998266e-05
296,"Kiribati",2060,12,0.015788,2.324943,0.00036706200084
296,"Kiribati",2060,13,0.061392,2.324943,0.00142732900656
296,"Kiribati",2060,14,0.196289,2.324943,0.00456360736527
296,"Kiribati",2060,15,0.445981,2.324943,0.01036880404083
296,"Kiribati",2060,16,0.893646,2.324943,0.02077676012178
296,"Kiribati",2060,17,1.491855,2.324943,0.03468477839265
296,"Kiribati",2060,18,2.213644,2.324943,0.05146596122292
296,"Kiribati",2060,19,2.920902,2.324943,0.06790930658586
296,"Kiribati",2060,20,3.57678,2.324943,0.0831580962354
296,"Kiribati",2060,21,4.179679,2.324943,0.09717515433297
296,"Kiribati",2060,22,4.710253,2.324943,0.10951069740579
296,"Kiribati",2060,23,5.138085,2.324943,0.11945754754155
296,"Kiribati",2060,24,5.449813,2.324943,0.12670504585659
296,"Kiribati",2060,25,5.624164,2.324943,0.13075860722652
296,"Kiribati",2060,26,5.658987,2.324943,0.13156822212741
296,"Kiribati",2060,27,5.617682,2.324943,0.13060790442126
296,"Kiribati",2060,28,5.513963,2.324943,0.12819649679109
296,"Kiribati",2060,29,5.330839,2.324943,0.12393896817177
296,"Kiribati",2060,30,5.064977,2.324943,0.11775782821311
296,"Kiribati",2060,31,4.772899,2.324943,0.11096718119757
296,"Kiribati",2060,32,4.465676,2.324943,0.10382442156468
296,"Kiribati",2060,33,4.198159,2.324943,0.09760480379937
296,"Kiribati",2060,34,3.958737,2.324943,0.09203837876991
296,"Kiribati",2060,35,3.675532,2.324943,0.08545402394676
296,"Kiribati",2060,36,3.281596,2.324943,0.07629523649028
296,"Kiribati",2060,37,2.866916,2.324943,0.06665416285788
296,"Kiribati",2060,38,2.441026,2.324943,0.05675246311518
296,"Kiribati",2060,39,1.984177,2.324943,0.04613098426911
296,"Kiribati",2060,40,1.471698,2.324943,0.03421613963214
296,"Kiribati",2060,41,1.066309,2.324943,0.02479107645387
296,"Kiribati",2060,42,0.730376,2.324943,0.01698082568568
296,"Kiribati",2060,43,0.465446,2.324943,0.01082135419578
296,"Kiribati",2060,44,0.270313,2.324943,0.00628462317159
296,"Kiribati",2060,45,0.14429,2.324943,0.0033546602547
296,"Kiribati",2060,46,0.068464,2.324943,0.00159174897552
296,"Kiribati",2060,47,0.024378,2.324943,0.00056677460454
296,"Kiribati",2060,48,0.005085,2.324943,0.00011822335155
296,"Kiribati",2060,49,0.000212,2.324943,4.92887916e-06
296,"Kiribati",2060,50,3.6e-05,2.324943,8.3697948e-07
296,"Kiribati",2060,51,0.00019,2.324943,4.4173917e-06
296,"Kiribati",2060,52,0.000265,2.324943,6.16109895e-06
296,"Kiribati",2060,53,0.000353,2.324943,8.20704879e-06
296,"Kiribati",2060,54,0.000286,2.324943,6.64933698e-06
296,"Kiribati",2061,10,0.000202,2.311157,4.66853714e-06
296,"Kiribati",2061,11,0.002678,2.311157,6.189278446e-05
296,"Kiribati",2061,12,0.015882,2.311157,0.00036705795474
296,"Kiribati",2061,13,0.060514,2.311157,0.00139857354698
296,"Kiribati",2061,14,0.195344,2.311157,0.00451470653008
296,"Kiribati",2061,15,0.444137,2.311157,0.01026470336509
296,"Kiribati",2061,16,0.890638,2.311157,0.02058404248166
296,"Kiribati",2061,17,1.486578,2.311157,0.03435715150746
296,"Kiribati",2061,18,2.205197,2.311157,0.05096556482929
296,"Kiribati",2061,19,2.909473,2.311157,0.06724248890261
296,"Kiribati",2061,20,3.56283,2.311157,0.0823425949431
296,"Kiribati",2061,21,4.16498,2.311157,0.0962592268186
296,"Kiribati",2061,22,4.696557,2.311157,0.10854480586449
296,"Kiribati",2061,23,5.127155,2.311157,0.11849660168335
296,"Kiribati",2061,24,5.443263,2.311157,0.12580235385291
296,"Kiribati",2061,25,5.622925,2.311157,0.12995462474225
296,"Kiribati",2061,26,5.663436,2.311157,0.13089089755452
296,"Kiribati",2061,27,5.626993,2.311157,0.13004864260901
296,"Kiribati",2061,28,5.527112,2.311157,0.12774023588584
296,"Kiribati",2061,29,5.346303,2.311157,0.12356145602571
296,"Kiribati",2061,30,5.081319,2.311157,0.11743725976083
296,"Kiribati",2061,31,4.788556,2.311157,0.11067104719292
296,"Kiribati",2061,32,4.47943,2.311157,0.1035266600051
296,"Kiribati",2061,33,4.209684,2.311157,0.09729240644388
296,"Kiribati",2061,34,3.967829,2.311157,0.09170275768153
296,"Kiribati",2061,35,3.681875,2.311157,0.08509391179375
296,"Kiribati",2061,36,3.284897,2.311157,0.07591912695829
296,"Kiribati",2061,37,2.867532,2.311157,0.06627316654524
296,"Kiribati",2061,38,2.439481,2.311157,0.05638023589517
296,"Kiribati",2061,39,1.980985,2.311157,0.04578367349645
296,"Kiribati",2061,40,1.467315,2.311157,0.03391195333455
296,"Kiribati",2061,41,1.061701,2.311157,0.02453757698057
296,"Kiribati",2061,42,0.72618,2.311157,0.0167831599026
296,"Kiribati",2061,43,0.462048,2.311157,0.01067865469536
296,"Kiribati",2061,44,0.26795,2.311157,0.0061927451815
296,"Kiribati",2061,45,0.142941,2.311157,0.00330359092737
296,"Kiribati",2061,46,0.067732,2.311157,0.00156539285924
296,"Kiribati",2061,47,0.024054,2.311157,0.00055592570478
296,"Kiribati",2061,48,0.004984,2.311157,0.00011518806488
296,"Kiribati",2061,49,0.000204,2.311157,4.71476028e-06
296,"Kiribati",2061,50,3.4e-05,2.311157,7.8579338e-07
296,"Kiribati",2061,51,0.000185,2.311157,4.27564045e-06
296,"Kiribati",2061,52,0.000258,2.311157,5.96278506e-06
296,"Kiribati",2061,53,0.000345,2.311157,7.97349165e-06
296,"Kiribati",2061,54,0.000281,2.311157,6.49435117e-06
296,"Kiribati",2062,10,0.000203,2.299668,4.66832604e-06
296,"Kiribati",2062,11,0.002692,2.299668,6.190706256e-05
296,"Kiribati",2062,12,0.015962,2.299668,0.00036707300616
296,"Kiribati",2062,13,0.05959,2.299668,0.0013703721612
296,"Kiribati",2062,14,0.194281,2.299668,0.00446781798708
296,"Kiribati",2062,15,0.442072,2.299668,0.01016618832096
296,"Kiribati",2062,16,0.887255,2.299668,0.0204039193134
296,"Kiribati",2062,17,1.480794,2.299668,0.03405334576392
296,"Kiribati",2062,18,2.196136,2.299668,0.05050383682848
296,"Kiribati",2062,19,2.897388,2.299668,0.06663030467184
296,"Kiribati",2062,20,3.548247,2.299668,0.08159790081996
296,"Kiribati",2062,21,4.149689,2.299668,0.09542907003252
296,"Kiribati",2062,22,4.682323,2.299668,0.10767788368764
296,"Kiribati",2062,23,5.115759,2.299668,0.11764547268012
296,"Kiribati",2062,24,5.436343,2.299668,0.12501784034124
296,"Kiribati",2062,25,5.621442,2.299668,0.12927450281256
296,"Kiribati",2062,26,5.667799,2.299668,0.13034055990732
296,"Kiribati",2062,27,5.63637,2.299668,0.1296177972516
296,"Kiribati",2062,28,5.540472,2.299668,0.12741246163296
296,"Kiribati",2062,29,5.362098,2.299668,0.12331045183464
296,"Kiribati",2062,30,5.09809,2.299668,0.1172391443412
296,"Kiribati",2062,31,4.804696,2.299668,0.11049205640928
296,"Kiribati",2062,32,4.493681,2.299668,0.10333974397908
296,"Kiribati",2062,33,4.221693,2.299668,0.09708492297924
296,"Kiribati",2062,34,3.977371,2.299668,0.09146632812828
296,"Kiribati",2062,35,3.688618,2.299668,0.08482596778824
296,"Kiribati",2062,36,3.288555,2.299668,0.0756258469974
296,"Kiribati",2062,37,2.868464,2.299668,0.06596514869952
296,"Kiribati",2062,38,2.438214,2.299668,0.05607082712952
296,"Kiribati",2062,39,1.978044,2.299668,0.04548844489392
296,"Kiribati",2062,40,1.463168,2.299668,0.03364800628224
296,"Kiribati",2062,41,1.057295,2.299668,0.0243142747806
296,"Kiribati",2062,42,0.722147,2.299668,0.01660698347196
296,"Kiribati",2062,43,0.458776,2.299668,0.01055032486368
296,"Kiribati",2062,44,0.265678,2.299668,0.00610971194904
296,"Kiribati",2062,45,0.141649,2.299668,0.00325745672532
296,"Kiribati",2062,46,0.067034,2.299668,0.00154155944712
296,"Kiribati",2062,47,0.023748,2.299668,0.00054612515664
296,"Kiribati",2062,48,0.00489,2.299668,0.0001124537652
296,"Kiribati",2062,49,0.000197,2.299668,4.53034596e-06
296,"Kiribati",2062,50,3.2e-05,2.299668,7.3589376e-07
296,"Kiribati",2062,51,0.00018,2.299668,4.1394024e-06
296,"Kiribati",2062,52,0.000252,2.299668,5.79516336e-06
296,"Kiribati",2062,53,0.000337,2.299668,7.74988116e-06
296,"Kiribati",2062,54,0.000275,2.299668,6.324087e-06
296,"Kiribati",2063,10,0.000204,2.286719,4.66490676e-06
296,"Kiribati",2063,11,0.002707,2.286719,6.190148333e-05
296,"Kiribati",2063,12,0.016052,2.286719,0.00036706413388
296,"Kiribati",2063,13,0.058623,2.286719,0.00134054327937
296,"Kiribati",2063,14,0.193105,2.286719,0.00441576872495
296,"Kiribati",2063,15,0.439789,2.286719,0.01005673862291
296,"Kiribati",2063,16,0.883502,2.286719,0.02020320809938
296,"Kiribati",2063,17,1.474508,2.286719,0.03371785459252
296,"Kiribati",2063,18,2.186466,2.286719,0.04999833345054
296,"Kiribati",2063,19,2.884656,2.286719,0.06596397683664
296,"Kiribati",2063,20,3.533036,2.286719,0.08079060548884
296,"Kiribati",2063,21,4.133808,2.286719,0.09452857295952
296,"Kiribati",2063,22,4.667552,2.286719,0.10673379841888
296,"Kiribati",2063,23,5.103895,2.286719,0.11671173670505
296,"Kiribati",2063,24,5.429048,2.286719,0.12414707213512
296,"Kiribati",2063,25,5.61971,2.286719,0.1285069763149
296,"Kiribati",2063,26,5.672068,2.286719,0.12970425664892
296,"Kiribati",2063,27,5.645808,2.286719,0.12910376423952
296,"Kiribati",2063,28,5.554037,2.286719,0.12700521934603
296,"Kiribati",2063,29,5.37822,2.286719,0.1229847786018
296,"Kiribati",2063,30,5.115288,2.286719,0.11697226260072
296,"Kiribati",2063,31,4.821317,2.286719,0.11024997188923
296,"Kiribati",2063,32,4.50843,2.286719,0.1030951254117
296,"Kiribati",2063,33,4.234185,2.286719,0.09682391289015
296,"Kiribati",2063,34,3.98736,2.286719,0.0911797187184
296,"Kiribati",2063,35,3.695758,2.286719,0.08451160038002
296,"Kiribati",2063,36,3.292566,2.286719,0.07529173230954
296,"Kiribati",2063,37,2.869708,2.286719,0.06562215808052
296,"Kiribati",2063,38,2.437224,2.286719,0.05573246428056
296,"Kiribati",2063,39,1.975352,2.286719,0.04517074950088
296,"Kiribati",2063,40,1.459253,2.286719,0.03336901560907
296,"Kiribati",2063,41,1.053087,2.286719,0.02408114051553
296,"Kiribati",2063,42,0.718273,2.286719,0.01642488516287
296,"Kiribati",2063,43,0.455624,2.286719,0.01041884057656
296,"Kiribati",2063,44,0.263493,2.286719,0.00602534449467
296,"Kiribati",2063,45,0.140413,2.286719,0.00321085074947
296,"Kiribati",2063,46,0.06637,2.286719,0.0015176954003
296,"Kiribati",2063,47,0.02346,2.286719,0.0005364642774
296,"Kiribati",2063,48,0.004802,2.286719,0.00010980824638
296,"Kiribati",2063,49,0.00019,2.286719,4.3447661e-06
296,"Kiribati",2063,50,3.1e-05,2.286719,7.0888289e-07
296,"Kiribati",2063,51,0.000176,2.286719,4.02462544e-06
296,"Kiribati",2063,52,0.000246,2.286719,5.62532874e-06
296,"Kiribati",2063,53,0.00033,2.286719,7.5461727e-06
296,"Kiribati",2063,54,0.000269,2.286719,6.15127411e-06
296,"Kiribati",2064,10,0.000205,2.274483,4.66269015e-06
296,"Kiribati",2064,11,0.002721,2.274483,6.188868243e-05
296,"Kiribati",2064,12,0.016139,2.274483,0.00036707881137
296,"Kiribati",2064,13,0.057614,2.274483,0.00131042063562
296,"Kiribati",2064,14,0.191815,2.274483,0.00436279956645
296,"Kiribati",2064,15,0.437291,2.274483,0.00994610945553
296,"Kiribati",2064,16,0.879382,2.274483,0.02000139409506
296,"Kiribati",2064,17,1.467725,2.274483,0.03338315561175
296,"Kiribati",2064,18,2.176193,2.274483,0.04949713983219
296,"Kiribati",2064,19,2.871281,2.274483,0.06530679822723
296,"Kiribati",2064,20,3.517202,2.274483,0.07999816156566
296,"Kiribati",2064,21,4.117341,2.274483,0.09364822109703
296,"Kiribati",2064,22,4.652245,2.274483,0.10581452164335
296,"Kiribati",2064,23,5.091564,2.274483,0.11580675761412
296,"Kiribati",2064,24,5.421378,2.274483,0.12330832097574
296,"Kiribati",2064,25,5.617727,2.274483,0.12777424560141
296,"Kiribati",2064,26,5.676241,2.274483,0.12910513658403
296,"Kiribati",2064,27,5.655304,2.274483,0.12862892807832
296,"Kiribati",2064,28,5.567806,2.274483,0.12663880094298
296,"Kiribati",2064,29,5.394669,2.274483,0.12270082931127
296,"Kiribati",2064,30,5.132914,2.274483,0.11674725633462
296,"Kiribati",2064,31,4.838422,2.274483,0.11004908585826
296,"Kiribati",2064,32,4.523677,2.274483,0.10289026433991
296,"Kiribati",2064,33,4.247164,2.274483,0.09660102316212
296,"Kiribati",2064,34,3.997797,2.274483,0.09092921313951
296,"Kiribati",2064,35,3.703296,2.274483,0.08423083795968
296,"Kiribati",2064,36,3.296931,2.274483,0.07498813511673
296,"Kiribati",2064,37,2.871264,2.274483,0.06530641156512
296,"Kiribati",2064,38,2.436508,2.274483,0.05541796025364
296,"Kiribati",2064,39,1.972906,2.274483,0.04487341157598
296,"Kiribati",2064,40,1.455567,2.274483,0.03310662396861
296,"Kiribati",2064,41,1.049076,2.274483,0.02386105527708
296,"Kiribati",2064,42,0.714555,2.274483,0.01625243200065
296,"Kiribati",2064,43,0.452592,2.274483,0.01029412809936
296,"Kiribati",2064,44,0.261394,2.274483,0.00594536209302
296,"Kiribati",2064,45,0.139231,2.274483,0.00316678542573
296,"Kiribati",2064,46,0.06574,2.274483,0.0014952451242
296,"Kiribati",2064,47,0.023189,2.274483,0.00052742986287
296,"Kiribati",2064,48,0.004721,2.274483,0.00010737834243
296,"Kiribati",2064,49,0.000184,2.274483,4.18504872e-06
296,"Kiribati",2064,50,3e-05,2.274483,6.823449e-07
296,"Kiribati",2064,51,0.000172,2.274483,3.91211076e-06
296,"Kiribati",2064,52,0.00024,2.274483,5.4587592e-06
296,"Kiribati",2064,53,0.000323,2.274483,7.34658009e-06
296,"Kiribati",2064,54,0.000264,2.274483,6.00463512e-06
296,"Kiribati",2065,10,0.000206,2.261878,4.65946868e-06
296,"Kiribati",2065,11,0.002737,2.261878,6.190760086e-05
296,"Kiribati",2065,12,0.016228,2.261878,0.00036705756184
296,"Kiribati",2065,13,0.056568,2.261878,0.00127949914704
296,"Kiribati",2065,14,0.190416,2.261878,0.00430697761248
296,"Kiribati",2065,15,0.434581,2.261878,0.00982969203118
296,"Kiribati",2065,16,0.874899,2.261878,0.01978914800322
296,"Kiribati",2065,17,1.460451,2.261878,0.03303361986978
296,"Kiribati",2065,18,2.165324,2.261878,0.04897698718472
296,"Kiribati",2065,19,2.857272,2.261878,0.06462800676816
296,"Kiribati",2065,20,3.500752,2.261878,0.07918273932256
296,"Kiribati",2065,21,4.100291,2.261878,0.09274358006498
296,"Kiribati",2065,22,4.636405,2.261878,0.1048698246859
296,"Kiribati",2065,23,5.078765,2.261878,0.1148754682067
296,"Kiribati",2065,24,5.413329,2.261878,0.12244289771862
296,"Kiribati",2065,25,5.615487,2.261878,0.12701546504586
296,"Kiribati",2065,26,5.680313,2.261878,0.12848175007814
296,"Kiribati",2065,27,5.664854,2.261878,0.12813208635812
296,"Kiribati",2065,28,5.581775,2.261878,0.1262529407345
296,"Kiribati",2065,29,5.411443,2.261878,0.12240023869954
296,"Kiribati",2065,30,5.150967,2.261878,0.11650858936026
296,"Kiribati",2065,31,4.85601,2.261878,0.1098370218678
296,"Kiribati",2065,32,4.539425,2.261878,0.1026762554015
296,"Kiribati",2065,33,4.260628,2.261878,0.09637020739384
296,"Kiribati",2065,34,4.008683,2.261878,0.09067151886674
296,"Kiribati",2065,35,3.711231,2.261878,0.08394351751818
296,"Kiribati",2065,36,3.301647,2.261878,0.07467922713066
296,"Kiribati",2065,37,2.873129,2.261878,0.06498667276262
296,"Kiribati",2065,38,2.436063,2.261878,0.05510077306314
296,"Kiribati",2065,39,1.970704,2.261878,0.04457492022112
296,"Kiribati",2065,40,1.452107,2.261878,0.03284488876946
296,"Kiribati",2065,41,1.045257,2.261878,0.02364243812646
296,"Kiribati",2065,42,0.710991,2.261878,0.01608174901098
296,"Kiribati",2065,43,0.449677,2.261878,0.01017114513406
296,"Kiribati",2065,44,0.259378,2.261878,0.00586681391884
296,"Kiribati",2065,45,0.138102,2.261878,0.00312369875556
296,"Kiribati",2065,46,0.065141,2.261878,0.00147340994798
296,"Kiribati",2065,47,0.022934,2.261878,0.00051873910052
296,"Kiribati",2065,48,0.004646,2.261878,0.00010508685188
296,"Kiribati",2065,49,0.000179,2.261878,4.04876162e-06
296,"Kiribati",2065,50,2.9e-05,2.261878,6.5594462e-07
296,"Kiribati",2065,51,0.000168,2.261878,3.79995504e-06
296,"Kiribati",2065,52,0.000234,2.261878,5.29279452e-06
296,"Kiribati",2065,53,0.000316,2.261878,7.14753448e-06
296,"Kiribati",2065,54,0.000258,2.261878,5.83564524e-06
296,"Kiribati",2066,10,0.000207,2.247923,4.65320061e-06
296,"Kiribati",2066,11,0.002754,2.247923,6.190779942e-05
296,"Kiribati",2066,12,0.016329,2.247923,0.00036706334667
296,"Kiribati",2066,13,0.055486,2.247923,0.00124728255578
296,"Kiribati",2066,14,0.188908,2.247923,0.00424650638084
296,"Kiribati",2066,15,0.431663,2.247923,0.00970345185949
296,"Kiribati",2066,16,0.87006,2.247923,0.0195582788538
296,"Kiribati",2066,17,1.452692,2.247923,0.03265539758716
296,"Kiribati",2066,18,2.153867,2.247923,0.04841727168241
296,"Kiribati",2066,19,2.842634,2.247923,0.06390022349182
296,"Kiribati",2066,20,3.483692,2.247923,0.07831071371716
296,"Kiribati",2066,21,4.082662,2.247923,0.09177509811026
296,"Kiribati",2066,22,4.620031,2.247923,0.10385473945613
296,"Kiribati",2066,23,5.065495,2.247923,0.11386842716885
296,"Kiribati",2066,24,5.404897,2.247923,0.12149792278931
296,"Kiribati",2066,25,5.612986,2.247923,0.12617560328078
296,"Kiribati",2066,26,5.684277,2.247923,0.12777817006671
296,"Kiribati",2066,27,5.674452,2.247923,0.12755731163196
296,"Kiribati",2066,28,5.595941,2.247923,0.12579244480543
296,"Kiribati",2066,29,5.428538,2.247923,0.12202935426574
296,"Kiribati",2066,30,5.169447,2.247923,0.11620518808581
296,"Kiribati",2066,31,4.874082,2.247923,0.10956561031686
296,"Kiribati",2066,32,4.555672,2.247923,0.10240799869256
296,"Kiribati",2066,33,4.274577,2.247923,0.09608919953571
296,"Kiribati",2066,34,4.020016,2.247923,0.09036686426768
296,"Kiribati",2066,35,3.719561,2.247923,0.08361286721803
296,"Kiribati",2066,36,3.306714,2.247923,0.07433238455022
296,"Kiribati",2066,37,2.8753,2.247923,0.064634530019
296,"Kiribati",2066,38,2.435889,2.247923,0.05475690908547
296,"Kiribati",2066,39,1.968743,2.247923,0.04425582670789
296,"Kiribati",2066,40,1.448871,2.247923,0.03256950444933
296,"Kiribati",2066,41,1.041628,2.247923,0.02341499538644
296,"Kiribati",2066,42,0.707579,2.247923,0.01590583108417
296,"Kiribati",2066,43,0.446876,2.247923,0.01004542838548
296,"Kiribati",2066,44,0.257445,2.247923,0.00578716536735
296,"Kiribati",2066,45,0.137025,2.247923,0.00308021649075
296,"Kiribati",2066,46,0.064574,2.247923,0.00145157379802
296,"Kiribati",2066,47,0.022696,2.247923,0.00051018860408
296,"Kiribati",2066,48,0.004577,2.247923,0.00010288743571
296,"Kiribati",2066,49,0.000174,2.247923,3.91138602e-06
296,"Kiribati",2066,50,2.8e-05,2.247923,6.2941844e-07
296,"Kiribati",2066,51,0.000164,2.247923,3.68659372e-06
296,"Kiribati",2066,52,0.000229,2.247923,5.14774367e-06
296,"Kiribati",2066,53,0.00031,2.247923,6.9685613e-06
296,"Kiribati",2066,54,0.000252,2.247923,5.66476596e-06
296,"Kiribati",2067,10,0.000208,2.2358,4.650464e-06
296,"Kiribati",2067,11,0.002768,2.2358,6.1886944e-05
296,"Kiribati",2067,12,0.016418,2.2358,0.000367073644
296,"Kiribati",2067,13,0.054371,2.2358,0.001215626818
296,"Kiribati",2067,14,0.187295,2.2358,0.00418754161
296,"Kiribati",2067,15,0.428542,2.2358,0.009581342036
296,"Kiribati",2067,16,0.864868,2.2358,0.019336718744
296,"Kiribati",2067,17,1.444455,2.2358,0.03229512489
296,"Kiribati",2067,18,2.14183,2.2358,0.04788703514
296,"Kiribati",2067,19,2.827376,2.2358,0.063214472608
296,"Kiribati",2067,20,3.466027,2.2358,0.077493431666
296,"Kiribati",2067,21,4.06446,2.2358,0.09087319668
296,"Kiribati",2067,22,4.603127,2.2358,0.102916713466
296,"Kiribati",2067,23,5.051756,2.2358,0.112947160648
296,"Kiribati",2067,24,5.396081,2.2358,0.120645578998
296,"Kiribati",2067,25,5.61022,2.2358,0.12543329876
296,"Kiribati",2067,26,5.688131,2.2358,0.127175232898
296,"Kiribati",2067,27,5.684095,2.2358,0.12708499601
296,"Kiribati",2067,28,5.610301,2.2358,0.125435109758
296,"Kiribati",2067,29,5.445956,2.2358,0.121760684248
296,"Kiribati",2067,30,5.188354,2.2358,0.116001218732
296,"Kiribati",2067,31,4.892639,2.2358,0.109389622762
296,"Kiribati",2067,32,4.572422,2.2358,0.102230211076
296,"Kiribati",2067,33,4.289015,2.2358,0.09589379737
296,"Kiribati",2067,34,4.031799,2.2358,0.090142962042
296,"Kiribati",2067,35,3.728287,2.2358,0.083357040746
296,"Kiribati",2067,36,3.31213,2.2358,0.07405260254
296,"Kiribati",2067,37,2.877778,2.2358,0.064341360524
296,"Kiribati",2067,38,2.435982,2.2358,0.054463685556
296,"Kiribati",2067,39,1.967021,2.2358,0.043978655518
296,"Kiribati",2067,40,1.445857,2.2358,0.032326470806
296,"Kiribati",2067,41,1.038186,2.2358,0.023211762588
296,"Kiribati",2067,42,0.704314,2.2358,0.015747052412
296,"Kiribati",2067,43,0.444187,2.2358,0.009931132946
296,"Kiribati",2067,44,0.255591,2.2358,0.005714503578
296,"Kiribati",2067,45,0.135998,2.2358,0.003040643284
296,"Kiribati",2067,46,0.064037,2.2358,0.001431739246
296,"Kiribati",2067,47,0.022473,2.2358,0.000502451334
296,"Kiribati",2067,48,0.004513,2.2358,0.000100901654
296,"Kiribati",2067,49,0.00017,2.2358,3.80086e-06
296,"Kiribati",2067,50,2.7e-05,2.2358,6.03666e-07
296,"Kiribati",2067,51,0.000161,2.2358,3.599638e-06
296,"Kiribati",2067,52,0.000224,2.2358,5.008192e-06
296,"Kiribati",2067,53,0.000304,2.2358,6.796832e-06
296,"Kiribati",2067,54,0.000247,2.2358,5.522426e-06
296,"Kiribati",2068,10,0.000209,2.225053,4.65036077e-06
296,"Kiribati",2068,11,0.002782,2.225053,6.190097446e-05
296,"Kiribati",2068,12,0.016497,2.225053,0.00036706699341
296,"Kiribati",2068,13,0.053227,2.225053,0.00118432896031
296,"Kiribati",2068,14,0.185579,2.225053,0.00412923110687
296,"Kiribati",2068,15,0.42522,2.225053,0.0094613703666
296,"Kiribati",2068,16,0.859331,2.225053,0.01912057019543
296,"Kiribati",2068,17,1.435746,2.225053,0.03194610944538
296,"Kiribati",2068,18,2.129221,2.225053,0.04737629573713
296,"Kiribati",2068,19,2.811506,2.225053,0.06255749859818
296,"Kiribati",2068,20,3.447765,2.225053,0.07671459856545
296,"Kiribati",2068,21,4.045688,2.225053,0.09001870221464
296,"Kiribati",2068,22,4.585695,2.225053,0.10203414416835
296,"Kiribati",2068,23,5.037547,2.225053,0.11208809064991
296,"Kiribati",2068,24,5.386877,2.225053,0.11986086829481
296,"Kiribati",2068,25,5.607184,2.225053,0.12476281580752
296,"Kiribati",2068,26,5.691868,2.225053,0.12664707969004
296,"Kiribati",2068,27,5.693778,2.225053,0.12668957820234
296,"Kiribati",2068,28,5.624851,2.225053,0.12515591592103
296,"Kiribati",2068,29,5.463692,2.225053,0.12157004275676
296,"Kiribati",2068,30,5.207687,2.225053,0.11587379582411
296,"Kiribati",2068,31,4.911681,2.225053,0.10928750544093
296,"Kiribati",2068,32,4.589674,2.225053,0.10212267902722
296,"Kiribati",2068,33,4.30394,2.225053,0.0957649460882
296,"Kiribati",2068,34,4.044029,2.225053,0.08998178858537
296,"Kiribati",2068,35,3.737408,2.225053,0.08315930882624
296,"Kiribati",2068,36,3.317895,2.225053,0.07382492223435
296,"Kiribati",2068,37,2.88056,2.225053,0.0640939866968
296,"Kiribati",2068,38,2.436341,2.225053,0.05420987851073
296,"Kiribati",2068,39,1.965536,2.225053,0.04373421773408
296,"Kiribati",2068,40,1.443061,2.225053,0.03210887207233
296,"Kiribati",2068,41,1.034929,2.225053,0.02302771876237
296,"Kiribati",2068,42,0.701196,2.225053,0.01560198263388
296,"Kiribati",2068,43,0.441608,2.225053,0.00982601205224
296,"Kiribati",2068,44,0.253816,2.225053,0.00564754052248
296,"Kiribati",2068,45,0.135021,2.225053,0.00300428881113
296,"Kiribati",2068,46,0.06353,2.225053,0.0014135761709
296,"Kiribati",2068,47,0.022265,2.225053,0.00049540805045
296,"Kiribati",2068,48,0.004455,2.225053,9.912611115e-05
296,"Kiribati",2068,49,0.000166,2.225053,3.69358798e-06
296,"Kiribati",2068,50,2.6e-05,2.225053,5.7851378e-07
296,"Kiribati",2068,51,0.000157,2.225053,3.49333321e-06
296,"Kiribati",2068,52,0.00022,2.225053,4.8951166e-06
296,"Kiribati",2068,53,0.000298,2.225053,6.63065794e-06
296,"Kiribati",2068,54,0.000242,2.225053,5.38462826e-06
296,"Kiribati",2069,10,0.000211,2.2119,4.667109e-06
296,"Kiribati",2069,11,0.002798,2.2119,6.1888962e-05
296,"Kiribati",2069,12,0.016595,2.2119,0.000367064805
296,"Kiribati",2069,13,0.052055,2.2119,0.001151404545
296,"Kiribati",2069,14,0.183763,2.2119,0.004064653797
296,"Kiribati",2069,15,0.421703,2.2119,0.009327648657
296,"Kiribati",2069,16,0.853453,2.2119,0.018877526907
296,"Kiribati",2069,17,1.426574,2.2119,0.031554390306
296,"Kiribati",2069,18,2.116047,2.2119,0.046804843593
296,"Kiribati",2069,19,2.795031,2.2119,0.061823290689
296,"Kiribati",2069,20,3.428911,2.2119,0.075844082409
296,"Kiribati",2069,21,4.026349,2.2119,0.089058813531
296,"Kiribati",2069,22,4.567734,2.2119,0.101033708346
296,"Kiribati",2069,23,5.022864,2.2119,0.111100728816
296,"Kiribati",2069,24,5.37728,2.2119,0.11894005632
296,"Kiribati",2069,25,5.603871,2.2119,0.123952022649
296,"Kiribati",2069,26,5.69548,2.2119,0.12597832212
296,"Kiribati",2069,27,5.703493,2.2119,0.126155561667
296,"Kiribati",2069,28,5.639585,2.2119,0.124741980615
296,"Kiribati",2069,29,5.481741,2.2119,0.121250629179
296,"Kiribati",2069,30,5.227443,2.2119,0.115625811717
296,"Kiribati",2069,31,4.931208,2.2119,0.109073389752
296,"Kiribati",2069,32,4.607427,2.2119,0.101911677813
296,"Kiribati",2069,33,4.319351,2.2119,0.095539724769
296,"Kiribati",2069,34,4.056707,2.2119,0.089730302133
296,"Kiribati",2069,35,3.746922,2.2119,0.082878167718
296,"Kiribati",2069,36,3.324004,2.2119,0.073523644476
296,"Kiribati",2069,37,2.883643,2.2119,0.063783299517
296,"Kiribati",2069,38,2.436963,2.2119,0.053903184597
296,"Kiribati",2069,39,1.964284,2.2119,0.043447997796
296,"Kiribati",2069,40,1.44048,2.2119,0.03186197712
296,"Kiribati",2069,41,1.031853,2.2119,0.022823556507
296,"Kiribati",2069,42,0.698221,2.2119,0.015443950299
296,"Kiribati",2069,43,0.439136,2.2119,0.009713249184
296,"Kiribati",2069,44,0.252117,2.2119,0.005576575923
296,"Kiribati",2069,45,0.134092,2.2119,0.002965980948
296,"Kiribati",2069,46,0.063052,2.2119,0.001394647188
296,"Kiribati",2069,47,0.022072,2.2119,0.000488210568
296,"Kiribati",2069,48,0.004401,2.2119,9.7345719e-05
296,"Kiribati",2069,49,0.000162,2.2119,3.583278e-06
296,"Kiribati",2069,50,2.5e-05,2.2119,5.52975e-07
296,"Kiribati",2069,51,0.000154,2.2119,3.406326e-06
296,"Kiribati",2069,52,0.000216,2.2119,4.777704e-06
296,"Kiribati",2069,53,0.000292,2.2119,6.458748e-06
296,"Kiribati",2069,54,0.000236,2.2119,5.220084e-06
296,"Kiribati",2070,10,0.000208,2.201871,4.57989168e-06
296,"Kiribati",2070,11,0.002811,2.201871,6.189459381e-05
296,"Kiribati",2070,12,0.016671,2.201871,0.00036707391441
296,"Kiribati",2070,13,0.050858,2.201871,0.00111982755318
296,"Kiribati",2070,14,0.18185,2.201871,0.0040041024135
296,"Kiribati",2070,15,0.417996,2.201871,0.00920373270516
296,"Kiribati",2070,16,0.847242,2.201871,0.01865517589782
296,"Kiribati",2070,17,1.416947,2.201871,0.03119934507837
296,"Kiribati",2070,18,2.102319,2.201871,0.04629035238849
296,"Kiribati",2070,19,2.77796,2.201871,0.0611670956316
296,"Kiribati",2070,20,3.409473,2.201871,0.07507219723983
296,"Kiribati",2070,21,4.00645,2.201871,0.0882168606795
296,"Kiribati",2070,22,4.549248,2.201871,0.10016857243008
296,"Kiribati",2070,23,5.007709,2.201871,0.11026329223539
296,"Kiribati",2070,24,5.367289,2.201871,0.11818077997719
296,"Kiribati",2070,25,5.600279,2.201871,0.12331091922009
296,"Kiribati",2070,26,5.698964,2.201871,0.12548383561644
296,"Kiribati",2070,27,5.713237,2.201871,0.12579810866427
296,"Kiribati",2070,28,5.654501,2.201871,0.12450481771371
296,"Kiribati",2070,29,5.500105,2.201871,0.12110521696455
296,"Kiribati",2070,30,5.247624,2.201871,0.11554591104504
296,"Kiribati",2070,31,4.95122,2.201871,0.1090194773262
296,"Kiribati",2070,32,4.625684,2.201871,0.10185159454764
296,"Kiribati",2070,33,4.335252,2.201871,0.09545665656492
296,"Kiribati",2070,34,4.069833,2.201871,0.08961247257543
296,"Kiribati",2070,35,3.756828,2.201871,0.08272050625188
296,"Kiribati",2070,36,3.33046,2.201871,0.0733324329066
296,"Kiribati",2070,37,2.887026,2.201871,0.06356858825646
296,"Kiribati",2070,38,2.437846,2.201871,0.05367822409866
296,"Kiribati",2070,39,1.963265,2.201871,0.04322856268815
296,"Kiribati",2070,40,1.438113,2.201871,0.03166539309423
296,"Kiribati",2070,41,1.028957,2.201871,0.02265630578547
296,"Kiribati",2070,42,0.695387,2.201871,0.01531152469077
296,"Kiribati",2070,43,0.436771,2.201871,0.00961713398541
296,"Kiribati",2070,44,0.250494,2.201871,0.00551555474274
296,"Kiribati",2070,45,0.133211,2.201871,0.00293313437781
296,"Kiribati",2070,46,0.062602,2.201871,0.00137841528342
296,"Kiribati",2070,47,0.021893,2.201871,0.00048205561803
296,"Kiribati",2070,48,0.004353,2.201871,9.584744463e-05
296,"Kiribati",2070,49,0.000159,2.201871,3.50097489e-06
296,"Kiribati",2070,50,2.5e-05,2.201871,5.5046775e-07
296,"Kiribati",2070,51,0.000152,2.201871,3.34684392e-06
296,"Kiribati",2070,52,0.000212,2.201871,4.66796652e-06
296,"Kiribati",2070,53,0.000287,2.201871,6.31936977e-06
296,"Kiribati",2070,54,0.000231,2.201871,5.08632201e-06
296,"Kiribati",2071,10,0.000206,2.19098,4.5134188e-06
296,"Kiribati",2071,11,0.002825,2.19098,6.1895185e-05
296,"Kiribati",2071,12,0.016754,2.19098,0.0003670767892
296,"Kiribati",2071,13,0.04964,2.19098,0.001087602472
296,"Kiribati",2071,14,0.179844,2.19098,0.0039403460712
296,"Kiribati",2071,15,0.414104,2.19098,0.0090729358192
296,"Kiribati",2071,16,0.840704,2.19098,0.0184196564992
296,"Kiribati",2071,17,1.406872,2.19098,0.0308242841456
296,"Kiribati",2071,18,2.088046,2.19098,0.0457486702508
296,"Kiribati",2071,19,2.760301,2.19098,0.0604776428498
296,"Kiribati",2071,20,3.389458,2.19098,0.0742623468884
296,"Kiribati",2071,21,3.985993,2.19098,0.0873323094314
296,"Kiribati",2071,22,4.530237,2.19098,0.0992565866226
296,"Kiribati",2071,23,4.992079,2.19098,0.1093754524742
296,"Kiribati",2071,24,5.356898,2.19098,0.1173685638004
296,"Kiribati",2071,25,5.5964,2.19098,0.12261600472
296,"Kiribati",2071,26,5.702313,2.19098,0.1249365373674
296,"Kiribati",2071,27,5.723002,2.19098,0.1253898292196
296,"Kiribati",2071,28,5.669592,2.19098,0.1242196268016
296,"Kiribati",2071,29,5.518777,2.19098,0.1209153003146
296,"Kiribati",2071,30,5.268226,2.19098,0.1154257780148
296,"Kiribati",2071,31,4.971716,2.19098,0.1089293032168
296,"Kiribati",2071,32,4.644444,2.19098,0.1017588391512
296,"Kiribati",2071,33,4.35164,2.19098,0.095343562072
296,"Kiribati",2071,34,4.083405,2.19098,0.089466586869
296,"Kiribati",2071,35,3.767126,2.19098,0.0825369772348
296,"Kiribati",2071,36,3.337257,2.19098,0.0731186334186
296,"Kiribati",2071,37,2.890706,2.19098,0.0633347903188
296,"Kiribati",2071,38,2.438986,2.19098,0.0534376954628
296,"Kiribati",2071,39,1.962474,2.19098,0.0429974128452
296,"Kiribati",2071,40,1.435956,2.19098,0.0314615087688
296,"Kiribati",2071,41,1.026238,2.19098,0.0224846693324
296,"Kiribati",2071,42,0.692691,2.19098,0.0151767212718
296,"Kiribati",2071,43,0.434508,2.19098,0.0095199833784
296,"Kiribati",2071,44,0.248944,2.19098,0.0054543132512
296,"Kiribati",2071,45,0.132376,2.19098,0.0029003316848
296,"Kiribati",2071,46,0.06218,2.19098,0.001362351364
296,"Kiribati",2071,47,0.021729,2.19098,0.0004760780442
296,"Kiribati",2071,48,0.004309,2.19098,9.44093282e-05
296,"Kiribati",2071,49,0.000156,2.19098,3.4179288e-06
296,"Kiribati",2071,50,2.4e-05,2.19098,5.258352e-07
296,"Kiribati",2071,51,0.000149,2.19098,3.2645602e-06
296,"Kiribati",2071,52,0.000208,2.19098,4.5572384e-06
296,"Kiribati",2071,53,0.000282,2.19098,6.1785636e-06
296,"Kiribati",2071,54,0.000226,2.19098,4.9516148e-06
296,"Kiribati",2072,10,0.000203,2.178933,4.42323399e-06
296,"Kiribati",2072,11,0.002841,2.178933,6.190348653e-05
296,"Kiribati",2072,12,0.016599,2.178933,0.00036168108867
296,"Kiribati",2072,13,0.048403,2.178933,0.00105466893999
296,"Kiribati",2072,14,0.177747,2.178933,0.00387298803951
296,"Kiribati",2072,15,0.410032,2.178933,0.00893432255856
296,"Kiribati",2072,16,0.833846,2.178933,0.01816894566318
296,"Kiribati",2072,17,1.396359,2.178933,0.03042572704947
296,"Kiribati",2072,18,2.073236,2.178933,0.04517442337188
296,"Kiribati",2072,19,2.742064,2.178933,0.05974773737712
296,"Kiribati",2072,20,3.368881,2.178933,0.07340565983973
296,"Kiribati",2072,21,3.964995,2.178933,0.08639458450335
296,"Kiribati",2072,22,4.510716,2.178933,0.09828547946028
296,"Kiribati",2072,23,4.975986,2.178933,0.10842340102938
296,"Kiribati",2072,24,5.346118,2.178933,0.11648832932094
296,"Kiribati",2072,25,5.592243,2.178933,0.12185122816719
296,"Kiribati",2072,26,5.705533,2.178933,0.12431974136289
296,"Kiribati",2072,27,5.732797,2.178933,0.12491380565601
296,"Kiribati",2072,28,5.684868,2.178933,0.12386946485844
296,"Kiribati",2072,29,5.537768,2.178933,0.12066425441544
296,"Kiribati",2072,30,5.289261,2.178933,0.11524945338513
296,"Kiribati",2072,31,4.992708,2.178933,0.10878776220564
296,"Kiribati",2072,32,4.663719,2.178933,0.10161931231827
296,"Kiribati",2072,33,4.368527,2.178933,0.09518727641691
296,"Kiribati",2072,34,4.097434,2.178933,0.08928034157922
296,"Kiribati",2072,35,3.777822,2.178933,0.08231621023926
296,"Kiribati",2072,36,3.344404,2.178933,0.07287232240932
296,"Kiribati",2072,37,2.894689,2.178933,0.06307333386837
296,"Kiribati",2072,38,2.440389,2.178933,0.05317444124937
296,"Kiribati",2072,39,1.961914,2.178933,0.04274879157762
296,"Kiribati",2072,40,1.43401,2.178933,0.0312461171133
296,"Kiribati",2072,41,1.023694,2.178933,0.02230560638502
296,"Kiribati",2072,42,0.690134,2.178933,0.01503755747022
296,"Kiribati",2072,43,0.432349,2.178933,0.00942059503617
296,"Kiribati",2072,44,0.247466,2.178933,0.00539211833778
296,"Kiribati",2072,45,0.131586,2.178933,0.00286717077738
296,"Kiribati",2072,46,0.061785,2.178933,0.00134625375405
296,"Kiribati",2072,47,0.021578,2.178933,0.00047017016274
296,"Kiribati",2072,48,0.00427,2.178933,9.30404391e-05
296,"Kiribati",2072,49,0.000154,2.178933,3.35555682e-06
296,"Kiribati",2072,50,2.4e-05,2.178933,5.2294392e-07
296,"Kiribati",2072,51,0.000147,2.178933,3.20303151e-06
296,"Kiribati",2072,52,0.000204,2.178933,4.44502332e-06
296,"Kiribati",2072,53,0.000277,2.178933,6.03564441e-06
296,"Kiribati",2072,54,0.000221,2.178933,4.81544193e-06
296,"Kiribati",2073,10,0.000201,2.165718,4.35309318e-06
296,"Kiribati",2073,11,0.002858,2.165718,6.189622044e-05
296,"Kiribati",2073,12,0.016332,2.165718,0.00035370506376
296,"Kiribati",2073,13,0.047151,2.165718,0.00102115769418
296,"Kiribati",2073,14,0.175564,2.165718,0.00380222114952
296,"Kiribati",2073,15,0.405785,2.165718,0.0087881587863
296,"Kiribati",2073,16,0.826677,2.165718,0.01790349259086
296,"Kiribati",2073,17,1.385416,2.165718,0.03000420368688
296,"Kiribati",2073,18,2.057901,2.165718,0.04456833237918
296,"Kiribati",2073,19,2.723258,2.165718,0.05897808869244
296,"Kiribati",2073,20,3.347746,2.165718,0.07250273771628
296,"Kiribati",2073,21,3.943453,2.165718,0.08540407144254
296,"Kiribati",2073,22,4.490678,2.165718,0.09725542176804
296,"Kiribati",2073,23,4.959421,2.165718,0.10740707329278
296,"Kiribati",2073,24,5.334937,2.165718,0.11553969089766
296,"Kiribati",2073,25,5.587793,2.165718,0.12101583880374
296,"Kiribati",2073,26,5.70861,2.165718,0.1236323943198
296,"Kiribati",2073,27,5.742606,2.165718,0.12436865181108
296,"Kiribati",2073,28,5.700314,2.165718,0.12345272635452
296,"Kiribati",2073,29,5.557067,2.165718,0.12035040029106
296,"Kiribati",2073,30,5.31072,2.165718,0.1150152189696
296,"Kiribati",2073,31,5.014189,2.165718,0.10859319372702
296,"Kiribati",2073,32,4.683501,2.165718,0.10143142418718
296,"Kiribati",2073,33,4.385907,2.165718,0.09498637736226
296,"Kiribati",2073,34,4.111913,2.165718,0.08905243998534
296,"Kiribati",2073,35,3.788911,2.165718,0.08205712753098
296,"Kiribati",2073,36,3.351894,2.165718,0.07259257169892
296,"Kiribati",2073,37,2.898968,2.165718,0.06278347179024
296,"Kiribati",2073,38,2.442048,2.165718,0.05288787310464
296,"Kiribati",2073,39,1.961581,2.165718,0.04248231280158
296,"Kiribati",2073,40,1.432272,2.165718,0.03101897251296
296,"Kiribati",2073,41,1.021324,2.165718,0.02211899770632
296,"Kiribati",2073,42,0.687711,2.165718,0.01489388091498
296,"Kiribati",2073,43,0.430289,2.165718,0.00931884632502
296,"Kiribati",2073,44,0.246059,2.165718,0.00532894405362
296,"Kiribati",2073,45,0.130841,2.165718,0.00283364708838
296,"Kiribati",2073,46,0.061417,2.165718,0.00133011902406
296,"Kiribati",2073,47,0.02144,2.165718,0.0004643299392
296,"Kiribati",2073,48,0.004236,2.165718,9.173981448e-05
296,"Kiribati",2073,49,0.000152,2.165718,3.29189136e-06
296,"Kiribati",2073,50,2.3e-05,2.165718,4.9811514e-07
296,"Kiribati",2073,51,0.000145,2.165718,3.1402911e-06
296,"Kiribati",2073,52,0.000201,2.165718,4.35309318e-06
296,"Kiribati",2073,53,0.000272,2.165718,5.89075296e-06
296,"Kiribati",2073,54,0.000216,2.165718,4.67795088e-06
296,"Kiribati",2074,10,0.000198,2.156851,4.27056498e-06
296,"Kiribati",2074,11,0.00287,2.156851,6.19016237e-05
296,"Kiribati",2074,12,0.016054,2.156851,0.00034626085954
296,"Kiribati",2074,13,0.045885,2.156851,0.00098967108135
296,"Kiribati",2074,14,0.173297,2.156851,0.00373775807747
296,"Kiribati",2074,15,0.40137,2.156851,0.0086569528587
296,"Kiribati",2074,16,0.819204,2.156851,0.01766900966604
296,"Kiribati",2074,17,1.374053,2.156851,0.02963627587103
296,"Kiribati",2074,18,2.042051,2.156851,0.04404399741401
296,"Kiribati",2074,19,2.703893,2.156851,0.05831894320943
296,"Kiribati",2074,20,3.326055,2.156851,0.07173805052805
296,"Kiribati",2074,21,3.921369,2.156851,0.08457808649019
296,"Kiribati",2074,22,4.470122,2.156851,0.09641387105822
296,"Kiribati",2074,23,4.942379,2.156851,0.10659975088529
296,"Kiribati",2074,24,5.323346,2.156851,0.11481664143446
296,"Kiribati",2074,25,5.58304,2.156851,0.1204178540704
296,"Kiribati",2074,26,5.711531,2.156851,0.12318921348881
296,"Kiribati",2074,27,5.752418,2.156851,0.12407108515718
296,"Kiribati",2074,28,5.71592,2.156851,0.1232838776792
296,"Kiribati",2074,29,5.576664,2.156851,0.12028033325064
296,"Kiribati",2074,30,5.332595,2.156851,0.11501612858345
296,"Kiribati",2074,31,5.036153,2.156851,0.10862231634203
296,"Kiribati",2074,32,4.703787,2.156851,0.10145367694737
296,"Kiribati",2074,33,4.403774,2.156851,0.09498284355674
296,"Kiribati",2074,34,4.126838,2.156851,0.08900974667138
296,"Kiribati",2074,35,3.800388,2.156851,0.08196870658188
296,"Kiribati",2074,36,3.359721,2.156851,0.07246417598571
296,"Kiribati",2074,37,2.903538,2.156851,0.06262498838838
296,"Kiribati",2074,38,2.443959,2.156851,0.05271255413109
296,"Kiribati",2074,39,1.961469,2.156851,0.04230596374119
296,"Kiribati",2074,40,1.430736,2.156851,0.03085884372336
296,"Kiribati",2074,41,1.019123,2.156851,0.02198096461673
296,"Kiribati",2074,42,0.68542,2.156851,0.0147834881242
296,"Kiribati",2074,43,0.428327,2.156851,0.00923837518277
296,"Kiribati",2074,44,0.244721,2.156851,0.00527826733571
296,"Kiribati",2074,45,0.130139,2.156851,0.00280690432289
296,"Kiribati",2074,46,0.061075,2.156851,0.00131729674825
296,"Kiribati",2074,47,0.021316,2.156851,0.00045975435916
296,"Kiribati",2074,48,0.004206,2.156851,9.071715306e-05
296,"Kiribati",2074,49,0.00015,2.156851,3.2352765e-06
296,"Kiribati",2074,50,2.3e-05,2.156851,4.9607573e-07
296,"Kiribati",2074,51,0.000143,2.156851,3.08429693e-06
296,"Kiribati",2074,52,0.000197,2.156851,4.24899647e-06
296,"Kiribati",2074,53,0.000267,2.156851,5.75879217e-06
296,"Kiribati",2074,54,0.000211,2.156851,4.55095561e-06
296,"Kiribati",2075,10,0.000195,2.148901,4.19035695e-06
296,"Kiribati",2075,11,0.00288,2.148901,6.18883488e-05
296,"Kiribati",2075,12,0.015765,2.148901,0.00033877424265
296,"Kiribati",2075,13,0.044609,2.148901,0.00095860324709
296,"Kiribati",2075,14,0.170951,2.148901,0.00367356774851
296,"Kiribati",2075,15,0.396792,2.148901,0.00852666725592
296,"Kiribati",2075,16,0.811436,2.148901,0.01743695631836
296,"Kiribati",2075,17,1.36228,2.148901,0.0292740485428
296,"Kiribati",2075,18,2.025696,2.148901,0.04353020160096
296,"Kiribati",2075,19,2.683979,2.148901,0.05767605157079
296,"Kiribati",2075,20,3.303818,2.148901,0.07099577804018
296,"Kiribati",2075,21,3.898747,2.148901,0.08378021327047
296,"Kiribati",2075,22,4.449049,2.148901,0.09560565845149
296,"Kiribati",2075,23,4.924858,2.148901,0.10583032281058
296,"Kiribati",2075,24,5.31134,2.148901,0.1141354383734
296,"Kiribati",2075,25,5.577976,2.148901,0.11986518204376
296,"Kiribati",2075,26,5.714289,2.148901,0.12279441346389
296,"Kiribati",2075,27,5.762225,2.148901,0.12382451064725
296,"Kiribati",2075,28,5.731679,2.148901,0.12316810734779
296,"Kiribati",2075,29,5.596554,2.148901,0.12026440487154
296,"Kiribati",2075,30,5.354883,2.148901,0.11507113433583
296,"Kiribati",2075,31,5.058599,2.148901,0.10870428449699
296,"Kiribati",2075,32,4.724575,2.148901,0.10152643942075
296,"Kiribati",2075,33,4.422129,2.148901,0.09502717430229
296,"Kiribati",2075,34,4.142206,2.148901,0.08901190615606
296,"Kiribati",2075,35,3.81225,2.148901,0.0819214783725
296,"Kiribati",2075,36,3.367884,2.148901,0.07237249295484
296,"Kiribati",2075,37,2.908397,2.148901,0.06249857221697
296,"Kiribati",2075,38,2.446118,2.148901,0.05256465416318
296,"Kiribati",2075,39,1.961576,2.148901,0.04215232627976
296,"Kiribati",2075,40,1.429402,2.148901,0.03071643387202
296,"Kiribati",2075,41,1.017089,2.148901,0.02185623569189
296,"Kiribati",2075,42,0.683259,2.148901,0.01468255948359
296,"Kiribati",2075,43,0.426462,2.148901,0.00916424618262
296,"Kiribati",2075,44,0.243451,2.148901,0.00523152097351
296,"Kiribati",2075,45,0.12948,2.148901,0.0027823970148
296,"Kiribati",2075,46,0.060759,2.148901,0.00130565075859
296,"Kiribati",2075,47,0.021204,2.148901,0.00045565296804
296,"Kiribati",2075,48,0.004181,2.148901,8.984555081e-05
296,"Kiribati",2075,49,0.000149,2.148901,3.20186249e-06
296,"Kiribati",2075,50,2.3e-05,2.148901,4.9424723e-07
296,"Kiribati",2075,51,0.000141,2.148901,3.02995041e-06
296,"Kiribati",2075,52,0.000194,2.148901,4.16886794e-06
296,"Kiribati",2075,53,0.000263,2.148901,5.65160963e-06
296,"Kiribati",2075,54,0.000206,2.148901,4.42673606e-06
296,"Kiribati",2076,10,0.000192,2.1423,4.113216e-06
296,"Kiribati",2076,11,0.002889,2.1423,6.1891047e-05
296,"Kiribati",2076,12,0.015467,2.1423,0.000331349541
296,"Kiribati",2076,13,0.043325,2.1423,0.000928151475
296,"Kiribati",2076,14,0.16853,2.1423,0.00361041819
296,"Kiribati",2076,15,0.392058,2.1423,0.008399058534
296,"Kiribati",2076,16,0.80338,2.1423,0.01721080974
296,"Kiribati",2076,17,1.350107,2.1423,0.028923342261
296,"Kiribati",2076,18,2.008847,2.1423,0.043035529281
296,"Kiribati",2076,19,2.663525,2.1423,0.057060696075
296,"Kiribati",2076,20,3.281042,2.1423,0.070289762766
296,"Kiribati",2076,21,3.875594,2.1423,0.083026850262
296,"Kiribati",2076,22,4.427462,2.1423,0.094849518426
296,"Kiribati",2076,23,4.906857,2.1423,0.105119597511
296,"Kiribati",2076,24,5.298915,2.1423,0.113518656045
296,"Kiribati",2076,25,5.572595,2.1423,0.119381702685
296,"Kiribati",2076,26,5.716875,2.1423,0.122472613125
296,"Kiribati",2076,27,5.772018,2.1423,0.123653941614
296,"Kiribati",2076,28,5.747584,2.1423,0.123130492032
296,"Kiribati",2076,29,5.616731,2.1423,0.120327228213
296,"Kiribati",2076,30,5.377581,2.1423,0.115203917763
296,"Kiribati",2076,31,5.081524,2.1423,0.108861488652
296,"Kiribati",2076,32,4.745866,2.1423,0.101670687318
296,"Kiribati",2076,33,4.44097,2.1423,0.09513890031
296,"Kiribati",2076,34,4.158018,2.1423,0.089077219614
296,"Kiribati",2076,35,3.824496,2.1423,0.081932177808
296,"Kiribati",2076,36,3.37638,2.1423,0.07233218874
296,"Kiribati",2076,37,2.913541,2.1423,0.062416788843
296,"Kiribati",2076,38,2.448523,2.1423,0.052454708229
296,"Kiribati",2076,39,1.9619,2.1423,0.0420297837
296,"Kiribati",2076,40,1.428265,2.1423,0.030597721095
296,"Kiribati",2076,41,1.01522,2.1423,0.02174905806
296,"Kiribati",2076,42,0.681226,2.1423,0.014593904598
296,"Kiribati",2076,43,0.424691,2.1423,0.009098155293
296,"Kiribati",2076,44,0.242247,2.1423,0.005189657481
296,"Kiribati",2076,45,0.128863,2.1423,0.002760632049
296,"Kiribati",2076,46,0.060467,2.1423,0.001295384541
296,"Kiribati",2076,47,0.021105,2.1423,0.000452132415
296,"Kiribati",2076,48,0.00416,2.1423,8.911968e-05
296,"Kiribati",2076,49,0.000148,2.1423,3.170604e-06
296,"Kiribati",2076,50,2.3e-05,2.1423,4.92729e-07
296,"Kiribati",2076,51,0.000139,2.1423,2.977797e-06
296,"Kiribati",2076,52,0.000192,2.1423,4.113216e-06
296,"Kiribati",2076,53,0.000259,2.1423,5.548557e-06
296,"Kiribati",2076,54,0.000201,2.1423,4.306023e-06
296,"Kiribati",2077,10,0.000189,2.131208,4.02798312e-06
296,"Kiribati",2077,11,0.002904,2.131208,6.189028032e-05
296,"Kiribati",2077,12,0.015159,2.131208,0.00032306982072
296,"Kiribati",2077,13,0.042037,2.131208,0.00089589590696
296,"Kiribati",2077,14,0.166036,2.131208,0.00353857251488
296,"Kiribati",2077,15,0.387173,2.131208,0.00825146194984
296,"Kiribati",2077,16,0.795047,2.131208,0.01694410526776
296,"Kiribati",2077,17,1.337545,2.131208,0.0285058660436
296,"Kiribati",2077,18,1.991517,2.131208,0.04244336962536
296,"Kiribati",2077,19,2.642543,2.131208,0.05631808781944
296,"Kiribati",2077,20,3.257735,2.131208,0.0694291089388
296,"Kiribati",2077,21,3.851913,2.131208,0.08209227800904
296,"Kiribati",2077,22,4.405361,2.131208,0.09388740606088
296,"Kiribati",2077,23,4.888374,2.131208,0.10418141775792
296,"Kiribati",2077,24,5.286067,2.131208,0.11265708278936
296,"Kiribati",2077,25,5.56689,2.131208,0.1186420050312
296,"Kiribati",2077,26,5.719282,2.131208,0.12188979552656
296,"Kiribati",2077,27,5.781789,2.131208,0.12322194971112
296,"Kiribati",2077,28,5.763629,2.131208,0.12283492233832
296,"Kiribati",2077,29,5.637191,2.131208,0.12014026556728
296,"Kiribati",2077,30,5.400686,2.131208,0.11509985208688
296,"Kiribati",2077,31,5.104928,2.131208,0.10879663393024
296,"Kiribati",2077,32,4.767656,2.131208,0.10160866608448
296,"Kiribati",2077,33,4.460297,2.131208,0.09505820648776
296,"Kiribati",2077,34,4.174271,2.131208,0.08896239749368
296,"Kiribati",2077,35,3.837123,2.131208,0.08177707234584
296,"Kiribati",2077,36,3.385206,2.131208,0.07214578108848
296,"Kiribati",2077,37,2.918969,2.131208,0.06220930084552
296,"Kiribati",2077,38,2.451171,2.131208,0.05223955244568
296,"Kiribati",2077,39,1.962437,2.131208,0.04182361433896
296,"Kiribati",2077,40,1.427324,2.131208,0.03041924327392
296,"Kiribati",2077,41,1.013513,2.131208,0.02160007013704
296,"Kiribati",2077,42,0.679318,2.131208,0.01447767956144
296,"Kiribati",2077,43,0.423012,2.131208,0.00901526558496
296,"Kiribati",2077,44,0.241109,2.131208,0.00513853429672
296,"Kiribati",2077,45,0.128288,2.131208,0.00273408411904
296,"Kiribati",2077,46,0.060201,2.131208,0.00128300852808
296,"Kiribati",2077,47,0.021019,2.131208,0.00044795860952
296,"Kiribati",2077,48,0.004142,2.131208,8.827463536e-05
296,"Kiribati",2077,49,0.000148,2.131208,3.15418784e-06
296,"Kiribati",2077,50,2.2e-05,2.131208,4.6886576e-07
296,"Kiribati",2077,51,0.000138,2.131208,2.94106704e-06
296,"Kiribati",2077,52,0.000189,2.131208,4.02798312e-06
296,"Kiribati",2077,53,0.000255,2.131208,5.4345804e-06
296,"Kiribati",2077,54,0.000196,2.131208,4.17716768e-06
296,"Kiribati",2078,10,0.000186,2.122565,3.9479709e-06
296,"Kiribati",2078,11,0.002916,2.122565,6.18939954e-05
296,"Kiribati",2078,12,0.014843,2.122565,0.00031505232295
296,"Kiribati",2078,13,0.040746,2.122565,0.0008648603349
296,"Kiribati",2078,14,0.163475,2.122565,0.00346986313375
296,"Kiribati",2078,15,0.382144,2.122565,0.0081112547936
296,"Kiribati",2078,16,0.786444,2.122565,0.0166927850886
296,"Kiribati",2078,17,1.324605,2.122565,0.02811560211825
296,"Kiribati",2078,18,1.973717,2.122565,0.04189342624105
296,"Kiribati",2078,19,2.621044,2.122565,0.0556333625786
296,"Kiribati",2078,20,3.233906,2.122565,0.0686417568889
296,"Kiribati",2078,21,3.827711,2.122565,0.08124565398715
296,"Kiribati",2078,22,4.38275,2.122565,0.0930267175375
296,"Kiribati",2078,23,4.869408,2.122565,0.1033563499152
296,"Kiribati",2078,24,5.272791,2.122565,0.11191841628915
296,"Kiribati",2078,25,5.560855,2.122565,0.11803276193075
296,"Kiribati",2078,26,5.7215,2.122565,0.121442556475
296,"Kiribati",2078,27,5.791531,2.122565,0.12292900997015
296,"Kiribati",2078,28,5.779805,2.122565,0.12268011799825
296,"Kiribati",2078,29,5.657929,2.122565,0.12009322067885
296,"Kiribati",2078,30,5.424195,2.122565,0.11513206460175
296,"Kiribati",2078,31,5.128808,2.122565,0.1088622835252
296,"Kiribati",2078,32,4.789947,2.122565,0.10166973854055
296,"Kiribati",2078,33,4.480109,2.122565,0.09509322559585
296,"Kiribati",2078,34,4.190964,2.122565,0.0889559350266
296,"Kiribati",2078,35,3.85013,2.122565,0.0817215118345
296,"Kiribati",2078,36,3.394361,2.122565,0.07204751855965
296,"Kiribati",2078,37,2.924678,2.122565,0.0620781915907
296,"Kiribati",2078,38,2.45406,2.122565,0.052089018639
296,"Kiribati",2078,39,1.963186,2.122565,0.0416698989209
296,"Kiribati",2078,40,1.426576,2.122565,0.0302800028744
296,"Kiribati",2078,41,1.011966,2.122565,0.0214796361279
296,"Kiribati",2078,42,0.677534,2.122565,0.0143810995471
296,"Kiribati",2078,43,0.421424,2.122565,0.0089449983256
296,"Kiribati",2078,44,0.240034,2.122565,0.0050948776721
296,"Kiribati",2078,45,0.127753,2.122565,0.00271164046445
296,"Kiribati",2078,46,0.059959,2.122565,0.00127266874835
296,"Kiribati",2078,47,0.020945,2.122565,0.00044457123925
296,"Kiribati",2078,48,0.00413,2.122565,8.76619345e-05
296,"Kiribati",2078,49,0.000147,2.122565,3.12017055e-06
296,"Kiribati",2078,50,2.2e-05,2.122565,4.669643e-07
296,"Kiribati",2078,51,0.000137,2.122565,2.90791405e-06
296,"Kiribati",2078,52,0.000187,2.122565,3.96919655e-06
296,"Kiribati",2078,53,0.000251,2.122565,5.32763815e-06
296,"Kiribati",2078,54,0.000191,2.122565,4.05409915e-06
296,"Kiribati",2079,10,0.000183,2.113038,3.86685954e-06
296,"Kiribati",2079,11,0.002929,2.113038,6.189088302e-05
296,"Kiribati",2079,12,0.01452,2.113038,0.0003068131176
296,"Kiribati",2079,13,0.039455,2.113038,0.0008336991429
296,"Kiribati",2079,14,0.16085,2.113038,0.003398821623
296,"Kiribati",2079,15,0.376978,2.113038,0.00796568839164
296,"Kiribati",2079,16,0.777582,2.113038,0.01643060314116
296,"Kiribati",2079,17,1.311297,2.113038,0.02770820390286
296,"Kiribati",2079,18,1.95546,2.113038,0.0413196128748
296,"Kiribati",2079,19,2.599038,2.113038,0.05491866057444
296,"Kiribati",2079,20,3.209565,2.113038,0.0678193280847
296,"Kiribati",2079,21,3.802994,2.113038,0.08035870835772
296,"Kiribati",2079,22,4.359631,2.113038,0.09212065968978
296,"Kiribati",2079,23,4.849958,2.113038,0.10248145552404
296,"Kiribati",2079,24,5.259082,2.113038,0.11112640111116
296,"Kiribati",2079,25,5.554481,2.113038,0.11736829423278
296,"Kiribati",2079,26,5.723523,2.113038,0.12094021592874
296,"Kiribati",2079,27,5.801235,2.113038,0.1225823000193
296,"Kiribati",2079,28,5.796106,2.113038,0.12247392230028
296,"Kiribati",2079,29,5.678938,2.113038,0.11999811793644
296,"Kiribati",2079,30,5.448103,2.113038,0.11512048666914
296,"Kiribati",2079,31,5.153162,2.113038,0.10888827126156
296,"Kiribati",2079,32,4.812737,2.113038,0.10169496165006
296,"Kiribati",2079,33,4.500405,2.113038,0.0950952678039
296,"Kiribati",2079,34,4.208096,2.113038,0.08891866755648
296,"Kiribati",2079,35,3.863514,2.113038,0.08163751895532
296,"Kiribati",2079,36,3.403842,2.113038,0.07192447491996
296,"Kiribati",2079,37,2.930665,2.113038,0.0619260651027
296,"Kiribati",2079,38,2.457186,2.113038,0.05192127391068
296,"Kiribati",2079,39,1.964144,2.113038,0.04150310909472
296,"Kiribati",2079,40,1.426019,2.113038,0.03013232335722
296,"Kiribati",2079,41,1.010576,2.113038,0.02135385489888
296,"Kiribati",2079,42,0.675872,2.113038,0.01428143219136
296,"Kiribati",2079,43,0.419926,2.113038,0.00887319595188
296,"Kiribati",2079,44,0.239022,2.113038,0.00505062568836
296,"Kiribati",2079,45,0.127257,2.113038,0.00268898876766
296,"Kiribati",2079,46,0.05974,2.113038,0.0012623289012
296,"Kiribati",2079,47,0.020883,2.113038,0.00044126572554
296,"Kiribati",2079,48,0.004121,2.113038,8.707829598e-05
296,"Kiribati",2079,49,0.000147,2.113038,3.10616586e-06
296,"Kiribati",2079,50,2.2e-05,2.113038,4.6486836e-07
296,"Kiribati",2079,51,0.000136,2.113038,2.87373168e-06
296,"Kiribati",2079,52,0.000184,2.113038,3.88798992e-06
296,"Kiribati",2079,53,0.000248,2.113038,5.24033424e-06
296,"Kiribati",2079,54,0.000186,2.113038,3.93025068e-06
296,"Kiribati",2080,10,0.000179,2.102825,3.76405675e-06
296,"Kiribati",2080,11,0.002944,2.102825,6.1907168e-05
296,"Kiribati",2080,12,0.01419,2.102825,0.0002983908675
296,"Kiribati",2080,13,0.038167,2.102825,0.00080258521775
296,"Kiribati",2080,14,0.158165,2.102825,0.00332593316125
296,"Kiribati",2080,15,0.371682,2.102825,0.0078158220165
296,"Kiribati",2080,16,0.76847,2.102825,0.0161595792775
296,"Kiribati",2080,17,1.297634,2.102825,0.0272869721605
296,"Kiribati",2080,18,1.936757,2.102825,0.04072661038525
296,"Kiribati",2080,19,2.576538,2.102825,0.0541800851985
296,"Kiribati",2080,20,3.184719,2.102825,0.06696906731175
296,"Kiribati",2080,21,3.777767,2.102825,0.07943982891775
296,"Kiribati",2080,22,4.336005,2.102825,0.09117859714125
296,"Kiribati",2080,23,4.830022,2.102825,0.1015669101215
296,"Kiribati",2080,24,5.244937,2.102825,0.11029184647025
296,"Kiribati",2080,25,5.547763,2.102825,0.11665974730475
296,"Kiribati",2080,26,5.72534,2.102825,0.120393880855
296,"Kiribati",2080,27,5.810892,2.102825,0.122192889699
296,"Kiribati",2080,28,5.812523,2.102825,0.12222718677475
296,"Kiribati",2080,29,5.700212,2.102825,0.119865482989
296,"Kiribati",2080,30,5.472408,2.102825,0.115075163526
296,"Kiribati",2080,31,5.177989,2.102825,0.10888404718925
296,"Kiribati",2080,32,4.836024,2.102825,0.101693121678
296,"Kiribati",2080,33,4.521184,2.102825,0.095072587448
296,"Kiribati",2080,34,4.225665,2.102825,0.08885834003625
296,"Kiribati",2080,35,3.877274,2.102825,0.0815322869905
296,"Kiribati",2080,36,3.413646,2.102825,0.0717830014995
296,"Kiribati",2080,37,2.936928,2.102825,0.061758456216
296,"Kiribati",2080,38,2.460548,2.102825,0.051741018481
296,"Kiribati",2080,39,1.965307,2.102825,0.04132696692275
296,"Kiribati",2080,40,1.425651,2.102825,0.02997894564075
296,"Kiribati",2080,41,1.009343,2.102825,0.02122471693975
296,"Kiribati",2080,42,0.67433,2.102825,0.0141799798225
296,"Kiribati",2080,43,0.418516,2.102825,0.008800659077
296,"Kiribati",2080,44,0.238071,2.102825,0.00500621650575
296,"Kiribati",2080,45,0.126801,2.102825,0.00266640312825
296,"Kiribati",2080,46,0.059545,2.102825,0.00125212714625
296,"Kiribati",2080,47,0.020833,2.102825,0.00043808153225
296,"Kiribati",2080,48,0.004116,2.102825,8.6552277e-05
296,"Kiribati",2080,49,0.000147,2.102825,3.09115275e-06
296,"Kiribati",2080,50,2.2e-05,2.102825,4.626215e-07
296,"Kiribati",2080,51,0.000135,2.102825,2.83881375e-06
296,"Kiribati",2080,52,0.000182,2.102825,3.8271415e-06
296,"Kiribati",2080,53,0.000244,2.102825,5.130893e-06
296,"Kiribati",2080,54,0.000182,2.102825,3.8271415e-06
296,"Kiribati",2081,10,0.000176,2.091456,3.68096256e-06
296,"Kiribati",2081,11,0.00296,2.091456,6.19070976e-05
296,"Kiribati",2081,12,0.013854,2.091456,0.00028975031424
296,"Kiribati",2081,13,0.036884,2.091456,0.00077141263104
296,"Kiribati",2081,14,0.155425,2.091456,0.003250645488
296,"Kiribati",2081,15,0.366263,2.091456,0.00766022948928
296,"Kiribati",2081,16,0.759118,2.091456,0.01587661895808
296,"Kiribati",2081,17,1.283627,2.091456,0.02684649390912
296,"Kiribati",2081,18,1.917622,2.091456,0.04010622037632
296,"Kiribati",2081,19,2.553554,2.091456,0.05340645834624
296,"Kiribati",2081,20,3.159378,2.091456,0.06607700074368
296,"Kiribati",2081,21,3.752037,2.091456,0.07847220295872
296,"Kiribati",2081,22,4.311877,2.091456,0.09018101022912
296,"Kiribati",2081,23,4.809601,2.091456,0.10059068869056
296,"Kiribati",2081,24,5.230351,2.091456,0.10939048981056
296,"Kiribati",2081,25,5.540693,2.091456,0.11588115619008
296,"Kiribati",2081,26,5.726943,2.091456,0.11977649299008
296,"Kiribati",2081,27,5.820493,2.091456,0.12173305007808
296,"Kiribati",2081,28,5.829049,2.091456,0.12191199505344
296,"Kiribati",2081,29,5.721745,2.091456,0.1196677791072
296,"Kiribati",2081,30,5.497104,2.091456,0.11496951143424
296,"Kiribati",2081,31,5.203285,2.091456,0.1088244163296
296,"Kiribati",2081,32,4.859807,2.091456,0.10164072508992
296,"Kiribati",2081,33,4.542444,2.091456,0.09500321758464
296,"Kiribati",2081,34,4.24367,2.091456,0.0887544908352
296,"Kiribati",2081,35,3.891406,2.091456,0.08138704427136
296,"Kiribati",2081,36,3.423771,2.091456,0.07160666400576
296,"Kiribati",2081,37,2.943463,2.091456,0.06156123352128
296,"Kiribati",2081,38,2.464142,2.091456,0.05153644570752
296,"Kiribati",2081,39,1.966674,2.091456,0.04113212137344
296,"Kiribati",2081,40,1.425468,2.091456,0.02981303601408
296,"Kiribati",2081,41,1.008263,2.091456,0.02108737700928
296,"Kiribati",2081,42,0.672906,2.091456,0.01407353291136
296,"Kiribati",2081,43,0.417192,2.091456,0.00872538711552
296,"Kiribati",2081,44,0.237182,2.091456,0.00496055716992
296,"Kiribati",2081,45,0.126384,2.091456,0.00264326575104
296,"Kiribati",2081,46,0.059374,2.091456,0.00124178108544
296,"Kiribati",2081,47,0.020795,2.091456,0.0004349182752
296,"Kiribati",2081,48,0.004115,2.091456,8.60634144e-05
296,"Kiribati",2081,49,0.000148,2.091456,3.09535488e-06
296,"Kiribati",2081,50,2.2e-05,2.091456,4.6012032e-07
296,"Kiribati",2081,51,0.000134,2.091456,2.80255104e-06
296,"Kiribati",2081,52,0.00018,2.091456,3.7646208e-06
296,"Kiribati",2081,53,0.000241,2.091456,5.04040896e-06
296,"Kiribati",2081,54,0.000177,2.091456,3.70187712e-06
296,"Kiribati",2082,10,0.000172,2.08268,3.5822096e-06
296,"Kiribati",2082,11,0.002972,2.08268,6.18972496e-05
296,"Kiribati",2082,12,0.013512,2.08268,0.0002814117216
296,"Kiribati",2082,13,0.035608,2.08268,0.0007416006944
296,"Kiribati",2082,14,0.152634,2.08268,0.0031788777912
296,"Kiribati",2082,15,0.360727,2.08268,0.0075127890836
296,"Kiribati",2082,16,0.749537,2.08268,0.0156104571916
296,"Kiribati",2082,17,1.269288,2.08268,0.0264352073184
296,"Kiribati",2082,18,1.898067,2.08268,0.0395306617956
296,"Kiribati",2082,19,2.5301,2.08268,0.05269388668
296,"Kiribati",2082,20,3.133553,2.08268,0.0652618816204
296,"Kiribati",2082,21,3.725809,2.08268,0.0775966788812
296,"Kiribati",2082,22,4.287249,2.08268,0.0892896774732
296,"Kiribati",2082,23,4.788694,2.08268,0.0997331721992
296,"Kiribati",2082,24,5.215321,2.08268,0.1086184474028
296,"Kiribati",2082,25,5.533263,2.08268,0.1152401618484
296,"Kiribati",2082,26,5.728324,2.08268,0.1193026582832
296,"Kiribati",2082,27,5.830028,2.08268,0.1214208271504
296,"Kiribati",2082,28,5.845676,2.08268,0.1217467249168
296,"Kiribati",2082,29,5.74353,2.08268,0.119619350604
296,"Kiribati",2082,30,5.522188,2.08268,0.1150095050384
296,"Kiribati",2082,31,5.229049,2.08268,0.1089043577132
296,"Kiribati",2082,32,4.884084,2.08268,0.1017198406512
296,"Kiribati",2082,33,4.564184,2.08268,0.0950573473312
296,"Kiribati",2082,34,4.262108,2.08268,0.0887660708944
296,"Kiribati",2082,35,3.90591,2.08268,0.081347606388
296,"Kiribati",2082,36,3.434214,2.08268,0.0715236881352
296,"Kiribati",2082,37,2.950269,2.08268,0.0614446624092
296,"Kiribati",2082,38,2.467966,2.08268,0.0513998342888
296,"Kiribati",2082,39,1.968242,2.08268,0.0409921824856
296,"Kiribati",2082,40,1.425471,2.08268,0.0296879994228
296,"Kiribati",2082,41,1.007335,2.08268,0.020979564578
296,"Kiribati",2082,42,0.671598,2.08268,0.0139872372264
296,"Kiribati",2082,43,0.415953,2.08268,0.0086629699404
296,"Kiribati",2082,44,0.236352,2.08268,0.0049224558336
296,"Kiribati",2082,45,0.126005,2.08268,0.002624280934
296,"Kiribati",2082,46,0.059225,2.08268,0.00123346723
296,"Kiribati",2082,47,0.020768,2.08268,0.0004325309824
296,"Kiribati",2082,48,0.004119,2.08268,8.57855892e-05
296,"Kiribati",2082,49,0.000149,2.08268,3.1031932e-06
296,"Kiribati",2082,50,2.2e-05,2.08268,4.581896e-07
296,"Kiribati",2082,51,0.000133,2.08268,2.7699644e-06
296,"Kiribati",2082,52,0.000178,2.08268,3.7071704e-06
296,"Kiribati",2082,53,0.000238,2.08268,4.9567784e-06
296,"Kiribati",2082,54,0.000173,2.08268,3.6030364e-06
296,"Kiribati",2083,10,0.000168,2.073517,3.48350856e-06
296,"Kiribati",2083,11,0.002985,2.073517,6.189448245e-05
296,"Kiribati",2083,12,0.013166,2.073517,0.00027299924822
296,"Kiribati",2083,13,0.034342,2.073517,0.00071208720814
296,"Kiribati",2083,14,0.149796,2.073517,0.00310604552532
296,"Kiribati",2083,15,0.355082,2.073517,0.00736268563394
296,"Kiribati",2083,16,0.739736,2.073517,0.01533855171512
296,"Kiribati",2083,17,1.25463,2.073517,0.0260149663371
296,"Kiribati",2083,18,1.878107,2.073517,0.03894286792319
296,"Kiribati",2083,19,2.506188,2.073517,0.05196623423196
296,"Kiribati",2083,20,3.107253,2.073517,0.06442941918801
296,"Kiribati",2083,21,3.699092,2.073517,0.07670130146564
296,"Kiribati",2083,22,4.262123,2.073517,0.08837584496591
296,"Kiribati",2083,23,4.767299,2.073517,0.09885075520583
296,"Kiribati",2083,24,5.19984,2.073517,0.1078195663728
296,"Kiribati",2083,25,5.525467,2.073517,0.11457149757439
296,"Kiribati",2083,26,5.729473,2.073517,0.11880159666541
296,"Kiribati",2083,27,5.839489,2.073517,0.12108279712813
296,"Kiribati",2083,28,5.862394,2.073517,0.12155773619698
296,"Kiribati",2083,29,5.765561,2.073517,0.11954988748037
296,"Kiribati",2083,30,5.547655,2.073517,0.11503156952635
296,"Kiribati",2083,31,5.255277,2.073517,0.10896906199209
296,"Kiribati",2083,32,4.908854,2.073517,0.10178592219518
296,"Kiribati",2083,33,4.586402,2.073517,0.09509982515834
296,"Kiribati",2083,34,4.280977,2.073517,0.08876678586109
296,"Kiribati",2083,35,3.920781,2.073517,0.08129806056777
296,"Kiribati",2083,36,3.444972,2.073517,0.07143208006524
296,"Kiribati",2083,37,2.957341,2.073517,0.06132096838297
296,"Kiribati",2083,38,2.472017,2.073517,0.05125769273789
296,"Kiribati",2083,39,1.970009,2.073517,0.04084847151653
296,"Kiribati",2083,40,1.425654,2.073517,0.02956117805118
296,"Kiribati",2083,41,1.006557,2.073517,0.02087113050969
296,"Kiribati",2083,42,0.670405,2.073517,0.01390096164385
296,"Kiribati",2083,43,0.414798,2.073517,0.00860090704566
296,"Kiribati",2083,44,0.23558,2.073517,0.0048847913486
296,"Kiribati",2083,45,0.125663,2.073517,0.00260564366771
296,"Kiribati",2083,46,0.0591,2.073517,0.001225448547
296,"Kiribati",2083,47,0.020754,2.073517,0.00043033771818
296,"Kiribati",2083,48,0.004126,2.073517,8.555331142e-05
296,"Kiribati",2083,49,0.00015,2.073517,3.1102755e-06
296,"Kiribati",2083,50,2.3e-05,2.073517,4.7690891e-07
296,"Kiribati",2083,51,0.000133,2.073517,2.75777761e-06
296,"Kiribati",2083,52,0.000177,2.073517,3.67012509e-06
296,"Kiribati",2083,53,0.000235,2.073517,4.87276495e-06
296,"Kiribati",2083,54,0.000168,2.073517,3.48350856e-06
296,"Kiribati",2084,10,0.000165,2.064286,3.4060719e-06
296,"Kiribati",2084,11,0.002999,2.064286,6.190793714e-05
296,"Kiribati",2084,12,0.012817,2.064286,0.00026457953662
296,"Kiribati",2084,13,0.033088,2.064286,0.00068303095168
296,"Kiribati",2084,14,0.146915,2.064286,0.0030327457769
296,"Kiribati",2084,15,0.349335,2.064286,0.0072112734981
296,"Kiribati",2084,16,0.729726,2.064286,0.01506363165636
296,"Kiribati",2084,17,1.239666,2.064286,0.02559025168476
296,"Kiribati",2084,18,1.857755,2.064286,0.0383493763793
296,"Kiribati",2084,19,2.48183,2.064286,0.0512320692338
296,"Kiribati",2084,20,3.080488,2.064286,0.06359008251568
296,"Kiribati",2084,21,3.671891,2.064286,0.07579833184826
296,"Kiribati",2084,22,4.236503,2.064286,0.08745353831858
296,"Kiribati",2084,23,4.745416,2.064286,0.09795895812976
296,"Kiribati",2084,24,5.183906,2.064286,0.10701064581116
296,"Kiribati",2084,25,5.517298,2.064286,0.11389281019228
296,"Kiribati",2084,26,5.730381,2.064286,0.11829145272966
296,"Kiribati",2084,27,5.848865,2.064286,0.1207373013539
296,"Kiribati",2084,28,5.879194,2.064286,0.12136337865484
296,"Kiribati",2084,29,5.78783,2.064286,0.1194773643938
296,"Kiribati",2084,30,5.573499,2.064286,0.11505295956714
296,"Kiribati",2084,31,5.281965,2.064286,0.1090348640199
296,"Kiribati",2084,32,4.934115,2.064286,0.1018542451689
296,"Kiribati",2084,33,4.609097,2.064286,0.09514494409742
296,"Kiribati",2084,34,4.300277,2.064286,0.08877001607222
296,"Kiribati",2084,35,3.936017,2.064286,0.08125064788862
296,"Kiribati",2084,36,3.456043,2.064286,0.07134261180298
296,"Kiribati",2084,37,2.964677,2.064286,0.06119941225622
296,"Kiribati",2084,38,2.476291,2.064286,0.05111772843226
296,"Kiribati",2084,39,1.97197,2.064286,0.0407071006342
296,"Kiribati",2084,40,1.426018,2.064286,0.02943708993148
296,"Kiribati",2084,41,1.005926,2.064286,0.02076518958836
296,"Kiribati",2084,42,0.669325,2.064286,0.0138167822695
296,"Kiribati",2084,43,0.413725,2.064286,0.0085404672535
296,"Kiribati",2084,44,0.234867,2.064286,0.00484832659962
296,"Kiribati",2084,45,0.125358,2.064286,0.00258774764388
296,"Kiribati",2084,46,0.058996,2.064286,0.00121784616856
296,"Kiribati",2084,47,0.020751,2.064286,0.00042835998786
296,"Kiribati",2084,48,0.004137,2.064286,8.539951182e-05
296,"Kiribati",2084,49,0.000152,2.064286,3.13771472e-06
296,"Kiribati",2084,50,2.3e-05,2.064286,4.7478578e-07
296,"Kiribati",2084,51,0.000133,2.064286,2.74550038e-06
296,"Kiribati",2084,52,0.000175,2.064286,3.6125005e-06
296,"Kiribati",2084,53,0.000232,2.064286,4.78914352e-06
296,"Kiribati",2084,54,0.000164,2.064286,3.38542904e-06
296,"Kiribati",2085,10,0.000161,2.057638,3.31279718e-06
296,"Kiribati",2085,11,0.003008,2.057638,6.189375104e-05
296,"Kiribati",2085,12,0.012464,2.057638,0.00025646400032
296,"Kiribati",2085,13,0.031848,2.057638,0.00065531655024
296,"Kiribati",2085,14,0.143996,2.057638,0.00296291641448
296,"Kiribati",2085,15,0.343493,2.057638,0.00706784249534
296,"Kiribati",2085,16,0.719519,2.057638,0.01480509636122
296,"Kiribati",2085,17,1.224407,2.057638,0.02519386370666
296,"Kiribati",2085,18,1.837026,2.057638,0.03779934504588
296,"Kiribati",2085,19,2.457039,2.057638,0.05055696813882
296,"Kiribati",2085,20,3.053269,2.057638,0.06282522318622
296,"Kiribati",2085,21,3.644213,2.057638,0.07498471148894
296,"Kiribati",2085,22,4.210393,2.057638,0.08663464631734
296,"Kiribati",2085,23,4.723044,2.057638,0.09718314810072
296,"Kiribati",2085,24,5.167515,2.057638,0.1063287522957
296,"Kiribati",2085,25,5.508747,2.057638,0.11335007159586
296,"Kiribati",2085,26,5.731038,2.057638,0.11792401568244
296,"Kiribati",2085,27,5.858147,2.057638,0.12053945876786
296,"Kiribati",2085,28,5.896068,2.057638,0.12131973567384
296,"Kiribati",2085,29,5.81033,2.057638,0.1195555580054
296,"Kiribati",2085,30,5.599716,2.057638,0.11522188430808
296,"Kiribati",2085,31,5.309112,2.057638,0.10924230597456
296,"Kiribati",2085,32,4.959864,2.057638,0.10205604641232
296,"Kiribati",2085,33,4.632267,2.057638,0.09531528605346
296,"Kiribati",2085,34,4.320003,2.057638,0.08889002332914
296,"Kiribati",2085,35,3.951616,2.057638,0.08130995243008
296,"Kiribati",2085,36,3.467423,2.057638,0.07134701326874
296,"Kiribati",2085,37,2.972274,2.057638,0.06115863928812
296,"Kiribati",2085,38,2.480786,2.057638,0.05104559543468
296,"Kiribati",2085,39,1.974125,2.057638,0.0406203461675
296,"Kiribati",2085,40,1.426558,2.057638,0.02935339950004
296,"Kiribati",2085,41,1.005442,2.057638,0.02068835665996
296,"Kiribati",2085,42,0.668357,2.057638,0.01375236760766
296,"Kiribati",2085,43,0.412733,2.057638,0.00849255104654
296,"Kiribati",2085,44,0.23421,2.057638,0.0048191939598
296,"Kiribati",2085,45,0.12509,2.057638,0.0025738993742
296,"Kiribati",2085,46,0.058915,2.057638,0.0012122574277
296,"Kiribati",2085,47,0.020759,2.057638,0.00042714507242
296,"Kiribati",2085,48,0.004153,2.057638,8.545370614e-05
296,"Kiribati",2085,49,0.000153,2.057638,3.14818614e-06
296,"Kiribati",2085,50,2.3e-05,2.057638,4.7325674e-07
296,"Kiribati",2085,51,0.000132,2.057638,2.71608216e-06
296,"Kiribati",2085,52,0.000174,2.057638,3.58029012e-06
296,"Kiribati",2085,53,0.00023,2.057638,4.7325674e-06
296,"Kiribati",2085,54,0.00016,2.057638,3.2922208e-06
296,"Kiribati",2086,10,0.000157,2.049494,3.21770558e-06
296,"Kiribati",2086,11,0.00302,2.049494,6.18947188e-05
296,"Kiribati",2086,12,0.012109,2.049494,0.00024817322846
296,"Kiribati",2086,13,0.030623,2.049494,0.00062761654762
296,"Kiribati",2086,14,0.141042,2.049494,0.00289064732748
296,"Kiribati",2086,15,0.337564,2.049494,0.00691835392616
296,"Kiribati",2086,16,0.709124,2.049494,0.01453345383256
296,"Kiribati",2086,17,1.208869,2.049494,0.02477569762286
296,"Kiribati",2086,18,1.815933,2.049494,0.03721743787902
296,"Kiribati",2086,19,2.431829,2.049494,0.04984018944526
296,"Kiribati",2086,20,3.025606,2.049494,0.06200961343364
296,"Kiribati",2086,21,3.616067,2.049494,0.07411107620098
296,"Kiribati",2086,22,4.183796,2.049494,0.08574664799224
296,"Kiribati",2086,23,4.700184,2.049494,0.09632998906896
296,"Kiribati",2086,24,5.150661,2.049494,0.10556248815534
296,"Kiribati",2086,25,5.499808,2.049494,0.11271823497152
296,"Kiribati",2086,26,5.731435,2.049494,0.1174654164389
296,"Kiribati",2086,27,5.867324,2.049494,0.12025045334056
296,"Kiribati",2086,28,5.913005,2.049494,0.1211866826947
296,"Kiribati",2086,29,5.833052,2.049494,0.11954805075688
296,"Kiribati",2086,30,5.6263,2.049494,0.115310680922
296,"Kiribati",2086,31,5.336713,2.049494,0.10937561273222
296,"Kiribati",2086,32,4.986099,2.049494,0.10218979983906
296,"Kiribati",2086,33,4.65591,2.049494,0.0954225960954
296,"Kiribati",2086,34,4.340154,2.049494,0.08895119582076
296,"Kiribati",2086,35,3.967575,2.049494,0.0813152115705
296,"Kiribati",2086,36,3.479109,2.049494,0.07130413020846
296,"Kiribati",2086,37,2.980129,2.049494,0.06107756504726
296,"Kiribati",2086,38,2.485499,2.049494,0.05094015287506
296,"Kiribati",2086,39,1.97647,2.049494,0.0405076340618
296,"Kiribati",2086,40,1.427274,2.049494,0.02925189499356
296,"Kiribati",2086,41,1.005101,2.049494,0.02059948468894
296,"Kiribati",2086,42,0.667497,2.049494,0.01368031096518
296,"Kiribati",2086,43,0.411821,2.049494,0.00844024668574
296,"Kiribati",2086,44,0.233609,2.049494,0.00478780243846
296,"Kiribati",2086,45,0.124858,2.049494,0.00255895721852
296,"Kiribati",2086,46,0.058856,2.049494,0.00120625018864
296,"Kiribati",2086,47,0.020779,2.049494,0.00042586435826
296,"Kiribati",2086,48,0.004173,2.049494,8.552538462e-05
296,"Kiribati",2086,49,0.000156,2.049494,3.19721064e-06
296,"Kiribati",2086,50,2.4e-05,2.049494,4.9187856e-07
296,"Kiribati",2086,51,0.000132,2.049494,2.70533208e-06
296,"Kiribati",2086,52,0.000172,2.049494,3.52512968e-06
296,"Kiribati",2086,53,0.000227,2.049494,4.65235138e-06
296,"Kiribati",2086,54,0.000156,2.049494,3.19721064e-06
296,"Kiribati",2087,10,0.000153,2.039656,3.12067368e-06
296,"Kiribati",2087,11,0.003035,2.039656,6.19035596e-05
296,"Kiribati",2087,12,0.011753,2.039656,0.00023972076968
296,"Kiribati",2087,13,0.029415,2.039656,0.0005999648124
296,"Kiribati",2087,14,0.138059,2.039656,0.00281592867704
296,"Kiribati",2087,15,0.331554,2.039656,0.00676256105424
296,"Kiribati",2087,16,0.698553,2.039656,0.01424807817768
296,"Kiribati",2087,17,1.193063,2.039656,0.02433438106328
296,"Kiribati",2087,18,1.794491,2.039656,0.03660144335096
296,"Kiribati",2087,19,2.406214,2.039656,0.04907848822384
296,"Kiribati",2087,20,2.99751,2.039656,0.0611388925656
296,"Kiribati",2087,21,3.58746,2.039656,0.0731718431376
296,"Kiribati",2087,22,4.156715,2.039656,0.0847826869004
296,"Kiribati",2087,23,4.676835,2.039656,0.0953913456876
296,"Kiribati",2087,24,5.133341,2.039656,0.10470249770696
296,"Kiribati",2087,25,5.490472,2.039656,0.11198674157632
296,"Kiribati",2087,26,5.731562,2.039656,0.11690414822672
296,"Kiribati",2087,27,5.876386,2.039656,0.11985805963216
296,"Kiribati",2087,28,5.929997,2.039656,0.12095153961032
296,"Kiribati",2087,29,5.855988,2.039656,0.11944201060128
296,"Kiribati",2087,30,5.653245,2.039656,0.1153067508372
296,"Kiribati",2087,31,5.364764,2.039656,0.10942273081184
296,"Kiribati",2087,32,5.012817,2.039656,0.10224422270952
296,"Kiribati",2087,33,4.680023,2.039656,0.09545636992088
296,"Kiribati",2087,34,4.360728,2.039656,0.08894385029568
296,"Kiribati",2087,35,3.983889,2.039656,0.08125763102184
296,"Kiribati",2087,36,3.491099,2.039656,0.07120641021944
296,"Kiribati",2087,37,2.988238,2.039656,0.06094977566128
296,"Kiribati",2087,38,2.490426,2.039656,0.05079612333456
296,"Kiribati",2087,39,1.979002,2.039656,0.04036483303312
296,"Kiribati",2087,40,1.428163,2.039656,0.02912961231928
296,"Kiribati",2087,41,1.004902,2.039656,0.02049654393712
296,"Kiribati",2087,42,0.666747,2.039656,0.01359934519032
296,"Kiribati",2087,43,0.410987,2.039656,0.00838272100472
296,"Kiribati",2087,44,0.233063,2.039656,0.00475368346328
296,"Kiribati",2087,45,0.124662,2.039656,0.00254267596272
296,"Kiribati",2087,46,0.058819,2.039656,0.00119970526264
296,"Kiribati",2087,47,0.020811,2.039656,0.00042447281016
296,"Kiribati",2087,48,0.004196,2.039656,8.558396576e-05
296,"Kiribati",2087,49,0.000158,2.039656,3.22265648e-06
296,"Kiribati",2087,50,2.4e-05,2.039656,4.8951744e-07
296,"Kiribati",2087,51,0.000133,2.039656,2.71274248e-06
296,"Kiribati",2087,52,0.000171,2.039656,3.48781176e-06
296,"Kiribati",2087,53,0.000225,2.039656,4.589226e-06
296,"Kiribati",2087,54,0.000152,2.039656,3.10027712e-06
296,"Kiribati",2088,10,0.00015,2.032434,3.048651e-06
296,"Kiribati",2088,11,0.003046,2.032434,6.190793964e-05
296,"Kiribati",2088,12,0.011396,2.032434,0.00023161617864
296,"Kiribati",2088,13,0.028226,2.032434,0.00057367482084
296,"Kiribati",2088,14,0.13505,2.032434,0.002744802117
296,"Kiribati",2088,15,0.325472,2.032434,0.00661500358848
296,"Kiribati",2088,16,0.687817,2.032434,0.01397942656578
296,"Kiribati",2088,17,1.177003,2.032434,0.02392180915302
296,"Kiribati",2088,18,1.772715,2.032434,0.0360292623831
296,"Kiribati",2088,19,2.380207,2.032434,0.04837613633838
296,"Kiribati",2088,20,2.968993,2.032434,0.06034282318962
296,"Kiribati",2088,21,3.558399,2.032434,0.07232211113166
296,"Kiribati",2088,22,4.129156,2.032434,0.08392237045704
296,"Kiribati",2088,23,4.652998,2.032434,0.09456911337132
296,"Kiribati",2088,24,5.115551,2.032434,0.10397019781134
296,"Kiribati",2088,25,5.480734,2.032434,0.11139230126556
296,"Kiribati",2088,26,5.731409,2.032434,0.11648710519506
296,"Kiribati",2088,27,5.885321,2.032434,0.11961526501314
296,"Kiribati",2088,28,5.947032,2.032434,0.12086950035888
296,"Kiribati",2088,29,5.879132,2.032434,0.11948947767288
296,"Kiribati",2088,30,5.680545,2.032434,0.1154533279653
296,"Kiribati",2088,31,5.393261,2.032434,0.10961447027274
296,"Kiribati",2088,32,5.040016,2.032434,0.10243499878944
296,"Kiribati",2088,33,4.704604,2.032434,0.09561797126136
296,"Kiribati",2088,34,4.381721,2.032434,0.08905558738914
296,"Kiribati",2088,35,4.000557,2.032434,0.08130868065738
296,"Kiribati",2088,36,3.503388,2.032434,0.07120404886392
296,"Kiribati",2088,37,2.996599,2.032434,0.06090389691966
296,"Kiribati",2088,38,2.495565,2.032434,0.0507207115521
296,"Kiribati",2088,39,1.98172,2.032434,0.0402771510648
296,"Kiribati",2088,40,1.429223,2.032434,0.02904801418782
296,"Kiribati",2088,41,1.004844,2.032434,0.02042279110296
296,"Kiribati",2088,42,0.666103,2.032434,0.01353810384702
296,"Kiribati",2088,43,0.410231,2.032434,0.00833767432254
296,"Kiribati",2088,44,0.232571,2.032434,0.00472685207814
296,"Kiribati",2088,45,0.124501,2.032434,0.00253040065434
296,"Kiribati",2088,46,0.058804,2.032434,0.00119515248936
296,"Kiribati",2088,47,0.020855,2.032434,0.0004238641107
296,"Kiribati",2088,48,0.004224,2.032434,8.585001216e-05
296,"Kiribati",2088,49,0.000161,2.032434,3.27221874e-06
296,"Kiribati",2088,50,2.4e-05,2.032434,4.8778416e-07
296,"Kiribati",2088,51,0.000133,2.032434,2.70313722e-06
296,"Kiribati",2088,52,0.00017,2.032434,3.4551378e-06
296,"Kiribati",2088,53,0.000222,2.032434,4.51200348e-06
296,"Kiribati",2088,54,0.000148,2.032434,3.00800232e-06
296,"Kiribati",2089,10,0.000146,2.022726,2.95317996e-06
296,"Kiribati",2089,11,0.00306,2.022726,6.18954156e-05
296,"Kiribati",2089,12,0.011039,2.022726,0.00022328872314
296,"Kiribati",2089,13,0.027058,2.022726,0.00054730920108
296,"Kiribati",2089,14,0.13202,2.022726,0.0026704028652
296,"Kiribati",2089,15,0.319325,2.022726,0.0064590697995
296,"Kiribati",2089,16,0.676928,2.022726,0.01369239865728
296,"Kiribati",2089,17,1.160703,2.022726,0.02347784136378
296,"Kiribati",2089,18,1.75062,2.022726,0.0354102459012
296,"Kiribati",2089,19,2.353823,2.022726,0.04761138981498
296,"Kiribati",2089,20,2.940066,2.022726,0.05946947939916
296,"Kiribati",2089,21,3.528893,2.022726,0.07137983622318
296,"Kiribati",2089,22,4.101123,2.022726,0.08295448121298
296,"Kiribati",2089,23,4.628673,2.022726,0.09362537222598
296,"Kiribati",2089,24,5.097288,2.022726,0.10310416967088
296,"Kiribati",2089,25,5.470584,2.022726,0.11065492491984
296,"Kiribati",2089,26,5.730966,2.022726,0.11592173933316
296,"Kiribati",2089,27,5.89412,2.022726,0.1192218977112
296,"Kiribati",2089,28,5.964102,2.022726,0.12063744182052
296,"Kiribati",2089,29,5.902472,2.022726,0.11939083578672
296,"Kiribati",2089,30,5.708194,2.022726,0.11546112416844
296,"Kiribati",2089,31,5.422201,2.022726,0.10967626939926
296,"Kiribati",2089,32,5.067693,2.022726,0.10250554391118
296,"Kiribati",2089,33,4.729651,2.022726,0.09566788048626
296,"Kiribati",2089,34,4.403131,2.022726,0.08906327555106
296,"Kiribati",2089,35,4.017575,2.022726,0.0812645340945
296,"Kiribati",2089,36,3.515974,2.022726,0.07111852025124
296,"Kiribati",2089,37,3.005208,2.022726,0.06078712357008
296,"Kiribati",2089,38,2.500913,2.022726,0.05058661748838
296,"Kiribati",2089,39,1.984619,2.022726,0.04014340451394
296,"Kiribati",2089,40,1.430452,2.022726,0.02893412452152
296,"Kiribati",2089,41,1.004924,2.022726,0.02032685902824
296,"Kiribati",2089,42,0.665564,2.022726,0.01346253607464
296,"Kiribati",2089,43,0.40955,2.022726,0.008284074333
296,"Kiribati",2089,44,0.232134,2.022726,0.00469543477284
296,"Kiribati",2089,45,0.124375,2.022726,0.0025157654625
296,"Kiribati",2089,46,0.058811,2.022726,0.00118958538786
296,"Kiribati",2089,47,0.02091,2.022726,0.0004229520066
296,"Kiribati",2089,48,0.004257,2.022726,8.610744582e-05
296,"Kiribati",2089,49,0.000165,2.022726,3.3374979e-06
296,"Kiribati",2089,50,2.5e-05,2.022726,5.056815e-07
296,"Kiribati",2089,51,0.000133,2.022726,2.69022558e-06
296,"Kiribati",2089,52,0.000169,2.022726,3.41840694e-06
296,"Kiribati",2089,53,0.00022,2.022726,4.4499972e-06
296,"Kiribati",2089,54,0.000144,2.022726,2.91272544e-06
296,"Kiribati",2090,10,0.000142,2.012885,2.8582967e-06
296,"Kiribati",2090,11,0.003075,2.012885,6.189621375e-05
296,"Kiribati",2090,12,0.010682,2.012885,0.0002150163757
296,"Kiribati",2090,13,0.025912,2.012885,0.0005215787612
296,"Kiribati",2090,14,0.128973,2.012885,0.00259607817105
296,"Kiribati",2090,15,0.313119,2.012885,0.00630272538315
296,"Kiribati",2090,16,0.665896,2.012885,0.0134037206996
296,"Kiribati",2090,17,1.144178,2.012885,0.0230309873353
296,"Kiribati",2090,18,1.728222,2.012885,0.0347871214047
296,"Kiribati",2090,19,2.327075,2.012885,0.04684134361375
296,"Kiribati",2090,20,2.910741,2.012885,0.05858986897785
296,"Kiribati",2090,21,3.49895,2.012885,0.0704298397075
296,"Kiribati",2090,22,4.072619,2.012885,0.08197713695815
296,"Kiribati",2090,23,4.603859,2.012885,0.09267038723215
296,"Kiribati",2090,24,5.078548,2.012885,0.1022253309098
296,"Kiribati",2090,25,5.460017,2.012885,0.10990386319045
296,"Kiribati",2090,26,5.730224,2.012885,0.1153428193624
296,"Kiribati",2090,27,5.902771,2.012885,0.11881599204335
296,"Kiribati",2090,28,5.981194,2.012885,0.1203945568469
296,"Kiribati",2090,29,5.926001,2.012885,0.11928358522885
296,"Kiribati",2090,30,5.736185,2.012885,0.11546280743725
296,"Kiribati",2090,31,5.451578,2.012885,0.1097339958253
296,"Kiribati",2090,32,5.095845,2.012885,0.10257349962825
296,"Kiribati",2090,33,4.755161,2.012885,0.09571592249485
296,"Kiribati",2090,34,4.424955,2.012885,0.08906925545175
296,"Kiribati",2090,35,4.03494,2.012885,0.081218702019
296,"Kiribati",2090,36,3.528853,2.012885,0.07103175270905
296,"Kiribati",2090,37,3.014062,2.012885,0.0606696018887
296,"Kiribati",2090,38,2.506467,2.012885,0.05045229827295
296,"Kiribati",2090,39,1.987698,2.012885,0.0400100748873
296,"Kiribati",2090,40,1.431848,2.012885,0.0288214536148
296,"Kiribati",2090,41,1.00514,2.012885,0.020232312289
296,"Kiribati",2090,42,0.665129,2.012885,0.01338828187165
296,"Kiribati",2090,43,0.408945,2.012885,0.00823159256325
296,"Kiribati",2090,44,0.231749,2.012885,0.00466484085865
296,"Kiribati",2090,45,0.124284,2.012885,0.0025016939934
296,"Kiribati",2090,46,0.058839,2.012885,0.00118436140515
296,"Kiribati",2090,47,0.020976,2.012885,0.0004222227576
296,"Kiribati",2090,48,0.004293,2.012885,8.641315305e-05
296,"Kiribati",2090,49,0.000168,2.012885,3.3816468e-06
296,"Kiribati",2090,50,2.6e-05,2.012885,5.233501e-07
296,"Kiribati",2090,51,0.000134,2.012885,2.6972659e-06
296,"Kiribati",2090,52,0.000169,2.012885,3.40177565e-06
296,"Kiribati",2090,53,0.000218,2.012885,4.3880893e-06
296,"Kiribati",2090,54,0.00014,2.012885,2.818039e-06
296,"Kiribati",2091,10,0.000138,2.005439,2.76750582e-06
296,"Kiribati",2091,11,0.003087,2.005439,6.190790193e-05
296,"Kiribati",2091,12,0.010327,2.005439,0.00020710168553
296,"Kiribati",2091,13,0.024789,2.005439,0.00049712827371
296,"Kiribati",2091,14,0.125912,2.005439,0.00252508835368
296,"Kiribati",2091,15,0.306864,2.005439,0.00615397033296
296,"Kiribati",2091,16,0.654734,2.005439,0.01313029098226
296,"Kiribati",2091,17,1.12744,2.005439,0.0226101214616
296,"Kiribati",2091,18,1.705535,2.005439,0.03420346404865
296,"Kiribati",2091,19,2.29998,2.005439,0.0461246959122
296,"Kiribati",2091,20,2.88103,2.005439,0.0577772992217
296,"Kiribati",2091,21,3.46858,2.005439,0.0695602560662
296,"Kiribati",2091,22,4.043651,2.005439,0.08109295417789
296,"Kiribati",2091,23,4.578559,2.005439,0.09182020782401
296,"Kiribati",2091,24,5.059327,2.005439,0.10146171679553
296,"Kiribati",2091,25,5.449025,2.005439,0.10927687246975
296,"Kiribati",2091,26,5.729173,2.005439,0.11489506971947
296,"Kiribati",2091,27,5.911264,2.005439,0.11854679364896
296,"Kiribati",2091,28,5.998299,2.005439,0.12029222748261
296,"Kiribati",2091,29,5.94971,2.005439,0.1193178047269
296,"Kiribati",2091,30,5.764512,2.005439,0.11560377180768
296,"Kiribati",2091,31,5.481389,2.005439,0.10992591274771
296,"Kiribati",2091,32,5.124468,2.005439,0.10276807981452
296,"Kiribati",2091,33,4.781132,2.005439,0.09588268576948
296,"Kiribati",2091,34,4.447189,2.005439,0.08918566260971
296,"Kiribati",2091,35,4.052647,2.005439,0.08127336347033
296,"Kiribati",2091,36,3.542022,2.005439,0.07103309057658
296,"Kiribati",2091,37,3.023157,2.005439,0.06062756950923
296,"Kiribati",2091,38,2.512222,2.005439,0.05038107975458
296,"Kiribati",2091,39,1.990954,2.005439,0.03992736798806
296,"Kiribati",2091,40,1.433408,2.005439,0.02874612306112
296,"Kiribati",2091,41,1.005492,2.005439,0.02016452870988
296,"Kiribati",2091,42,0.664796,2.005439,0.01333207825444
296,"Kiribati",2091,43,0.408415,2.005439,0.00819051369185
296,"Kiribati",2091,44,0.231416,2.005439,0.00464090671624
296,"Kiribati",2091,45,0.124227,2.005439,0.00249129670653
296,"Kiribati",2091,46,0.058888,2.005439,0.00118096291832
296,"Kiribati",2091,47,0.021055,2.005439,0.00042224518145
296,"Kiribati",2091,48,0.004335,2.005439,8.693578065e-05
296,"Kiribati",2091,49,0.000173,2.005439,3.46940947e-06
296,"Kiribati",2091,50,2.6e-05,2.005439,5.2141414e-07
296,"Kiribati",2091,51,0.000134,2.005439,2.68728826e-06
296,"Kiribati",2091,52,0.000168,2.005439,3.36913752e-06
296,"Kiribati",2091,53,0.000216,2.005439,4.33174824e-06
296,"Kiribati",2091,54,0.000136,2.005439,2.72739704e-06
296,"Kiribati",2092,10,0.000134,1.997801,2.67705334e-06
296,"Kiribati",2092,11,0.003098,1.997801,6.189187498e-05
296,"Kiribati",2092,12,0.009973,1.997801,0.00019924069373
296,"Kiribati",2092,13,0.023691,1.997801,0.00047329903491
296,"Kiribati",2092,14,0.122843,1.997801,0.00245415868243
296,"Kiribati",2092,15,0.300565,1.997801,0.00600469057565
296,"Kiribati",2092,16,0.643452,1.997801,0.01285489049052
296,"Kiribati",2092,17,1.110505,1.997801,0.02218567999505
296,"Kiribati",2092,18,1.682576,1.997801,0.03361452015376
296,"Kiribati",2092,19,2.27255,1.997801,0.0454010266255
296,"Kiribati",2092,20,2.850945,1.997801,0.05695620771945
296,"Kiribati",2092,21,3.437791,1.997801,0.06868022297591
296,"Kiribati",2092,22,4.014223,1.997801,0.08019618723623
296,"Kiribati",2092,23,4.552774,1.997801,0.09095536449974
296,"Kiribati",2092,24,5.039623,1.997801,0.10068163869023
296,"Kiribati",2092,25,5.4376,1.997801,0.108632427176
296,"Kiribati",2092,26,5.727801,1.997801,0.11443006565601
296,"Kiribati",2092,27,5.919587,1.997801,0.11826156828187
296,"Kiribati",2092,28,6.015405,1.997801,0.12017582124405
296,"Kiribati",2092,29,5.973588,1.997801,0.11934040079988
296,"Kiribati",2092,30,5.793167,1.997801,0.11573594825767
296,"Kiribati",2092,31,5.511627,1.997801,0.11011133932227
296,"Kiribati",2092,32,5.153559,1.997801,0.10295785323759
296,"Kiribati",2092,33,4.80756,1.997801,0.0960454817556
296,"Kiribati",2092,34,4.469832,1.997801,0.08929834839432
296,"Kiribati",2092,35,4.070694,1.997801,0.08132436543894
296,"Kiribati",2092,36,3.555477,1.997801,0.07103135506077
296,"Kiribati",2092,37,3.03249,1.997801,0.0605831155449
296,"Kiribati",2092,38,2.518177,1.997801,0.05030816528777
296,"Kiribati",2092,39,1.994383,1.997801,0.03984380351783
296,"Kiribati",2092,40,1.435131,1.997801,0.02867106146931
296,"Kiribati",2092,41,1.005978,1.997801,0.02009743854378
296,"Kiribati",2092,42,0.664565,1.997801,0.01327668621565
296,"Kiribati",2092,43,0.407957,1.997801,0.00815016902557
296,"Kiribati",2092,44,0.231135,1.997801,0.00461761734135
296,"Kiribati",2092,45,0.124204,1.997801,0.00248134875404
296,"Kiribati",2092,46,0.058959,1.997801,0.00117788349159
296,"Kiribati",2092,47,0.021145,1.997801,0.00042243502145
296,"Kiribati",2092,48,0.004381,1.997801,8.752366181e-05
296,"Kiribati",2092,49,0.000177,1.997801,3.53610777e-06
296,"Kiribati",2092,50,2.7e-05,1.997801,5.3940627e-07
296,"Kiribati",2092,51,0.000135,1.997801,2.69703135e-06
296,"Kiribati",2092,52,0.000168,1.997801,3.35630568e-06
296,"Kiribati",2092,53,0.000215,1.997801,4.29527215e-06
296,"Kiribati",2092,54,0.000132,1.997801,2.63709732e-06
296,"Kiribati",2093,10,0.00013,1.990389,2.5875057e-06
296,"Kiribati",2093,11,0.00311,1.990389,6.19010979e-05
296,"Kiribati",2093,12,0.009623,1.990389,0.00019153513347
296,"Kiribati",2093,13,0.022618,1.990389,0.00045018618402
296,"Kiribati",2093,14,0.119769,1.990389,0.00238386900141
296,"Kiribati",2093,15,0.29423,1.990389,0.0058563215547
296,"Kiribati",2093,16,0.632062,1.990389,0.01258049252118
296,"Kiribati",2093,17,1.093385,1.990389,0.02176261476765
296,"Kiribati",2093,18,1.659361,1.990389,0.03302773881429
296,"Kiribati",2093,19,2.244803,1.990389,0.04468031198367
296,"Kiribati",2093,20,2.8205,1.990389,0.056138921745
296,"Kiribati",2093,21,3.406592,1.990389,0.06780443244288
296,"Kiribati",2093,22,3.984341,1.990389,0.07930388498649
296,"Kiribati",2093,23,4.526503,1.990389,0.09009501779667
296,"Kiribati",2093,24,5.019432,1.990389,0.09990622239048
296,"Kiribati",2093,25,5.425736,1.990389,0.10799325251304
296,"Kiribati",2093,26,5.7261,1.990389,0.113971664529
296,"Kiribati",2093,27,5.927728,1.990389,0.11798484606192
296,"Kiribati",2093,28,6.032502,1.990389,0.12007025623278
296,"Kiribati",2093,29,5.997627,1.990389,0.11937610806903
296,"Kiribati",2093,30,5.822144,1.990389,0.11588331374016
296,"Kiribati",2093,31,5.542289,1.990389,0.11031311060421
296,"Kiribati",2093,32,5.183114,1.990389,0.10316413091346
296,"Kiribati",2093,33,4.834442,1.990389,0.09622420177938
296,"Kiribati",2093,34,4.492879,1.990389,0.08942576939931
296,"Kiribati",2093,35,4.089077,1.990389,0.08138853880953
296,"Kiribati",2093,36,3.569214,1.990389,0.07104124284246
296,"Kiribati",2093,37,3.042057,1.990389,0.06054876790173
296,"Kiribati",2093,38,2.524328,1.990389,0.05024394683592
296,"Kiribati",2093,39,1.997984,1.990389,0.03976765375776
296,"Kiribati",2093,40,1.437014,1.990389,0.02860216858446
296,"Kiribati",2093,41,1.006595,1.990389,0.02003515615455
296,"Kiribati",2093,42,0.664433,1.990389,0.01322480134437
296,"Kiribati",2093,43,0.407571,1.990389,0.00811224835119
296,"Kiribati",2093,44,0.230905,1.990389,0.00459590772045
296,"Kiribati",2093,45,0.124215,1.990389,0.00247236169635
296,"Kiribati",2093,46,0.059052,1.990389,0.00117536451228
296,"Kiribati",2093,47,0.021247,1.990389,0.00042289795083
296,"Kiribati",2093,48,0.004431,1.990389,8.819413659e-05
296,"Kiribati",2093,49,0.000183,1.990389,3.64241187e-06
296,"Kiribati",2093,50,2.8e-05,1.990389,5.5730892e-07
296,"Kiribati",2093,51,0.000136,1.990389,2.70692904e-06
296,"Kiribati",2093,52,0.000167,1.990389,3.32394963e-06
296,"Kiribati",2093,53,0.000213,1.990389,4.23952857e-06
296,"Kiribati",2093,54,0.000128,1.990389,2.54769792e-06
296,"Kiribati",2094,10,0.000126,1.981593,2.49680718e-06
296,"Kiribati",2094,11,0.003124,1.981593,6.190496532e-05
296,"Kiribati",2094,12,0.009275,1.981593,0.00018379275075
296,"Kiribati",2094,13,0.021572,1.981593,0.00042746924196
296,"Kiribati",2094,14,0.116694,1.981593,0.00231240013542
296,"Kiribati",2094,15,0.287867,1.981593,0.00570435232131
296,"Kiribati",2094,16,0.620576,1.981593,0.01229729057568
296,"Kiribati",2094,17,1.076097,1.981593,0.02132386282521
296,"Kiribati",2094,18,1.635905,1.981593,0.03241697896665
296,"Kiribati",2094,19,2.216752,1.981593,0.04392700245936
296,"Kiribati",2094,20,2.789707,1.981593,0.05528063863251
296,"Kiribati",2094,21,3.374993,1.981593,0.06687862503849
296,"Kiribati",2094,22,3.954011,1.981593,0.07835240519523
296,"Kiribati",2094,23,4.49975,1.981593,0.0891667310175
296,"Kiribati",2094,24,4.998751,1.981593,0.09905489990343
296,"Kiribati",2094,25,5.413426,1.981593,0.10727207067618
296,"Kiribati",2094,26,5.724059,1.981593,0.11342755245987
296,"Kiribati",2094,27,5.935676,1.981593,0.11762094011868
296,"Kiribati",2094,28,6.049578,1.981593,0.11987801417754
296,"Kiribati",2094,29,6.021817,1.981593,0.11932790414481
296,"Kiribati",2094,30,5.851433,1.981593,0.11595158672769
296,"Kiribati",2094,31,5.573368,1.981593,0.11044147015224
296,"Kiribati",2094,32,5.21313,1.981593,0.1033030191609
296,"Kiribati",2094,33,4.861776,1.981593,0.09634061289168
296,"Kiribati",2094,34,4.516326,1.981593,0.08949519987318
296,"Kiribati",2094,35,4.107792,1.981593,0.08139971872656
296,"Kiribati",2094,36,3.583229,1.981593,0.07100501503797
296,"Kiribati",2094,37,3.051855,1.981593,0.06047534505015
296,"Kiribati",2094,38,2.530671,1.981593,0.05014759938903
296,"Kiribati",2094,39,2.001754,1.981593,0.03966661714122
296,"Kiribati",2094,40,1.439056,1.981593,0.02851623296208
296,"Kiribati",2094,41,1.007342,1.981593,0.01996141855806
296,"Kiribati",2094,42,0.6644,1.981593,0.013165703892
296,"Kiribati",2094,43,0.407256,1.981593,0.00807015638808
296,"Kiribati",2094,44,0.230726,1.981593,0.00457205026518
296,"Kiribati",2094,45,0.12426,1.981593,0.0024623274618
296,"Kiribati",2094,46,0.059165,1.981593,0.00117240949845
296,"Kiribati",2094,47,0.021362,1.981593,0.00042330789666
296,"Kiribati",2094,48,0.004487,1.981593,8.891407791e-05
296,"Kiribati",2094,49,0.000188,1.981593,3.72539484e-06
296,"Kiribati",2094,50,2.9e-05,1.981593,5.7466197e-07
296,"Kiribati",2094,51,0.000137,1.981593,2.71478241e-06
296,"Kiribati",2094,52,0.000167,1.981593,3.30926031e-06
296,"Kiribati",2094,53,0.000211,1.981593,4.18116123e-06
296,"Kiribati",2094,54,0.000125,1.981593,2.47699125e-06
296,"Kiribati",2095,10,0.000122,1.975166,2.40970252e-06
296,"Kiribati",2095,11,0.003026,1.975166,5.976852316e-05
296,"Kiribati",2095,12,0.008931,1.975166,0.00017640207546
296,"Kiribati",2095,13,0.020553,1.975166,0.00040595586798
296,"Kiribati",2095,14,0.113621,1.975166,0.00224420336086
296,"Kiribati",2095,15,0.281482,1.975166,0.00555973676012
296,"Kiribati",2095,16,0.609006,1.975166,0.01202887944996
296,"Kiribati",2095,17,1.058654,1.975166,0.02091017386564
296,"Kiribati",2095,18,1.612225,1.975166,0.0318441200435
296,"Kiribati",2095,19,2.188414,1.975166,0.04322480926724
296,"Kiribati",2095,20,2.758582,1.975166,0.05448657374612
296,"Kiribati",2095,21,3.343009,1.975166,0.06602997714494
296,"Kiribati",2095,22,3.923243,1.975166,0.07749056183338
296,"Kiribati",2095,23,4.472522,1.975166,0.08833973388652
296,"Kiribati",2095,24,4.977584,1.975166,0.09831554678944
296,"Kiribati",2095,25,5.400669,1.975166,0.10667217786054
296,"Kiribati",2095,26,5.721675,1.975166,0.1130125792305
296,"Kiribati",2095,27,5.943427,1.975166,0.11739254933882
296,"Kiribati",2095,28,6.066628,1.975166,0.11982597360248
296,"Kiribati",2095,29,6.046153,1.975166,0.11942155836398
296,"Kiribati",2095,30,5.881036,1.975166,0.11616022351976
296,"Kiribati",2095,31,5.604865,1.975166,0.1107053878259
296,"Kiribati",2095,32,5.243609,1.975166,0.10356998214094
296,"Kiribati",2095,33,4.889562,1.975166,0.09657696617292
296,"Kiribati",2095,34,4.540176,1.975166,0.08967601269216
296,"Kiribati",2095,35,4.126839,1.975166,0.08151192080274
296,"Kiribati",2095,36,3.597524,1.975166,0.07105707088984
296,"Kiribati",2095,37,3.061883,1.975166,0.06047727197578
296,"Kiribati",2095,38,2.537206,1.975166,0.05011403026196
296,"Kiribati",2095,39,2.005691,1.975166,0.03961572669706
296,"Kiribati",2095,40,1.441256,1.975166,0.02846719848496
296,"Kiribati",2095,41,1.00822,1.975166,0.0199140186452
296,"Kiribati",2095,42,0.664465,1.975166,0.0131242867619
296,"Kiribati",2095,43,0.407013,1.975166,0.00803918239158
296,"Kiribati",2095,44,0.230596,1.975166,0.00455465378936
296,"Kiribati",2095,45,0.124338,1.975166,0.00245588190108
296,"Kiribati",2095,46,0.0593,1.975166,0.001171273438
296,"Kiribati",2095,47,0.021488,1.975166,0.00042442367008
296,"Kiribati",2095,48,0.004547,1.975166,8.981079802e-05
296,"Kiribati",2095,49,0.000195,1.975166,3.8515737e-06
296,"Kiribati",2095,50,3e-05,1.975166,5.925498e-07
296,"Kiribati",2095,51,0.000139,1.975166,2.74548074e-06
296,"Kiribati",2095,52,0.000167,1.975166,3.29852722e-06
296,"Kiribati",2095,53,0.00021,1.975166,4.1478486e-06
296,"Kiribati",2095,54,0.000121,1.975166,2.38995086e-06
296,"Kiribati",2096,10,0.000119,1.969666,2.34390254e-06
296,"Kiribati",2096,11,0.002918,1.969666,5.747485388e-05
296,"Kiribati",2096,12,0.008591,1.969666,0.00016921400606
296,"Kiribati",2096,13,0.019562,1.969666,0.00038530606292
296,"Kiribati",2096,14,0.110556,1.969666,0.00217758394296
296,"Kiribati",2096,15,0.275083,1.969666,0.00541821632278
296,"Kiribati",2096,16,0.597361,1.969666,0.01176601651426
296,"Kiribati",2096,17,1.04107,1.969666,0.0205056018262
296,"Kiribati",2096,18,1.588336,1.969666,0.03128491415776
296,"Kiribati",2096,19,2.159805,1.969666,0.0425409447513
296,"Kiribati",2096,20,2.727136,1.969666,0.05371547056576
296,"Kiribati",2096,21,3.310645,1.969666,0.0652086489457
296,"Kiribati",2096,22,3.892039,1.969666,0.07666016888974
296,"Kiribati",2096,23,4.444814,1.969666,0.08754799012124
296,"Kiribati",2096,24,4.955923,1.969666,0.09761513031718
296,"Kiribati",2096,25,5.387453,1.969666,0.10611483000698
296,"Kiribati",2096,26,5.718932,1.969666,0.11264385916712
296,"Kiribati",2096,27,5.950962,1.969666,0.11721407518692
296,"Kiribati",2096,28,6.083634,1.969666,0.11982727046244
296,"Kiribati",2096,29,6.07062,1.969666,0.1195709381292
296,"Kiribati",2096,30,5.910936,1.969666,0.11642569667376
296,"Kiribati",2096,31,5.63677,1.969666,0.1110255421882
296,"Kiribati",2096,32,5.27454,1.969666,0.1038908210364
296,"Kiribati",2096,33,4.917793,1.969666,0.09686409667138
296,"Kiribati",2096,34,4.56442,1.969666,0.0899038288372
296,"Kiribati",2096,35,4.14621,1.969666,0.0816664886586
296,"Kiribati",2096,36,3.612089,1.969666,0.07114608892274
296,"Kiribati",2096,37,3.072136,1.969666,0.06051081826576
296,"Kiribati",2096,38,2.543928,1.969666,0.05010688488048
296,"Kiribati",2096,39,2.009792,1.969666,0.03958618969472
296,"Kiribati",2096,40,1.443611,1.969666,0.02843431503926
296,"Kiribati",2096,41,1.009224,1.969666,0.01987834199184
296,"Kiribati",2096,42,0.664626,1.969666,0.01309091234916
296,"Kiribati",2096,43,0.406838,1.969666,0.00801334976108
296,"Kiribati",2096,44,0.230516,1.969666,0.00454039527656
296,"Kiribati",2096,45,0.12445,1.969666,0.002451249337
296,"Kiribati",2096,46,0.059457,1.969666,0.00117110431362
296,"Kiribati",2096,47,0.021627,1.969666,0.00042597966582
296,"Kiribati",2096,48,0.004613,1.969666,9.086069258e-05
296,"Kiribati",2096,49,0.000202,1.969666,3.97872532e-06
296,"Kiribati",2096,50,3.1e-05,1.969666,6.1059646e-07
296,"Kiribati",2096,51,0.00014,1.969666,2.7575324e-06
296,"Kiribati",2096,52,0.000167,1.969666,3.28934222e-06
296,"Kiribati",2096,53,0.000208,1.969666,4.09690528e-06
296,"Kiribati",2096,54,0.000118,1.969666,2.32420588e-06
296,"Kiribati",2097,10,0.000115,1.962956,2.2573994e-06
296,"Kiribati",2097,11,0.00281,1.962956,5.51590636e-05
296,"Kiribati",2097,12,0.008255,1.962956,0.0001620420178
296,"Kiribati",2097,13,0.018599,1.962956,0.00036509018644
296,"Kiribati",2097,14,0.1075,1.962956,0.0021101777
296,"Kiribati",2097,15,0.268676,1.962956,0.00527399166256
296,"Kiribati",2097,16,0.585655,1.962956,0.0114961499618
296,"Kiribati",2097,17,1.02336,1.962956,0.0200881065216
296,"Kiribati",2097,18,1.564257,1.962956,0.03070567663692
296,"Kiribati",2097,19,2.130939,1.962956,0.04182939495684
296,"Kiribati",2097,20,2.695382,1.962956,0.05290916269192
296,"Kiribati",2097,21,3.277911,1.962956,0.06434395064916
296,"Kiribati",2097,22,3.860406,1.962956,0.07577807120136
296,"Kiribati",2097,23,4.416631,1.962956,0.08669652321236
296,"Kiribati",2097,24,4.933765,1.962956,0.0968476360934
296,"Kiribati",2097,25,5.37377,1.962956,0.1054847406412
296,"Kiribati",2097,26,5.715819,1.962956,0.11219901200964
296,"Kiribati",2097,27,5.958268,1.962956,0.11695817920208
296,"Kiribati",2097,28,6.100584,1.962956,0.11975177966304
296,"Kiribati",2097,29,6.095206,1.962956,0.11964621188936
296,"Kiribati",2097,30,5.941126,1.962956,0.11662168928456
296,"Kiribati",2097,31,5.669074,1.962956,0.11128142822744
296,"Kiribati",2097,32,5.305919,1.962956,0.10415285536564
296,"Kiribati",2097,33,4.946465,1.962956,0.0970969315054
296,"Kiribati",2097,34,4.589054,1.962956,0.09008111083624
296,"Kiribati",2097,35,4.165901,1.962956,0.08177480363356
296,"Kiribati",2097,36,3.626921,1.962956,0.07119486338476
296,"Kiribati",2097,37,3.082607,1.962956,0.06051021906292
296,"Kiribati",2097,38,2.550832,1.962956,0.05007170979392
296,"Kiribati",2097,39,2.014052,1.962956,0.03953495457712
296,"Kiribati",2097,40,1.446119,1.962956,0.02838667967764
296,"Kiribati",2097,41,1.010354,1.962956,0.01983280446424
296,"Kiribati",2097,42,0.664883,1.962956,0.01305136074148
296,"Kiribati",2097,43,0.406732,1.962956,0.00798397019792
296,"Kiribati",2097,44,0.230485,1.962956,0.0045243191366
296,"Kiribati",2097,45,0.124595,1.962956,0.0024457450282
296,"Kiribati",2097,46,0.059635,1.962956,0.0011706088106
296,"Kiribati",2097,47,0.021779,1.962956,0.00042751218724
296,"Kiribati",2097,48,0.004684,1.962956,9.194485904e-05
296,"Kiribati",2097,49,0.000209,1.962956,4.10257804e-06
296,"Kiribati",2097,50,3.3e-05,1.962956,6.4777548e-07
296,"Kiribati",2097,51,0.000142,1.962956,2.78739752e-06
296,"Kiribati",2097,52,0.000167,1.962956,3.27813652e-06
296,"Kiribati",2097,53,0.000207,1.962956,4.06331892e-06
296,"Kiribati",2097,54,0.000114,1.962956,2.23776984e-06
296,"Kiribati",2098,10,0.000111,1.956101,2.17127211e-06
296,"Kiribati",2098,11,0.002703,1.956101,5.287341003e-05
296,"Kiribati",2098,12,0.007925,1.956101,0.00015502100425
296,"Kiribati",2098,13,0.017666,1.956101,0.00034556480266
296,"Kiribati",2098,14,0.104459,1.956101,0.00204332354359
296,"Kiribati",2098,15,0.26227,1.956101,0.0051302660927
296,"Kiribati",2098,16,0.573898,1.956101,0.01122602451698
296,"Kiribati",2098,17,1.005539,1.956101,0.01966935843439
296,"Kiribati",2098,18,1.540002,1.956101,0.03012399452202
296,"Kiribati",2098,19,2.101835,1.956101,0.04111401545335
296,"Kiribati",2098,20,2.663333,1.956101,0.05209748344633
296,"Kiribati",2098,21,3.24482,1.956101,0.0634719564682
296,"Kiribati",2098,22,3.828351,1.956101,0.07488641219451
296,"Kiribati",2098,23,4.387974,1.956101,0.08583320329374
296,"Kiribati",2098,24,4.911109,1.956101,0.09606625226009
296,"Kiribati",2098,25,5.359615,1.956101,0.10483948261115
296,"Kiribati",2098,26,5.712325,1.956101,0.11173884644825
296,"Kiribati",2098,27,5.965335,1.956101,0.11668797758835
296,"Kiribati",2098,28,6.117465,1.956101,0.11966379403965
296,"Kiribati",2098,29,6.119899,1.956101,0.11971140553799
296,"Kiribati",2098,30,5.971597,1.956101,0.11681046863297
296,"Kiribati",2098,31,5.701772,1.956101,0.11153241910972
296,"Kiribati",2098,32,5.337741,1.956101,0.10441160507841
296,"Kiribati",2098,33,4.975572,1.956101,0.09732721364772
296,"Kiribati",2098,34,4.614074,1.956101,0.09025594765474
296,"Kiribati",2098,35,4.185907,1.956101,0.08188056868607
296,"Kiribati",2098,36,3.642016,1.956101,0.07124151139616
296,"Kiribati",2098,37,3.093295,1.956101,0.06050797442795
296,"Kiribati",2098,38,2.557915,1.956101,0.05003540089415
296,"Kiribati",2098,39,2.01847,1.956101,0.0394833118547
296,"Kiribati",2098,40,1.448778,1.956101,0.02833956094578
296,"Kiribati",2098,41,1.011609,1.956101,0.01978809376509
296,"Kiribati",2098,42,0.665233,1.956101,0.01301262936533
296,"Kiribati",2098,43,0.406694,1.956101,0.00795534540094
296,"Kiribati",2098,44,0.230503,1.956101,0.00450887148803
296,"Kiribati",2098,45,0.124772,1.956101,0.00244066633972
296,"Kiribati",2098,46,0.059835,1.956101,0.00117043303335
296,"Kiribati",2098,47,0.021944,1.956101,0.00042924680344
296,"Kiribati",2098,48,0.004761,1.956101,9.312996861e-05
296,"Kiribati",2098,49,0.000218,1.956101,4.26430018e-06
296,"Kiribati",2098,50,3.4e-05,1.956101,6.6507434e-07
296,"Kiribati",2098,51,0.000144,1.956101,2.81678544e-06
296,"Kiribati",2098,52,0.000167,1.956101,3.26668867e-06
296,"Kiribati",2098,53,0.000206,1.956101,4.02956806e-06
296,"Kiribati",2098,54,0.000111,1.956101,2.17127211e-06
296,"Kiribati",2099,10,0.000107,1.951499,2.08810393e-06
296,"Kiribati",2099,11,0.002597,1.951499,5.068042903e-05
296,"Kiribati",2099,12,0.0076,1.951499,0.000148313924
296,"Kiribati",2099,13,0.016762,1.951499,0.00032711026238
296,"Kiribati",2099,14,0.101435,1.951499,0.00197950301065
296,"Kiribati",2099,15,0.255869,1.951499,0.00499328097631
296,"Kiribati",2099,16,0.562102,1.951499,0.01096941490898
296,"Kiribati",2099,17,0.987621,1.951499,0.01927341393879
296,"Kiribati",2099,18,1.515588,1.951499,0.02957668466412
296,"Kiribati",2099,19,2.072507,1.951499,0.04044495337993
296,"Kiribati",2099,20,2.631005,1.951499,0.05134403626495
296,"Kiribati",2099,21,3.21138,1.951499,0.0626700485862
296,"Kiribati",2099,22,3.795882,1.951499,0.07407659927118
296,"Kiribati",2099,23,4.358846,1.951499,0.08506283610154
296,"Kiribati",2099,24,4.887953,1.951499,0.09538835391547
296,"Kiribati",2099,25,5.344982,1.951499,0.10430727028018
296,"Kiribati",2099,26,5.708442,1.951499,0.11140018854558
296,"Kiribati",2099,27,5.972149,1.951499,0.11654642801351
296,"Kiribati",2099,28,6.134265,1.951499,0.11971012013235
296,"Kiribati",2099,29,6.14469,1.951499,0.1199135639031
296,"Kiribati",2099,30,6.002339,1.951499,0.11713558556161
296,"Kiribati",2099,31,5.734858,1.951499,0.11191569652142
296,"Kiribati",2099,32,5.370002,1.951499,0.10479553532998
296,"Kiribati",2099,33,5.005112,1.951499,0.09767471062888
296,"Kiribati",2099,34,4.639474,1.951499,0.09053928871526
296,"Kiribati",2099,35,4.206223,1.951499,0.08208439978277
296,"Kiribati",2099,36,3.657368,1.951499,0.07137349994632
296,"Kiribati",2099,37,3.104194,1.951499,0.06057831486806
296,"Kiribati",2099,38,2.565173,1.951499,0.05005932544327
296,"Kiribati",2099,39,2.023043,1.951499,0.03947966391457
296,"Kiribati",2099,40,1.451586,1.951499,0.02832768627414
296,"Kiribati",2099,41,1.012986,1.951499,0.01976841166014
296,"Kiribati",2099,42,0.665675,1.951499,0.01299064096825
296,"Kiribati",2099,43,0.406723,1.951499,0.00793719527777
296,"Kiribati",2099,44,0.230569,1.951499,0.00449955172931
296,"Kiribati",2099,45,0.124983,1.951499,0.00243904199517
296,"Kiribati",2099,46,0.060056,1.951499,0.00117199223944
296,"Kiribati",2099,47,0.022121,1.951499,0.00043169109379
296,"Kiribati",2099,48,0.004843,1.951499,9.451109657e-05
296,"Kiribati",2099,49,0.000227,1.951499,4.42990273e-06
296,"Kiribati",2099,50,3.6e-05,1.951499,7.0253964e-07
296,"Kiribati",2099,51,0.000146,1.951499,2.84918854e-06
296,"Kiribati",2099,52,0.000167,1.951499,3.25900333e-06
296,"Kiribati",2099,53,0.000205,1.951499,4.00057295e-06
296,"Kiribati",2099,54,0.000108,1.951499,2.10761892e-06
296,"Kiribati",2100,10,0.000103,1.946179,2.00456437e-06
296,"Kiribati",2100,11,0.002492,1.946179,4.849878068e-05
296,"Kiribati",2100,12,0.007282,1.946179,0.00014172075478
296,"Kiribati",2100,13,0.015888,1.946179,0.00030920891952
296,"Kiribati",2100,14,0.098432,1.946179,0.00191566291328
296,"Kiribati",2100,15,0.249481,1.946179,0.00485534683099
296,"Kiribati",2100,16,0.550278,1.946179,0.01070939487762
296,"Kiribati",2100,17,0.96962,1.946179,0.0188705408198
296,"Kiribati",2100,18,1.491032,1.946179,0.02901815166728
296,"Kiribati",2100,19,2.042973,1.946179,0.03975991150167
296,"Kiribati",2100,20,2.598412,1.946179,0.05056974867748
296,"Kiribati",2100,21,3.177605,1.946179,0.06184188121295
296,"Kiribati",2100,22,3.763005,1.946179,0.07323481307895
296,"Kiribati",2100,23,4.329252,1.946179,0.08425499328108
296,"Kiribati",2100,24,4.864296,1.946179,0.09466790724984
296,"Kiribati",2100,25,5.329863,1.946179,0.10372867443477
296,"Kiribati",2100,26,5.704158,1.946179,0.11101312512282
296,"Kiribati",2100,27,5.978699,1.946179,0.11635618441121
296,"Kiribati",2100,28,6.150972,1.946179,0.11970892535988
296,"Kiribati",2100,29,6.169566,1.946179,0.12007079788314
296,"Kiribati",2100,30,6.033344,1.946179,0.11741967392576
296,"Kiribati",2100,31,5.768324,1.946179,0.11226191033996
296,"Kiribati",2100,32,5.402696,1.946179,0.10514613498584
296,"Kiribati",2100,33,5.03508,1.946179,0.0979916695932
296,"Kiribati",2100,34,4.665252,1.946179,0.09079415472108
296,"Kiribati",2100,35,4.226845,1.946179,0.08226196975255
296,"Kiribati",2100,36,3.672975,1.946179,0.07148266812525
296,"Kiribati",2100,37,3.115301,1.946179,0.06062933384879
296,"Kiribati",2100,38,2.572604,1.946179,0.05006747880116
296,"Kiribati",2100,39,2.027767,1.946179,0.03946397552293
296,"Kiribati",2100,40,1.45454,1.946179,0.0283079520266
296,"Kiribati",2100,41,1.014484,1.946179,0.01974367456636
296,"Kiribati",2100,42,0.66621,1.946179,0.0129656391159
296,"Kiribati",2100,43,0.406818,1.946179,0.00791740648422
296,"Kiribati",2100,44,0.230682,1.946179,0.00448948464078
296,"Kiribati",2100,45,0.125226,1.946179,0.00243712211454
296,"Kiribati",2100,46,0.0603,1.946179,0.001173545937
296,"Kiribati",2100,47,0.022312,1.946179,0.00043423145848
296,"Kiribati",2100,48,0.004932,1.946179,9.598554828e-05
296,"Kiribati",2100,49,0.000237,1.946179,4.61244423e-06
296,"Kiribati",2100,50,3.8e-05,1.946179,7.3954802e-07
296,"Kiribati",2100,51,0.000148,1.946179,2.88034492e-06
296,"Kiribati",2100,52,0.000168,1.946179,3.26958072e-06
296,"Kiribati",2100,53,0.000204,1.946179,3.97020516e-06
296,"Kiribati",2100,54,0.000104,1.946179,2.02402616e-06
