"country_code","name","year","age","mxM","mxF","mxB"
296,"Kiribati",1950,0,0.17414944,0.14903891,0.16191425
296,"Kiribati",1950,1,0.03800372,0.03876945,0.0383812
296,"Kiribati",1950,2,0.0241572,0.02465644,0.02440669
296,"Kiribati",1950,3,0.01558357,0.01592471,0.01575554
296,"Kiribati",1950,4,0.01036216,0.01061703,0.01049146
296,"Kiribati",1950,5,0.00722006,0.00743228,0.00732842
296,"Kiribati",1950,6,0.0053499,0.00555032,0.00545284
296,"Kiribati",1950,7,0.0042638,0.00447263,0.00437173
296,"Kiribati",1950,8,0.00365464,0.00388774,0.00377584
296,"Kiribati",1950,9,0.00335314,0.00362551,0.0034953
296,"Kiribati",1950,10,0.00325171,0.00357546,0.00342114
296,"Kiribati",1950,11,0.00328494,0.00367021,0.00348684
296,"Kiribati",1950,12,0.00341195,0.00386176,0.00364751
296,"Kiribati",1950,13,0.00360157,0.00410937,0.00386706
296,"Kiribati",1950,14,0.00384149,0.00438981,0.00412723
296,"Kiribati",1950,15,0.00412657,0.00468427,0.00441577
296,"Kiribati",1950,16,0.00446211,0.00498923,0.00473402
296,"Kiribati",1950,17,0.00485768,0.00530461,0.00508698
296,"Kiribati",1950,18,0.00531129,0.00562761,0.00547256
296,"Kiribati",1950,19,0.00581001,0.00595254,0.00588222
296,"Kiribati",1950,20,0.00631847,0.00626586,0.00629195
296,"Kiribati",1950,21,0.00678242,0.00655112,0.00666641
296,"Kiribati",1950,22,0.00715525,0.00679621,0.00697614
296,"Kiribati",1950,23,0.00740188,0.00699349,0.00719881
296,"Kiribati",1950,24,0.00752983,0.00715073,0.00734181
296,"Kiribati",1950,25,0.00757806,0.00728304,0.00743216
296,"Kiribati",1950,26,0.00759923,0.00741186,0.0075067
296,"Kiribati",1950,27,0.00765131,0.00755939,0.00760589
296,"Kiribati",1950,28,0.00776639,0.0077355,0.00775111
296,"Kiribati",1950,29,0.00795741,0.00794379,0.00795066
296,"Kiribati",1950,30,0.00821648,0.00817407,0.00819532
296,"Kiribati",1950,31,0.00851679,0.00841015,0.00846319
296,"Kiribati",1950,32,0.00883482,0.00863825,0.00873537
296,"Kiribati",1950,33,0.00915118,0.0088469,0.00899619
296,"Kiribati",1950,34,0.00946187,0.0090377,0.00924408
296,"Kiribati",1950,35,0.00978114,0.00921919,0.00949022
296,"Kiribati",1950,36,0.010128,0.0094044,0.00975103
296,"Kiribati",1950,37,0.01052591,0.00960763,0.01004496
296,"Kiribati",1950,38,0.01098717,0.00983181,0.01037937
296,"Kiribati",1950,39,0.01150658,0.01007286,0.01075054
296,"Kiribati",1950,40,0.01206712,0.01031633,0.01114379
296,"Kiribati",1950,41,0.0126348,0.01054271,0.01153263
296,"Kiribati",1950,42,0.01318167,0.01074505,0.01190096
296,"Kiribati",1950,43,0.01369726,0.01092633,0.01224656
296,"Kiribati",1950,44,0.01419062,0.01111373,0.01258661
296,"Kiribati",1950,45,0.01470502,0.01135025,0.01296169
296,"Kiribati",1950,46,0.01528994,0.01168115,0.01341598
296,"Kiribati",1950,47,0.01599557,0.01215403,0.01400251
296,"Kiribati",1950,48,0.0168595,0.01278855,0.0147491
296,"Kiribati",1950,49,0.01787973,0.01358214,0.01564689
296,"Kiribati",1950,50,0.01903508,0.01449912,0.01666932
296,"Kiribati",1950,51,0.02026809,0.01547029,0.01775726
296,"Kiribati",1950,52,0.02151695,0.0164379,0.01886227
296,"Kiribati",1950,53,0.02275247,0.01735924,0.01994401
296,"Kiribati",1950,54,0.02396947,0.01824826,0.02098995
296,"Kiribati",1950,55,0.0252294,0.01917712,0.02207931
296,"Kiribati",1950,56,0.0266165,0.02024241,0.02330354
296,"Kiribati",1950,57,0.02821869,0.02156521,0.02475288
296,"Kiribati",1950,58,0.03012073,0.02322565,0.02651362
296,"Kiribati",1950,59,0.0323456,0.02525422,0.02861903
296,"Kiribati",1950,60,0.03488794,0.02761813,0.03105022
296,"Kiribati",1950,61,0.03768805,0.03019539,0.03371438
296,"Kiribati",1950,62,0.04065879,0.03285916,0.03651
296,"Kiribati",1950,63,0.0437459,0.035498,0.03934485
296,"Kiribati",1950,64,0.04691307,0.03808385,0.04217573
296,"Kiribati",1950,65,0.05019954,0.0407168,0.04509121
296,"Kiribati",1950,66,0.05368783,0.04355532,0.04820612
296,"Kiribati",1950,67,0.05748205,0.0468215,0.05167468
296,"Kiribati",1950,68,0.06170514,0.05070011,0.05569305
296,"Kiribati",1950,69,0.06645433,0.05529344,0.06033717
296,"Kiribati",1950,70,0.07181719,0.06063026,0.06564867
296,"Kiribati",1950,71,0.07785274,0.06660605,0.07162136
296,"Kiribati",1950,72,0.08459968,0.0730942,0.07817061
296,"Kiribati",1950,73,0.09207507,0.07998189,0.08527754
296,"Kiribati",1950,74,0.1002724,0.08721785,0.09290226
296,"Kiribati",1950,75,0.10916213,0.09489967,0.10106475
296,"Kiribati",1950,76,0.11869027,0.10318361,0.10982629
296,"Kiribati",1950,77,0.12882941,0.11229003,0.11930252
296,"Kiribati",1950,78,0.13958105,0.12241168,0.12963546
296,"Kiribati",1950,79,0.15102257,0.13362082,0.14087304
296,"Kiribati",1950,80,0.16331373,0.1459093,0.15302569
296,"Kiribati",1950,81,0.17664005,0.15912103,0.16619413
296,"Kiribati",1950,82,0.19120984,0.17306939,0.18034303
296,"Kiribati",1950,83,0.2071458,0.18761961,0.19530089
296,"Kiribati",1950,84,0.22445083,0.2026904,0.21107878
296,"Kiribati",1950,85,0.24301892,0.21835987,0.22780659
296,"Kiribati",1950,86,0.26260469,0.23475313,0.2454147
296,"Kiribati",1950,87,0.28297227,0.25201814,0.26376004
296,"Kiribati",1950,88,0.30394477,0.27027605,0.28287318
296,"Kiribati",1950,89,0.32542987,0.28951919,0.30208828
296,"Kiribati",1950,90,0.34748333,0.30968063,0.32212716
296,"Kiribati",1950,91,0.37018155,0.33060492,0.34361864
296,"Kiribati",1950,92,0.39360067,0.35212005,0.36727639
296,"Kiribati",1950,93,0.41774907,0.37411623,0.38996579
296,"Kiribati",1950,94,0.44249325,0.39651167,0.41165121
296,"Kiribati",1950,95,0.46764028,0.41930081,0.42961988
296,"Kiribati",1950,96,0.49292826,0.44248882,0.44248932
296,"Kiribati",1950,97,0.5181145,0.46604713,0.46604845
296,"Kiribati",1950,98,0.54305571,0.48991675,0.51620924
296,"Kiribati",1950,99,0.56765549,0.51395397,0.54052285
296,"Kiribati",1950,100,0.61644029,0.56536235,0.59058534
296,"Kiribati",1951,0,0.17351828,0.14841737,0.1612922
296,"Kiribati",1951,1,0.03783614,0.038569,0.03819431
296,"Kiribati",1951,2,0.02405556,0.02453266,0.02429068
296,"Kiribati",1951,3,0.01552098,0.01584702,0.01568389
296,"Kiribati",1951,4,0.01032231,0.01056654,0.01044541
296,"Kiribati",1951,5,0.0071933,0.00739766,0.00729696
296,"Kiribati",1951,6,0.00533061,0.00552484,0.00542977
296,"Kiribati",1951,7,0.00424869,0.00445224,0.00435323
296,"Kiribati",1951,8,0.00364179,0.00387004,0.00375974
296,"Kiribati",1951,9,0.00334135,0.00360895,0.00348047
296,"Kiribati",1951,10,0.00324026,0.00355907,0.00340663
296,"Kiribati",1951,11,0.00327336,0.00365334,0.00347217
296,"Kiribati",1951,12,0.00339995,0.00384405,0.00363263
296,"Kiribati",1951,13,0.00358902,0.00409065,0.00385166
296,"Kiribati",1951,14,0.0038283,0.00437004,0.00411146
296,"Kiribati",1951,15,0.00411266,0.00466348,0.00439963
296,"Kiribati",1951,16,0.00444734,0.00496743,0.00471696
296,"Kiribati",1951,17,0.00484186,0.00528175,0.00506872
296,"Kiribati",1951,18,0.00529416,0.00560361,0.0054529
296,"Kiribati",1951,19,0.00579137,0.00592733,0.00586068
296,"Kiribati",1951,20,0.00629817,0.00623942,0.0062684
296,"Kiribati",1951,21,0.00676051,0.00652352,0.00664103
296,"Kiribati",1951,22,0.00713197,0.00676761,0.0069492
296,"Kiribati",1951,23,0.0073776,0.00696409,0.00717127
296,"Kiribati",1951,24,0.00750492,0.00712071,0.00731383
296,"Kiribati",1951,25,0.00755278,0.00725252,0.00740384
296,"Kiribati",1951,26,0.00757368,0.00738086,0.00747831
296,"Kiribati",1951,27,0.00762536,0.0075278,0.00757717
296,"Kiribati",1951,28,0.00773984,0.00770317,0.00772172
296,"Kiribati",1951,29,0.00793,0.00791059,0.0079204
296,"Kiribati",1951,30,0.00818803,0.0081399,0.00816415
296,"Kiribati",1951,31,0.00848723,0.00837502,0.00843124
296,"Kiribati",1951,32,0.00880419,0.00860227,0.00870268
296,"Kiribati",1951,33,0.00911959,0.00881021,0.00896304
296,"Kiribati",1951,34,0.00942944,0.00900045,0.0092109
296,"Kiribati",1951,35,0.00974791,0.00918146,0.00945699
296,"Kiribati",1951,36,0.01009388,0.0093662,0.00971704
296,"Kiribati",1951,37,0.0104907,0.00956889,0.01001028
296,"Kiribati",1951,38,0.01095063,0.00979247,0.01034374
296,"Kiribati",1951,39,0.0114685,0.0100329,0.01071281
296,"Kiribati",1951,40,0.01202743,0.01027588,0.0111031
296,"Kiribati",1951,41,0.01259364,0.01050202,0.01148956
296,"Kiribati",1951,42,0.01313935,0.01070443,0.01185519
296,"Kiribati",1951,43,0.01365415,0.01088608,0.01219742
296,"Kiribati",1951,44,0.01414704,0.01107396,0.01253591
296,"Kiribati",1951,45,0.01466103,0.0113108,0.01291184
296,"Kiribati",1951,46,0.01524536,0.01164159,0.0133695
296,"Kiribati",1951,47,0.01594998,0.01211366,0.01395431
296,"Kiribati",1951,48,0.01681232,0.01274661,0.01469895
296,"Kiribati",1951,49,0.01783046,0.0135379,0.01560069
296,"Kiribati",1951,50,0.01898341,0.01445208,0.01662413
296,"Kiribati",1951,51,0.02021406,0.0154204,0.01770832
296,"Kiribati",1951,52,0.02146099,0.01638547,0.01879857
296,"Kiribati",1951,53,0.02269516,0.01730483,0.01987074
296,"Kiribati",1951,54,0.02391141,0.01819234,0.02092534
296,"Kiribati",1951,55,0.02517082,0.01911976,0.02201064
296,"Kiribati",1951,56,0.02655719,0.02018316,0.02322976
296,"Kiribati",1951,57,0.02815803,0.02150299,0.02468823
296,"Kiribati",1951,58,0.03005771,0.02315905,0.02645253
296,"Kiribati",1951,59,0.03227921,0.02518177,0.02855386
296,"Kiribati",1951,60,0.03481725,0.02753868,0.03097928
296,"Kiribati",1951,61,0.03761257,0.0301086,0.03363744
296,"Kiribati",1951,62,0.0405785,0.03276556,0.03642009
296,"Kiribati",1951,63,0.04366117,0.03539882,0.03924975
296,"Kiribati",1951,64,0.04682455,0.03798056,0.04208665
296,"Kiribati",1951,65,0.05010776,0.04061031,0.04499027
296,"Kiribati",1951,66,0.05359304,0.04344572,0.04810198
296,"Kiribati",1951,67,0.05738417,0.04670781,0.05158069
296,"Kiribati",1951,68,0.06160366,0.05058056,0.05556919
296,"Kiribati",1951,69,0.06634845,0.05516599,0.06020872
296,"Kiribati",1951,70,0.07170587,0.06049294,0.06552915
296,"Kiribati",1951,71,0.07773484,0.06645766,0.07148525
296,"Kiribati",1951,72,0.08447399,0.07293437,0.07804787
296,"Kiribati",1951,73,0.09194049,0.07981102,0.08512747
296,"Kiribati",1951,74,0.10012804,0.08703676,0.092729
296,"Kiribati",1951,75,0.10900745,0.09470894,0.10088707
296,"Kiribati",1951,76,0.11852524,0.10298332,0.10964476
296,"Kiribati",1951,77,0.12865442,0.1120796,0.11911489
296,"Kiribati",1951,78,0.13939681,0.12219001,0.12941465
296,"Kiribati",1951,79,0.15082986,0.13338682,0.14065218
296,"Kiribati",1951,80,0.16311312,0.14566224,0.15286095
296,"Kiribati",1951,81,0.1764318,0.15886098,0.16597105
296,"Kiribati",1951,82,0.19099386,0.17279722,0.18006561
296,"Kiribati",1951,83,0.20692186,0.18733667,0.19510088
296,"Kiribati",1951,84,0.22421884,0.20239821,0.21087458
296,"Kiribati",1951,85,0.2427791,0.21805948,0.22745272
296,"Kiribati",1951,86,0.2623578,0.23444505,0.24496492
296,"Kiribati",1951,87,0.28271953,0.25170245,0.26335973
296,"Kiribati",1951,88,0.30368767,0.26995267,0.2824914
296,"Kiribati",1951,89,0.32517004,0.28918861,0.30235535
296,"Kiribati",1951,90,0.34722233,0.30934416,0.32228077
296,"Kiribati",1951,91,0.36992085,0.33026489,0.34297806
296,"Kiribati",1951,92,0.3933416,0.35177956,0.36506803
296,"Kiribati",1951,93,0.41749283,0.37377809,0.38930976
296,"Kiribati",1951,94,0.44224085,0.39617782,0.41242073
296,"Kiribati",1951,95,0.46739259,0.4189714,0.43439555
296,"Kiribati",1951,96,0.49268596,0.4421623,0.45251774
296,"Kiribati",1951,97,0.51787832,0.46572153,0.46572201
296,"Kiribati",1951,98,0.54282673,0.48959063,0.4895919
296,"Kiribati",1951,99,0.56743536,0.51362866,0.53948529
296,"Kiribati",1951,100,0.61625572,0.56507621,0.58960079
296,"Kiribati",1952,0,0.17289052,0.14780029,0.16066943
296,"Kiribati",1952,1,0.0376696,0.03837018,0.03801185
296,"Kiribati",1952,2,0.02395453,0.02440988,0.024177
296,"Kiribati",1952,3,0.01545876,0.01576994,0.01561208
296,"Kiribati",1952,4,0.01028268,0.01051644,0.01039946
296,"Kiribati",1952,5,0.00716668,0.00736331,0.00726577
296,"Kiribati",1952,6,0.00531143,0.00549954,0.00540684
296,"Kiribati",1952,7,0.00423366,0.004432,0.00433491
296,"Kiribati",1952,8,0.003629,0.00385246,0.00374375
296,"Kiribati",1952,9,0.00332963,0.00359251,0.00346546
296,"Kiribati",1952,10,0.00322886,0.00354279,0.00339204
296,"Kiribati",1952,11,0.00326183,0.0036366,0.00345737
296,"Kiribati",1952,12,0.00338802,0.00382647,0.00361738
296,"Kiribati",1952,13,0.00357654,0.00407207,0.00383611
296,"Kiribati",1952,14,0.00381518,0.00435042,0.00409535
296,"Kiribati",1952,15,0.00409882,0.00464285,0.0043831
296,"Kiribati",1952,16,0.00443265,0.00494578,0.00469992
296,"Kiribati",1952,17,0.00482611,0.00525905,0.0050505
296,"Kiribati",1952,18,0.00527713,0.00557978,0.00543319
296,"Kiribati",1952,19,0.00577281,0.0059023,0.00583923
296,"Kiribati",1952,20,0.00627797,0.00621316,0.00624493
296,"Kiribati",1952,21,0.00673872,0.00649612,0.0066158
296,"Kiribati",1952,22,0.00710881,0.00673921,0.00692244
296,"Kiribati",1952,23,0.00735345,0.0069349,0.00714346
296,"Kiribati",1952,24,0.00748014,0.00709091,0.00728589
296,"Kiribati",1952,25,0.00752764,0.00722223,0.00737571
296,"Kiribati",1952,26,0.00754825,0.00735008,0.00744994
296,"Kiribati",1952,27,0.00759954,0.00749643,0.00754854
296,"Kiribati",1952,28,0.00771342,0.00767108,0.00769251
296,"Kiribati",1952,29,0.00790274,0.00787762,0.00789033
296,"Kiribati",1952,30,0.00815972,0.00810597,0.00813313
296,"Kiribati",1952,31,0.00845782,0.00834015,0.00839945
296,"Kiribati",1952,32,0.00877371,0.00856654,0.00867032
296,"Kiribati",1952,33,0.00908816,0.00877378,0.00893011
296,"Kiribati",1952,34,0.00939719,0.00896347,0.00917769
296,"Kiribati",1952,35,0.00971485,0.00914399,0.00942396
296,"Kiribati",1952,36,0.01005993,0.00932827,0.00968405
296,"Kiribati",1952,37,0.01045567,0.00953042,0.00997633
296,"Kiribati",1952,38,0.01091427,0.0097534,0.01030895
296,"Kiribati",1952,39,0.01143061,0.00999323,0.01067695
296,"Kiribati",1952,40,0.01198794,0.01023571,0.01106488
296,"Kiribati",1952,41,0.01255268,0.01046161,0.01144818
296,"Kiribati",1952,42,0.01309724,0.01066409,0.01181151
296,"Kiribati",1952,43,0.01361125,0.01084609,0.01215114
296,"Kiribati",1952,44,0.01410366,0.01103445,0.01248622
296,"Kiribati",1952,45,0.01461726,0.0112716,0.01286054
296,"Kiribati",1952,46,0.015201,0.01160228,0.01331895
296,"Kiribati",1952,47,0.0159046,0.01207356,0.01390689
296,"Kiribati",1952,48,0.01676536,0.01270494,0.01464911
296,"Kiribati",1952,49,0.01778141,0.01349393,0.0155483
296,"Kiribati",1952,50,0.01893196,0.01440534,0.01657563
296,"Kiribati",1952,51,0.02016027,0.01537083,0.01766104
296,"Kiribati",1952,52,0.02140527,0.01633337,0.01874785
296,"Kiribati",1952,53,0.02263809,0.01725075,0.01980508
296,"Kiribati",1952,54,0.02385358,0.01813676,0.02085018
296,"Kiribati",1952,55,0.02511247,0.01906275,0.02194489
296,"Kiribati",1952,56,0.02649811,0.02012426,0.02315948
296,"Kiribati",1952,57,0.0280976,0.02144114,0.02461192
296,"Kiribati",1952,58,0.02999494,0.02309285,0.02638467
296,"Kiribati",1952,59,0.03221307,0.02510975,0.02848853
296,"Kiribati",1952,60,0.03474684,0.02745969,0.03090885
296,"Kiribati",1952,61,0.03753736,0.03002233,0.03356086
296,"Kiribati",1952,62,0.04049852,0.0326725,0.03633786
296,"Kiribati",1952,63,0.04357677,0.03530023,0.03915505
296,"Kiribati",1952,64,0.04673635,0.03787787,0.0419878
296,"Kiribati",1952,65,0.05001631,0.04050441,0.04489892
296,"Kiribati",1952,66,0.0534986,0.04333672,0.04799831
296,"Kiribati",1952,67,0.05728664,0.04659473,0.05147326
296,"Kiribati",1952,68,0.06150253,0.05046166,0.05547121
296,"Kiribati",1952,69,0.06624294,0.05503921,0.06007878
296,"Kiribati",1952,70,0.07159494,0.06035634,0.06539322
296,"Kiribati",1952,71,0.07761733,0.06631004,0.07135716
296,"Kiribati",1952,72,0.08434871,0.07277538,0.07790238
296,"Kiribati",1952,73,0.09180635,0.07964103,0.08499628
296,"Kiribati",1952,74,0.09998414,0.08685659,0.0925698
296,"Kiribati",1952,75,0.10885326,0.09451916,0.10070362
296,"Kiribati",1952,76,0.11836073,0.10278402,0.10945749
296,"Kiribati",1952,77,0.12847997,0.11187019,0.11892407
296,"Kiribati",1952,78,0.13921314,0.1219694,0.12921748
296,"Kiribati",1952,79,0.15063775,0.13315395,0.14042103
296,"Kiribati",1952,80,0.16291311,0.14541635,0.15262973
296,"Kiribati",1952,81,0.17622417,0.15860213,0.16579647
296,"Kiribati",1952,82,0.19077852,0.1725263,0.1798333
296,"Kiribati",1952,83,0.20669856,0.18705501,0.19481222
296,"Kiribati",1952,84,0.2239875,0.20210731,0.21067294
296,"Kiribati",1952,85,0.24253994,0.21776041,0.22724925
296,"Kiribati",1952,86,0.26211159,0.23413831,0.24459441
296,"Kiribati",1952,87,0.28246747,0.25138811,0.26288582
296,"Kiribati",1952,88,0.30343125,0.26963066,0.28207599
296,"Kiribati",1952,89,0.32491088,0.28885941,0.30196312
296,"Kiribati",1952,90,0.346962,0.30900907,0.32256817
296,"Kiribati",1952,91,0.3696608,0.32992624,0.3431456
296,"Kiribati",1952,92,0.39308317,0.35144043,0.36441609
296,"Kiribati",1952,93,0.4172372,0.37344127,0.38702978
296,"Kiribati",1952,94,0.44198906,0.39584525,0.41175339
296,"Kiribati",1952,95,0.46714547,0.41864325,0.43520789
296,"Kiribati",1952,96,0.49244422,0.44183701,0.45739583
296,"Kiribati",1952,97,0.51764267,0.46539714,0.47565438
296,"Kiribati",1952,98,0.54259826,0.48926572,0.48926618
296,"Kiribati",1952,99,0.56721571,0.51330454,0.51330576
296,"Kiribati",1952,100,0.61607155,0.56479111,0.58862478
296,"Kiribati",1953,0,0.17215074,0.14708404,0.1599408
296,"Kiribati",1953,1,0.03747351,0.03813966,0.03779894
296,"Kiribati",1953,2,0.02383554,0.02426749,0.02404649
296,"Kiribati",1953,3,0.01538547,0.01568053,0.0155296
296,"Kiribati",1953,4,0.010236,0.01045833,0.01034553
296,"Kiribati",1953,5,0.00713532,0.00732345,0.0072293
296,"Kiribati",1953,6,0.00528883,0.0054702,0.00538022
296,"Kiribati",1953,7,0.00421595,0.00440852,0.00431361
296,"Kiribati",1953,8,0.00361393,0.00383207,0.00372528
296,"Kiribati",1953,9,0.00331581,0.00357344,0.00344809
296,"Kiribati",1953,10,0.00321542,0.00352391,0.0033748
296,"Kiribati",1953,11,0.00324825,0.00361718,0.00343998
296,"Kiribati",1953,12,0.00337396,0.00380607,0.00359937
296,"Kiribati",1953,13,0.00356183,0.00405051,0.00381742
296,"Kiribati",1953,14,0.00379972,0.00432765,0.0040762
296,"Kiribati",1953,15,0.0040825,0.0046189,0.00436321
296,"Kiribati",1953,16,0.00441534,0.00492067,0.00467934
296,"Kiribati",1953,17,0.00480755,0.00523271,0.00502895
296,"Kiribati",1953,18,0.00525704,0.00555213,0.00540996
296,"Kiribati",1953,19,0.00575094,0.00587325,0.005814
296,"Kiribati",1953,20,0.00625415,0.00618269,0.0062175
296,"Kiribati",1953,21,0.00671302,0.00646431,0.00658622
296,"Kiribati",1953,22,0.0070815,0.00670624,0.00689134
296,"Kiribati",1953,23,0.00732497,0.00690102,0.00711116
296,"Kiribati",1953,24,0.00745093,0.00705633,0.00725291
296,"Kiribati",1953,25,0.007498,0.00718706,0.00734279
296,"Kiribati",1953,26,0.00751828,0.00731435,0.00741682
296,"Kiribati",1953,27,0.00756911,0.00746002,0.00751499
296,"Kiribati",1953,28,0.00768228,0.00763383,0.00765831
296,"Kiribati",1953,29,0.0078706,0.00783936,0.00785517
296,"Kiribati",1953,30,0.00812636,0.0080666,0.00809683
296,"Kiribati",1953,31,0.00842315,0.00829968,0.00836206
296,"Kiribati",1953,32,0.00873779,0.00852508,0.00863226
296,"Kiribati",1953,33,0.00905112,0.00873151,0.0088916
296,"Kiribati",1953,34,0.00935917,0.00892053,0.0091386
296,"Kiribati",1953,35,0.00967588,0.00910051,0.00938462
296,"Kiribati",1953,36,0.01001992,0.00928423,0.00964492
296,"Kiribati",1953,37,0.01041438,0.00948576,0.00993713
296,"Kiribati",1953,38,0.0108714,0.00970805,0.0102684
296,"Kiribati",1953,39,0.01138595,0.00994717,0.01063525
296,"Kiribati",1953,40,0.01194138,0.01018907,0.01102189
296,"Kiribati",1953,41,0.0125044,0.01041468,0.01140256
296,"Kiribati",1953,42,0.01304759,0.01061724,0.01176251
296,"Kiribati",1953,43,0.01356067,0.01079966,0.01209991
296,"Kiribati",1953,44,0.01405252,0.01098856,0.0124324
296,"Kiribati",1953,45,0.01456563,0.01122607,0.01280306
296,"Kiribati",1953,46,0.01514868,0.01155661,0.01325948
296,"Kiribati",1953,47,0.01585108,0.01202696,0.01384761
296,"Kiribati",1953,48,0.01670996,0.01265652,0.0145923
296,"Kiribati",1953,49,0.01772355,0.01344285,0.01548804
296,"Kiribati",1953,50,0.01887128,0.01435103,0.01651196
296,"Kiribati",1953,51,0.02009681,0.01531323,0.01760116
296,"Kiribati",1953,52,0.02133954,0.01627283,0.0186894
296,"Kiribati",1953,53,0.02257076,0.01718792,0.01974341
296,"Kiribati",1953,54,0.02378535,0.01807218,0.0207731
296,"Kiribati",1953,55,0.02504362,0.01899648,0.02185781
296,"Kiribati",1953,56,0.02642839,0.02005579,0.02308189
296,"Kiribati",1953,57,0.02802627,0.02136924,0.0245285
296,"Kiribati",1953,58,0.02992084,0.02301589,0.02629337
296,"Kiribati",1953,59,0.03213499,0.02502604,0.0284041
296,"Kiribati",1953,60,0.03466372,0.02736788,0.03082515
296,"Kiribati",1953,61,0.03744858,0.02992204,0.03347063
296,"Kiribati",1953,62,0.04040409,0.03256433,0.03624079
296,"Kiribati",1953,63,0.04347712,0.03518561,0.03905237
296,"Kiribati",1953,64,0.04663222,0.03775848,0.04187254
296,"Kiribati",1953,65,0.04990833,0.04038129,0.04477965
296,"Kiribati",1953,66,0.05338707,0.04320998,0.04788694
296,"Kiribati",1953,67,0.05717146,0.04646324,0.05134775
296,"Kiribati",1953,68,0.0613831,0.05032337,0.05533993
296,"Kiribati",1953,69,0.06611831,0.05489177,0.05995462
296,"Kiribati",1953,70,0.0714639,0.06019747,0.06523394
296,"Kiribati",1953,71,0.07747852,0.06613834,0.07118912
296,"Kiribati",1953,72,0.08420073,0.07259044,0.07773998
296,"Kiribati",1953,73,0.09164789,0.07944329,0.08481421
296,"Kiribati",1953,74,0.09981415,0.086647,0.09240226
296,"Kiribati",1953,75,0.10867112,0.09429837,0.10050505
296,"Kiribati",1953,76,0.11816638,0.10255214,0.10923172
296,"Kiribati",1953,77,0.12827388,0.11162653,0.11869315
296,"Kiribati",1953,78,0.13899615,0.12171268,0.12898119
296,"Kiribati",1953,79,0.15041076,0.13288293,0.14017618
296,"Kiribati",1953,80,0.1626768,0.14513017,0.15234866
296,"Kiribati",1953,81,0.17597883,0.15830086,0.16551353
296,"Kiribati",1953,82,0.19052404,0.17221095,0.17960787
296,"Kiribati",1953,83,0.20643469,0.18672715,0.194527
296,"Kiribati",1953,84,0.22371411,0.20176867,0.21032598
296,"Kiribati",1953,85,0.2422573,0.21741223,0.22700047
296,"Kiribati",1953,86,0.26182059,0.23378116,0.24434345
296,"Kiribati",1953,87,0.28216954,0.2510221,0.26244888
296,"Kiribati",1953,88,0.30312815,0.26925569,0.28152922
296,"Kiribati",1953,89,0.32460452,0.28847605,0.30148246
296,"Kiribati",1953,90,0.34665424,0.30861883,0.32211418
296,"Kiribati",1953,91,0.36935336,0.32953183,0.34339801
296,"Kiribati",1953,92,0.39277763,0.35104543,0.36454609
296,"Kiribati",1953,93,0.41693496,0.37304895,0.38631364
296,"Kiribati",1953,94,0.44169133,0.39545784,0.40934744
296,"Kiribati",1953,95,0.46685326,0.41826097,0.43447832
296,"Kiribati",1953,96,0.49215837,0.44145803,0.45818891
296,"Kiribati",1953,97,0.517364,0.46501919,0.48051638
296,"Kiribati",1953,98,0.54232807,0.48888715,0.49891678
296,"Kiribati",1953,99,0.56695595,0.51292689,0.51292733
296,"Kiribati",1953,100,0.61585375,0.56445892,0.57666567
296,"Kiribati",1954,0,0.17121655,0.14619975,0.15903141
296,"Kiribati",1954,1,0.03722614,0.03785543,0.03753358
296,"Kiribati",1954,2,0.02368541,0.02409189,0.02388393
296,"Kiribati",1954,3,0.01529296,0.01557026,0.01542836
296,"Kiribati",1954,4,0.01017706,0.01038664,0.01027942
296,"Kiribati",1954,5,0.00709572,0.00727428,0.00718368
296,"Kiribati",1954,6,0.00526028,0.00543399,0.00534704
296,"Kiribati",1954,7,0.00419357,0.00437954,0.00428728
296,"Kiribati",1954,8,0.0035949,0.00380691,0.00370241
296,"Kiribati",1954,9,0.00329835,0.00354991,0.00342674
296,"Kiribati",1954,10,0.00319846,0.00350061,0.00335358
296,"Kiribati",1954,11,0.00323109,0.00359321,0.00341815
296,"Kiribati",1954,12,0.00335619,0.0037809,0.00357687
296,"Kiribati",1954,13,0.00354325,0.00402391,0.00379394
296,"Kiribati",1954,14,0.00378019,0.00429956,0.00405176
296,"Kiribati",1954,15,0.0040619,0.00458936,0.00433806
296,"Kiribati",1954,16,0.00439346,0.00488967,0.00465307
296,"Kiribati",1954,17,0.0047841,0.0052002,0.00500143
296,"Kiribati",1954,18,0.00523167,0.005518,0.00538074
296,"Kiribati",1954,19,0.0057233,0.00583738,0.00578241
296,"Kiribati",1954,20,0.00622406,0.00614508,0.00618334
296,"Kiribati",1954,21,0.00668056,0.00642505,0.0065495
296,"Kiribati",1954,22,0.007047,0.00666555,0.0068525
296,"Kiribati",1954,23,0.00728899,0.00685919,0.00707115
296,"Kiribati",1954,24,0.00741403,0.00701362,0.00721205
296,"Kiribati",1954,25,0.00746055,0.00714365,0.0073015
296,"Kiribati",1954,26,0.00748042,0.00727024,0.0073755
296,"Kiribati",1954,27,0.00753068,0.00741508,0.00747316
296,"Kiribati",1954,28,0.00764295,0.00758785,0.00761561
296,"Kiribati",1954,29,0.00783001,0.00779212,0.00781126
296,"Kiribati",1954,30,0.00808422,0.00801798,0.0080515
296,"Kiribati",1954,31,0.00837937,0.00824971,0.0083153
296,"Kiribati",1954,32,0.00869241,0.00847388,0.00858428
296,"Kiribati",1954,33,0.00900434,0.00867931,0.00884307
296,"Kiribati",1954,34,0.00931114,0.00886753,0.00908969
296,"Kiribati",1954,35,0.00962666,0.00904681,0.00933501
296,"Kiribati",1954,36,0.00996937,0.00922986,0.0095949
296,"Kiribati",1954,37,0.01036222,0.00943062,0.00988716
296,"Kiribati",1954,38,0.01081725,0.00965204,0.0102181
296,"Kiribati",1954,39,0.01132952,0.00989029,0.01058305
296,"Kiribati",1954,40,0.01188257,0.01013146,0.01096822
296,"Kiribati",1954,41,0.0124434,0.01035672,0.01134746
296,"Kiribati",1954,42,0.01298486,0.01055937,0.01170461
296,"Kiribati",1954,43,0.01349676,0.01074229,0.01203852
296,"Kiribati",1954,44,0.01398789,0.01093185,0.01236882
296,"Kiribati",1954,45,0.01450039,0.0111698,0.01273663
296,"Kiribati",1954,46,0.01508254,0.01150017,0.01318873
296,"Kiribati",1954,47,0.01578342,0.01196937,0.01377395
296,"Kiribati",1954,48,0.01663993,0.01259667,0.01451769
296,"Kiribati",1954,49,0.01765041,0.01337971,0.01541481
296,"Kiribati",1954,50,0.01879455,0.0142839,0.01643401
296,"Kiribati",1954,51,0.02001657,0.01524203,0.01751899
296,"Kiribati",1954,52,0.02125641,0.01619799,0.01861117
296,"Kiribati",1954,53,0.02248561,0.01711023,0.01966702
296,"Kiribati",1954,54,0.02369905,0.01799233,0.0206937
296,"Kiribati",1954,55,0.02495652,0.01891455,0.02176206
296,"Kiribati",1954,56,0.02634018,0.01997113,0.02297493
296,"Kiribati",1954,57,0.02793602,0.02128034,0.02443005
296,"Kiribati",1954,58,0.02982707,0.02292072,0.02618663
296,"Kiribati",1954,59,0.03203618,0.02492251,0.02828663
296,"Kiribati",1954,60,0.03455853,0.02725434,0.03071206
296,"Kiribati",1954,61,0.03733623,0.02979802,0.03335621
296,"Kiribati",1954,62,0.04028458,0.03243056,0.03611851
296,"Kiribati",1954,63,0.04335099,0.03504386,0.0389228
296,"Kiribati",1954,64,0.04650041,0.0376108,0.0417375
296,"Kiribati",1954,65,0.04977164,0.04022898,0.04463135
296,"Kiribati",1954,66,0.05324589,0.04305316,0.0477339
296,"Kiribati",1954,67,0.05702563,0.04630052,0.05120152
296,"Kiribati",1954,68,0.06123188,0.05015224,0.05517627
296,"Kiribati",1954,69,0.06596051,0.05470928,0.05978163
296,"Kiribati",1954,70,0.07129797,0.06000083,0.06506405
296,"Kiribati",1954,71,0.07730274,0.06592582,0.07097989
296,"Kiribati",1954,72,0.08401332,0.07236152,0.07751805
296,"Kiribati",1954,73,0.09144721,0.0791985,0.0845952
296,"Kiribati",1954,74,0.09959887,0.08638752,0.09216021
296,"Kiribati",1954,75,0.10844043,0.094025,0.10027709
296,"Kiribati",1954,76,0.11792023,0.10226501,0.108968
296,"Kiribati",1954,77,0.12801284,0.11132479,0.11839789
296,"Kiribati",1954,78,0.13872129,0.12139476,0.12867787
296,"Kiribati",1954,79,0.15012322,0.13254728,0.13986414
296,"Kiribati",1954,80,0.16237741,0.14477571,0.15202453
296,"Kiribati",1954,81,0.175668,0.15792768,0.16514998
296,"Kiribati",1954,82,0.19020162,0.1718203,0.17923983
296,"Kiribati",1954,83,0.20610032,0.18632095,0.19421944
296,"Kiribati",1954,84,0.22336766,0.20134909,0.20995391
296,"Kiribati",1954,85,0.24189911,0.21698078,0.22655863
296,"Kiribati",1954,86,0.26145179,0.23333858,0.24401176
296,"Kiribati",1954,87,0.28179193,0.25056849,0.26211267
296,"Kiribati",1954,88,0.30274396,0.26879094,0.28098927
296,"Kiribati",1954,89,0.32421619,0.28800086,0.30082796
296,"Kiribati",1954,90,0.3462641,0.30813509,0.32153211
296,"Kiribati",1954,91,0.36896361,0.32904287,0.34284609
296,"Kiribati",1954,92,0.39239025,0.35055571,0.36472877
296,"Kiribati",1954,93,0.41655174,0.3725625,0.38637313
296,"Kiribati",1954,94,0.44131382,0.39497746,0.40853244
296,"Kiribati",1954,95,0.46648272,0.4177869,0.43191781
296,"Kiribati",1954,96,0.49179586,0.44098804,0.4573643
296,"Kiribati",1954,97,0.5170106,0.46455046,0.48124023
296,"Kiribati",1954,98,0.5419854,0.48841763,0.50365899
296,"Kiribati",1954,99,0.5666265,0.51245847,0.52216062
296,"Kiribati",1954,100,0.61557752,0.56404689,0.57021506
296,"Kiribati",1955,0,0.16999769,0.14507048,0.15785612
296,"Kiribati",1955,1,0.03690384,0.03749306,0.03719169
296,"Kiribati",1955,2,0.02348972,0.02386796,0.02367446
296,"Kiribati",1955,3,0.01517234,0.0154296,0.01529796
296,"Kiribati",1955,4,0.01010019,0.01029518,0.01019539
296,"Kiribati",1955,5,0.00704406,0.00721153,0.00712585
296,"Kiribati",1955,6,0.00522303,0.00538777,0.00530417
296,"Kiribati",1955,7,0.00416438,0.00434256,0.00425337
296,"Kiribati",1955,8,0.00357006,0.0037748,0.00367321
296,"Kiribati",1955,9,0.00327557,0.00351988,0.00339945
296,"Kiribati",1955,10,0.00317632,0.00347088,0.00332664
296,"Kiribati",1955,11,0.00320871,0.00356263,0.00339037
296,"Kiribati",1955,12,0.00333302,0.00374878,0.00354774
296,"Kiribati",1955,13,0.00351901,0.00398997,0.00376367
296,"Kiribati",1955,14,0.0037547,0.0042637,0.0040201
296,"Kiribati",1955,15,0.004035,0.00455164,0.00430507
296,"Kiribati",1955,16,0.0043649,0.0048501,0.00461887
296,"Kiribati",1955,17,0.00475348,0.00515869,0.00496543
296,"Kiribati",1955,18,0.00519854,0.00547442,0.00534261
296,"Kiribati",1955,19,0.00568721,0.00579159,0.00574155
296,"Kiribati",1955,20,0.00618477,0.00609704,0.00613931
296,"Kiribati",1955,21,0.00663817,0.00637491,0.00650243
296,"Kiribati",1955,22,0.00700196,0.00661358,0.00680272
296,"Kiribati",1955,23,0.00724202,0.00680578,0.00701953
296,"Kiribati",1955,24,0.00736585,0.0069591,0.00715965
296,"Kiribati",1955,25,0.00741167,0.00708821,0.00724848
296,"Kiribati",1955,26,0.007431,0.00721392,0.00732203
296,"Kiribati",1955,27,0.00748051,0.00735768,0.00741918
296,"Kiribati",1955,28,0.00759161,0.00752912,0.00756052
296,"Kiribati",1955,29,0.00777703,0.00773179,0.00775458
296,"Kiribati",1955,30,0.00802923,0.0079559,0.00799296
296,"Kiribati",1955,31,0.00832222,0.0081859,0.00825488
296,"Kiribati",1955,32,0.0086332,0.00840851,0.00852217
296,"Kiribati",1955,33,0.00894328,0.00861264,0.00877965
296,"Kiribati",1955,34,0.00924847,0.00879983,0.00902582
296,"Kiribati",1955,35,0.00956241,0.00897823,0.00927071
296,"Kiribati",1955,36,0.00990339,0.00916041,0.00952958
296,"Kiribati",1955,37,0.01029413,0.00936018,0.009821
296,"Kiribati",1955,38,0.01074657,0.0095805,0.01015164
296,"Kiribati",1955,39,0.01125586,0.00981762,0.01051585
296,"Kiribati",1955,40,0.01180578,0.01005787,0.01089852
296,"Kiribati",1955,41,0.01236376,0.01028267,0.01127611
296,"Kiribati",1955,42,0.01290295,0.01048542,0.01163189
296,"Kiribati",1955,43,0.0134133,0.01066898,0.011963
296,"Kiribati",1955,44,0.01390348,0.01085937,0.0122897
296,"Kiribati",1955,45,0.01441517,0.01109786,0.01265505
296,"Kiribati",1955,46,0.01499614,0.01142801,0.01310353
296,"Kiribati",1955,47,0.01569503,0.01189572,0.01368304
296,"Kiribati",1955,48,0.01654843,0.01252013,0.01442214
296,"Kiribati",1955,49,0.01755483,0.01329895,0.01531659
296,"Kiribati",1955,50,0.01869428,0.01419803,0.0163357
296,"Kiribati",1955,51,0.01991171,0.01515096,0.01741478
296,"Kiribati",1955,52,0.02114777,0.01610226,0.01850227
296,"Kiribati",1955,53,0.0223743,0.01701085,0.01956258
296,"Kiribati",1955,54,0.02358622,0.01789016,0.02059162
296,"Kiribati",1955,55,0.02484262,0.01880971,0.02165666
296,"Kiribati",1955,56,0.02622481,0.01986279,0.02285132
296,"Kiribati",1955,57,0.02781797,0.02116656,0.02429275
296,"Kiribati",1955,58,0.02970441,0.02279892,0.02605519
296,"Kiribati",1955,59,0.03190692,0.02479001,0.02814306
296,"Kiribati",1955,60,0.0344209,0.02710904,0.03055375
296,"Kiribati",1955,61,0.03718923,0.0296393,0.03319939
296,"Kiribati",1955,62,0.04012821,0.03225935,0.03595853
296,"Kiribati",1955,63,0.04318595,0.03486241,0.03875408
296,"Kiribati",1955,64,0.04632792,0.03742175,0.04156136
296,"Kiribati",1955,65,0.04959274,0.04003397,0.04444941
296,"Kiribati",1955,66,0.05306108,0.04285236,0.04753698
296,"Kiribati",1955,67,0.05683473,0.04609213,0.0509975
296,"Kiribati",1955,68,0.0610339,0.04993304,0.05497572
296,"Kiribati",1955,69,0.06575389,0.05447552,0.05955845
296,"Kiribati",1955,70,0.0710807,0.05974892,0.06482594
296,"Kiribati",1955,71,0.07707255,0.06565355,0.07073935
296,"Kiribati",1955,72,0.0837679,0.07206821,0.07723239
296,"Kiribati",1955,73,0.09118439,0.07888485,0.08429176
296,"Kiribati",1955,74,0.09931692,0.08605501,0.09185653
296,"Kiribati",1955,75,0.10813829,0.09367466,0.09994542
296,"Kiribati",1955,76,0.11759783,0.10189699,0.10864866
296,"Kiribati",1955,77,0.12767092,0.110938,0.11803622
296,"Kiribati",1955,78,0.13836123,0.12098717,0.12827886
296,"Kiribati",1955,79,0.14974653,0.13211692,0.13945237
296,"Kiribati",1955,80,0.16198517,0.14432119,0.15159902
296,"Kiribati",1955,81,0.17526072,0.1574491,0.1647079
296,"Kiribati",1955,82,0.18977912,0.17131928,0.1787538
296,"Kiribati",1955,83,0.20566215,0.18579993,0.19372582
296,"Kiribati",1955,84,0.22291362,0.20081084,0.20952625
296,"Kiribati",1955,85,0.24142962,0.21642726,0.22605843
296,"Kiribati",1955,86,0.26096836,0.23277071,0.24343191
296,"Kiribati",1955,87,0.28129692,0.24998642,0.26165406
296,"Kiribati",1955,88,0.30224029,0.26819453,0.28052227
296,"Kiribati",1955,89,0.32370704,0.28739099,0.30014255
296,"Kiribati",1955,90,0.34575254,0.30751418,0.32072886
296,"Kiribati",1955,91,0.3684525,0.32841521,0.34212133
296,"Kiribati",1955,92,0.39188223,0.34992701,0.3640388
296,"Kiribati",1955,93,0.41604914,0.37193794,0.38644946
296,"Kiribati",1955,94,0.44081865,0.39436062,0.40848409
296,"Kiribati",1955,95,0.46599667,0.4171781,0.43096626
296,"Kiribati",1955,96,0.49132033,0.44038443,0.45462652
296,"Kiribati",1955,97,0.51654697,0.46394842,0.48028412
296,"Kiribati",1955,98,0.54153583,0.48781454,0.50425847
296,"Kiribati",1955,99,0.56619424,0.51185678,0.52668924
296,"Kiribati",1955,100,0.61521509,0.56351764,0.57067409
296,"Kiribati",1956,0,0.16843974,0.14351903,0.15630202
296,"Kiribati",1956,1,0.03637997,0.03699092,0.03667843
296,"Kiribati",1956,2,0.02318281,0.02356226,0.02336814
296,"Kiribati",1956,3,0.01499006,0.01524046,0.01511234
296,"Kiribati",1956,4,0.00998788,0.01017395,0.01007873
296,"Kiribati",1956,5,0.00697038,0.00712937,0.007048
296,"Kiribati",1956,6,0.00517036,0.00532779,0.00524724
296,"Kiribati",1956,7,0.00412267,0.00429476,0.00420742
296,"Kiribati",1956,8,0.00353368,0.00373331,0.00363337
296,"Kiribati",1956,9,0.00324116,0.00348097,0.00336197
296,"Kiribati",1956,10,0.00314196,0.00343221,0.00328911
296,"Kiribati",1956,11,0.00317348,0.00352272,0.00335168
296,"Kiribati",1956,12,0.00329671,0.00370679,0.00350716
296,"Kiribati",1956,13,0.00348201,0.00394564,0.0037214
296,"Kiribati",1956,14,0.00371752,0.00421704,0.00397696
296,"Kiribati",1956,15,0.00399803,0.00450282,0.00426118
296,"Kiribati",1956,16,0.00432805,0.0047992,0.00457429
296,"Kiribati",1956,17,0.00471597,0.00510557,0.00491986
296,"Kiribati",1956,18,0.00515915,0.00541886,0.00529498
296,"Kiribati",1956,19,0.00564446,0.00573331,0.00569086
296,"Kiribati",1956,20,0.00613747,0.00603593,0.00608461
296,"Kiribati",1956,21,0.006586,0.00631107,0.00644353
296,"Kiribati",1956,22,0.00694549,0.00654735,0.00674017
296,"Kiribati",1956,23,0.00718274,0.00673766,0.00695436
296,"Kiribati",1956,24,0.00730539,0.00688956,0.00709327
296,"Kiribati",1956,25,0.00735121,0.00701756,0.00718204
296,"Kiribati",1956,26,0.00737101,0.00714219,0.00725555
296,"Kiribati",1956,27,0.00742057,0.00728464,0.00735233
296,"Kiribati",1956,28,0.00753088,0.00745443,0.00749271
296,"Kiribati",1956,29,0.00771451,0.00765508,0.00768494
296,"Kiribati",1956,30,0.00796411,0.00787696,0.00792087
296,"Kiribati",1956,31,0.00825418,0.00810476,0.00818026
296,"Kiribati",1956,32,0.00856232,0.0083254,0.00844528
296,"Kiribati",1956,33,0.00886997,0.00852797,0.00870094
296,"Kiribati",1956,34,0.00917315,0.00871394,0.00894584
296,"Kiribati",1956,35,0.00948521,0.00889135,0.00919042
296,"Kiribati",1956,36,0.00982402,0.00907259,0.00944868
296,"Kiribati",1956,37,0.01021186,0.00927128,0.00973842
296,"Kiribati",1956,38,0.01066047,0.00949038,0.01006741
296,"Kiribati",1956,39,0.01116518,0.00972628,0.01043059
296,"Kiribati",1956,40,0.01171019,0.00996559,0.01081185
296,"Kiribati",1956,41,0.01226371,0.01019008,0.0111864
296,"Kiribati",1956,42,0.0127996,0.0103933,0.01154064
296,"Kiribati",1956,43,0.0133081,0.01057805,0.01187097
296,"Kiribati",1956,44,0.01379775,0.01076993,0.01219545
296,"Kiribati",1956,45,0.01430943,0.01100956,0.01255746
296,"Kiribati",1956,46,0.01489003,0.01133987,0.01300333
296,"Kiribati",1956,47,0.01558728,0.01180614,0.01357822
296,"Kiribati",1956,48,0.0164372,0.0124273,0.01430978
296,"Kiribati",1956,49,0.01743838,0.01320119,0.01519747
296,"Kiribati",1956,50,0.01857133,0.01409422,0.01621187
296,"Kiribati",1956,51,0.01978211,0.01504102,0.01728963
296,"Kiribati",1956,52,0.02101255,0.01598696,0.01837059
296,"Kiribati",1956,53,0.02223515,0.01689158,0.01942646
296,"Kiribati",1956,54,0.02344502,0.01776811,0.02046116
296,"Kiribati",1956,55,0.02470044,0.01868511,0.02152922
296,"Kiribati",1956,56,0.02608154,0.01973468,0.02272001
296,"Kiribati",1956,57,0.02767236,0.02103255,0.02414082
296,"Kiribati",1956,58,0.02955415,0.02265581,0.02588642
296,"Kiribati",1956,59,0.03174952,0.02463449,0.02797715
296,"Kiribati",1956,60,0.03425405,0.02693853,0.03037201
296,"Kiribati",1956,61,0.03701154,0.02945317,0.03300003
296,"Kiribati",1956,62,0.03993953,0.03205898,0.03575984
296,"Kiribati",1956,63,0.04298703,0.03465089,0.03855293
296,"Kiribati",1956,64,0.04612024,0.0372027,0.04135298
296,"Kiribati",1956,65,0.04937767,0.03980982,0.04423503
296,"Kiribati",1956,66,0.05283951,0.04262368,0.04731756
296,"Kiribati",1956,67,0.05660679,0.04585705,0.05076201
296,"Kiribati",1956,68,0.06079884,0.0496879,0.05473138
296,"Kiribati",1956,69,0.06551024,0.05421598,0.05931521
296,"Kiribati",1956,70,0.07082631,0.05947083,0.06455674
296,"Kiribati",1956,71,0.07680484,0.06535444,0.07045239
296,"Kiribati",1956,72,0.08348395,0.07174752,0.07694118
296,"Kiribati",1956,73,0.09088138,0.07854375,0.08395302
296,"Kiribati",1956,74,0.0989925,0.08569583,0.09149926
296,"Kiribati",1956,75,0.10779115,0.09329944,0.09958959
296,"Kiribati",1956,76,0.1172282,0.101507,0.10826487
296,"Kiribati",1956,77,0.12728034,0.11053324,0.11766836
296,"Kiribati",1956,78,0.13795232,0.12056666,0.12786942
296,"Kiribati",1956,79,0.1493221,0.13167956,0.13900871
296,"Kiribati",1956,80,0.16154731,0.14386627,0.15114723
296,"Kiribati",1956,81,0.1748105,0.15697705,0.16424794
296,"Kiribati",1956,82,0.1893163,0.17083176,0.17828375
296,"Kiribati",1956,83,0.20518586,0.18529957,0.1932169
296,"Kiribati",1956,84,0.22242333,0.20030105,0.20901758
296,"Kiribati",1956,85,0.24092577,0.21591174,0.22563455
296,"Kiribati",1956,86,0.26045316,0.23225338,0.2429387
296,"Kiribati",1956,87,0.28077404,0.2494712,0.26108714
296,"Kiribati",1956,88,0.30171418,0.26768517,0.28010488
296,"Kiribati",1956,89,0.32318217,0.28689073,0.29973474
296,"Kiribati",1956,90,0.3452324,0.3070255,0.32011336
296,"Kiribati",1956,91,0.36793951,0.32793969,0.34140453
296,"Kiribati",1956,92,0.39137791,0.34946561,0.36342069
296,"Kiribati",1956,93,0.41555464,0.37149239,0.38588175
296,"Kiribati",1956,94,0.44033573,0.39393422,0.40872515
296,"Kiribati",1956,95,0.46552795,0.4167771,0.43109399
296,"Kiribati",1956,96,0.49086953,0.44001786,0.45385095
296,"Kiribati",1956,97,0.51611856,0.46362562,0.47773609
296,"Kiribati",1956,98,0.54113397,0.48754332,0.50354944
296,"Kiribati",1956,99,0.56582228,0.51163909,0.52757048
296,"Kiribati",1956,100,0.61491671,0.56339264,0.57325922
296,"Kiribati",1957,0,0.16649034,0.14158856,0.15436216
296,"Kiribati",1957,1,0.03569965,0.03636729,0.03602579
296,"Kiribati",1957,2,0.02278598,0.02318297,0.02297986
296,"Kiribati",1957,3,0.01475553,0.01500607,0.01487787
296,"Kiribati",1957,4,0.00984407,0.01002387,0.00993186
296,"Kiribati",1957,5,0.00687637,0.00702776,0.00695028
296,"Kiribati",1957,6,0.00510323,0.00525366,0.00517666
296,"Kiribati",1957,7,0.00406941,0.00423571,0.00415061
296,"Kiribati",1957,8,0.00348704,0.00368205,0.00358307
296,"Kiribati",1957,9,0.00319681,0.00343289,0.00331469
296,"Kiribati",1957,10,0.00309749,0.00338441,0.00324201
296,"Kiribati",1957,11,0.00312781,0.00347337,0.00330298
296,"Kiribati",1957,12,0.00324966,0.00365487,0.00345638
296,"Kiribati",1957,13,0.00343425,0.00389083,0.00366852
296,"Kiribati",1957,14,0.00366987,0.00415936,0.00392256
296,"Kiribati",1957,15,0.00395112,0.0044425,0.00420627
296,"Kiribati",1957,16,0.00428183,0.00473632,0.0045187
296,"Kiribati",1957,17,0.00466939,0.00503998,0.00486304
296,"Kiribati",1957,18,0.00511055,0.00535028,0.00523599
296,"Kiribati",1957,19,0.00559174,0.00566138,0.00562816
296,"Kiribati",1957,20,0.00607895,0.00596048,0.00601709
296,"Kiribati",1957,21,0.00652115,0.00623225,0.00637073
296,"Kiribati",1957,22,0.00687504,0.00646556,0.00666282
296,"Kiribati",1957,23,0.00710868,0.00665355,0.00687392
296,"Kiribati",1957,24,0.00722994,0.00680369,0.00701118
296,"Kiribati",1957,25,0.00727601,0.00693032,0.00709964
296,"Kiribati",1957,26,0.00729667,0.00705363,0.00717342
296,"Kiribati",1957,27,0.00734656,0.00719448,0.00726981
296,"Kiribati",1957,28,0.00745605,0.00736223,0.00740895
296,"Kiribati",1957,29,0.00763752,0.00756039,0.00759901
296,"Kiribati",1957,30,0.00788387,0.00777952,0.00783194
296,"Kiribati",1957,31,0.00817024,0.0080046,0.00808805
296,"Kiribati",1957,32,0.00847478,0.00822282,0.00835012
296,"Kiribati",1957,33,0.00877936,0.00842344,0.0086035
296,"Kiribati",1957,34,0.00908005,0.00860792,0.00884666
296,"Kiribati",1957,35,0.00938976,0.00878413,0.00908989
296,"Kiribati",1957,36,0.00972587,0.00896422,0.00934765
296,"Kiribati",1957,37,0.01011002,0.00916158,0.00963607
296,"Kiribati",1957,38,0.01055371,0.0093792,0.00996221
296,"Kiribati",1957,39,0.01105248,0.00961361,0.01032271
296,"Kiribati",1957,40,0.01159109,0.00985177,0.01070244
296,"Kiribati",1957,41,0.01213885,0.01007592,0.01107561
296,"Kiribati",1957,42,0.01267049,0.01027974,0.01142708
296,"Kiribati",1957,43,0.01317666,0.01046598,0.01175672
296,"Kiribati",1957,44,0.0136658,0.01065973,0.01208122
296,"Kiribati",1957,45,0.01417771,0.0109008,0.01244102
296,"Kiribati",1957,46,0.01475809,0.01123135,0.01288267
296,"Kiribati",1957,47,0.01545351,0.01169588,0.01345313
296,"Kiribati",1957,48,0.01629915,0.01231307,0.01417735
296,"Kiribati",1957,49,0.01729377,0.01308091,0.01505437
296,"Kiribati",1957,50,0.01841845,0.01396653,0.01605916
296,"Kiribati",1957,51,0.01962067,0.0149058,0.01713051
296,"Kiribati",1957,52,0.02084386,0.01584518,0.01820989
296,"Kiribati",1957,53,0.02206134,0.01674495,0.01925966
296,"Kiribati",1957,54,0.0232686,0.01761812,0.02029084
296,"Kiribati",1957,55,0.02452283,0.01853207,0.0213653
296,"Kiribati",1957,56,0.02590272,0.0195774,0.02255836
296,"Kiribati",1957,57,0.02749084,0.02086809,0.02397249
296,"Kiribati",1957,58,0.02936707,0.02248023,0.02569256
296,"Kiribati",1957,59,0.03155378,0.02444371,0.02776109
296,"Kiribati",1957,60,0.03404676,0.02672938,0.03015396
296,"Kiribati",1957,61,0.0367909,0.02922487,0.03276192
296,"Kiribati",1957,62,0.03970531,0.03181326,0.03550153
296,"Kiribati",1957,63,0.04274014,0.03439159,0.03829537
296,"Kiribati",1957,64,0.0458625,0.03693434,0.04109433
296,"Kiribati",1957,65,0.04911083,0.03953543,0.04396989
296,"Kiribati",1957,66,0.05256472,0.04234402,0.04704606
296,"Kiribati",1957,67,0.05632432,0.04556986,0.05048325
296,"Kiribati",1957,68,0.06050786,0.04938872,0.05443211
296,"Kiribati",1957,69,0.06520906,0.0538995,0.05900175
296,"Kiribati",1957,70,0.07051233,0.05913197,0.06423816
296,"Kiribati",1957,71,0.07647488,0.06499018,0.07010157
296,"Kiribati",1957,72,0.08313436,0.07135719,0.07656689
296,"Kiribati",1957,73,0.09050861,0.07812886,0.08357045
296,"Kiribati",1957,74,0.09859358,0.08525931,0.0910635
296,"Kiribati",1957,75,0.10736443,0.0928439,0.09913193
296,"Kiribati",1957,76,0.11677402,0.10103418,0.10780778
296,"Kiribati",1957,77,0.12680079,0.11004334,0.11718008
296,"Kiribati",1957,78,0.1374509,0.1200587,0.12739614
296,"Kiribati",1957,79,0.14880258,0.13115241,0.13849098
296,"Kiribati",1957,80,0.16101249,0.14331917,0.15059344
296,"Kiribati",1957,81,0.17426183,0.15641058,0.16368474
296,"Kiribati",1957,82,0.18875346,0.17024793,0.17771159
296,"Kiribati",1957,83,0.20460773,0.18470157,0.19263478
296,"Kiribati",1957,84,0.22182914,0.19969308,0.20839479
296,"Kiribati",1957,85,0.24031602,0.21529862,0.22501527
296,"Kiribati",1957,86,0.25983073,0.23164037,0.24241968
296,"Kiribati",1957,87,0.28014373,0.24886374,0.26049699
296,"Kiribati",1957,88,0.30108176,0.26708853,0.27944274
296,"Kiribati",1957,89,0.32255339,0.28630926,0.29924018
296,"Kiribati",1957,90,0.34461155,0.3064622,0.3196358
296,"Kiribati",1957,91,0.36732931,0.32739597,0.34071931
296,"Kiribati",1957,92,0.39077982,0.34894174,0.36263699
296,"Kiribati",1957,93,0.41496965,0.37098979,0.38520583
296,"Kiribati",1957,94,0.43976583,0.39345684,0.40810939
296,"Kiribati",1957,95,0.46497657,0.4163336,0.43132366
296,"Kiribati",1957,96,0.4903419,0.43962139,0.45397741
296,"Kiribati",1957,97,0.51562099,0.46328994,0.47697127
296,"Kiribati",1957,98,0.5406721,0.48727985,0.50105221
296,"Kiribati",1957,99,0.56540013,0.51145011,0.52692308
296,"Kiribati",1957,100,0.61458327,0.56331927,0.57508359
296,"Kiribati",1958,0,0.1641154,0.13926638,0.15201265
296,"Kiribati",1958,1,0.03487749,0.03561999,0.03524019
296,"Kiribati",1958,2,0.02230554,0.02272808,0.02251189
296,"Kiribati",1958,3,0.01447111,0.01472472,0.01459495
296,"Kiribati",1958,4,0.00966942,0.00984361,0.00975447
296,"Kiribati",1958,5,0.00676209,0.00690564,0.00683218
296,"Kiribati",1958,6,0.00502157,0.00516453,0.00509136
296,"Kiribati",1958,7,0.00400462,0.0041647,0.00408275
296,"Kiribati",1958,8,0.00343032,0.00362041,0.00352313
296,"Kiribati",1958,9,0.00314292,0.00337508,0.00325723
296,"Kiribati",1958,10,0.00304348,0.00332694,0.003185
296,"Kiribati",1958,11,0.00307235,0.00341405,0.00324444
296,"Kiribati",1958,12,0.00319252,0.00359246,0.00339521
296,"Kiribati",1958,13,0.00337621,0.00382493,0.00360507
296,"Kiribati",1958,14,0.0036119,0.00408998,0.00385715
296,"Kiribati",1958,15,0.00389398,0.00436992,0.00413961
296,"Kiribati",1958,16,0.00422546,0.00466064,0.00445138
296,"Kiribati",1958,17,0.00461254,0.00496103,0.00479413
296,"Kiribati",1958,18,0.0050512,0.0052677,0.00516431
296,"Kiribati",1958,19,0.00552735,0.00557476,0.00555216
296,"Kiribati",1958,20,0.0060075,0.00586964,0.0059354
296,"Kiribati",1958,21,0.00644198,0.00613734,0.00628288
296,"Kiribati",1958,22,0.00678908,0.00636708,0.00656933
296,"Kiribati",1958,23,0.00701834,0.00655226,0.00677672
296,"Kiribati",1958,24,0.0071379,0.00670029,0.00691213
296,"Kiribati",1958,25,0.00718425,0.00682526,0.00699997
296,"Kiribati",1958,26,0.00720596,0.00694698,0.00707381
296,"Kiribati",1958,27,0.00725623,0.00708589,0.00716984
296,"Kiribati",1958,28,0.00736471,0.00725119,0.00730742
296,"Kiribati",1958,29,0.00754356,0.00744634,0.00749475
296,"Kiribati",1958,30,0.00778594,0.00766215,0.00772413
296,"Kiribati",1958,31,0.00806781,0.00788397,0.00797632
296,"Kiribati",1958,32,0.00836797,0.00809927,0.00823462
296,"Kiribati",1958,33,0.00866881,0.00829755,0.00848509
296,"Kiribati",1958,34,0.00896645,0.00848021,0.00872615
296,"Kiribati",1958,35,0.00927328,0.00865494,0.00896753
296,"Kiribati",1958,36,0.00960607,0.00883363,0.00922347
296,"Kiribati",1958,37,0.00998572,0.00902938,0.00951063
296,"Kiribati",1958,38,0.01042341,0.0092452,0.00983433
296,"Kiribati",1958,39,0.01091494,0.00947779,0.01019071
296,"Kiribati",1958,40,0.01144577,0.00971455,0.01056705
296,"Kiribati",1958,41,0.01198648,0.00993824,0.01093902
296,"Kiribati",1958,42,0.01251292,0.01014274,0.01129001
296,"Kiribati",1958,43,0.01301623,0.01033074,0.01161784
296,"Kiribati",1958,44,0.01350469,0.01052669,0.01194261
296,"Kiribati",1958,45,0.01401681,0.01076946,0.01230251
296,"Kiribati",1958,46,0.01459685,0.01110024,0.01274077
296,"Kiribati",1958,47,0.01528998,0.01156263,0.01330452
296,"Kiribati",1958,48,0.01613038,0.01217501,0.01402094
296,"Kiribati",1958,49,0.01711695,0.01293553,0.01488691
296,"Kiribati",1958,50,0.01823149,0.01381216,0.01587759
296,"Kiribati",1958,51,0.01942324,0.01474233,0.01693727
296,"Kiribati",1958,52,0.02063751,0.01567375,0.01800991
296,"Kiribati",1958,53,0.0218487,0.01656762,0.01905917
296,"Kiribati",1958,54,0.02305267,0.01743668,0.02008545
296,"Kiribati",1958,55,0.02430537,0.01834688,0.02115668
296,"Kiribati",1958,56,0.0256837,0.01938704,0.02235531
296,"Kiribati",1958,57,0.02726844,0.020669,0.02376852
296,"Kiribati",1958,58,0.02913781,0.02226767,0.0254765
296,"Kiribati",1958,59,0.03131386,0.02421274,0.02751267
296,"Kiribati",1958,60,0.03379264,0.02647617,0.02987673
296,"Kiribati",1958,61,0.03652039,0.02894849,0.03247817
296,"Kiribati",1958,62,0.03941813,0.03151575,0.03519484
296,"Kiribati",1958,63,0.04243737,0.03407758,0.03796756
296,"Kiribati",1958,64,0.04554637,0.03660926,0.04076904
296,"Kiribati",1958,65,0.04878347,0.03920293,0.04364486
296,"Kiribati",1958,66,0.05222753,0.042005,0.04671402
296,"Kiribati",1958,67,0.05597762,0.0452216,0.05014193
296,"Kiribati",1958,68,0.06015065,0.04902582,0.05407827
296,"Kiribati",1958,69,0.06483923,0.05351554,0.05862025
296,"Kiribati",1958,70,0.07012673,0.05872079,0.06383448
296,"Kiribati",1958,71,0.07606958,0.06454812,0.06968502
296,"Kiribati",1958,72,0.08270491,0.07088342,0.07611073
296,"Kiribati",1958,73,0.09005063,0.07762518,0.08308463
296,"Kiribati",1958,74,0.09810344,0.08472926,0.09056563
296,"Kiribati",1958,75,0.10684007,0.09229065,0.09857404
296,"Kiribati",1958,76,0.11621588,0.10045979,0.10722444
296,"Kiribati",1958,77,0.1262114,0.10944806,0.11659546
296,"Kiribati",1958,78,0.13683454,0.11944131,0.12677629
296,"Kiribati",1958,79,0.14816385,0.13051154,0.1378833
296,"Kiribati",1958,80,0.16035484,0.1426539,0.14993755
296,"Kiribati",1958,81,0.17358701,0.15572162,0.16298965
296,"Kiribati",1958,82,0.18806109,0.1695377,0.17700437
296,"Kiribati",1958,83,0.20389642,0.18397395,0.19191699
296,"Kiribati",1958,84,0.22109794,0.19895318,0.20766708
296,"Kiribati",1958,85,0.23956557,0.21455227,0.22424454
296,"Kiribati",1958,86,0.25906456,0.230894,0.24165743
296,"Kiribati",1958,87,0.27936773,0.24812395,0.25985121
296,"Kiribati",1958,88,0.30030303,0.26636175,0.2787252
296,"Kiribati",1958,89,0.32177902,0.28560081,0.29845334
296,"Kiribati",1958,90,0.34384681,0.30577574,0.31903052
296,"Kiribati",1958,91,0.36657757,0.32673324,0.34013634
296,"Kiribati",1958,92,0.39004291,0.34830309,0.36184427
296,"Kiribati",1958,93,0.41424877,0.37037698,0.38431622
296,"Kiribati",1958,94,0.43906345,0.39287468,0.40733904
296,"Kiribati",1958,95,0.46429695,0.41579266,0.43062926
296,"Kiribati",1958,96,0.48969146,0.43913774,0.45416507
296,"Kiribati",1958,97,0.51500753,0.46288036,0.47707062
296,"Kiribati",1958,98,0.54010258,0.48695831,0.5002876
296,"Kiribati",1958,99,0.56487953,0.51121944,0.52448314
296,"Kiribati",1958,100,0.61417206,0.56322966,0.57576555
296,"Kiribati",1959,0,0.16130767,0.13654916,0.14925029
296,"Kiribati",1959,1,0.03391501,0.03474961,0.0343227
296,"Kiribati",1959,2,0.02174188,0.02219771,0.02196447
296,"Kiribati",1959,3,0.01413674,0.01439637,0.01426351
296,"Kiribati",1959,4,0.00946375,0.00963305,0.00954641
296,"Kiribati",1959,5,0.00662734,0.0067629,0.00669352
296,"Kiribati",1959,6,0.00492523,0.0050603,0.00499117
296,"Kiribati",1959,7,0.00392816,0.00408164,0.00400308
296,"Kiribati",1959,8,0.00336341,0.00354831,0.00345365
296,"Kiribati",1959,9,0.00307938,0.00330746,0.00319073
296,"Kiribati",1959,10,0.00297985,0.00325973,0.00311765
296,"Kiribati",1959,11,0.00300703,0.00334469,0.00317559
296,"Kiribati",1959,12,0.00312522,0.00351948,0.00332374
296,"Kiribati",1959,13,0.00330779,0.00374786,0.00353078
296,"Kiribati",1959,14,0.00354349,0.00400883,0.00378078
296,"Kiribati",1959,15,0.00382644,0.00428499,0.00406161
296,"Kiribati",1959,16,0.00415874,0.00457205,0.00437201
296,"Kiribati",1959,17,0.00454517,0.00486857,0.00471303
296,"Kiribati",1959,18,0.00498082,0.00517097,0.00507989
296,"Kiribati",1959,19,0.005451,0.00547329,0.00546264
296,"Kiribati",1959,20,0.00592278,0.0057632,0.00583928
296,"Kiribati",1959,21,0.00634817,0.00602613,0.00617974
296,"Kiribati",1959,22,0.00668725,0.00625169,0.00645974
296,"Kiribati",1959,23,0.00691134,0.00643358,0.0066625
296,"Kiribati",1959,24,0.00702889,0.00657914,0.00679569
296,"Kiribati",1959,25,0.00707557,0.00670216,0.00688288
296,"Kiribati",1959,26,0.00709849,0.00682201,0.00695654
296,"Kiribati",1959,27,0.0071492,0.00695864,0.00705195
296,"Kiribati",1959,28,0.00725649,0.00712106,0.0071878
296,"Kiribati",1959,29,0.00743223,0.0073127,0.0073719
296,"Kiribati",1959,30,0.00766994,0.00752463,0.00759698
296,"Kiribati",1959,31,0.00794648,0.00774261,0.00784467
296,"Kiribati",1959,32,0.00824145,0.00795447,0.00809862
296,"Kiribati",1959,33,0.00853786,0.00814999,0.00834534
296,"Kiribati",1959,34,0.00883188,0.00833052,0.00858373
296,"Kiribati",1959,35,0.00913529,0.0085035,0.00882297
296,"Kiribati",1959,36,0.00946413,0.00868052,0.00907652
296,"Kiribati",1959,37,0.00983846,0.00887436,0.00936072
296,"Kiribati",1959,38,0.01026904,0.00908803,0.00968201
296,"Kiribati",1959,39,0.01075201,0.00931846,0.01003479
296,"Kiribati",1959,40,0.01127364,0.00955354,0.01040614
296,"Kiribati",1959,41,0.01180601,0.00977665,0.010775
296,"Kiribati",1959,42,0.01232625,0.00998189,0.01112607
296,"Kiribati",1959,43,0.01282613,0.01017188,0.01145499
296,"Kiribati",1959,44,0.01331369,0.01037034,0.01177896
296,"Kiribati",1959,45,0.01382596,0.01061502,0.01213921
296,"Kiribati",1959,46,0.01440552,0.01094602,0.01257634
296,"Kiribati",1959,47,0.01509586,0.01140585,0.01313382
296,"Kiribati",1959,48,0.01592997,0.01201252,0.01383952
296,"Kiribati",1959,49,0.01690696,0.01276441,0.01469352
296,"Kiribati",1959,50,0.01800944,0.01363046,0.01566938
296,"Kiribati",1959,51,0.01918873,0.0145499,0.01671268
296,"Kiribati",1959,52,0.02039237,0.01547191,0.0177733
296,"Kiribati",1959,53,0.021596,0.01635879,0.01881699
296,"Kiribati",1959,54,0.02279598,0.01722293,0.01984469
296,"Kiribati",1959,55,0.02404673,0.01812864,0.0209114
296,"Kiribati",1959,56,0.02542309,0.01916264,0.02210531
296,"Kiribati",1959,57,0.0270037,0.02043427,0.0235206
296,"Kiribati",1959,58,0.02886481,0.02201702,0.02522173
296,"Kiribati",1959,59,0.03102811,0.02394039,0.02723855
296,"Kiribati",1959,60,0.03348993,0.0261776,0.02956259
296,"Kiribati",1959,61,0.03619811,0.02862258,0.03212953
296,"Kiribati",1959,62,0.03907594,0.03116489,0.03483745
296,"Kiribati",1959,63,0.04207656,0.03370718,0.03758677
296,"Kiribati",1959,64,0.04516956,0.03622565,0.0403682
296,"Kiribati",1959,65,0.04839318,0.03881039,0.04324865
296,"Kiribati",1959,66,0.0518254,0.0416046,0.04631825
296,"Kiribati",1959,67,0.05556404,0.04481012,0.04973594
296,"Kiribati",1959,68,0.0597244,0.04859691,0.05365699
296,"Kiribati",1959,69,0.06439782,0.05306162,0.05817854
296,"Kiribati",1959,70,0.06966638,0.05823459,0.06335588
296,"Kiribati",1959,71,0.07558563,0.06402532,0.06917543
296,"Kiribati",1959,72,0.08219204,0.07032302,0.07558065
296,"Kiribati",1959,73,0.08950363,0.07702929,0.08250798
296,"Kiribati",1959,74,0.09751796,0.08410202,0.08995405
296,"Kiribati",1959,75,0.10621367,0.09163575,0.09794743
296,"Kiribati",1959,76,0.11554903,0.09977966,0.10653139
296,"Kiribati",1959,77,0.12550712,0.10874298,0.11587376
296,"Kiribati",1959,78,0.1360979,0.11870984,0.12605107
296,"Kiribati",1959,79,0.14740032,0.12975203,0.13711917
296,"Kiribati",1959,80,0.15956849,0.14186526,0.14918214
296,"Kiribati",1959,81,0.17277996,0.15490467,0.16218301
296,"Kiribati",1959,82,0.18723287,0.16869532,0.17615534
296,"Kiribati",1959,83,0.20304535,0.18311072,0.19105406
296,"Kiribati",1959,84,0.22022291,0.19807515,0.20679385
296,"Kiribati",1959,85,0.23866732,0.21366637,0.22336373
296,"Kiribati",1959,86,0.25814732,0.23000783,0.24073402
296,"Kiribati",1959,87,0.27843854,0.24724536,0.25894475
296,"Kiribati",1959,88,0.29937039,0.26549838,0.2779525
296,"Kiribati",1959,89,0.3208514,0.28475897,0.29761131
296,"Kiribati",1959,90,0.34293055,0.30495982,0.31812343
296,"Kiribati",1959,91,0.36567672,0.32594535,0.33942286
296,"Kiribati",1959,92,0.38915966,0.34754366,0.36115845
296,"Kiribati",1959,93,0.41338459,0.36964814,0.38341987
296,"Kiribati",1959,94,0.43822133,0.39218216,0.40635151
296,"Kiribati",1959,95,0.46348198,0.41514904,0.4297806
296,"Kiribati",1959,96,0.48891138,0.43856215,0.45341797
296,"Kiribati",1959,97,0.51427169,0.46239282,0.47723798
296,"Kiribati",1959,98,0.53941935,0.48657547,0.50038745
296,"Kiribati",1959,99,0.56425488,0.51094473,0.5237554
296,"Kiribati",1959,100,0.61367864,0.56312288,0.57507774
296,"Kiribati",1960,0,0.15809747,0.13346745,0.14610488
296,"Kiribati",1960,1,0.03282725,0.03376782,0.03328668
296,"Kiribati",1960,2,0.0211032,0.02159873,0.02134518
296,"Kiribati",1960,3,0.01375696,0.01402512,0.01388789
296,"Kiribati",1960,4,0.00922967,0.00939473,0.00931026
296,"Kiribati",1960,5,0.00647374,0.00660121,0.00653598
296,"Kiribati",1960,6,0.00481532,0.00494218,0.00487725
296,"Kiribati",1960,7,0.00384093,0.00398749,0.00391248
296,"Kiribati",1960,8,0.00328712,0.00346658,0.00337471
296,"Kiribati",1960,9,0.00300699,0.00323082,0.00311622
296,"Kiribati",1960,10,0.00290741,0.00318357,0.00304221
296,"Kiribati",1960,11,0.0029327,0.00326609,0.00309681
296,"Kiribati",1960,12,0.0030486,0.00343678,0.00324234
296,"Kiribati",1960,13,0.00322984,0.00366051,0.00344665
296,"Kiribati",1960,14,0.00346542,0.00391683,0.00369411
296,"Kiribati",1960,15,0.00374924,0.00418866,0.00397326
296,"Kiribati",1960,16,0.00408234,0.00447152,0.00428189
296,"Kiribati",1960,17,0.00446794,0.0047636,0.00462047
296,"Kiribati",1960,18,0.00490008,0.00506113,0.00498366
296,"Kiribati",1960,19,0.00536338,0.00535803,0.0053606
296,"Kiribati",1960,20,0.0058256,0.0056423,0.00572983
296,"Kiribati",1960,21,0.00624061,0.00589982,0.00606227
296,"Kiribati",1960,22,0.00657055,0.00612062,0.00633519
296,"Kiribati",1960,23,0.00678875,0.00629878,0.00653277
296,"Kiribati",1960,24,0.00690401,0.00644151,0.00666307
296,"Kiribati",1960,25,0.00695103,0.00656232,0.00674944
296,"Kiribati",1960,26,0.00697532,0.00668004,0.00682292
296,"Kiribati",1960,27,0.00702652,0.00681407,0.00691743
296,"Kiribati",1960,28,0.00713243,0.00697323,0.00705117
296,"Kiribati",1960,29,0.00730461,0.00716087,0.0072317
296,"Kiribati",1960,30,0.00753698,0.00736838,0.00745188
296,"Kiribati",1960,31,0.00780744,0.00758201,0.00769424
296,"Kiribati",1960,32,0.00809648,0.00778996,0.00794339
296,"Kiribati",1960,33,0.00838781,0.00798232,0.00818596
296,"Kiribati",1960,34,0.00867766,0.00816039,0.00842085
296,"Kiribati",1960,35,0.00897714,0.00833136,0.00865741
296,"Kiribati",1960,36,0.00930143,0.00850645,0.00890829
296,"Kiribati",1960,37,0.00966964,0.00869809,0.00918885
296,"Kiribati",1960,38,0.01009209,0.00890928,0.00950566
296,"Kiribati",1960,39,0.01056528,0.00913722,0.00985499
296,"Kiribati",1960,40,0.01107638,0.00937035,0.01022217
296,"Kiribati",1960,41,0.01159919,0.00959272,0.01058633
296,"Kiribati",1960,42,0.01211232,0.00979873,0.01093566
296,"Kiribati",1960,43,0.01260817,0.00999089,0.01126665
296,"Kiribati",1960,44,0.0130946,0.01019211,0.01159321
296,"Kiribati",1960,45,0.01360692,0.01043887,0.01195261
296,"Kiribati",1960,46,0.0141858,0.01077003,0.01238863
296,"Kiribati",1960,47,0.01487283,0.01122686,0.01294183
296,"Kiribati",1960,48,0.01569965,0.01182699,0.01363685
296,"Kiribati",1960,49,0.01666559,0.01256899,0.01447546
296,"Kiribati",1960,50,0.01775419,0.01342294,0.01543537
296,"Kiribati",1960,51,0.01891911,0.01433009,0.01646169
296,"Kiribati",1960,52,0.02011048,0.01524132,0.01750574
296,"Kiribati",1960,53,0.02130532,0.01612013,0.01853882
296,"Kiribati",1960,54,0.02250056,0.01697858,0.01956305
296,"Kiribati",1960,55,0.02374892,0.01787906,0.02063209
296,"Kiribati",1960,56,0.02512284,0.01890592,0.0218198
296,"Kiribati",1960,57,0.02669854,0.02016566,0.02322599
296,"Kiribati",1960,58,0.02855002,0.02173017,0.02492278
296,"Kiribati",1960,59,0.03069853,0.02362869,0.02692508
296,"Kiribati",1960,60,0.03314073,0.02583591,0.02922203
296,"Kiribati",1960,61,0.03582628,0.02824961,0.03174296
296,"Kiribati",1960,62,0.03868107,0.0307633,0.03441345
296,"Kiribati",1960,63,0.04166011,0.03328309,0.03715502
296,"Kiribati",1960,64,0.04473454,0.03578626,0.03991495
296,"Kiribati",1960,65,0.04794245,0.03836055,0.04277655
296,"Kiribati",1960,66,0.05136087,0.0411455,0.04585163
296,"Kiribati",1960,67,0.0550861,0.0443381,0.04926692
296,"Kiribati",1960,68,0.05923167,0.04810469,0.05317121
296,"Kiribati",1960,69,0.0638874,0.05254056,0.05766882
296,"Kiribati",1960,70,0.06913392,0.05767637,0.06281578
296,"Kiribati",1960,71,0.07502576,0.06342495,0.06858896
296,"Kiribati",1960,72,0.0815986,0.06967934,0.07495485
296,"Kiribati",1960,73,0.08887062,0.07634466,0.08185566
296,"Kiribati",1960,74,0.09684034,0.08338115,0.0892495
296,"Kiribati",1960,75,0.1054886,0.09088284,0.09720367
296,"Kiribati",1960,76,0.11477705,0.09899748,0.10577077
296,"Kiribati",1960,77,0.12469166,0.10793181,0.11504101
296,"Kiribati",1960,78,0.13524479,0.11786802,0.12518695
296,"Kiribati",1960,79,0.14651584,0.12887765,0.13624916
296,"Kiribati",1960,80,0.15865735,0.14095707,0.1482698
296,"Kiribati",1960,81,0.17184455,0.15396358,0.16127671
296,"Kiribati",1960,82,0.18627267,0.16772465,0.17519535
296,"Kiribati",1960,83,0.20205842,0.18211572,0.19004897
296,"Kiribati",1960,84,0.21920796,0.1970628,0.20577543
296,"Kiribati",1960,85,0.2376252,0.21264462,0.22233817
296,"Kiribati",1960,86,0.25708292,0.22898545,0.23970686
296,"Kiribati",1960,87,0.27736002,0.24623139,0.25787907
296,"Kiribati",1960,88,0.29828761,0.26450165,0.27691515
296,"Kiribati",1960,89,0.3197742,0.28378679,0.29672439
296,"Kiribati",1960,90,0.34186627,0.3040173,0.31717115
296,"Kiribati",1960,91,0.36463011,0.32503494,0.33840938
296,"Kiribati",1960,92,0.38813328,0.34666592,0.36034905
296,"Kiribati",1960,93,0.41238019,0.36880556,0.38264509
296,"Kiribati",1960,94,0.43724238,0.39138139,0.40536932
296,"Kiribati",1960,95,0.46253443,0.41440465,0.42872206
296,"Kiribati",1960,96,0.48800422,0.43789628,0.45252817
296,"Kiribati",1960,97,0.51341584,0.46182863,0.47648214
296,"Kiribati",1960,98,0.53862454,0.48613232,0.50056837
296,"Kiribati",1960,99,0.56352811,0.51062666,0.52388627
296,"Kiribati",1960,100,0.61310452,0.56299915,0.57442559
296,"Kiribati",1961,0,0.15451966,0.13005958,0.14261
296,"Kiribati",1961,1,0.03163103,0.03268884,0.03214764
296,"Kiribati",1961,2,0.02039874,0.02093955,0.0206628
296,"Kiribati",1961,3,0.01333691,0.01361601,0.01347317
296,"Kiribati",1961,4,0.00897017,0.00913183,0.00904909
296,"Kiribati",1961,5,0.00630317,0.00642268,0.00636151
296,"Kiribati",1961,6,0.00469315,0.00481167,0.00475101
296,"Kiribati",1961,7,0.00374397,0.00388343,0.00381205
296,"Kiribati",1961,8,0.00320234,0.00337624,0.00328723
296,"Kiribati",1961,9,0.00292662,0.00314613,0.00303375
296,"Kiribati",1961,10,0.00282705,0.00309943,0.00295996
296,"Kiribati",1961,11,0.00285028,0.00317927,0.00301084
296,"Kiribati",1961,12,0.00296364,0.00334542,0.00315154
296,"Kiribati",1961,13,0.00314331,0.003564,0.00335323
296,"Kiribati",1961,14,0.00337862,0.00381514,0.00359833
296,"Kiribati",1961,15,0.00366322,0.00408213,0.0038754
296,"Kiribati",1961,16,0.00399705,0.00436028,0.0041822
296,"Kiribati",1961,17,0.00438158,0.0046474,0.00451786
296,"Kiribati",1961,18,0.00480972,0.00493949,0.00487666
296,"Kiribati",1961,19,0.00526533,0.00523037,0.00524719
296,"Kiribati",1961,20,0.00571688,0.00550837,0.00560824
296,"Kiribati",1961,21,0.00612034,0.00575989,0.005932
296,"Kiribati",1961,22,0.00644014,0.00597543,0.00619692
296,"Kiribati",1961,23,0.0066518,0.00614945,0.00638896
296,"Kiribati",1961,24,0.00676451,0.00628905,0.00651605
296,"Kiribati",1961,25,0.00681189,0.00640739,0.00660112
296,"Kiribati",1961,26,0.00683767,0.00652274,0.00667431
296,"Kiribati",1961,27,0.00688938,0.0066539,0.00676783
296,"Kiribati",1961,28,0.00699373,0.00680943,0.00689909
296,"Kiribati",1961,29,0.00716195,0.00699263,0.00707553
296,"Kiribati",1961,30,0.00738838,0.00719526,0.00729041
296,"Kiribati",1961,31,0.00765207,0.00740406,0.00752688
296,"Kiribati",1961,32,0.00793451,0.00760766,0.00777036
296,"Kiribati",1961,33,0.00822016,0.00779651,0.00800853
296,"Kiribati",1961,34,0.00850532,0.00797182,0.00823969
296,"Kiribati",1961,35,0.00880037,0.00814052,0.00847268
296,"Kiribati",1961,36,0.00911956,0.00831343,0.0087203
296,"Kiribati",1961,37,0.00948093,0.00850258,0.0089969
296,"Kiribati",1961,38,0.00989431,0.008711,0.00930841
296,"Kiribati",1961,39,0.01035659,0.00893612,0.00965187
296,"Kiribati",1961,40,0.01085596,0.00916701,0.01001525
296,"Kiribati",1961,41,0.0113681,0.0093885,0.010376
296,"Kiribati",1961,42,0.01187323,0.00959525,0.01072209
296,"Kiribati",1961,43,0.01236448,0.00978971,0.01105341
296,"Kiribati",1961,44,0.0128495,0.00999386,0.01138385
296,"Kiribati",1961,45,0.01336172,0.0102428,0.01174603
296,"Kiribati",1961,46,0.01393968,0.01057404,0.01217945
296,"Kiribati",1961,47,0.01462287,0.01102746,0.01272805
296,"Kiribati",1961,48,0.01544144,0.01162023,0.01341408
296,"Kiribati",1961,49,0.01639493,0.01235118,0.01423702
296,"Kiribati",1961,50,0.01746793,0.01319162,0.01517727
296,"Kiribati",1961,51,0.01861671,0.01408505,0.0161856
296,"Kiribati",1961,52,0.01979423,0.0149842,0.01721284
296,"Kiribati",1961,53,0.02097907,0.01585393,0.01823102
296,"Kiribati",1961,54,0.02216882,0.01670589,0.0192469
296,"Kiribati",1961,55,0.02341428,0.0176004,0.0203133
296,"Kiribati",1961,56,0.02478525,0.01861918,0.0215019
296,"Kiribati",1961,57,0.02635524,0.01986557,0.02289704
296,"Kiribati",1961,58,0.02819573,0.02140965,0.02457735
296,"Kiribati",1961,59,0.03032749,0.02328042,0.02656725
296,"Kiribati",1961,60,0.03274751,0.02545414,0.02884173
296,"Kiribati",1961,61,0.03540752,0.02783286,0.03133008
296,"Kiribati",1961,62,0.03823628,0.03031452,0.03395175
296,"Kiribati",1961,63,0.04119092,0.03280901,0.03665617
296,"Kiribati",1961,64,0.04424427,0.03529484,0.03941208
296,"Kiribati",1961,65,0.04743432,0.03785714,0.04225398
296,"Kiribati",1961,66,0.05083696,0.04063142,0.04530978
296,"Kiribati",1961,67,0.05454687,0.04380927,0.04872807
296,"Kiribati",1961,68,0.05867554,0.047553,0.05262342
296,"Kiribati",1961,69,0.06331111,0.05195633,0.05709497
296,"Kiribati",1961,70,0.06853256,0.05705031,0.06220736
296,"Kiribati",1961,71,0.07439327,0.06275147,0.06794032
296,"Kiribati",1961,72,0.08092806,0.06895711,0.07425111
296,"Kiribati",1961,73,0.08815524,0.07557627,0.08110583
296,"Kiribati",1961,74,0.09607446,0.0825718,0.08846932
296,"Kiribati",1961,75,0.10466898,0.09003721,0.0963664
296,"Kiribati",1961,76,0.11390426,0.09811861,0.10489129
296,"Kiribati",1961,77,0.12376953,0.10702,0.11414302
296,"Kiribati",1961,78,0.13427985,0.11692138,0.12421226
296,"Kiribati",1961,79,0.14551513,0.12789403,0.13524071
296,"Kiribati",1961,80,0.15762614,0.13993503,0.14725261
296,"Kiribati",1961,81,0.17078555,0.15290416,0.16021454
296,"Kiribati",1961,82,0.18518526,0.16663155,0.1741381
296,"Kiribati",1961,83,0.20094042,0.18099484,0.18893617
296,"Kiribati",1961,84,0.2180579,0.19592196,0.20461624
296,"Kiribati",1961,85,0.23644406,0.2114928,0.22116943
296,"Kiribati",1961,86,0.25587621,0.2278325,0.23853819
296,"Kiribati",1961,87,0.27613697,0.24508751,0.25671837
296,"Kiribati",1961,88,0.29705939,0.26337679,0.27572349
296,"Kiribati",1961,89,0.31855196,0.28268924,0.29557348
296,"Kiribati",1961,90,0.34065839,0.30295286,0.31618503
296,"Kiribati",1961,91,0.36344196,0.32400644,0.33736178
296,"Kiribati",1961,92,0.38696782,0.34567405,0.35924283
296,"Kiribati",1961,93,0.41123943,0.36785316,0.38175505
296,"Kiribati",1961,94,0.4361303,0.39047603,0.40452515
296,"Kiribati",1961,95,0.46145779,0.41356281,0.42768299
296,"Kiribati",1961,96,0.48697328,0.437143,0.45144031
296,"Kiribati",1961,97,0.51244299,0.4611902,0.47559914
296,"Kiribati",1961,98,0.5377209,0.48563068,0.4998533
296,"Kiribati",1961,99,0.56270165,0.5102665,0.52410976
296,"Kiribati",1961,100,0.6124516,0.56285892,0.57418147
296,"Kiribati",1962,0,0.15057807,0.12642789,0.1388185
296,"Kiribati",1962,1,0.03034421,0.03124986,0.03078648
296,"Kiribati",1962,2,0.0196364,0.02008822,0.01985697
296,"Kiribati",1962,3,0.01287973,0.01310519,0.01298979
296,"Kiribati",1962,4,0.00868639,0.0088137,0.00874854
296,"Kiribati",1962,5,0.00611618,0.0062117,0.00616281
296,"Kiribati",1962,6,0.00455929,0.00465903,0.00460798
296,"Kiribati",1962,7,0.00363812,0.00376099,0.0036981
296,"Kiribati",1962,8,0.00311036,0.00326787,0.00318725
296,"Kiribati",1962,9,0.00283999,0.00304182,0.0029385
296,"Kiribati",1962,10,0.00274089,0.00299319,0.00286401
296,"Kiribati",1962,11,0.00276214,0.00306787,0.0029113
296,"Kiribati",1962,12,0.00287273,0.00322785,0.00304602
296,"Kiribati",1962,13,0.0030503,0.00344135,0.00324273
296,"Kiribati",1962,14,0.00328457,0.00368939,0.00348653
296,"Kiribati",1962,15,0.00356901,0.00395555,0.00376352
296,"Kiribati",1962,16,0.0039025,0.0042341,0.00407042
296,"Kiribati",1962,17,0.00428485,0.00452136,0.00440539
296,"Kiribati",1962,18,0.00470786,0.00481231,0.0047614
296,"Kiribati",1962,19,0.00515466,0.00510001,0.00512647
296,"Kiribati",1962,20,0.00559452,0.00537326,0.00547969
296,"Kiribati",1962,21,0.00598553,0.00561946,0.00579477
296,"Kiribati",1962,22,0.00629439,0.00583019,0.00605179
296,"Kiribati",1962,23,0.00649884,0.00600088,0.00623815
296,"Kiribati",1962,24,0.00660841,0.00613862,0.00636255
296,"Kiribati",1962,25,0.00665565,0.00625605,0.00644679
296,"Kiribati",1962,26,0.00668246,0.00637041,0.00651984
296,"Kiribati",1962,27,0.00673422,0.00649941,0.00661241
296,"Kiribati",1962,28,0.00683655,0.00665115,0.00674084
296,"Kiribati",1962,29,0.00700028,0.0068288,0.00691221
296,"Kiribati",1962,30,0.00722018,0.00702471,0.0071204
296,"Kiribati",1962,31,0.0074765,0.0072266,0.00734972
296,"Kiribati",1962,32,0.00775172,0.0074239,0.00758621
296,"Kiribati",1962,33,0.00803107,0.00760779,0.00781845
296,"Kiribati",1962,34,0.00831094,0.00777945,0.00804539
296,"Kiribati",1962,35,0.00860097,0.00794541,0.00827446
296,"Kiribati",1962,36,0.00891447,0.00811583,0.0085177
296,"Kiribati",1962,37,0.00926844,0.00830197,0.00878955
296,"Kiribati",1962,38,0.00967221,0.00850672,0.00909528
296,"Kiribati",1962,39,0.01012311,0.00872771,0.00943175
296,"Kiribati",1962,40,0.01061036,0.00895479,0.00978836
296,"Kiribati",1962,41,0.01111153,0.00917384,0.01014613
296,"Kiribati",1962,42,0.01160846,0.00938006,0.0104905
296,"Kiribati",1962,43,0.01209498,0.00957604,0.01082057
296,"Kiribati",1962,44,0.01257847,0.00978288,0.01115308
296,"Kiribati",1962,45,0.01309041,0.01003416,0.01151954
296,"Kiribati",1962,46,0.01366716,0.01036583,0.01195434
296,"Kiribati",1962,47,0.01434607,0.01081615,0.01249689
296,"Kiribati",1962,48,0.01515574,0.01140173,0.0131739
296,"Kiribati",1962,49,0.01609599,0.01212154,0.01398347
296,"Kiribati",1962,50,0.01715251,0.01294818,0.01490459
296,"Kiribati",1962,51,0.01828433,0.01382752,0.01589215
296,"Kiribati",1962,52,0.01944733,0.01471429,0.01690274
296,"Kiribati",1962,53,0.0206217,0.01557481,0.01790701
296,"Kiribati",1962,54,0.02180563,0.01642032,0.01891105
296,"Kiribati",1962,55,0.02304789,0.01730892,0.01997034
296,"Kiribati",1962,56,0.02441544,0.0183195,0.02115498
296,"Kiribati",1962,57,0.02597889,0.01955205,0.02254662
296,"Kiribati",1962,58,0.02780704,0.02107471,0.02420846
296,"Kiribati",1962,59,0.02992016,0.02291619,0.02617359
296,"Kiribati",1962,60,0.03231567,0.02505454,0.02842829
296,"Kiribati",1962,61,0.03494754,0.02739646,0.03088983
296,"Kiribati",1962,62,0.03774769,0.0298447,0.03347832
296,"Kiribati",1962,63,0.04067553,0.03231334,0.0361359
296,"Kiribati",1962,64,0.04370575,0.03478222,0.03885882
296,"Kiribati",1962,65,0.04687612,0.03733364,0.04170182
296,"Kiribati",1962,66,0.05026126,0.04009863,0.04473937
296,"Kiribati",1962,67,0.05395401,0.04326273,0.04813605
296,"Kiribati",1962,68,0.05806358,0.0469837,0.05202933
296,"Kiribati",1962,69,0.06267627,0.05135334,0.05648363
296,"Kiribati",1962,70,0.06786931,0.05640285,0.06155966
296,"Kiribati",1962,71,0.07369491,0.06205265,0.06724831
296,"Kiribati",1962,72,0.08018705,0.0682046,0.07351037
296,"Kiribati",1962,73,0.08736426,0.07477204,0.08030271
296,"Kiribati",1962,74,0.09522746,0.08172078,0.08761484
296,"Kiribati",1962,75,0.10376255,0.0891438,0.09547834
296,"Kiribati",1962,76,0.11293904,0.09718549,0.10394131
296,"Kiribati",1962,77,0.12274961,0.10604684,0.11314666
296,"Kiribati",1962,78,0.13321214,0.11590543,0.12319346
296,"Kiribati",1962,79,0.14440701,0.1268323,0.13413927
296,"Kiribati",1962,80,0.15648296,0.13882546,0.14611157
296,"Kiribati",1962,81,0.16960986,0.15174767,0.15905897
296,"Kiribati",1962,82,0.18397595,0.16543211,0.17293166
296,"Kiribati",1962,83,0.19969473,0.17975844,0.18773199
296,"Kiribati",1962,84,0.216774,0.19465574,0.20335083
296,"Kiribati",1962,85,0.23512302,0.21020321,0.21985126
296,"Kiribati",1962,86,0.25452437,0.22652497,0.23720787
296,"Kiribati",1962,87,0.27476491,0.24376664,0.255384
296,"Kiribati",1962,88,0.29567979,0.26204691,0.27438976
296,"Kiribati",1962,89,0.31717724,0.2813558,0.29419555
296,"Kiribati",1962,90,0.33929731,0.30162288,0.31483605
296,"Kiribati",1962,91,0.36209945,0.32268871,0.33616881
296,"Kiribati",1962,92,0.38564573,0.34437865,0.35797574
296,"Kiribati",1962,93,0.40993853,0.36658983,0.38042172
296,"Kiribati",1962,94,0.43485415,0.38925325,0.40341348
296,"Kiribati",1962,95,0.460214,0.41238661,0.42661614
296,"Kiribati",1962,96,0.48577452,0.43601698,0.45016579
296,"Kiribati",1962,97,0.51130551,0.46011696,0.47425545
296,"Kiribati",1962,98,0.53666002,0.48461281,0.49867789
296,"Kiribati",1962,99,0.56172934,0.50930889,0.52304998
296,"Kiribati",1962,100,0.61167228,0.56210654,0.57373337
296,"Kiribati",1963,0,0.14595391,0.12265456,0.13461157
296,"Kiribati",1963,1,0.02893336,0.02966072,0.02928854
296,"Kiribati",1963,2,0.01878447,0.01915389,0.01896482
296,"Kiribati",1963,3,0.01235912,0.01254873,0.01245167
296,"Kiribati",1963,4,0.00835847,0.00846981,0.00841282
296,"Kiribati",1963,5,0.00589888,0.00598503,0.00594093
296,"Kiribati",1963,6,0.00440492,0.00449546,0.00444912
296,"Kiribati",1963,7,0.0035188,0.00362949,0.00357283
296,"Kiribati",1963,8,0.00301001,0.0031508,0.00307873
296,"Kiribati",1963,9,0.00274876,0.00292826,0.00283637
296,"Kiribati",1963,10,0.00265274,0.00287676,0.00276207
296,"Kiribati",1963,11,0.00267328,0.00294528,0.00280599
296,"Kiribati",1963,12,0.00278081,0.00309835,0.0029357
296,"Kiribati",1963,13,0.00295408,0.00330669,0.00312611
296,"Kiribati",1963,14,0.00318324,0.00355231,0.00336482
296,"Kiribati",1963,15,0.00346189,0.00381911,0.00364007
296,"Kiribati",1963,16,0.00378861,0.00410003,0.00394529
296,"Kiribati",1963,17,0.0041626,0.00438945,0.00427746
296,"Kiribati",1963,18,0.00457539,0.00468096,0.00462918
296,"Kiribati",1963,19,0.00501007,0.00496659,0.00498778
296,"Kiribati",1963,20,0.00543664,0.00523565,0.00533295
296,"Kiribati",1963,21,0.00581456,0.00547673,0.0056392
296,"Kiribati",1963,22,0.00611193,0.00568275,0.00588825
296,"Kiribati",1963,23,0.0063077,0.00585042,0.00606867
296,"Kiribati",1963,24,0.00641154,0.0059868,0.00618913
296,"Kiribati",1963,25,0.00645522,0.00610395,0.00627135
296,"Kiribati",1963,26,0.00647943,0.00621789,0.00634271
296,"Kiribati",1963,27,0.0065281,0.006345,0.00643266
296,"Kiribati",1963,28,0.006626,0.00649281,0.0065569
296,"Kiribati",1963,29,0.00678364,0.00666434,0.00672205
296,"Kiribati",1963,30,0.00699605,0.00685268,0.00692241
296,"Kiribati",1963,31,0.00724422,0.00704666,0.00714336
296,"Kiribati",1963,32,0.00751132,0.00723676,0.007372
296,"Kiribati",1963,33,0.00778312,0.00741499,0.00759723
296,"Kiribati",1963,34,0.00805612,0.00758256,0.00781819
296,"Kiribati",1963,35,0.00833954,0.00774552,0.00804265
296,"Kiribati",1963,36,0.00864621,0.00791323,0.00828102
296,"Kiribati",1963,37,0.00899255,0.00809607,0.00854699
296,"Kiribati",1963,38,0.00938773,0.00829668,0.00884684
296,"Kiribati",1963,39,0.00982949,0.0085129,0.00917735
296,"Kiribati",1963,40,0.01030778,0.00873539,0.00952814
296,"Kiribati",1963,41,0.01080142,0.00895125,0.00988199
296,"Kiribati",1963,42,0.01129314,0.00915632,0.01022744
296,"Kiribati",1963,43,0.01177698,0.00935342,0.01055971
296,"Kiribati",1963,44,0.0122598,0.00956277,0.01089353
296,"Kiribati",1963,45,0.01277145,0.0098164,0.01126264
296,"Kiribati",1963,46,0.0133466,0.01014856,0.01170036
296,"Kiribati",1963,47,0.01402106,0.0105958,0.01224107
296,"Kiribati",1963,48,0.01482246,0.01117406,0.01290795
296,"Kiribati",1963,49,0.01575114,0.01188245,0.01370508
296,"Kiribati",1963,50,0.01679394,0.01269488,0.01461107
296,"Kiribati",1963,51,0.01791221,0.01355969,0.01558043
296,"Kiribati",1963,52,0.01906423,0.01443368,0.01657357
296,"Kiribati",1963,53,0.0202312,0.01528467,0.01756588
296,"Kiribati",1963,54,0.02141143,0.01612352,0.01856031
296,"Kiribati",1963,55,0.02265145,0.01700602,0.01960931
296,"Kiribati",1963,56,0.02401537,0.0180081,0.02078518
296,"Kiribati",1963,57,0.02557108,0.01922625,0.02216769
296,"Kiribati",1963,58,0.0273849,0.02072658,0.02381818
296,"Kiribati",1963,59,0.02947687,0.02253751,0.02575584
296,"Kiribati",1963,60,0.03184514,0.02463895,0.02797767
296,"Kiribati",1963,61,0.03444627,0.02694251,0.03041524
296,"Kiribati",1963,62,0.03721567,0.02935598,0.03297709
296,"Kiribati",1963,63,0.04011515,0.03179788,0.03560524
296,"Kiribati",1963,64,0.04312123,0.03424944,0.038286
296,"Kiribati",1963,65,0.04627109,0.03679,0.04109969
296,"Kiribati",1963,66,0.0496375,0.03954587,0.04414087
296,"Kiribati",1963,67,0.05331089,0.04269615,0.04751602
296,"Kiribati",1963,68,0.05739764,0.04639373,0.05137998
296,"Kiribati",1963,69,0.06198213,0.05072824,0.05582198
296,"Kiribati",1963,70,0.06714,0.05573097,0.06086819
296,"Kiribati",1963,71,0.07292275,0.06132639,0.06650857
296,"Kiribati",1963,72,0.0793643,0.06742107,0.0727163
296,"Kiribati",1963,73,0.08648396,0.07393296,0.07945257
296,"Kiribati",1963,74,0.09428433,0.08083099,0.08669681
296,"Kiribati",1963,75,0.10275398,0.08820762,0.0945053
296,"Kiribati",1963,76,0.11186607,0.0962055,0.10293339
296,"Kiribati",1963,77,0.12161618,0.10502237,0.11207292
296,"Kiribati",1963,78,0.13202426,0.11483324,0.12206948
296,"Kiribati",1963,79,0.14317044,0.12570893,0.1329882
296,"Kiribati",1963,80,0.15520081,0.1376485,0.14487127
296,"Kiribati",1963,81,0.1682819,0.15051798,0.15777169
296,"Kiribati",1963,82,0.18259811,0.16415386,0.17162245
296,"Kiribati",1963,83,0.19826164,0.17843778,0.18636344
296,"Kiribati",1963,84,0.21528223,0.19329965,0.20198118
296,"Kiribati",1963,85,0.23357366,0.20881714,0.21841118
296,"Kiribati",1963,86,0.25292603,0.22511246,0.23570695
296,"Kiribati",1963,87,0.27313188,0.24232984,0.25386816
296,"Kiribati",1963,88,0.29402833,0.26058763,0.27286698
296,"Kiribati",1963,89,0.31552148,0.27987834,0.29267033
296,"Kiribati",1963,90,0.33764337,0.30013497,0.31326016
296,"Kiribati",1963,91,0.36044538,0.32120211,0.33461756
296,"Kiribati",1963,92,0.38398354,0.34290803,0.35657986
296,"Kiribati",1963,93,0.40825874,0.36514836,0.37894379
296,"Kiribati",1963,94,0.43315471,0.38785009,0.40186031
296,"Kiribati",1963,95,0.45850366,0.41102319,0.42528186
296,"Kiribati",1963,96,0.48407626,0.43468709,0.44886431
296,"Kiribati",1963,97,0.509654,0.45881233,0.47273016
296,"Kiribati",1963,98,0.53509275,0.48332712,0.49706925
296,"Kiribati",1963,99,0.56028056,0.50804723,0.52159833
296,"Kiribati",1963,100,0.61043769,0.56104902,0.5727578
296,"Kiribati",1964,0,0.14124328,0.11882225,0.13033109
296,"Kiribati",1964,1,0.02752013,0.0280825,0.02779466
296,"Kiribati",1964,2,0.01792824,0.01822164,0.01807148
296,"Kiribati",1964,3,0.01183423,0.01199109,0.0119108
296,"Kiribati",1964,4,0.00802691,0.00812392,0.00807426
296,"Kiribati",1964,5,0.00567865,0.00575643,0.00571661
296,"Kiribati",1964,6,0.00424819,0.00433026,0.00428825
296,"Kiribati",1964,7,0.00339752,0.00349666,0.00344591
296,"Kiribati",1964,8,0.00290795,0.00303265,0.00296881
296,"Kiribati",1964,9,0.00265597,0.00281384,0.00273302
296,"Kiribati",1964,10,0.00256307,0.00275964,0.002659
296,"Kiribati",1964,11,0.0025829,0.0028221,0.00269962
296,"Kiribati",1964,12,0.00268729,0.00296825,0.00282436
296,"Kiribati",1964,13,0.00285614,0.00317126,0.00300983
296,"Kiribati",1964,14,0.00308002,0.00341417,0.00324302
296,"Kiribati",1964,15,0.00335269,0.00368121,0.00351429
296,"Kiribati",1964,16,0.00367241,0.00396413,0.00381789
296,"Kiribati",1964,17,0.00403778,0.00425539,0.00414725
296,"Kiribati",1964,18,0.00444007,0.0045472,0.00449431
296,"Kiribati",1964,19,0.00486236,0.00483056,0.00484615
296,"Kiribati",1964,20,0.00527537,0.00509526,0.00518304
296,"Kiribati",1964,21,0.00564,0.00533108,0.00548062
296,"Kiribati",1964,22,0.00592573,0.00553229,0.00572147
296,"Kiribati",1964,23,0.00611273,0.00569684,0.00589593
296,"Kiribati",1964,24,0.00621078,0.00583177,0.00601262
296,"Kiribati",1964,25,0.00625091,0.00594857,0.00609257
296,"Kiribati",1964,26,0.00627254,0.00606202,0.00616233
296,"Kiribati",1964,27,0.00631809,0.00618716,0.00624964
296,"Kiribati",1964,28,0.00641152,0.00633097,0.00636953
296,"Kiribati",1964,29,0.00656301,0.00649629,0.00652839
296,"Kiribati",1964,30,0.0067678,0.00667697,0.00672091
296,"Kiribati",1964,31,0.00700769,0.00686297,0.00693335
296,"Kiribati",1964,32,0.0072665,0.00704576,0.00715379
296,"Kiribati",1964,33,0.00753057,0.00721824,0.00737207
296,"Kiribati",1964,34,0.00779651,0.00738163,0.00758698
296,"Kiribati",1964,35,0.00807313,0.00754149,0.00780596
296,"Kiribati",1964,36,0.00837275,0.00770641,0.00803962
296,"Kiribati",1964,37,0.00871122,0.00788584,0.00829983
296,"Kiribati",1964,38,0.00909754,0.00808221,0.00859266
296,"Kiribati",1964,39,0.00952983,0.00829353,0.00891656
296,"Kiribati",1964,40,0.00999883,0.00851131,0.00926151
296,"Kiribati",1964,41,0.01048458,0.00872385,0.00961082
296,"Kiribati",1964,42,0.01097073,0.00892764,0.00995444
296,"Kiribati",1964,43,0.01145152,0.00912576,0.01029029
296,"Kiribati",1964,44,0.01193332,0.0093375,0.01062789
296,"Kiribati",1964,45,0.01244435,0.00959333,0.01099809
296,"Kiribati",1964,46,0.01301754,0.00992583,0.01143662
296,"Kiribati",1964,47,0.01368715,0.01036977,0.01197678
296,"Kiribati",1964,48,0.01447982,0.01094042,0.01263744
296,"Kiribati",1964,49,0.01539639,0.01163704,0.01342018
296,"Kiribati",1964,50,0.01642486,0.01243483,0.01431073
296,"Kiribati",1964,51,0.01752898,0.01328467,0.01526436
296,"Kiribati",1964,52,0.01866942,0.01414544,0.01624079
296,"Kiribati",1964,53,0.01982845,0.01498652,0.01721839
296,"Kiribati",1964,54,0.02100448,0.01581834,0.01820353
296,"Kiribati",1964,55,0.02224182,0.01669437,0.0192433
296,"Kiribati",1964,56,0.02360164,0.01768755,0.02040625
296,"Kiribati",1964,57,0.02514904,0.01889076,0.02177434
296,"Kiribati",1964,58,0.0269478,0.02036803,0.02340782
296,"Kiribati",1964,59,0.02901769,0.02214751,0.02532593
296,"Kiribati",1964,60,0.03135763,0.02421096,0.02751293
296,"Kiribati",1964,61,0.03392679,0.026475,0.02991394
296,"Kiribati",1964,62,0.03666417,0.02885257,0.03245291
296,"Kiribati",1964,63,0.03953406,0.03126668,0.03505908
296,"Kiribati",1964,64,0.04251486,0.03370004,0.03771644
296,"Kiribati",1964,65,0.04564314,0.03622896,0.04049099
296,"Kiribati",1964,66,0.04898977,0.03897495,0.04350307
296,"Kiribati",1964,67,0.0526427,0.04211055,0.04687923
296,"Kiribati",1964,68,0.05670543,0.0457836,0.0507138
296,"Kiribati",1964,69,0.06126032,0.05008153,0.05511634
296,"Kiribati",1964,70,0.06638135,0.05503568,0.06013924
296,"Kiribati",1964,71,0.0721193,0.06057464,0.06574018
296,"Kiribati",1964,72,0.07850801,0.06660988,0.07189243
296,"Kiribati",1964,73,0.0855676,0.07306401,0.07857004
296,"Kiribati",1964,74,0.0933024,0.0799092,0.08575648
296,"Kiribati",1964,75,0.10170373,0.08723741,0.09349536
296,"Kiribati",1964,76,0.11074851,0.09518943,0.10186818
296,"Kiribati",1964,77,0.12043532,0.10395971,0.11097299
296,"Kiribati",1964,78,0.13078625,0.11372061,0.12090155
296,"Kiribati",1964,79,0.14188123,0.12454273,0.13176812
296,"Kiribati",1964,80,0.15386355,0.13642619,0.14362142
296,"Kiribati",1964,81,0.16689634,0.14924041,0.15643053
296,"Kiribati",1964,82,0.18116002,0.16282532,0.17023211
296,"Kiribati",1964,83,0.19676538,0.17706462,0.18495152
296,"Kiribati",1964,84,0.21372424,0.19188911,0.20050989
296,"Kiribati",1964,85,0.23195503,0.20737487,0.21694571
296,"Kiribati",1964,86,0.25125569,0.22364212,0.2341719
296,"Kiribati",1964,87,0.2714247,0.24083368,0.25227526
296,"Kiribati",1964,88,0.29230124,0.25906756,0.27126668
296,"Kiribati",1964,89,0.31378925,0.27833884,0.29107065
296,"Kiribati",1964,90,0.33591243,0.29858407,0.31166467
296,"Kiribati",1964,91,0.35871376,0.31965205,0.33297646
296,"Kiribati",1964,92,0.38224294,0.34137411,0.35497138
296,"Kiribati",1964,93,0.40649934,0.36364432,0.37750185
296,"Kiribati",1964,94,0.43137438,0.38638554,0.40034175
296,"Kiribati",1964,95,0.45671155,0.40959968,0.42369185
296,"Kiribati",1964,96,0.4822964,0.43329821,0.44750095
296,"Kiribati",1964,97,0.50792267,0.45744953,0.47140367
296,"Kiribati",1964,98,0.53344921,0.48198386,0.49552688
296,"Kiribati",1964,99,0.55876073,0.50672884,0.5199889
296,"Kiribati",1964,100,0.60914092,0.55994395,0.57161084
296,"Kiribati",1965,0,0.13656334,0.11502622,0.12608491
296,"Kiribati",1965,1,0.02614046,0.02655506,0.0263428
296,"Kiribati",1965,2,0.01708944,0.01731502,0.01719954
296,"Kiribati",1965,3,0.01131833,0.01144634,0.01138082
296,"Kiribati",1965,4,0.00770006,0.00778473,0.00774139
296,"Kiribati",1965,5,0.00546101,0.00553163,0.00549548
296,"Kiribati",1965,6,0.00409302,0.00416756,0.0041294
296,"Kiribati",1965,7,0.00327731,0.00336583,0.00332051
296,"Kiribati",1965,8,0.00280673,0.00291638,0.00286025
296,"Kiribati",1965,9,0.00256392,0.00270144,0.00263104
296,"Kiribati",1965,10,0.00247413,0.00264477,0.00255741
296,"Kiribati",1965,11,0.00249325,0.00270143,0.00259484
296,"Kiribati",1965,12,0.00259452,0.00284083,0.0027147
296,"Kiribati",1965,13,0.00275894,0.00303847,0.00289529
296,"Kiribati",1965,14,0.0029775,0.00327842,0.00312424
296,"Kiribati",1965,15,0.00324412,0.00354532,0.00339102
296,"Kiribati",1965,16,0.00355676,0.00382978,0.00369104
296,"Kiribati",1965,17,0.00391348,0.00412249,0.0040177
296,"Kiribati",1965,18,0.00430526,0.00441433,0.00436012
296,"Kiribati",1965,19,0.00471518,0.00469527,0.0047051
296,"Kiribati",1965,20,0.00511472,0.00495556,0.00503361
296,"Kiribati",1965,21,0.00546617,0.00518612,0.00532259
296,"Kiribati",1965,22,0.00574038,0.00538252,0.00555572
296,"Kiribati",1965,23,0.00591875,0.00554391,0.00572411
296,"Kiribati",1965,24,0.00601114,0.00567735,0.0058371
296,"Kiribati",1965,25,0.0060478,0.00579373,0.00591494
296,"Kiribati",1965,26,0.00606691,0.00590663,0.00598296
296,"Kiribati",1965,27,0.00610944,0.00602978,0.00606773
296,"Kiribati",1965,28,0.00619847,0.0061696,0.00618338
296,"Kiribati",1965,29,0.00634387,0.00632879,0.00633601
296,"Kiribati",1965,30,0.00654113,0.0065019,0.00652078
296,"Kiribati",1965,31,0.00677279,0.00668003,0.00672489
296,"Kiribati",1965,32,0.00702336,0.00685561,0.00693719
296,"Kiribati",1965,33,0.00727972,0.0070224,0.00714832
296,"Kiribati",1965,34,0.00753859,0.00718161,0.0073574
296,"Kiribati",1965,35,0.00780837,0.00733837,0.00757094
296,"Kiribati",1965,36,0.00810089,0.00750045,0.00779906
296,"Kiribati",1965,37,0.00843144,0.00767646,0.00805386
296,"Kiribati",1965,38,0.00880883,0.00786857,0.00833997
296,"Kiribati",1965,39,0.00923157,0.00807499,0.00865614
296,"Kiribati",1965,40,0.00969115,0.00828806,0.00899468
296,"Kiribati",1965,41,0.01016883,0.00849722,0.0093396
296,"Kiribati",1965,42,0.01064916,0.00869965,0.00968082
296,"Kiribati",1965,43,0.01112662,0.00889861,0.01001715
296,"Kiribati",1965,44,0.01160706,0.00911256,0.01036008
296,"Kiribati",1965,45,0.01211711,0.0093704,0.01073397
296,"Kiribati",1965,46,0.01268801,0.00970306,0.01117164
296,"Kiribati",1965,47,0.01335247,0.01014356,0.0117091
296,"Kiribati",1965,48,0.01413615,0.0107065,0.01236501
296,"Kiribati",1965,49,0.01504035,0.01139125,0.01313759
296,"Kiribati",1965,50,0.01605424,0.01217435,0.01401098
296,"Kiribati",1965,51,0.01714391,0.01300914,0.0149489
296,"Kiribati",1965,52,0.01827243,0.01385656,0.01591151
296,"Kiribati",1965,53,0.01942314,0.01468756,0.01687547
296,"Kiribati",1965,54,0.02059457,0.01551217,0.01784863
296,"Kiribati",1965,55,0.02182881,0.01638151,0.01887962
296,"Kiribati",1965,56,0.02318413,0.01736558,0.02003088
296,"Kiribati",1965,57,0.02472282,0.01855365,0.02138036
296,"Kiribati",1965,58,0.02650612,0.02000771,0.02299164
296,"Kiribati",1965,59,0.02855353,0.02175557,0.02488488
296,"Kiribati",1965,60,0.03086469,0.02378088,0.02704587
296,"Kiribati",1965,61,0.03340139,0.0260052,0.0294091
296,"Kiribati",1965,62,0.03610624,0.02834658,0.03191296
296,"Kiribati",1965,63,0.038946,0.03073252,0.03450175
296,"Kiribati",1965,64,0.04190094,0.0331472,0.03714422
296,"Kiribati",1965,65,0.04500706,0.03566395,0.03990005
296,"Kiribati",1965,66,0.0483333,0.03839952,0.042873
296,"Kiribati",1965,67,0.05196515,0.04151988,0.04621618
296,"Kiribati",1965,68,0.05600318,0.04516783,0.05004515
296,"Kiribati",1965,69,0.06052772,0.04942856,0.05440858
296,"Kiribati",1965,70,0.06561109,0.05433347,0.05938149
296,"Kiribati",1965,71,0.07130332,0.05981525,0.06495045
296,"Kiribati",1965,72,0.07763817,0.06579025,0.07105727
296,"Kiribati",1965,73,0.08463655,0.07218578,0.07767634
296,"Kiribati",1965,74,0.09230454,0.07897723,0.08480366
296,"Kiribati",1965,75,0.10063622,0.08625606,0.09248521
296,"Kiribati",1965,76,0.10961231,0.09416125,0.10078858
296,"Kiribati",1965,77,0.11923442,0.1028839,0.10983857
296,"Kiribati",1965,78,0.12952682,0.11259372,0.11973268
296,"Kiribati",1965,79,0.1405692,0.12336108,0.13053014
296,"Kiribati",1965,80,0.15250208,0.13518718,0.1423298
296,"Kiribati",1965,81,0.16548515,0.14794487,0.15510819
296,"Kiribati",1965,82,0.17969478,0.16147755,0.16881738
296,"Kiribati",1965,83,0.19524037,0.17567102,0.18348731
296,"Kiribati",1965,84,0.2121358,0.19045699,0.19902825
296,"Kiribati",1965,85,0.23030426,0.20590995,0.21540659
296,"Kiribati",1965,86,0.24955162,0.22214812,0.23264908
296,"Kiribati",1965,87,0.26968241,0.2393129,0.25068576
296,"Kiribati",1965,88,0.29053796,0.25752194,0.26962388
296,"Kiribati",1965,89,0.31202003,0.27677291,0.28942908
296,"Kiribati",1965,90,0.33414387,0.29700601,0.31003086
296,"Kiribati",1965,91,0.35694392,0.31807431,0.33135392
296,"Kiribati",1965,92,0.38046344,0.33981223,0.35330926
296,"Kiribati",1965,93,0.40470021,0.36211232,0.37587988
296,"Kiribati",1965,94,0.42955346,0.38489324,0.39889778
296,"Kiribati",1965,95,0.45487822,0.40814874,0.4221749
296,"Kiribati",1965,96,0.48047517,0.43188218,0.44591516
296,"Kiribati",1965,97,0.5061506,0.45605978,0.47005016
296,"Kiribati",1965,98,0.53176643,0.48061377,0.4942141
296,"Kiribati",1965,99,0.55720406,0.50538386,0.51847607
296,"Kiribati",1965,100,0.60781092,0.55881662,0.57033437
296,"Kiribati",1966,0,0.13187656,0.11086138,0.12165404
296,"Kiribati",1966,1,0.02479354,0.02510255,0.0249443
296,"Kiribati",1966,2,0.01626756,0.0164185,0.01634121
296,"Kiribati",1966,3,0.01081107,0.01088524,0.01084727
296,"Kiribati",1966,4,0.00737768,0.00742197,0.0073993
296,"Kiribati",1966,5,0.0052458,0.00528446,0.00526467
296,"Kiribati",1966,6,0.0039393,0.00398671,0.00396243
296,"Kiribati",1966,7,0.00315807,0.00322179,0.00318917
296,"Kiribati",1966,8,0.00270627,0.00279166,0.00274795
296,"Kiribati",1966,9,0.00247256,0.00258489,0.00252739
296,"Kiribati",1966,10,0.00238586,0.00252936,0.0024559
296,"Kiribati",1966,11,0.00240429,0.00258262,0.00249132
296,"Kiribati",1966,12,0.00250246,0.00271592,0.00260661
296,"Kiribati",1966,13,0.00266244,0.00290635,0.00278143
296,"Kiribati",1966,14,0.00287567,0.00313883,0.00300402
296,"Kiribati",1966,15,0.00313623,0.00339858,0.00326415
296,"Kiribati",1966,16,0.00344178,0.00367605,0.00355602
296,"Kiribati",1966,17,0.00378985,0.0039615,0.00387426
296,"Kiribati",1966,18,0.00417117,0.00424556,0.00420826
296,"Kiribati",1966,19,0.00456882,0.00451809,0.00454331
296,"Kiribati",1966,20,0.00495504,0.00476989,0.0048613
296,"Kiribati",1966,21,0.00529349,0.00499265,0.00514016
296,"Kiribati",1966,22,0.00555637,0.00518264,0.00536473
296,"Kiribati",1966,23,0.00572625,0.00533953,0.00552666
296,"Kiribati",1966,24,0.00581309,0.00547012,0.00563497
296,"Kiribati",1966,25,0.00584634,0.00558466,0.00570989
296,"Kiribati",1966,26,0.00586296,0.0056958,0.00577554
296,"Kiribati",1966,27,0.00590244,0.00581626,0.0058573
296,"Kiribati",1966,28,0.00598705,0.00595211,0.00596876
296,"Kiribati",1966,29,0.00612634,0.00610597,0.00611569
296,"Kiribati",1966,30,0.00631604,0.00627299,0.0062936
296,"Kiribati",1966,31,0.00653948,0.00644516,0.00649054
296,"Kiribati",1966,32,0.00678184,0.00661569,0.00669605
296,"Kiribati",1966,33,0.00703056,0.00677892,0.00690129
296,"Kiribati",1966,34,0.00728246,0.006936,0.00710552
296,"Kiribati",1966,35,0.00754552,0.00709163,0.0073151
296,"Kiribati",1966,36,0.00783107,0.00725296,0.00753896
296,"Kiribati",1966,37,0.00815379,0.00742788,0.00778877
296,"Kiribati",1966,38,0.00852229,0.00761846,0.00807007
296,"Kiribati",1966,39,0.00893546,0.00782313,0.00838051
296,"Kiribati",1966,40,0.00938555,0.00803497,0.00871318
296,"Kiribati",1966,41,0.00985501,0.00824443,0.00905495
296,"Kiribati",1966,42,0.01032935,0.00844909,0.00939578
296,"Kiribati",1966,43,0.01080326,0.00865224,0.00973373
296,"Kiribati",1966,44,0.01128217,0.0088713,0.01008025
296,"Kiribati",1966,45,0.01179112,0.00913355,0.01046091
296,"Kiribati",1966,46,0.01235965,0.00946824,0.01090161
296,"Kiribati",1966,47,0.01301894,0.00990667,0.01143552
296,"Kiribati",1966,48,0.01379363,0.01046283,0.01208511
296,"Kiribati",1966,49,0.01468548,0.01113633,0.01284954
296,"Kiribati",1966,50,0.01568482,0.01190507,0.01371044
296,"Kiribati",1966,51,0.01676009,0.01272501,0.01463112
296,"Kiribati",1966,52,0.01787674,0.01355931,0.01558022
296,"Kiribati",1966,53,0.01901921,0.01438054,0.01653395
296,"Kiribati",1966,54,0.0201862,0.01519843,0.01749683
296,"Kiribati",1966,55,0.02141755,0.01606186,0.01851702
296,"Kiribati",1966,56,0.02276866,0.01703789,0.01965806
296,"Kiribati",1966,57,0.02429897,0.01821222,0.02099138
296,"Kiribati",1966,58,0.02606714,0.01964474,0.02257745
296,"Kiribati",1966,59,0.02809237,0.02136295,0.02444192
296,"Kiribati",1966,60,0.03037504,0.02335224,0.02657301
296,"Kiribati",1966,61,0.0328796,0.02553891,0.02890916
296,"Kiribati",1966,62,0.03555229,0.02784594,0.03137815
296,"Kiribati",1966,63,0.03836236,0.03020514,0.03393813
296,"Kiribati",1966,64,0.04129203,0.0326022,0.03657182
296,"Kiribati",1966,65,0.04437668,0.03510776,0.03931932
296,"Kiribati",1966,66,0.04768335,0.03783419,0.04227634
296,"Kiribati",1966,67,0.05129499,0.04094139,0.04557796
296,"Kiribati",1966,68,0.05530923,0.04456753,0.04936899
296,"Kiribati",1966,69,0.0598044,0.04879582,0.05372139
296,"Kiribati",1966,70,0.06485118,0.05365786,0.05864932
296,"Kiribati",1966,71,0.07049893,0.05909035,0.06416503
296,"Kiribati",1966,72,0.0767814,0.06501433,0.07024047
296,"Kiribati",1966,73,0.08372036,0.07136167,0.07681889
296,"Kiribati",1966,74,0.09132362,0.07811099,0.0838958
296,"Kiribati",1966,75,0.09958792,0.08535356,0.09152835
296,"Kiribati",1966,76,0.10849764,0.09322703,0.09978642
296,"Kiribati",1966,77,0.11805732,0.10191981,0.10877924
296,"Kiribati",1966,78,0.12829345,0.11159944,0.11863285
296,"Kiribati",1966,79,0.13928567,0.12233599,0.12941194
296,"Kiribati",1966,80,0.15117217,0.13413135,0.14115977
296,"Kiribati",1966,81,0.16410964,0.14686075,0.15390385
296,"Kiribati",1966,82,0.17827083,0.16037009,0.16760396
296,"Kiribati",1966,83,0.19376377,0.17454705,0.18220309
296,"Kiribati",1966,84,0.21060397,0.18932485,0.19771989
296,"Kiribati",1966,85,0.22871847,0.20477859,0.21411346
296,"Kiribati",1966,86,0.2479198,0.22102696,0.2313324
296,"Kiribati",1966,87,0.26801769,0.23821167,0.24943155
296,"Kiribati",1966,88,0.28885579,0.25645057,0.26834675
296,"Kiribati",1966,89,0.31033483,0.27574097,0.28814803
296,"Kiribati",1966,90,0.3324643,0.29602223,0.30880412
296,"Kiribati",1966,91,0.35527253,0.31714605,0.33018695
296,"Kiribati",1966,92,0.37879777,0.33894558,0.3522028
296,"Kiribati",1966,93,0.40303579,0.36131369,0.37477831
296,"Kiribati",1966,94,0.42788996,0.38417045,0.39788226
296,"Kiribati",1966,95,0.4532219,0.40751297,0.42139048
296,"Kiribati",1966,96,0.47884185,0.43134796,0.44511938
296,"Kiribati",1966,97,0.50456486,0.45564208,0.46926267
296,"Kiribati",1966,98,0.53025758,0.48032564,0.49374761
296,"Kiribati",1966,99,0.55580291,0.50523075,0.51815001
296,"Kiribati",1966,100,0.60666045,0.5589053,0.57003935
296,"Kiribati",1967,0,0.1269888,0.10677655,0.11717638
296,"Kiribati",1967,1,0.02344208,0.02375756,0.02359536
296,"Kiribati",1967,2,0.01543965,0.01557607,0.01550614
296,"Kiribati",1967,3,0.01029819,0.01035025,0.01032356
296,"Kiribati",1967,4,0.00705064,0.00707158,0.00706085
296,"Kiribati",1967,5,0.00502689,0.00504348,0.00503498
296,"Kiribati",1967,6,0.00378261,0.00380967,0.00379581
296,"Kiribati",1967,7,0.00303639,0.00308111,0.00305822
296,"Kiribati",1967,8,0.00260371,0.00267073,0.00263646
296,"Kiribati",1967,9,0.00237928,0.00247307,0.00242515
296,"Kiribati",1967,10,0.00229576,0.00241973,0.00235645
296,"Kiribati",1967,11,0.0023135,0.00247052,0.00239048
296,"Kiribati",1967,12,0.00240851,0.00259822,0.00250165
296,"Kiribati",1967,13,0.00256397,0.00278122,0.00267084
296,"Kiribati",1967,14,0.00277176,0.00300517,0.00288675
296,"Kiribati",1967,15,0.00302612,0.00325589,0.00313945
296,"Kiribati",1967,16,0.00332445,0.00352399,0.00342304
296,"Kiribati",1967,17,0.00366374,0.00379972,0.00373105
296,"Kiribati",1967,18,0.00403448,0.00407386,0.0040541
296,"Kiribati",1967,19,0.00441977,0.00433648,0.00437782
296,"Kiribati",1967,20,0.00479257,0.00457889,0.00468417
296,"Kiribati",1967,21,0.00511795,0.00479342,0.00495238
296,"Kiribati",1967,22,0.00536945,0.00497678,0.00516801
296,"Kiribati",1967,23,0.00553081,0.00512892,0.00532365
296,"Kiribati",1967,24,0.00561204,0.00525629,0.00542765
296,"Kiribati",1967,25,0.0056418,0.00536858,0.00549945
296,"Kiribati",1967,26,0.00565577,0.00547758,0.00556267
296,"Kiribati",1967,27,0.00569195,0.00559522,0.0056413
296,"Kiribati",1967,28,0.00577182,0.00572724,0.00574846
296,"Kiribati",1967,29,0.00590462,0.00587624,0.00588977
296,"Kiribati",1967,30,0.00608638,0.00603791,0.0060611
296,"Kiribati",1967,31,0.00630127,0.006205,0.0062513
296,"Kiribati",1967,32,0.00653524,0.00637133,0.00645055
296,"Kiribati",1967,33,0.00677628,0.00653176,0.00665067
296,"Kiribati",1967,34,0.00702132,0.00668734,0.00685092
296,"Kiribati",1967,35,0.00727786,0.0068424,0.00705719
296,"Kiribati",1967,36,0.00755664,0.00700353,0.00727806
296,"Kiribati",1967,37,0.00787165,0.00717802,0.00752368
296,"Kiribati",1967,38,0.00823125,0.00736785,0.00779953
296,"Kiribati",1967,39,0.0086347,0.00757171,0.00810549
296,"Kiribati",1967,40,0.00907501,0.00778334,0.00843266
296,"Kiribati",1967,41,0.00953595,0.00799407,0.00876938
296,"Kiribati",1967,42,0.01000404,0.00820183,0.00910818
296,"Kiribati",1967,43,0.0104743,0.00840985,0.00944628
296,"Kiribati",1967,44,0.01095174,0.00863452,0.00979461
296,"Kiribati",1967,45,0.0114598,0.00890156,0.01017562
296,"Kiribati",1967,46,0.01202628,0.0092386,0.01061757
296,"Kiribati",1967,47,0.01268071,0.00967534,0.01114839
296,"Kiribati",1967,48,0.01344666,0.0102252,0.01178918
296,"Kiribati",1967,49,0.01432637,0.01088798,0.01254245
296,"Kiribati",1967,50,0.01531132,0.01164297,0.01339154
296,"Kiribati",1967,51,0.01637241,0.01244863,0.01430092
296,"Kiribati",1967,52,0.01747762,0.01327026,0.01523867
296,"Kiribati",1967,53,0.01861259,0.01408206,0.01618647
296,"Kiribati",1967,54,0.01977618,0.01489351,0.01714789
296,"Kiribati",1967,55,0.02100597,0.01575134,0.01816149
296,"Kiribati",1967,56,0.02235431,0.01671982,0.01929316
296,"Kiribati",1967,57,0.02387765,0.01788123,0.0206163
296,"Kiribati",1967,58,0.02563193,0.01929345,0.02218611
296,"Kiribati",1967,59,0.02763603,0.02098364,0.02402616
296,"Kiribati",1967,60,0.0298911,0.02293883,0.02612621
296,"Kiribati",1967,61,0.03236439,0.0250898,0.02843432
296,"Kiribati",1967,62,0.03500601,0.02736417,0.03088177
296,"Kiribati",1967,63,0.03778789,0.02969784,0.03340757
296,"Kiribati",1967,64,0.04069431,0.03207797,0.03601381
296,"Kiribati",1967,65,0.04376002,0.03457274,0.03876095
296,"Kiribati",1967,66,0.04705002,0.03729044,0.04171442
296,"Kiribati",1967,67,0.05064461,0.0403853,0.04499987
296,"Kiribati",1967,68,0.05463835,0.04399116,0.04873512
296,"Kiribati",1967,69,0.05910754,0.04818942,0.05304091
296,"Kiribati",1967,70,0.06412135,0.05301187,0.05794329
296,"Kiribati",1967,71,0.06972866,0.05839905,0.06339723
296,"Kiribati",1967,72,0.07596352,0.06427647,0.06942198
296,"Kiribati",1967,73,0.08284866,0.07058036,0.075971
296,"Kiribati",1967,74,0.09039364,0.07729243,0.08301334
296,"Kiribati",1967,75,0.09859769,0.08450392,0.09060322
296,"Kiribati",1967,76,0.10744845,0.09235136,0.09882155
296,"Kiribati",1967,77,0.11695321,0.10102078,0.10777934
296,"Kiribati",1967,78,0.12714065,0.11067777,0.11758712
296,"Kiribati",1967,79,0.13809103,0.12139212,0.12833822
296,"Kiribati",1967,80,0.14994139,0.13316625,0.14013706
296,"Kiribati",1967,81,0.16284664,0.14587737,0.15291072
296,"Kiribati",1967,82,0.17697714,0.15937346,0.16650607
296,"Kiribati",1967,83,0.19243971,0.17354401,0.18100624
296,"Kiribati",1967,84,0.20925008,0.18832387,0.19657695
296,"Kiribati",1967,85,0.22733669,0.20378947,0.2131252
296,"Kiribati",1967,86,0.24651485,0.22006085,0.23046213
296,"Kiribati",1967,87,0.2665971,0.23728061,0.24815594
296,"Kiribati",1967,88,0.28742973,0.25556697,0.26654192
296,"Kiribati",1967,89,0.30891586,0.27491591,0.28608572
296,"Kiribati",1967,90,0.33106695,0.29526451,0.30642387
296,"Kiribati",1967,91,0.35391237,0.31646121,0.32842284
296,"Kiribati",1967,92,0.37748957,0.33833639,0.35138298
296,"Kiribati",1967,93,0.4017913,0.36078391,0.3740509
296,"Kiribati",1967,94,0.42671408,0.38372705,0.39719358
296,"Kiribati",1967,95,0.45211183,0.40717016,0.42082558
296,"Kiribati",1967,96,0.47778759,0.43112716,0.44482405
296,"Kiribati",1967,97,0.50355406,0.45556602,0.46899192
296,"Kiribati",1967,98,0.52928717,0.48041389,0.49351987
296,"Kiribati",1967,99,0.55488542,0.50548874,0.51826046
296,"Kiribati",1967,100,0.60606535,0.55940792,0.57030945
296,"Kiribati",1968,0,0.12246932,0.10300776,0.11303577
296,"Kiribati",1968,1,0.02221465,0.02253774,0.02237101
296,"Kiribati",1968,2,0.01468491,0.01481025,0.01474573
296,"Kiribati",1968,3,0.00982895,0.00986282,0.00984542
296,"Kiribati",1968,4,0.00675048,0.00675171,0.00675108
296,"Kiribati",1968,5,0.00482543,0.00482312,0.0048243
296,"Kiribati",1968,6,0.00363812,0.00364758,0.00364273
296,"Kiribati",1968,7,0.00292404,0.00295222,0.00293779
296,"Kiribati",1968,8,0.00250895,0.0025599,0.00253384
296,"Kiribati",1968,9,0.00229308,0.00237057,0.00233099
296,"Kiribati",1968,10,0.0022125,0.00231925,0.00226483
296,"Kiribati",1968,11,0.00222961,0.00236778,0.00229748
296,"Kiribati",1968,12,0.00232169,0.00249035,0.00240477
296,"Kiribati",1968,13,0.00247292,0.0026665,0.00256857
296,"Kiribati",1968,14,0.00267559,0.00288256,0.00277827
296,"Kiribati",1968,15,0.0029241,0.00312493,0.00302408
296,"Kiribati",1968,16,0.00321563,0.00338433,0.00329985
296,"Kiribati",1968,17,0.00354669,0.00365107,0.00359901
296,"Kiribati",1968,18,0.00390754,0.00391602,0.00391181
296,"Kiribati",1968,19,0.00428132,0.00416949,0.00422479
296,"Kiribati",1968,20,0.00464168,0.00440324,0.00452031
296,"Kiribati",1968,21,0.00495499,0.00461017,0.00477852
296,"Kiribati",1968,22,0.00519601,0.00478739,0.00498582
296,"Kiribati",1968,23,0.00534955,0.00493511,0.00513545
296,"Kiribati",1968,24,0.00542568,0.00505946,0.00523574
296,"Kiribati",1968,25,0.00545227,0.00516959,0.00530498
296,"Kiribati",1968,26,0.00546385,0.00527655,0.00536592
296,"Kiribati",1968,27,0.00549705,0.00539151,0.00544179
296,"Kiribati",1968,28,0.00557259,0.00551997,0.00554502
296,"Kiribati",1968,29,0.00569942,0.00566446,0.00568111
296,"Kiribati",1968,30,0.00587387,0.00582116,0.00584631
296,"Kiribati",1968,31,0.00608088,0.00598352,0.00603018
296,"Kiribati",1968,32,0.00630705,0.0061459,0.00622368
296,"Kiribati",1968,33,0.00654094,0.00630363,0.00641887
296,"Kiribati",1968,34,0.00677955,0.00645768,0.00661509
296,"Kiribati",1968,35,0.00702997,0.00661206,0.00681824
296,"Kiribati",1968,36,0.00730236,0.00677282,0.00703615
296,"Kiribati",1968,37,0.00761012,0.00694673,0.00727873
296,"Kiribati",1968,38,0.00796134,0.00713571,0.00755026
296,"Kiribati",1968,39,0.00835564,0.00733864,0.00785013
296,"Kiribati",1968,40,0.0087867,0.00754988,0.00817417
296,"Kiribati",1968,41,0.00923951,0.00776157,0.00850776
296,"Kiribati",1968,42,0.00970153,0.00797195,0.00884372
296,"Kiribati",1968,43,0.01016808,0.0081842,0.00918114
296,"Kiribati",1968,44,0.0106438,0.00841381,0.00952985
296,"Kiribati",1968,45,0.01115066,0.00868502,0.0099138
296,"Kiribati",1968,46,0.01171486,0.00902402,0.01035445
296,"Kiribati",1968,47,0.01236444,0.00945899,0.01088184
296,"Kiribati",1968,48,0.01312196,0.0100028,0.01151383
296,"Kiribati",1968,49,0.01399005,0.01065545,0.01225501
296,"Kiribati",1968,50,0.0149613,0.01139749,0.01309123
296,"Kiribati",1968,51,0.01600885,0.01218971,0.01398691
296,"Kiribati",1968,52,0.01710305,0.01299936,0.01491346
296,"Kiribati",1968,53,0.0182306,0.01380218,0.01585341
296,"Kiribati",1968,54,0.01939059,0.01460738,0.01681122
296,"Kiribati",1968,55,0.02061849,0.01545975,0.0178278
296,"Kiribati",1968,56,0.02196381,0.01642094,0.01895473
296,"Kiribati",1968,57,0.02348025,0.01757005,0.02026293
296,"Kiribati",1968,58,0.02522117,0.01896309,0.02181525
296,"Kiribati",1968,59,0.02720514,0.02062688,0.02363294
296,"Kiribati",1968,60,0.029434,0.02254999,0.02570404
296,"Kiribati",1968,61,0.03187762,0.02466733,0.02798716
296,"Kiribati",1968,62,0.03448973,0.02691085,0.03041189
296,"Kiribati",1968,63,0.03724477,0.02922026,0.03292452
296,"Kiribati",1968,64,0.04012892,0.0315841,0.03551328
296,"Kiribati",1968,65,0.04317639,0.03406828,0.03823005
296,"Kiribati",1968,66,0.04645023,0.03677731,0.04117719
296,"Kiribati",1968,67,0.05002832,0.03986011,0.04445785
296,"Kiribati",1968,68,0.05400228,0.04344647,0.04818121
296,"Kiribati",1968,69,0.05844652,0.04761605,0.0524163
296,"Kiribati",1968,70,0.06342879,0.05240084,0.0572717
296,"Kiribati",1968,71,0.06899749,0.05774493,0.06270006
296,"Kiribati",1968,72,0.07518694,0.06357807,0.06864448
296,"Kiribati",1968,73,0.08202078,0.06984054,0.07514848
296,"Kiribati",1968,74,0.08951022,0.07651698,0.08216467
296,"Kiribati",1968,75,0.09765681,0.0836986,0.08972502
296,"Kiribati",1968,76,0.10645128,0.09152092,0.09790648
296,"Kiribati",1968,77,0.1159035,0.1001677,0.10683001
296,"Kiribati",1968,78,0.12604428,0.10980271,0.11660778
296,"Kiribati",1968,79,0.1369544,0.12049551,0.12731881
296,"Kiribati",1968,80,0.14876986,0.132249,0.1390382
296,"Kiribati",1968,81,0.16164391,0.14494228,0.1517968
296,"Kiribati",1968,82,0.17574466,0.15842533,0.1655827
296,"Kiribati",1968,83,0.19117776,0.17258933,0.18019494
296,"Kiribati",1968,84,0.20795919,0.18737072,0.19545506
296,"Kiribati",1968,85,0.22601869,0.20284721,0.21189304
296,"Kiribati",1968,86,0.24517427,0.21914008,0.22952133
296,"Kiribati",1968,87,0.26524111,0.23639284,0.24784194
296,"Kiribati",1968,88,0.28606803,0.25472407,0.26661519
296,"Kiribati",1968,89,0.30756043,0.27412852,0.28618613
296,"Kiribati",1968,90,0.3297317,0.29454107,0.30569539
296,"Kiribati",1968,91,0.35261216,0.3158071,0.32552464
296,"Kiribati",1968,92,0.37623859,0.33775432,0.34757102
296,"Kiribati",1968,93,0.40060081,0.36027755,0.37176264
296,"Kiribati",1968,94,0.42558884,0.38330313,0.39659021
296,"Kiribati",1968,95,0.45104925,0.40684231,0.42026592
296,"Kiribati",1968,96,0.4767782,0.43091591,0.44439716
296,"Kiribati",1968,97,0.50258608,0.45549322,0.46884242
296,"Kiribati",1968,98,0.52835772,0.48049837,0.49340603
296,"Kiribati",1968,99,0.5540065,0.50573581,0.51819679
296,"Kiribati",1968,100,0.60549539,0.55988913,0.57063273
296,"Kiribati",1969,0,0.11837664,0.09950645,0.10922881
296,"Kiribati",1969,1,0.02112186,0.02141061,0.02126158
296,"Kiribati",1969,2,0.01401057,0.01410031,0.01405396
296,"Kiribati",1969,3,0.00940829,0.00940952,0.00940889
296,"Kiribati",1969,4,0.00648057,0.00645336,0.00646738
296,"Kiribati",1969,5,0.00464381,0.00461707,0.00463083
296,"Kiribati",1969,6,0.00350763,0.00349573,0.00350184
296,"Kiribati",1969,7,0.00282245,0.0028313,0.00282676
296,"Kiribati",1969,8,0.00242321,0.00245586,0.00243913
296,"Kiribati",1969,9,0.00221507,0.00227434,0.00224404
296,"Kiribati",1969,10,0.00213715,0.00222493,0.00218016
296,"Kiribati",1969,11,0.00215369,0.00227136,0.00221152
296,"Kiribati",1969,12,0.0022431,0.00238912,0.00231509
296,"Kiribati",1969,13,0.00239046,0.00255885,0.00247381
296,"Kiribati",1969,14,0.00258842,0.00276749,0.00267748
296,"Kiribati",1969,15,0.00283154,0.00300197,0.00291685
296,"Kiribati",1969,16,0.00311681,0.00325317,0.00318549
296,"Kiribati",1969,17,0.0034403,0.00351145,0.0034763
296,"Kiribati",1969,18,0.00379212,0.00376778,0.00377973
296,"Kiribati",1969,19,0.00415541,0.00401266,0.00408237
296,"Kiribati",1969,20,0.00450448,0.00423828,0.00436784
296,"Kiribati",1969,21,0.00480686,0.00443803,0.00461702
296,"Kiribati",1969,22,0.00503842,0.00460938,0.00481688
296,"Kiribati",1969,23,0.00518495,0.00475274,0.00496091
296,"Kiribati",1969,24,0.00525651,0.00487401,0.00505754
296,"Kiribati",1969,25,0.0052803,0.00498185,0.00512459
296,"Kiribati",1969,26,0.00528977,0.00508667,0.00518344
296,"Kiribati",1969,27,0.00532032,0.005199,0.00525666
296,"Kiribati",1969,28,0.00539197,0.00532404,0.00535633
296,"Kiribati",1969,29,0.00551345,0.00546434,0.00548771
296,"Kiribati",1969,30,0.0056813,0.00561645,0.00564735
296,"Kiribati",1969,31,0.00588117,0.00577439,0.00582539
296,"Kiribati",1969,32,0.00610027,0.00593304,0.00601335
296,"Kiribati",1969,33,0.00632764,0.0060881,0.00620415
296,"Kiribati",1969,34,0.00656037,0.00624049,0.00639655
296,"Kiribati",1969,35,0.00680513,0.00639389,0.00659614
296,"Kiribati",1969,36,0.00707165,0.00655396,0.00681125
296,"Kiribati",1969,37,0.00737272,0.00672699,0.00705077
296,"Kiribati",1969,38,0.00771624,0.00691486,0.00731931
296,"Kiribati",1969,39,0.0081021,0.00711666,0.00761531
296,"Kiribati",1969,40,0.00852462,0.00732731,0.00793319
296,"Kiribati",1969,41,0.00896986,0.00753967,0.00826478
296,"Kiribati",1969,42,0.00942612,0.00775227,0.00860038
296,"Kiribati",1969,43,0.009889,0.00796821,0.00893876
296,"Kiribati",1969,44,0.01036284,0.00820214,0.00928696
296,"Kiribati",1969,45,0.01086829,0.00847694,0.00966833
296,"Kiribati",1969,46,0.01143011,0.00881742,0.01011018
296,"Kiribati",1969,47,0.01207497,0.00925033,0.01063471
296,"Kiribati",1969,48,0.01282453,0.00978802,0.01126158
296,"Kiribati",1969,49,0.01368179,0.01043069,0.01199094
296,"Kiribati",1969,50,0.01464028,0.01116003,0.01281132
296,"Kiribati",1969,51,0.0156752,0.01193904,0.01369242
296,"Kiribati",1969,52,0.01675903,0.01273686,0.01460741
296,"Kiribati",1969,53,0.01787945,0.01353064,0.01553975
296,"Kiribati",1969,54,0.01903577,0.01432939,0.01648996
296,"Kiribati",1969,55,0.02026155,0.01517602,0.01750341
296,"Kiribati",1969,56,0.02160376,0.01612973,0.01863163
296,"Kiribati",1969,57,0.02311353,0.01726656,0.01993049
296,"Kiribati",1969,58,0.02484189,0.01864072,0.0214599
296,"Kiribati",1969,59,0.0268071,0.02027867,0.023246
296,"Kiribati",1969,60,0.02901162,0.02217042,0.02529537
296,"Kiribati",1969,61,0.03142772,0.02425483,0.02754786
296,"Kiribati",1969,62,0.03401243,0.0264679,0.02994935
296,"Kiribati",1969,63,0.03674245,0.02875302,0.03245376
296,"Kiribati",1969,64,0.03960576,0.03110004,0.03502954
296,"Kiribati",1969,65,0.04263605,0.03357273,0.03773319
296,"Kiribati",1969,66,0.04589463,0.03627198,0.04065982
296,"Kiribati",1969,67,0.04945709,0.03934165,0.04391997
296,"Kiribati",1969,68,0.05341242,0.04290759,0.04761934
296,"Kiribati",1969,69,0.05783325,0.04704776,0.05184375
296,"Kiribati",1969,70,0.06278601,0.05179429,0.05662466
296,"Kiribati",1969,71,0.06831867,0.0570947,0.06202186
296,"Kiribati",1969,72,0.07446577,0.06288275,0.06794212
296,"Kiribati",1969,73,0.0812518,0.06910262,0.07434714
296,"Kiribati",1969,74,0.08868948,0.07574175,0.08132588
296,"Kiribati",1969,75,0.09678249,0.08289127,0.08886307
296,"Kiribati",1969,76,0.10552441,0.0906856,0.09701871
296,"Kiribati",1969,77,0.11492751,0.09930625,0.10590831
296,"Kiribati",1969,78,0.12502454,0.1089152,0.115709
296,"Kiribati",1969,79,0.13589682,0.11958178,0.12639045
296,"Kiribati",1969,80,0.14767936,0.13130952,0.13801693
296,"Kiribati",1969,81,0.1605239,0.14397963,0.15070126
296,"Kiribati",1969,82,0.17459647,0.15744421,0.16440144
296,"Kiribati",1969,83,0.19000166,0.17159613,0.17910308
296,"Kiribati",1969,84,0.20675566,0.18637313,0.19470552
296,"Kiribati",1969,85,0.22478945,0.20185356,0.21080688
296,"Kiribati",1969,86,0.24392351,0.21815927,0.22792363
296,"Kiribati",1969,87,0.26397555,0.23543414,0.24667093
296,"Kiribati",1969,88,0.2847967,0.25379701,0.26623164
296,"Kiribati",1969,89,0.30629454,0.27324231,0.28607555
296,"Kiribati",1969,90,0.32848421,0.29370409,0.30679632
296,"Kiribati",1969,91,0.351397,0.31502635,0.32770037
296,"Kiribati",1969,92,0.37506902,0.33703546,0.34703549
296,"Kiribati",1969,93,0.39948742,0.35962655,0.36748533
296,"Kiribati",1969,94,0.42453615,0.38272727,0.39081392
296,"Kiribati",1969,95,0.4500549,0.40635213,0.41665522
296,"Kiribati",1969,96,0.4758334,0.43052519,0.44384133
296,"Kiribati",1969,97,0.50167988,0.45521603,0.46841253
296,"Kiribati",1969,98,0.52748744,0.48034672,0.49323859
296,"Kiribati",1969,99,0.5531834,0.50571392,0.51804818
296,"Kiribati",1969,100,0.60496174,0.5600868,0.57070412
296,"Kiribati",1970,0,0.11453018,0.09615608,0.1056191
296,"Kiribati",1970,1,0.02012176,0.02031744,0.02021677
296,"Kiribati",1970,2,0.01339269,0.0134084,0.0134003
296,"Kiribati",1970,3,0.00902254,0.00896558,0.00899499
296,"Kiribati",1970,4,0.00623295,0.00615983,0.00619758
296,"Kiribati",1970,5,0.0044771,0.00441354,0.00444632
296,"Kiribati",1970,6,0.00338785,0.00334525,0.00336718
296,"Kiribati",1970,7,0.00272919,0.00271124,0.00272046
296,"Kiribati",1970,8,0.00234449,0.00235244,0.00234836
296,"Kiribati",1970,9,0.00214344,0.00217865,0.00216063
296,"Kiribati",1970,10,0.00206793,0.00213117,0.0020989
296,"Kiribati",1970,11,0.00208394,0.00217556,0.00212898
296,"Kiribati",1970,12,0.00217091,0.0022886,0.00222901
296,"Kiribati",1970,13,0.00231475,0.00245197,0.00238274
296,"Kiribati",1970,14,0.00250846,0.00265326,0.00258064
296,"Kiribati",1970,15,0.00274673,0.00287994,0.00281366
296,"Kiribati",1970,16,0.00302638,0.00312304,0.00307542
296,"Kiribati",1970,17,0.00334306,0.00337298,0.00335837
296,"Kiribati",1970,18,0.0036867,0.00362086,0.00365289
296,"Kiribati",1970,19,0.00404047,0.00385732,0.00394615
296,"Kiribati",1970,20,0.00437919,0.00407492,0.00422225
296,"Kiribati",1970,21,0.00467153,0.00426747,0.00446321
296,"Kiribati",1970,22,0.00489439,0.00443277,0.00465671
296,"Kiribati",1970,23,0.00503438,0.00457141,0.00479598
296,"Kiribati",1970,24,0.00510176,0.00468911,0.00488856
296,"Kiribati",1970,25,0.00512286,0.00479415,0.00495223
296,"Kiribati",1970,26,0.00513034,0.0048964,0.00500833
296,"Kiribati",1970,27,0.00515847,0.00500584,0.00507857
296,"Kiribati",1970,28,0.0052265,0.00512746,0.00517469
296,"Kiribati",1970,29,0.00534313,0.00526374,0.00530168
296,"Kiribati",1970,30,0.00550488,0.00541154,0.00545613
296,"Kiribati",1970,31,0.00569821,0.00556533,0.00562873
296,"Kiribati",1970,32,0.00591088,0.00572035,0.00581128
296,"Kiribati",1970,33,0.00613226,0.00587258,0.00599717
296,"Kiribati",1970,34,0.00635969,0.0060229,0.00618602
296,"Kiribati",1970,35,0.0065993,0.00617476,0.00638162
296,"Kiribati",1970,36,0.00686045,0.00633347,0.0065923
296,"Kiribati",1970,37,0.00715547,0.00650501,0.00682846
296,"Kiribati",1970,38,0.00749193,0.00669126,0.00709363
296,"Kiribati",1970,39,0.00787015,0.00689154,0.00738651
296,"Kiribati",1970,40,0.0082849,0.00710129,0.00769985
296,"Kiribati",1970,41,0.00872326,0.00731402,0.00802396
296,"Kiribati",1970,42,0.00917448,0.0075285,0.00835746
296,"Kiribati",1970,43,0.00963423,0.00774771,0.00869686
296,"Kiribati",1970,44,0.01010682,0.00798544,0.00905057
296,"Kiribati",1970,45,0.01061147,0.00826323,0.00943701
296,"Kiribati",1970,46,0.01117158,0.00860453,0.00988047
296,"Kiribati",1970,47,0.01181279,0.00903468,0.01040585
296,"Kiribati",1970,48,0.01255553,0.00956553,0.01102712
296,"Kiribati",1970,49,0.01340351,0.0101974,0.01175112
296,"Kiribati",1970,50,0.01435088,0.0109132,0.01256289
296,"Kiribati",1970,51,0.01537468,0.01167811,0.0134337
296,"Kiribati",1970,52,0.0164498,0.01246313,0.0143317
296,"Kiribati",1970,53,0.01756445,0.01324686,0.01524736
296,"Kiribati",1970,54,0.01871861,0.01403812,0.01619472
296,"Kiribati",1970,55,0.01994385,0.01487795,0.01720186
296,"Kiribati",1970,56,0.0212845,0.01582307,0.01832312
296,"Kiribati",1970,57,0.02278992,0.01694639,0.01962526
296,"Kiribati",1970,58,0.02450827,0.0183003,0.02113936
296,"Kiribati",1970,59,0.02645805,0.01991084,0.02288653
296,"Kiribati",1970,60,0.02864209,0.0217694,0.02488173
296,"Kiribati",1970,61,0.03103449,0.02381878,0.0270903
296,"Kiribati",1970,62,0.03359614,0.02599906,0.02945747
296,"Kiribati",1970,63,0.03630526,0.02825727,0.03194845
296,"Kiribati",1970,64,0.03915206,0.03058464,0.03452192
296,"Kiribati",1970,65,0.04216971,0.03304277,0.03721967
296,"Kiribati",1970,66,0.04541743,0.03572894,0.04012533
296,"Kiribati",1970,67,0.04896942,0.0387818,0.04335097
296,"Kiribati",1970,68,0.05291175,0.04232315,0.04701177
296,"Kiribati",1970,69,0.0573157,0.04642912,0.05118486
296,"Kiribati",1970,70,0.06224644,0.05113193,0.05594922
296,"Kiribati",1970,71,0.06775131,0.05638254,0.06126614
296,"Kiribati",1970,72,0.07386535,0.06211877,0.06718971
296,"Kiribati",1970,73,0.08061383,0.06828875,0.07360339
296,"Kiribati",1970,74,0.08801104,0.07488265,0.08048639
296,"Kiribati",1970,75,0.09606253,0.08199133,0.0879844
296,"Kiribati",1970,76,0.10476514,0.08974787,0.09613034
296,"Kiribati",1970,77,0.11413326,0.0983312,0.10505192
296,"Kiribati",1970,78,0.12420153,0.10790128,0.11473474
296,"Kiribati",1970,79,0.13505224,0.11852739,0.12541535
296,"Kiribati",1970,80,0.14681804,0.13021401,0.13707688
296,"Kiribati",1970,81,0.15965067,0.14284516,0.1496074
296,"Kiribati",1970,82,0.1737137,0.15627576,0.16323241
296,"Kiribati",1970,83,0.18911005,0.17040039,0.17802925
296,"Kiribati",1970,84,0.20585842,0.18515761,0.19378431
296,"Kiribati",1970,85,0.22388874,0.20062474,0.21018335
296,"Kiribati",1970,86,0.24302711,0.21692231,0.22696074
296,"Kiribati",1970,87,0.26309418,0.23419336,0.24496038
296,"Kiribati",1970,88,0.28394039,0.25255667,0.26468715
296,"Kiribati",1970,89,0.30547673,0.27200863,0.28517259
296,"Kiribati",1970,90,0.32771359,0.29248593,0.3058757
296,"Kiribati",1970,91,0.3506826,0.31383553,0.32739235
296,"Kiribati",1970,92,0.37441919,0.33588583,0.34898159
296,"Kiribati",1970,93,0.39890784,0.35853064,0.36883658
296,"Kiribati",1970,94,0.42403567,0.3816944,0.38976266
296,"Kiribati",1970,95,0.44964177,0.40538555,0.41364259
296,"Kiribati",1970,96,0.47551728,0.42962201,0.44006052
296,"Kiribati",1970,97,0.50146965,0.4543709,0.4677454
296,"Kiribati",1970,98,0.52738531,0.47955449,0.49266097
296,"Kiribati",1970,99,0.55318499,0.50497617,0.51768057
296,"Kiribati",1970,100,0.60516954,0.55955034,0.5704015
296,"Kiribati",1971,0,0.1109674,0.09326832,0.10238574
296,"Kiribati",1971,1,0.0192199,0.01939125,0.01930327
296,"Kiribati",1971,2,0.01283506,0.01282102,0.01282824
296,"Kiribati",1971,3,0.00867426,0.008588,0.00863247
296,"Kiribati",1971,4,0.00600937,0.00590975,0.00596122
296,"Kiribati",1971,5,0.00432655,0.00423989,0.00428466
296,"Kiribati",1971,6,0.00327973,0.00321675,0.00324925
296,"Kiribati",1971,7,0.00264501,0.00260864,0.00262736
296,"Kiribati",1971,8,0.00227342,0.00226404,0.00226886
296,"Kiribati",1971,9,0.00207876,0.00209685,0.00208758
296,"Kiribati",1971,10,0.0020054,0.00205102,0.00202771
296,"Kiribati",1971,11,0.00202094,0.00209367,0.00205664
296,"Kiribati",1971,12,0.00210572,0.00220266,0.00215354
296,"Kiribati",1971,13,0.00224643,0.00236058,0.00230305
296,"Kiribati",1971,14,0.00243639,0.00255555,0.00249575
296,"Kiribati",1971,15,0.00267039,0.00277548,0.00272316
296,"Kiribati",1971,16,0.00294512,0.00301157,0.00297886
296,"Kiribati",1971,17,0.00325583,0.00325431,0.00325505
296,"Kiribati",1971,18,0.00359222,0.00349488,0.00354166
296,"Kiribati",1971,19,0.00393751,0.00372409,0.00382624
296,"Kiribati",1971,20,0.00426692,0.00393479,0.00409381
296,"Kiribati",1971,21,0.00455016,0.00412115,0.00432705
296,"Kiribati",1971,22,0.00476516,0.00428123,0.00451455
296,"Kiribati",1971,23,0.00489914,0.00441581,0.00465018
296,"Kiribati",1971,24,0.00496275,0.00453041,0.00474076
296,"Kiribati",1971,25,0.00498128,0.004633,0.00480196
296,"Kiribati",1971,26,0.0049869,0.004733,0.0048554
296,"Kiribati",1971,27,0.00501287,0.00483992,0.0049227
296,"Kiribati",1971,28,0.00507756,0.00495856,0.00501527
296,"Kiribati",1971,29,0.00518989,0.00509136,0.00513849
296,"Kiribati",1971,30,0.00534609,0.00523542,0.00528857
296,"Kiribati",1971,31,0.0055335,0.00538559,0.0054565
296,"Kiribati",1971,32,0.00574044,0.00553741,0.00563439
296,"Kiribati",1971,33,0.00595643,0.00568713,0.00581557
296,"Kiribati",1971,34,0.00617919,0.00583557,0.00600028
296,"Kiribati",1971,35,0.0064142,0.00598599,0.00619333
296,"Kiribati",1971,36,0.00667055,0.00614342,0.00639992
296,"Kiribati",1971,37,0.00696023,0.00631356,0.00663074
296,"Kiribati",1971,38,0.00729034,0.00649829,0.00689233
296,"Kiribati",1971,39,0.00766182,0.00669712,0.00718298
296,"Kiribati",1971,40,0.00806964,0.00690594,0.00749573
296,"Kiribati",1971,41,0.0085019,0.00711882,0.00781777
296,"Kiribati",1971,42,0.00894889,0.00733472,0.00814419
296,"Kiribati",1971,43,0.0094061,0.00755654,0.00848172
296,"Kiribati",1971,44,0.00987812,0.00779733,0.00883678
296,"Kiribati",1971,45,0.01038265,0.00807751,0.00922753
296,"Kiribati",1971,46,0.0109418,0.00841933,0.00967458
296,"Kiribati",1971,47,0.01158048,0.00884693,0.01020235
296,"Kiribati",1971,48,0.01231767,0.0093717,0.01082195
296,"Kiribati",1971,49,0.01315803,0.00999411,0.01153466
296,"Kiribati",1971,50,0.01409606,0.01069806,0.01234036
296,"Kiribati",1971,51,0.01511041,0.01145061,0.01320662
296,"Kiribati",1971,52,0.01617867,0.01222439,0.01410397
296,"Kiribati",1971,53,0.01728899,0.01299923,0.01500701
296,"Kiribati",1971,54,0.01844262,0.01378379,0.01593011
296,"Kiribati",1971,55,0.01966898,0.01461752,0.01693424
296,"Kiribati",1971,56,0.02100976,0.01555496,0.01805505
296,"Kiribati",1971,57,0.02251325,0.01666636,0.01934317
296,"Kiribati",1971,58,0.02422432,0.01800247,0.02086293
296,"Kiribati",1971,59,0.02616224,0.01958898,0.02260574
296,"Kiribati",1971,60,0.02832996,0.02141849,0.0245584
296,"Kiribati",1971,61,0.03070282,0.02343718,0.02671466
296,"Kiribati",1971,62,0.03324609,0.02558864,0.02903273
296,"Kiribati",1971,63,0.03593876,0.02782311,0.03148361
296,"Kiribati",1971,64,0.03877365,0.03013297,0.03406956
296,"Kiribati",1971,65,0.04178348,0.032578,0.03677254
296,"Kiribati",1971,66,0.04502502,0.03525232,0.0396804
296,"Kiribati",1971,67,0.04857197,0.03829007,0.04290032
296,"Kiribati",1971,68,0.05250728,0.04180952,0.04652752
296,"Kiribati",1971,69,0.05690124,0.0458852,0.05065767
296,"Kiribati",1971,70,0.06181791,0.05054937,0.05534338
296,"Kiribati",1971,71,0.06730377,0.05575599,0.0606325
296,"Kiribati",1971,72,0.07339464,0.06144642,0.06645758
296,"Kiribati",1971,73,0.0801165,0.06757223,0.07288788
296,"Kiribati",1971,74,0.08748527,0.07412601,0.07980118
296,"Kiribati",1971,75,0.09550805,0.08119835,0.08722494
296,"Kiribati",1971,76,0.1041854,0.08892118,0.09532461
296,"Kiribati",1971,77,0.11353347,0.09747118,0.10420629
296,"Kiribati",1971,78,0.12358873,0.10700655,0.11397082
296,"Kiribati",1971,79,0.13443489,0.11759649,0.12453179
296,"Kiribati",1971,80,0.14620085,0.12924637,0.13622532
296,"Kiribati",1971,81,0.15903993,0.14184268,0.14888034
296,"Kiribati",1971,82,0.17311282,0.1552428,0.16229101
296,"Kiribati",1971,83,0.18852019,0.16934286,0.17683851
296,"Kiribati",1971,84,0.20528557,0.18408212,0.19267784
296,"Kiribati",1971,85,0.2233355,0.19953703,0.20957943
296,"Kiribati",1971,86,0.24250487,0.21582696,0.22714948
296,"Kiribati",1971,87,0.26261771,0.23309421,0.244593
296,"Kiribati",1971,88,0.28352061,0.2514575,0.2631736
296,"Kiribati",1971,89,0.30512929,0.27091499,0.28387189
296,"Kiribati",1971,90,0.32744271,0.29140568,0.30527862
296,"Kiribati",1971,91,0.35049223,0.31277915,0.32678587
296,"Kiribati",1971,92,0.37431251,0.33486562,0.34902406
296,"Kiribati",1971,93,0.39888542,0.35755777,0.37122696
296,"Kiribati",1971,94,0.42411069,0.38077718,0.39148729
296,"Kiribati",1971,95,0.44983334,0.40452695,0.41284837
296,"Kiribati",1971,96,0.47585398,0.42881951,0.43726128
296,"Kiribati",1971,97,0.50198078,0.45361981,0.46420491
296,"Kiribati",1971,98,0.52807814,0.47885027,0.49232705
296,"Kiribati",1971,99,0.55403907,0.50432026,0.51743786
296,"Kiribati",1971,100,0.60614062,0.55907339,0.57036775
296,"Kiribati",1972,0,0.10818067,0.09103337,0.09987168
296,"Kiribati",1972,1,0.01860524,0.01875816,0.01867966
296,"Kiribati",1972,2,0.01245825,0.01242557,0.01244232
296,"Kiribati",1972,3,0.00845953,0.00835535,0.00840886
296,"Kiribati",1972,4,0.00589522,0.00577966,0.00583924
296,"Kiribati",1972,5,0.00427149,0.0041714,0.00422312
296,"Kiribati",1972,6,0.00325853,0.00318403,0.00322255
296,"Kiribati",1972,7,0.00264141,0.00259468,0.00261881
296,"Kiribati",1972,8,0.00227581,0.00225658,0.00226648
296,"Kiribati",1972,9,0.002079,0.00208732,0.00208305
296,"Kiribati",1972,10,0.00199901,0.00203452,0.00201634
296,"Kiribati",1972,11,0.00200637,0.00206814,0.00203662
296,"Kiribati",1972,12,0.00208374,0.00216845,0.00212541
296,"Kiribati",1972,13,0.0022182,0.00231817,0.00226769
296,"Kiribati",1972,14,0.00240193,0.00250446,0.00245303
296,"Kiribati",1972,15,0.00262967,0.00271592,0.00267288
296,"Kiribati",1972,16,0.0028979,0.00294417,0.00292131
296,"Kiribati",1972,17,0.00320138,0.00318003,0.00319042
296,"Kiribati",1972,18,0.00352955,0.00341433,0.00346946
296,"Kiribati",1972,19,0.00386565,0.00363735,0.00374515
296,"Kiribati",1972,20,0.0041854,0.00384219,0.00400377
296,"Kiribati",1972,21,0.00445955,0.00402332,0.0042295
296,"Kiribati",1972,22,0.00466696,0.00417901,0.00441107
296,"Kiribati",1972,23,0.00479526,0.00431059,0.00454313
296,"Kiribati",1972,24,0.0048551,0.00442367,0.00463278
296,"Kiribati",1972,25,0.00487102,0.00452568,0.00469423
296,"Kiribati",1972,26,0.00487477,0.00462541,0.00474685
296,"Kiribati",1972,27,0.00489882,0.00473169,0.00481247
296,"Kiribati",1972,28,0.00496085,0.00484924,0.00490269
296,"Kiribati",1972,29,0.00506987,0.00498059,0.00502315
296,"Kiribati",1972,30,0.0052218,0.00512303,0.00517042
296,"Kiribati",1972,31,0.00540469,0.00527168,0.00533587
296,"Kiribati",1972,32,0.0056072,0.00542227,0.00551124
296,"Kiribati",1972,33,0.00581901,0.00557128,0.00568976
296,"Kiribati",1972,34,0.00603821,0.00571954,0.00587141
296,"Kiribati",1972,35,0.00626972,0.0058701,0.00606145
296,"Kiribati",1972,36,0.00652243,0.00602774,0.00626719
296,"Kiribati",1972,37,0.00680804,0.00619787,0.00649461
296,"Kiribati",1972,38,0.00713329,0.00638237,0.00675046
296,"Kiribati",1972,39,0.0074996,0.00658095,0.00703817
296,"Kiribati",1972,40,0.00790212,0.00678989,0.00735124
296,"Kiribati",1972,41,0.00832975,0.00700377,0.00767712
296,"Kiribati",1972,42,0.0087736,0.00722173,0.00800535
296,"Kiribati",1972,43,0.00922904,0.00744661,0.00833629
296,"Kiribati",1972,44,0.00970087,0.00769081,0.00868934
296,"Kiribati",1972,45,0.01020558,0.00797383,0.00908066
296,"Kiribati",1972,46,0.01076426,0.00831699,0.0095301
296,"Kiribati",1972,47,0.01140126,0.00874343,0.0100601
296,"Kiribati",1972,48,0.01213431,0.00926414,0.01068379
296,"Kiribati",1972,49,0.01296893,0.00987969,0.0113964
296,"Kiribati",1972,50,0.01389984,0.01057484,0.01218733
296,"Kiribati",1972,51,0.01490703,0.01131829,0.01304799
296,"Kiribati",1972,52,0.01597034,0.01208404,0.01394823
296,"Kiribati",1972,53,0.01707794,0.01285311,0.01486278
296,"Kiribati",1972,54,0.01823213,0.01363402,0.01578273
296,"Kiribati",1972,55,0.01946055,0.01446478,0.01675213
296,"Kiribati",1972,56,0.02080263,0.01539801,0.01786414
296,"Kiribati",1972,57,0.02230575,0.01650159,0.01915905
296,"Kiribati",1972,58,0.02401202,0.01782486,0.02065744
296,"Kiribati",1972,59,0.02594137,0.01939326,0.02241189
296,"Kiribati",1972,60,0.02809679,0.02120048,0.02437605
296,"Kiribati",1972,61,0.03045463,0.02319562,0.02649884
296,"Kiribati",1972,62,0.03298383,0.02532533,0.0287741
296,"Kiribati",1972,63,0.03566397,0.02754256,0.03116392
296,"Kiribati",1972,64,0.03849016,0.02984072,0.03370257
296,"Kiribati",1972,65,0.04149474,0.03227799,0.03644627
296,"Kiribati",1972,66,0.04473243,0.03494581,0.03936411
296,"Kiribati",1972,67,0.04827653,0.03797444,0.04259364
296,"Kiribati",1972,68,0.05220737,0.04147966,0.04621856
296,"Kiribati",1972,69,0.05659441,0.04553469,0.05030517
296,"Kiribati",1972,70,0.06150069,0.05017113,0.05496595
296,"Kiribati",1972,71,0.06697188,0.05534474,0.06015283
296,"Kiribati",1972,72,0.07304441,0.06099918,0.0659375
296,"Kiribati",1972,73,0.07974483,0.067089,0.07226425
296,"Kiribati",1972,74,0.08709052,0.07360961,0.0791687
296,"Kiribati",1972,75,0.09508992,0.08065178,0.08666877
296,"Kiribati",1972,76,0.10374678,0.08834686,0.09474834
296,"Kiribati",1972,77,0.11307881,0.09687003,0.10357373
296,"Kiribati",1972,78,0.12312411,0.10637864,0.11325984
296,"Kiribati",1972,79,0.13396757,0.11694202,0.12391578
296,"Kiribati",1972,80,0.14573482,0.12856584,0.13549297
296,"Kiribati",1972,81,0.15858043,0.14113829,0.14822115
296,"Kiribati",1972,82,0.17266256,0.15451847,0.16186618
296,"Kiribati",1972,83,0.18807987,0.16860378,0.17611382
296,"Kiribati",1972,84,0.20486013,0.18333452,0.1915527
296,"Kiribati",1972,85,0.22292718,0.19878661,0.20851373
296,"Kiribati",1972,86,0.24212359,0.21507871,0.22665792
296,"Kiribati",1972,87,0.26227649,0.23235269,0.24553696
296,"Kiribati",1972,88,0.28323101,0.25073135,0.26360794
296,"Kiribati",1972,89,0.30490801,0.27021473,0.28262205
296,"Kiribati",1972,90,0.3272956,0.29073854,0.30427564
296,"Kiribati",1972,91,0.3504239,0.31214932,0.32654299
296,"Kiribati",1972,92,0.37432589,0.33427353,0.34878028
296,"Kiribati",1972,93,0.39898423,0.35700516,0.37167246
296,"Kiribati",1972,94,0.42431051,0.3802693,0.39441168
296,"Kiribati",1972,95,0.45015077,0.40406459,0.41506362
296,"Kiribati",1972,96,0.47630977,0.42839894,0.43685627
296,"Kiribati",1972,97,0.50259223,0.4532356,0.46173369
296,"Kiribati",1972,98,0.52883772,0.47848582,0.4890652
296,"Kiribati",1972,99,0.55491381,0.5039559,0.51737407
296,"Kiribati",1972,100,0.60707297,0.55879658,0.5704277
296,"Kiribati",1973,0,0.10558308,0.08886888,0.09748353
296,"Kiribati",1973,1,0.01788163,0.01800928,0.01794372
296,"Kiribati",1973,2,0.01200405,0.01194249,0.01197405
296,"Kiribati",1973,3,0.00815313,0.00802197,0.00808917
296,"Kiribati",1973,4,0.00567362,0.0055341,0.00560577
296,"Kiribati",1973,5,0.00409978,0.00397862,0.00404111
296,"Kiribati",1973,6,0.0031165,0.00302315,0.00307141
296,"Kiribati",1973,7,0.00251775,0.00245395,0.00248695
296,"Kiribati",1973,8,0.00216592,0.0021307,0.0021489
296,"Kiribati",1973,9,0.00198089,0.00197348,0.0019773
296,"Kiribati",1973,10,0.00191079,0.00193015,0.00192022
296,"Kiribati",1973,11,0.00192562,0.00197017,0.00194738
296,"Kiribati",1973,12,0.00200705,0.00207305,0.00203941
296,"Kiribati",1973,13,0.00214295,0.00222269,0.00218227
296,"Kiribati",1973,14,0.00232713,0.00240801,0.00236732
296,"Kiribati",1973,15,0.00255451,0.00261766,0.00258614
296,"Kiribati",1973,16,0.00282163,0.00284303,0.00283241
296,"Kiribati",1973,17,0.00312311,0.00307476,0.00309845
296,"Kiribati",1973,18,0.0034484,0.00330417,0.00337355
296,"Kiribati",1973,19,0.00378074,0.00352233,0.00364404
296,"Kiribati",1973,20,0.004096,0.00372254,0.00389564
296,"Kiribati",1973,21,0.00436551,0.00389949,0.00411498
296,"Kiribati",1973,22,0.00456863,0.00405165,0.00429258
296,"Kiribati",1973,23,0.00469362,0.00418001,0.00442197
296,"Kiribati",1973,24,0.00475159,0.00428985,0.00451028
296,"Kiribati",1973,25,0.00476634,0.00438866,0.00457164
296,"Kiribati",1973,26,0.00476923,0.00448516,0.00462426
296,"Kiribati",1973,27,0.00479198,0.00458819,0.00468784
296,"Kiribati",1973,28,0.00485169,0.00470225,0.00477467
296,"Kiribati",1973,29,0.00495755,0.00482969,0.00489096
296,"Kiribati",1973,30,0.00510538,0.00496799,0.00503349
296,"Kiribati",1973,31,0.00528387,0.00511257,0.00519495
296,"Kiribati",1973,32,0.00548208,0.00525943,0.00536733
296,"Kiribati",1973,33,0.00568984,0.00540519,0.0055426
296,"Kiribati",1973,34,0.00590543,0.00555059,0.00572047
296,"Kiribati",1973,35,0.00613332,0.00569861,0.00590563
296,"Kiribati",1973,36,0.00638226,0.00585388,0.00610662
296,"Kiribati",1973,37,0.00666367,0.00602165,0.00633228
296,"Kiribati",1973,38,0.006984,0.00620382,0.00658298
296,"Kiribati",1973,39,0.00734504,0.0064002,0.00686303
296,"Kiribati",1973,40,0.00774212,0.00660733,0.00717232
296,"Kiribati",1973,41,0.00816483,0.00682012,0.0075002
296,"Kiribati",1973,42,0.00860501,0.00703781,0.00783513
296,"Kiribati",1973,43,0.00905795,0.00726323,0.00816868
296,"Kiribati",1973,44,0.00952862,0.00750829,0.00851191
296,"Kiribati",1973,45,0.01003246,0.00779172,0.00889703
296,"Kiribati",1973,46,0.01058967,0.00813398,0.009343
296,"Kiribati",1973,47,0.01122408,0.00855737,0.00987073
296,"Kiribati",1973,48,0.01195238,0.00907256,0.01049272
296,"Kiribati",1973,49,0.01278075,0.00968023,0.01120989
296,"Kiribati",1973,50,0.01370414,0.01036578,0.01200024
296,"Kiribati",1973,51,0.01470365,0.01109915,0.01283995
296,"Kiribati",1973,52,0.01576095,0.0118554,0.01373239
296,"Kiribati",1973,53,0.01686418,0.01261628,0.0146531
296,"Kiribati",1973,54,0.01801645,0.01339018,0.01559213
296,"Kiribati",1973,55,0.01924401,0.01421413,0.01656045
296,"Kiribati",1973,56,0.0205845,0.01513938,0.01761575
296,"Kiribati",1973,57,0.02208459,0.01623205,0.01888778
296,"Kiribati",1973,58,0.02378407,0.01754041,0.02039568
296,"Kiribati",1973,59,0.02570336,0.01908958,0.02211706
296,"Kiribati",1973,60,0.02784557,0.02087398,0.0240961
296,"Kiribati",1973,61,0.03018795,0.02284496,0.02623677
296,"Kiribati",1973,62,0.03270252,0.02495152,0.02848375
296,"Kiribati",1973,63,0.03536939,0.02714875,0.03084358
296,"Kiribati",1973,64,0.03818547,0.02943088,0.03329818
296,"Kiribati",1973,65,0.04118275,0.03185487,0.03597311
296,"Kiribati",1973,66,0.04441426,0.03451005,0.03895306
296,"Kiribati",1973,67,0.04795296,0.03752361,0.04218522
296,"Kiribati",1973,68,0.05187693,0.04100836,0.04581528
296,"Kiribati",1973,69,0.05625498,0.04503631,0.04990434
296,"Kiribati",1973,70,0.06114941,0.04963981,0.05449442
296,"Kiribati",1973,71,0.06660537,0.05477738,0.05966888
296,"Kiribati",1973,72,0.07265986,0.06039588,0.06532585
296,"Kiribati",1973,73,0.07933994,0.06645219,0.07156147
296,"Kiribati",1973,74,0.08666412,0.07294265,0.0783842
296,"Kiribati",1973,75,0.09464184,0.07995746,0.08582475
296,"Kiribati",1973,76,0.10327943,0.08762676,0.09399762
296,"Kiribati",1973,77,0.11259583,0.09612376,0.10285816
296,"Kiribati",1973,78,0.12263037,0.1056039,0.11242565
296,"Kiribati",1973,79,0.13346896,0.11613633,0.12298384
296,"Kiribati",1973,80,0.14523471,0.12772775,0.13467181
296,"Kiribati",1973,81,0.15808341,0.14026852,0.14728016
296,"Kiribati",1973,82,0.1721713,0.15361992,0.16104067
296,"Kiribati",1973,83,0.18759553,0.16768049,0.17565424
296,"Kiribati",1973,84,0.20438718,0.18239066,0.19065392
296,"Kiribati",1973,85,0.22246753,0.19782548,0.2068365
296,"Kiribati",1973,86,0.24168518,0.21410257,0.22498851
296,"Kiribati",1973,87,0.26186952,0.23136303,0.244378
296,"Kiribati",1973,88,0.28286116,0.24972554,0.26465206
296,"Kiribati",1973,89,0.30458325,0.26919098,0.2843203
296,"Kiribati",1973,90,0.32701682,0.28970205,0.30367567
296,"Kiribati",1973,91,0.35019282,0.31111247,0.32523538
296,"Kiribati",1973,92,0.37414467,0.33325532,0.34824709
296,"Kiribati",1973,93,0.39885013,0.35602155,0.37111676
296,"Kiribati",1973,94,0.42422881,0.37932827,0.39456383
296,"Kiribati",1973,95,0.45013502,0.40317013,0.41777449
296,"Kiribati",1973,96,0.4763844,0.42755092,0.43877404
296,"Kiribati",1973,97,0.50278631,0.45243215,0.46095102
296,"Kiribati",1973,98,0.52917044,0.47773647,0.4862097
296,"Kiribati",1973,99,0.55538599,0.50328265,0.51376621
296,"Kiribati",1973,100,0.60767002,0.55831891,0.57020925
296,"Kiribati",1974,0,0.10368546,0.08724712,0.09570982
296,"Kiribati",1974,1,0.01741719,0.01751112,0.01746293
296,"Kiribati",1974,2,0.01171461,0.01162528,0.01167112
296,"Kiribati",1974,3,0.007971,0.00781728,0.00789603
296,"Kiribati",1974,4,0.00555591,0.00539807,0.00547892
296,"Kiribati",1974,5,0.00402009,0.00388389,0.00395387
296,"Kiribati",1974,6,0.00305902,0.00295289,0.00300764
296,"Kiribati",1974,7,0.00247289,0.00239776,0.00243662
296,"Kiribati",1974,8,0.00212799,0.00208225,0.00210593
296,"Kiribati",1974,9,0.00194637,0.00192863,0.0019378
296,"Kiribati",1974,10,0.00187741,0.00188619,0.00188167
296,"Kiribati",1974,11,0.00189199,0.00192527,0.00190822
296,"Kiribati",1974,12,0.00197224,0.00202591,0.00199849
296,"Kiribati",1974,13,0.00210642,0.00217255,0.0021389
296,"Kiribati",1974,14,0.00228852,0.00235438,0.00232106
296,"Kiribati",1974,15,0.00251352,0.00256029,0.00253685
296,"Kiribati",1974,16,0.0027779,0.00278179,0.00277986
296,"Kiribati",1974,17,0.00307607,0.00300953,0.00304233
296,"Kiribati",1974,18,0.00339741,0.00323491,0.00331385
296,"Kiribati",1974,19,0.00372515,0.00344907,0.00358035
296,"Kiribati",1974,20,0.0040354,0.00364546,0.00382631
296,"Kiribati",1974,21,0.00430005,0.003819,0.00403783
296,"Kiribati",1974,22,0.004499,0.00396826,0.00420956
296,"Kiribati",1974,23,0.00462084,0.00409434,0.00433664
296,"Kiribati",1974,24,0.00467685,0.00420243,0.004424
296,"Kiribati",1974,25,0.0046903,0.00429983,0.00448538
296,"Kiribati",1974,26,0.00469224,0.00439504,0.00453905
296,"Kiribati",1974,27,0.00471388,0.00449662,0.00460343
296,"Kiribati",1974,28,0.00477185,0.00460899,0.00468897
296,"Kiribati",1974,29,0.00487545,0.00473446,0.00480299
296,"Kiribati",1974,30,0.00502033,0.00487065,0.00494248
296,"Kiribati",1974,31,0.00519567,0.00501318,0.00510026
296,"Kiribati",1974,32,0.0053908,0.0051582,0.00527031
296,"Kiribati",1974,33,0.00559563,0.00530248,0.00544499
296,"Kiribati",1974,34,0.00580865,0.00544674,0.00562189
296,"Kiribati",1974,35,0.00603399,0.00559384,0.00580477
296,"Kiribati",1974,36,0.00628026,0.00574828,0.0060016
296,"Kiribati",1974,37,0.00655871,0.00591514,0.00622286
296,"Kiribati",1974,38,0.00687553,0.00609634,0.00647311
296,"Kiribati",1974,39,0.00723281,0.00629177,0.00674874
296,"Kiribati",1974,40,0.00762603,0.00649823,0.00705075
296,"Kiribati",1974,41,0.00804528,0.00671093,0.00737606
296,"Kiribati",1974,42,0.00848293,0.00692923,0.00771656
296,"Kiribati",1974,43,0.00893423,0.0071559,0.00806307
296,"Kiribati",1974,44,0.00940428,0.00740249,0.00841233
296,"Kiribati",1974,45,0.00990773,0.00768708,0.0087848
296,"Kiribati",1974,46,0.01046412,0.00802949,0.00922057
296,"Kiribati",1974,47,0.01109687,0.00845134,0.00974281
296,"Kiribati",1974,48,0.0118219,0.00896305,0.01036181
296,"Kiribati",1974,49,0.01264589,0.00956533,0.01107736
296,"Kiribati",1974,50,0.01356397,0.01024416,0.01187566
296,"Kiribati",1974,51,0.01455808,0.01097051,0.01271956
296,"Kiribati",1974,52,0.01561134,0.01172035,0.01359358
296,"Kiribati",1974,53,0.01671188,0.01247612,0.01451068
296,"Kiribati",1974,54,0.01786352,0.01324614,0.01545855
296,"Kiribati",1974,55,0.01909134,0.01406653,0.01645568
296,"Kiribati",1974,56,0.02043158,0.01498735,0.01752188
296,"Kiribati",1974,57,0.02193032,0.01607321,0.01871746
296,"Kiribati",1974,58,0.02362554,0.01737147,0.0201922
296,"Kiribati",1974,59,0.02553804,0.01890701,0.0219353
296,"Kiribati",1974,60,0.02767101,0.02067494,0.02388209
296,"Kiribati",1974,61,0.03000237,0.02262849,0.02605057
296,"Kiribati",1974,62,0.03250654,0.02471867,0.0283264
296,"Kiribati",1974,63,0.03516403,0.02690233,0.03066338
296,"Kiribati",1974,64,0.03797322,0.0291744,0.03311046
296,"Kiribati",1974,65,0.04096586,0.03159086,0.03569014
296,"Kiribati",1974,66,0.04419362,0.03423926,0.03857955
296,"Kiribati",1974,67,0.04772921,0.03724425,0.04190585
296,"Kiribati",1974,68,0.05164898,0.04071663,0.04555048
296,"Kiribati",1974,69,0.05602117,0.04472747,0.04966498
296,"Kiribati",1974,70,0.06090746,0.04930913,0.05427724
296,"Kiribati",1974,71,0.06635251,0.05442181,0.05936794
296,"Kiribati",1974,72,0.07239377,0.06001438,0.0650106
296,"Kiribati",1974,73,0.07905866,0.0660457,0.07110833
296,"Kiribati",1974,74,0.08636662,0.07251349,0.07783758
296,"Kiribati",1974,75,0.09432795,0.07950791,0.0851792
296,"Kiribati",1974,76,0.10295105,0.08715846,0.0932233
296,"Kiribati",1974,77,0.11225587,0.09563715,0.10224821
296,"Kiribati",1974,78,0.12228277,0.10509846,0.11196971
296,"Kiribati",1974,79,0.13311847,0.11561148,0.122299
296,"Kiribati",1974,80,0.14488401,0.12718335,0.1338667
296,"Kiribati",1974,81,0.15773606,0.13970577,0.14662941
296,"Kiribati",1974,82,0.17182926,0.15304137,0.16020829
296,"Kiribati",1974,83,0.1872595,0.16708953,0.17496213
296,"Kiribati",1974,84,0.20406058,0.18179118,0.19054184
296,"Kiribati",1974,85,0.22215188,0.19722107,0.20630311
296,"Kiribati",1974,86,0.24138698,0.21349642,0.22337098
296,"Kiribati",1974,87,0.26159724,0.23075809,0.24286218
296,"Kiribati",1974,88,0.28262108,0.24912478,0.2633747
296,"Kiribati",1974,89,0.30438439,0.26859817,0.28514576
296,"Kiribati",1974,90,0.32686167,0.2891219,0.30664688
296,"Kiribati",1974,91,0.3500837,0.3105507,0.32623158
296,"Kiribati",1974,92,0.37408348,0.33271828,0.34727752
296,"Kiribati",1974,93,0.39883726,0.35551509,0.37096784
296,"Kiribati",1974,94,0.42427189,0.37885709,0.39439706
296,"Kiribati",1974,95,0.45024507,0.40273685,0.41835306
296,"Kiribati",1974,96,0.47657796,0.42715604,0.4419995
296,"Kiribati",1974,97,0.50308035,0.45207521,0.46333276
296,"Kiribati",1974,98,0.52956929,0.47741684,0.48585128
296,"Kiribati",1974,99,0.55587793,0.50300152,0.51131694
296,"Kiribati",1974,100,0.60822801,0.5581465,0.56879337
296,"Kiribati",1975,0,0.10220277,0.0857848,0.09424661
296,"Kiribati",1975,1,0.01705695,0.01707386,0.01706518
296,"Kiribati",1975,2,0.01148973,0.01134699,0.01142015
296,"Kiribati",1975,3,0.00782926,0.0076378,0.00773595
296,"Kiribati",1975,4,0.00546418,0.00527885,0.00537381
296,"Kiribati",1975,5,0.0039579,0.00380089,0.00388137
296,"Kiribati",1975,6,0.00301413,0.00289131,0.00295446
296,"Kiribati",1975,7,0.00243783,0.00234848,0.00239462
296,"Kiribati",1975,8,0.00209835,0.0020397,0.00207005
296,"Kiribati",1975,9,0.00191938,0.00188919,0.00190481
296,"Kiribati",1975,10,0.00185132,0.0018475,0.00184948
296,"Kiribati",1975,11,0.0018657,0.00188572,0.00187543
296,"Kiribati",1975,12,0.00194502,0.00198442,0.00196429
296,"Kiribati",1975,13,0.00207785,0.00212847,0.0021027
296,"Kiribati",1975,14,0.00225831,0.00230734,0.0022825
296,"Kiribati",1975,15,0.00248144,0.00251014,0.0024957
296,"Kiribati",1975,16,0.00274365,0.00272842,0.00273601
296,"Kiribati",1975,17,0.00303922,0.00295285,0.00299549
296,"Kiribati",1975,18,0.00335745,0.00317487,0.00326437
296,"Kiribati",1975,19,0.00368158,0.00338566,0.00352884
296,"Kiribati",1975,20,0.00398791,0.00357881,0.00377311
296,"Kiribati",1975,21,0.00424877,0.00374939,0.00398174
296,"Kiribati",1975,22,0.00444447,0.00389614,0.00414746
296,"Kiribati",1975,23,0.00456385,0.00402022,0.00426957
296,"Kiribati",1975,24,0.00461833,0.00412676,0.00435472
296,"Kiribati",1975,25,0.00463077,0.00422292,0.00441475
296,"Kiribati",1975,26,0.00463199,0.00431699,0.00446774
296,"Kiribati",1975,27,0.00465277,0.0044173,0.0045321
296,"Kiribati",1975,28,0.00470938,0.0045282,0.00461781
296,"Kiribati",1975,29,0.00481121,0.00465195,0.00473074
296,"Kiribati",1975,30,0.0049538,0.00478631,0.00486855
296,"Kiribati",1975,31,0.00512668,0.00492706,0.00502403
296,"Kiribati",1975,32,0.00531939,0.0050705,0.00519055
296,"Kiribati",1975,33,0.00552193,0.00521353,0.00536311
296,"Kiribati",1975,34,0.00573293,0.00535683,0.00554022
296,"Kiribati",1975,35,0.00595625,0.00550319,0.00572274
296,"Kiribati",1975,36,0.00620043,0.00565695,0.00591716
296,"Kiribati",1975,37,0.00647653,0.00582309,0.00613324
296,"Kiribati",1975,38,0.00679058,0.0060035,0.00637827
296,"Kiribati",1975,39,0.00714491,0.00619818,0.00665468
296,"Kiribati",1975,40,0.00753508,0.00640415,0.006953
296,"Kiribati",1975,41,0.00795158,0.00661688,0.0072732
296,"Kiribati",1975,42,0.00838722,0.00683586,0.00761435
296,"Kiribati",1975,43,0.00883719,0.00706382,0.00796762
296,"Kiribati",1975,44,0.00930669,0.00731198,0.00833348
296,"Kiribati",1975,45,0.00980978,0.00759786,0.00871688
296,"Kiribati",1975,46,0.01036547,0.00794072,0.00914002
296,"Kiribati",1975,47,0.01099688,0.00836156,0.00964576
296,"Kiribati",1975,48,0.01171929,0.00887054,0.01024911
296,"Kiribati",1975,49,0.0125398,0.00946846,0.01095417
296,"Kiribati",1975,50,0.01345366,0.01014175,0.01174828
296,"Kiribati",1975,51,0.01444349,0.01086232,0.012605
296,"Kiribati",1975,52,0.01549353,0.01160693,0.01349375
296,"Kiribati",1975,53,0.01659192,0.01235865,0.01439739
296,"Kiribati",1975,54,0.01774299,0.01312574,0.01534347
296,"Kiribati",1975,55,0.01897097,0.01394356,0.01634852
296,"Kiribati",1975,56,0.02031095,0.01486111,0.01744424
296,"Kiribati",1975,57,0.02180858,0.0159417,0.01866039
296,"Kiribati",1975,58,0.02350039,0.01723188,0.0200447
296,"Kiribati",1975,59,0.02540751,0.01875634,0.02172642
296,"Kiribati",1975,60,0.02753316,0.02051077,0.02368349
296,"Kiribati",1975,61,0.0298558,0.02245008,0.02581057
296,"Kiribati",1975,62,0.03235173,0.02452701,0.02811885
296,"Kiribati",1975,63,0.0350018,0.02670003,0.0305166
296,"Kiribati",1975,64,0.03780551,0.02896469,0.0329722
296,"Kiribati",1975,65,0.04079442,0.03137614,0.03558326
296,"Kiribati",1975,66,0.04401918,0.03402045,0.03839237
296,"Kiribati",1975,67,0.04755226,0.03702009,0.04160412
296,"Kiribati",1975,68,0.05146865,0.04048409,0.04536055
296,"Kiribati",1975,69,0.05583617,0.04448272,0.04948938
296,"Kiribati",1975,70,0.06071599,0.0490483,0.05413948
296,"Kiribati",1975,71,0.06615239,0.05414248,0.05926077
296,"Kiribati",1975,72,0.07218314,0.05971581,0.06484233
296,"Kiribati",1975,73,0.07883599,0.06572891,0.07099694
296,"Kiribati",1975,74,0.08613108,0.07218081,0.07758012
296,"Kiribati",1975,75,0.09407941,0.07916177,0.08486498
296,"Kiribati",1975,76,0.102691,0.08680101,0.09285503
296,"Kiribati",1975,77,0.11198661,0.09526971,0.10164008
296,"Kiribati",1975,78,0.12200742,0.10472164,0.11152799
296,"Kiribati",1975,79,0.13284079,0.11522582,0.12211651
296,"Kiribati",1975,80,0.1446061,0.12678957,0.13343856
296,"Kiribati",1975,81,0.15746075,0.13930533,0.14608396
296,"Kiribati",1975,82,0.17155811,0.15263647,0.15981984
296,"Kiribati",1975,83,0.18699307,0.16668301,0.1743371
296,"Kiribati",1975,84,0.20380158,0.18138647,0.19002206
296,"Kiribati",1975,85,0.22190152,0.1968221,0.20671021
296,"Kiribati",1975,86,0.24115043,0.21310764,0.22331587
296,"Kiribati",1975,87,0.26138121,0.23038442,0.24115013
296,"Kiribati",1975,88,0.28243057,0.24877144,0.26172282
296,"Kiribati",1975,89,0.30422655,0.2682701,0.2832593
296,"Kiribati",1975,90,0.32673851,0.2888234,0.30600398
296,"Kiribati",1975,91,0.34999707,0.310285,0.32833772
296,"Kiribati",1975,92,0.3740349,0.33248757,0.34855819
296,"Kiribati",1975,93,0.39882705,0.35532164,0.37020589
296,"Kiribati",1975,94,0.4243061,0.37870393,0.39449492
296,"Kiribati",1975,95,0.45033249,0.40262908,0.41843978
296,"Kiribati",1975,96,0.47673173,0.42710087,0.44286713
296,"Kiribati",1975,97,0.50331399,0.45208023,0.46690726
296,"Kiribati",1975,98,0.52988626,0.47748863,0.48856987
296,"Kiribati",1975,99,0.55626893,0.50314223,0.51133925
296,"Kiribati",1975,100,0.60867128,0.55839025,0.56732689
296,"Kiribati",1976,0,0.10102561,0.08461695,0.09307301
296,"Kiribati",1976,1,0.01677263,0.01672729,0.01675058
296,"Kiribati",1976,2,0.01131199,0.01112621,0.01122144
296,"Kiribati",1976,3,0.00771709,0.00749528,0.00760885
296,"Kiribati",1976,4,0.0053915,0.0051841,0.00529036
296,"Kiribati",1976,5,0.00390858,0.00373488,0.0038239
296,"Kiribati",1976,6,0.00297851,0.00284232,0.00291219
296,"Kiribati",1976,7,0.00240999,0.00230926,0.0023611
296,"Kiribati",1976,8,0.00207481,0.00200583,0.00204148
296,"Kiribati",1976,9,0.00189794,0.0018578,0.00187859
296,"Kiribati",1976,10,0.0018306,0.00181671,0.00182389
296,"Kiribati",1976,11,0.00184483,0.00185424,0.00184938
296,"Kiribati",1976,12,0.0019234,0.0019514,0.00193702
296,"Kiribati",1976,13,0.00205515,0.00209338,0.0020739
296,"Kiribati",1976,14,0.0022343,0.00226989,0.00225184
296,"Kiribati",1976,15,0.00245593,0.00247019,0.002463
296,"Kiribati",1976,16,0.00271642,0.00268589,0.00270116
296,"Kiribati",1976,17,0.00300991,0.00290768,0.00295834
296,"Kiribati",1976,18,0.00332565,0.00312701,0.00322446
296,"Kiribati",1976,19,0.00364691,0.0033351,0.00348704
296,"Kiribati",1976,20,0.00395012,0.00352565,0.00373003
296,"Kiribati",1976,21,0.00420797,0.00369388,0.00393758
296,"Kiribati",1976,22,0.00440108,0.00383861,0.00410118
296,"Kiribati",1976,23,0.00451852,0.00396109,0.00421862
296,"Kiribati",1976,24,0.0045718,0.00406639,0.00430036
296,"Kiribati",1976,25,0.00458344,0.00416155,0.00435878
296,"Kiribati",1976,26,0.00458409,0.00425471,0.00441079
296,"Kiribati",1976,27,0.00460419,0.00435401,0.00447456
296,"Kiribati",1976,28,0.00465973,0.00446372,0.00455986
296,"Kiribati",1976,29,0.00476016,0.0045861,0.00467273
296,"Kiribati",1976,30,0.00490093,0.00471899,0.00480968
296,"Kiribati",1976,31,0.00507185,0.0048583,0.00496424
296,"Kiribati",1976,32,0.00526264,0.00500048,0.0051294
296,"Kiribati",1976,33,0.00546335,0.00514249,0.00529891
296,"Kiribati",1976,34,0.00567274,0.00528501,0.00547427
296,"Kiribati",1976,35,0.00589446,0.00543075,0.00565758
296,"Kiribati",1976,36,0.00613695,0.00558396,0.00585229
296,"Kiribati",1976,37,0.00641118,0.00574949,0.00606597
296,"Kiribati",1976,38,0.00672303,0.00592925,0.00630465
296,"Kiribati",1976,39,0.00707499,0.00612331,0.00657434
296,"Kiribati",1976,40,0.00746271,0.00632885,0.00687385
296,"Kiribati",1976,41,0.00787701,0.00654158,0.00718921
296,"Kiribati",1976,42,0.00831102,0.00676106,0.00752614
296,"Kiribati",1976,43,0.0087599,0.00699002,0.00788426
296,"Kiribati",1976,44,0.00922894,0.0072394,0.00825928
296,"Kiribati",1976,45,0.0097317,0.00752627,0.00866014
296,"Kiribati",1976,46,0.0102868,0.00786946,0.00909593
296,"Kiribati",1976,47,0.0109171,0.00828944,0.00958979
296,"Kiribati",1976,48,0.0116374,0.00879623,0.01017491
296,"Kiribati",1976,49,0.01245512,0.00939062,0.01085954
296,"Kiribati",1976,50,0.0133656,0.01005946,0.01163872
296,"Kiribati",1976,51,0.01435198,0.01077537,0.01248762
296,"Kiribati",1976,52,0.01539942,0.01151576,0.01338495
296,"Kiribati",1976,53,0.01649606,0.0122642,0.01430895
296,"Kiribati",1976,54,0.01764664,0.0130289,0.01525352
296,"Kiribati",1976,55,0.0188747,0.01384462,0.0162604
296,"Kiribati",1976,56,0.02021445,0.01475952,0.01736413
296,"Kiribati",1976,57,0.02171115,0.01583585,0.01861087
296,"Kiribati",1976,58,0.02340021,0.0171195,0.02001533
296,"Kiribati",1976,59,0.02530301,0.01863503,0.0216078
296,"Kiribati",1976,60,0.02742279,0.0203786,0.02349126
296,"Kiribati",1976,61,0.02973843,0.02230643,0.02562585
296,"Kiribati",1976,62,0.03222776,0.02437268,0.02789753
296,"Kiribati",1976,63,0.03487185,0.02653708,0.03032403
296,"Kiribati",1976,64,0.03767115,0.02879572,0.03284924
296,"Kiribati",1976,65,0.04065706,0.03120308,0.03546809
296,"Kiribati",1976,66,0.04387938,0.03384403,0.03831979
296,"Kiribati",1976,67,0.04741042,0.03683929,0.04146143
296,"Kiribati",1976,68,0.05132408,0.04029649,0.04508713
296,"Kiribati",1976,69,0.05568782,0.04428522,0.04933981
296,"Kiribati",1976,70,0.06056243,0.04883781,0.05399425
296,"Kiribati",1976,71,0.06599187,0.053917,0.0591765
296,"Kiribati",1976,72,0.07201417,0.05947478,0.06480782
296,"Kiribati",1976,73,0.07865735,0.06547313,0.07088151
296,"Kiribati",1976,74,0.08594211,0.07191214,0.07754539
296,"Kiribati",1976,75,0.09387998,0.07888217,0.08467709
296,"Kiribati",1976,76,0.10248232,0.08651221,0.09259132
296,"Kiribati",1976,77,0.11177051,0.09497277,0.10132434
296,"Kiribati",1976,78,0.1217864,0.10441705,0.11098251
296,"Kiribati",1976,79,0.13261786,0.11491402,0.12181114
296,"Kiribati",1976,80,0.14438296,0.12647114,0.13331381
296,"Kiribati",1976,81,0.15723967,0.13898144,0.14562568
296,"Kiribati",1976,82,0.17134034,0.15230891,0.15933191
296,"Kiribati",1976,83,0.18677905,0.16635408,0.17401374
296,"Kiribati",1976,84,0.20359349,0.18105893,0.18959875
296,"Kiribati",1976,85,0.22170035,0.19649914,0.20642179
296,"Kiribati",1976,86,0.24096033,0.21279287,0.2241802
296,"Kiribati",1976,87,0.26120758,0.23008183,0.24172996
296,"Kiribati",1976,88,0.28227743,0.24848526,0.26025797
296,"Kiribati",1976,89,0.30409967,0.26800434,0.28159356
296,"Kiribati",1976,90,0.32663948,0.28858156,0.3041011
296,"Kiribati",1976,91,0.34992741,0.3100697,0.32774084
296,"Kiribati",1976,92,0.37399583,0.33230059,0.35082659
296,"Kiribati",1976,93,0.39881883,0.35516484,0.37160107
296,"Kiribati",1976,94,0.42433362,0.37857977,0.39376432
296,"Kiribati",1976,95,0.45040282,0.4025417,0.41859593
296,"Kiribati",1976,96,0.47685544,0.42705614,0.44300749
296,"Kiribati",1976,97,0.50350199,0.4520843,0.46783517
296,"Kiribati",1976,98,0.53014133,0.47754685,0.492183
296,"Kiribati",1976,99,0.55658361,0.50325636,0.51404284
296,"Kiribati",1976,100,0.60902789,0.55858797,0.56656732
296,"Kiribati",1977,0,0.10098623,0.08458442,0.0930363
296,"Kiribati",1977,1,0.01728731,0.01720066,0.01724521
296,"Kiribati",1977,2,0.01173035,0.01155077,0.01164293
296,"Kiribati",1977,3,0.00808035,0.00788346,0.0079843
296,"Kiribati",1977,4,0.00570236,0.00552886,0.00561767
296,"Kiribati",1977,5,0.00416887,0.00403409,0.00410312
296,"Kiribati",1977,6,0.0031976,0.00310305,0.00315152
296,"Kiribati",1977,7,0.00260239,0.00254542,0.00257468
296,"Kiribati",1977,8,0.00224885,0.0022259,0.00223772
296,"Kiribati",1977,9,0.00205454,0.00206229,0.00205828
296,"Kiribati",1977,10,0.00197259,0.00200787,0.00198959
296,"Kiribati",1977,11,0.00197665,0.00203569,0.00200515
296,"Kiribati",1977,12,0.0020509,0.00212798,0.00208825
296,"Kiribati",1977,13,0.00218437,0.0022678,0.00222505
296,"Kiribati",1977,14,0.00236936,0.00244197,0.00240506
296,"Kiribati",1977,15,0.00259918,0.00263992,0.00261934
296,"Kiribati",1977,16,0.00286831,0.0028533,0.00286083
296,"Kiribati",1977,17,0.00316897,0.00307282,0.0031206
296,"Kiribati",1977,18,0.00349034,0.00329394,0.0033906
296,"Kiribati",1977,19,0.00381692,0.00350982,0.00365947
296,"Kiribati",1977,20,0.00412533,0.00371105,0.00391162
296,"Kiribati",1977,21,0.00438858,0.00388978,0.0041287
296,"Kiribati",1977,22,0.00458761,0.00404175,0.00429998
296,"Kiribati",1977,23,0.00471186,0.00416837,0.00442299
296,"Kiribati",1977,24,0.00477284,0.00427717,0.00450809
296,"Kiribati",1977,25,0.00479273,0.00437552,0.00457055
296,"Kiribati",1977,26,0.00480173,0.00447182,0.00462745
296,"Kiribati",1977,27,0.00482979,0.00457451,0.00469651
296,"Kiribati",1977,28,0.00489272,0.00468781,0.00478728
296,"Kiribati",1977,29,0.00499997,0.00481371,0.00490565
296,"Kiribati",1977,30,0.00514711,0.00495005,0.00504878
296,"Kiribati",1977,31,0.00532417,0.00509281,0.00520904
296,"Kiribati",1977,32,0.00552104,0.00523848,0.00538012
296,"Kiribati",1977,33,0.00572797,0.00538408,0.00555525
296,"Kiribati",1977,34,0.00594372,0.00553033,0.00573401
296,"Kiribati",1977,35,0.00617175,0.00567989,0.00592154
296,"Kiribati",1977,36,0.00642031,0.00583695,0.00612301
296,"Kiribati",1977,37,0.00670012,0.0060063,0.00634314
296,"Kiribati",1977,38,0.00701678,0.0061898,0.00658487
296,"Kiribati",1977,39,0.00737294,0.00638757,0.00685171
296,"Kiribati",1977,40,0.00776472,0.00659701,0.00714752
296,"Kiribati",1977,41,0.00818356,0.00681409,0.00746998
296,"Kiribati",1977,42,0.00862314,0.00703852,0.00780711
296,"Kiribati",1977,43,0.00907904,0.0072732,0.00816899
296,"Kiribati",1977,44,0.00955632,0.00752877,0.00856038
296,"Kiribati",1977,45,0.01006784,0.00782175,0.00898001
296,"Kiribati",1977,46,0.01063142,0.00817029,0.00944193
296,"Kiribati",1977,47,0.01126916,0.00859425,0.00995673
296,"Kiribati",1977,48,0.01199497,0.00910326,0.01053496
296,"Kiribati",1977,49,0.01281655,0.00969836,0.01120454
296,"Kiribati",1977,50,0.01373047,0.01036703,0.01196253
296,"Kiribati",1977,51,0.01472142,0.01108284,0.01279432
296,"Kiribati",1977,52,0.01577605,0.01182406,0.01368557
296,"Kiribati",1977,53,0.01688468,0.01257469,0.01462356
296,"Kiribati",1977,54,0.01805262,0.01334276,0.01560637
296,"Kiribati",1977,55,0.01930193,0.01416269,0.01663527
296,"Kiribati",1977,56,0.02066514,0.01508209,0.01776265
296,"Kiribati",1977,57,0.02218574,0.01616246,0.01904105
296,"Kiribati",1977,58,0.0239008,0.01744936,0.02049411
296,"Kiribati",1977,59,0.02583283,0.01896751,0.02212063
296,"Kiribati",1977,60,0.0279827,0.02071374,0.02393203
296,"Kiribati",1977,61,0.03032746,0.02264567,0.02600237
296,"Kiribati",1977,62,0.03284334,0.02471892,0.02830295
296,"Kiribati",1977,63,0.03551667,0.02689649,0.03071724
296,"Kiribati",1977,64,0.03835016,0.0291762,0.03329624
296,"Kiribati",1977,65,0.04136836,0.03161098,0.03603183
296,"Kiribati",1977,66,0.04461389,0.0342837,0.03892762
296,"Kiribati",1977,67,0.04815165,0.03731258,0.04213483
296,"Kiribati",1977,68,0.05205682,0.04081642,0.04571322
296,"Kiribati",1977,69,0.05640362,0.04486626,0.04986869
296,"Kiribati",1977,70,0.06125355,0.04947789,0.05469059
296,"Kiribati",1977,71,0.06665154,0.05459853,0.0599045
296,"Kiribati",1977,72,0.07263681,0.06016482,0.06558165
296,"Kiribati",1977,73,0.07920005,0.06614241,0.07165817
296,"Kiribati",1977,74,0.08635036,0.07255084,0.07816531
296,"Kiribati",1977,75,0.09413932,0.07948815,0.08529528
296,"Kiribati",1977,76,0.10261857,0.08709072,0.09299651
296,"Kiribati",1977,77,0.11184961,0.09553609,0.10166954
296,"Kiribati",1977,78,0.12189179,0.10506576,0.11141933
296,"Kiribati",1977,79,0.13280235,0.1157827,0.12226641
296,"Kiribati",1977,80,0.14466678,0.12762015,0.13425592
296,"Kiribati",1977,81,0.1576104,0.14039726,0.1468075
296,"Kiribati",1977,82,0.17175265,0.15390414,0.16022483
296,"Kiribati",1977,83,0.18719841,0.16805537,0.17503455
296,"Kiribati",1977,84,0.20401816,0.18285537,0.19068844
296,"Kiribati",1977,85,0.22212893,0.19837848,0.20746188
296,"Kiribati",1977,86,0.24139275,0.21474159,0.22513546
296,"Kiribati",1977,87,0.26164464,0.23208502,0.24348434
296,"Kiribati",1977,88,0.28270965,0.25052927,0.26253934
296,"Kiribati",1977,89,0.30451083,0.27008256,0.282734
296,"Kiribati",1977,90,0.32701751,0.29069459,0.30529951
296,"Kiribati",1977,91,0.35026477,0.31222506,0.3280672
296,"Kiribati",1977,92,0.37428957,0.33451274,0.35175103
296,"Kiribati",1977,93,0.39903584,0.3576149,0.37558373
296,"Kiribati",1977,94,0.42443286,0.3815034,0.39721919
296,"Kiribati",1977,95,0.45038181,0.4060147,0.42028302
296,"Kiribati",1977,96,0.47675048,0.43099451,0.44584836
296,"Kiribati",1977,97,0.50338633,0.45624305,0.47082675
296,"Kiribati",1977,98,0.53006485,0.48154751,0.49587252
296,"Kiribati",1977,99,0.55654588,0.50673007,0.52005623
296,"Kiribati",1977,100,0.60904456,0.56108279,0.56923822
296,"Kiribati",1978,0,0.09891725,0.08272985,0.09106904
296,"Kiribati",1978,1,0.01622696,0.01617229,0.0162004
296,"Kiribati",1978,2,0.01096968,0.01077224,0.01087363
296,"Kiribati",1978,3,0.0075003,0.00726655,0.00738638
296,"Kiribati",1978,4,0.00525057,0.00503189,0.00514387
296,"Kiribati",1978,5,0.00381278,0.00362876,0.00372294
296,"Kiribati",1978,6,0.00290914,0.0027635,0.00283806
296,"Kiribati",1978,7,0.00235572,0.00224615,0.00230233
296,"Kiribati",1978,8,0.00202888,0.00195133,0.0019912
296,"Kiribati",1978,9,0.00185609,0.00180729,0.00183247
296,"Kiribati",1978,10,0.00179016,0.00176716,0.00177907
296,"Kiribati",1978,11,0.00180407,0.00180359,0.00180384
296,"Kiribati",1978,12,0.00188119,0.00189825,0.00188943
296,"Kiribati",1978,13,0.00201083,0.00203691,0.00202348
296,"Kiribati",1978,14,0.00218741,0.00220958,0.00219824
296,"Kiribati",1978,15,0.0024061,0.00240583,0.00240597
296,"Kiribati",1978,16,0.00266319,0.00261735,0.00264041
296,"Kiribati",1978,17,0.00295262,0.00283485,0.00289357
296,"Kiribati",1978,18,0.00326351,0.00304982,0.00315524
296,"Kiribati",1978,19,0.00357916,0.00325354,0.00341256
296,"Kiribati",1978,20,0.00387634,0.0034399,0.00365104
296,"Kiribati",1978,21,0.00412836,0.00360432,0.00385628
296,"Kiribati",1978,22,0.00431644,0.0037458,0.0040176
296,"Kiribati",1978,23,0.00443018,0.00386569,0.00413213
296,"Kiribati",1978,24,0.00448108,0.00396898,0.00420983
296,"Kiribati",1978,25,0.00449131,0.00406252,0.00426406
296,"Kiribati",1978,26,0.00449091,0.00415418,0.00431319
296,"Kiribati",1978,27,0.00450965,0.00425183,0.00437462
296,"Kiribati",1978,28,0.00456319,0.00435962,0.00445779
296,"Kiribati",1978,29,0.00466079,0.00447977,0.00456834
296,"Kiribati",1978,30,0.00479807,0.00461027,0.00470361
296,"Kiribati",1978,31,0.00496521,0.00474726,0.00485722
296,"Kiribati",1978,32,0.00515222,0.00488736,0.0050215
296,"Kiribati",1978,33,0.00534945,0.0050277,0.00519069
296,"Kiribati",1978,34,0.00555565,0.00516893,0.00536377
296,"Kiribati",1978,35,0.00577432,0.00531363,0.00554304
296,"Kiribati",1978,36,0.0060136,0.0054659,0.00573677
296,"Kiribati",1978,37,0.00628413,0.00563041,0.00595177
296,"Kiribati",1978,38,0.00659168,0.00580907,0.0061892
296,"Kiribati",1978,39,0.00693886,0.00600207,0.006449
296,"Kiribati",1978,40,0.00732166,0.00620688,0.00672961
296,"Kiribati",1978,41,0.00773151,0.00641955,0.0070344
296,"Kiribati",1978,42,0.00816194,0.00663977,0.00736585
296,"Kiribati",1978,43,0.00860841,0.00687027,0.00771339
296,"Kiribati",1978,44,0.00907602,0.00712153,0.00809606
296,"Kiribati",1978,45,0.00957771,0.00740995,0.00852083
296,"Kiribati",1978,46,0.01013131,0.00775358,0.0089872
296,"Kiribati",1978,47,0.01075886,0.00817214,0.00951552
296,"Kiribati",1978,48,0.01147468,0.00867531,0.01010696
296,"Kiribati",1978,49,0.01228622,0.00926394,0.01076096
296,"Kiribati",1978,50,0.01318937,0.0099255,0.01149428
296,"Kiribati",1978,51,0.01416844,0.01063381,0.01229147
296,"Kiribati",1978,52,0.01520966,0.0113673,0.01314358
296,"Kiribati",1978,53,0.01630198,0.01211036,0.01404866
296,"Kiribati",1978,54,0.01745022,0.01287112,0.01501764
296,"Kiribati",1978,55,0.01867702,0.01368335,0.016069
296,"Kiribati",1978,56,0.02001526,0.01459387,0.01720231
296,"Kiribati",1978,57,0.02150857,0.01566319,0.01847322
296,"Kiribati",1978,58,0.02319113,0.01693618,0.01992856
296,"Kiribati",1978,59,0.02508389,0.01843713,0.02157133
296,"Kiribati",1978,60,0.02719042,0.02016297,0.02337697
296,"Kiribati",1978,61,0.02949103,0.02207207,0.0253327
296,"Kiribati",1978,62,0.03196524,0.02412085,0.0275083
296,"Kiribati",1978,63,0.03459561,0.02627114,0.02989484
296,"Kiribati",1978,64,0.03738357,0.02851985,0.03239532
296,"Kiribati",1978,65,0.04036032,0.0309204,0.03510416
296,"Kiribati",1978,66,0.04357482,0.03355574,0.0380538
296,"Kiribati",1978,67,0.047098,0.03654372,0.0412546
296,"Kiribati",1978,68,0.05100229,0.03998969,0.04485931
296,"Kiribati",1978,69,0.05535409,0.04396217,0.04890621
296,"Kiribati",1978,70,0.0602134,0.04849341,0.05356573
296,"Kiribati",1978,71,0.06562395,0.05354805,0.05888728
296,"Kiribati",1978,72,0.07162387,0.0590803,0.06461078
296,"Kiribati",1978,73,0.07824171,0.06505442,0.07076563
296,"Kiribati",1978,74,0.0854991,0.07147224,0.07735183
296,"Kiribati",1978,75,0.09340899,0.07842427,0.08449245
296,"Kiribati",1978,76,0.10198445,0.08603911,0.09232238
296,"Kiribati",1978,77,0.11124842,0.09448619,0.1008073
296,"Kiribati",1978,78,0.12124393,0.10391781,0.11042045
296,"Kiribati",1978,79,0.13205904,0.1144028,0.12103071
296,"Kiribati",1978,80,0.14381105,0.12594892,0.13273329
296,"Kiribati",1978,81,0.15665659,0.13845014,0.14554111
296,"Kiribati",1978,82,0.17074647,0.15177146,0.15864216
296,"Kiribati",1978,83,0.18617413,0.16581425,0.17266546
296,"Kiribati",1978,84,0.20297784,0.18052129,0.18843244
296,"Kiribati",1978,85,0.22107591,0.19596889,0.2051273
296,"Kiribati",1978,86,0.24033191,0.21227597,0.22261589
296,"Kiribati",1978,87,0.26058226,0.22958482,0.24096924
296,"Kiribati",1978,88,0.28166346,0.2480151,0.26003722
296,"Kiribati",1978,89,0.30350494,0.26756764,0.27971284
296,"Kiribati",1978,90,0.32606958,0.28818408,0.30042064
296,"Kiribati",1978,91,0.3493855,0.30971576,0.3239311
296,"Kiribati",1978,92,0.37348293,0.33199317,0.35016149
296,"Kiribati",1978,93,0.39833591,0.35490698,0.37500149
296,"Kiribati",1978,94,0.42388384,0.37837556,0.39762158
296,"Kiribati",1978,95,0.44999314,0.40239798,0.41931037
296,"Kiribati",1978,96,0.47649683,0.42698255,0.44238477
296,"Kiribati",1978,97,0.50320608,0.452091,0.46812309
296,"Kiribati",1978,98,0.52991685,0.47764268,0.49323485
296,"Kiribati",1978,99,0.55643127,0.50344422,0.51850078
296,"Kiribati",1978,100,0.60898604,0.55891337,0.56923937
296,"Kiribati",1979,0,0.09785838,0.08180925,0.09006908
296,"Kiribati",1979,1,0.01595314,0.0159038,0.01592912
296,"Kiribati",1979,2,0.01079757,0.01060082,0.0107019
296,"Kiribati",1979,3,0.0073911,0.00715567,0.00727645
296,"Kiribati",1979,4,0.00517946,0.00495804,0.0050715
296,"Kiribati",1979,5,0.00376437,0.00357723,0.00367301
296,"Kiribati",1979,6,0.00287406,0.00272521,0.00280135
296,"Kiribati",1979,7,0.00232825,0.00221548,0.00227319
296,"Kiribati",1979,8,0.00200562,0.00192484,0.00196625
296,"Kiribati",1979,9,0.0018349,0.00178273,0.00180957
296,"Kiribati",1979,10,0.00176969,0.00174308,0.00175682
296,"Kiribati",1979,11,0.00178343,0.00177897,0.00178128
296,"Kiribati",1979,12,0.00185982,0.00187242,0.00186589
296,"Kiribati",1979,13,0.00198838,0.00200946,0.00199856
296,"Kiribati",1979,14,0.00216364,0.00218025,0.00217171
296,"Kiribati",1979,15,0.00238084,0.00237452,0.00237775
296,"Kiribati",1979,16,0.00263619,0.002584,0.00261037
296,"Kiribati",1979,17,0.00292354,0.0027994,0.00286154
296,"Kiribati",1979,18,0.00323197,0.00301223,0.00312105
296,"Kiribati",1979,19,0.00354476,0.00321382,0.00337579
296,"Kiribati",1979,20,0.00383889,0.00339813,0.00361165
296,"Kiribati",1979,21,0.00408795,0.0035607,0.00381376
296,"Kiribati",1979,22,0.00427349,0.00370058,0.00397388
296,"Kiribati",1979,23,0.00438537,0.00381921,0.00408728
296,"Kiribati",1979,24,0.00443508,0.00392152,0.0041635
296,"Kiribati",1979,25,0.0044446,0.00401427,0.00421754
296,"Kiribati",1979,26,0.00444368,0.00410519,0.00426571
296,"Kiribati",1979,27,0.00446174,0.00420203,0.00432585
296,"Kiribati",1979,28,0.00451427,0.00430887,0.00440757
296,"Kiribati",1979,29,0.00461044,0.00442793,0.00451674
296,"Kiribati",1979,30,0.00474597,0.00455726,0.00465044
296,"Kiribati",1979,31,0.00491118,0.00469311,0.00480237
296,"Kiribati",1979,32,0.00509628,0.00483219,0.00496633
296,"Kiribati",1979,33,0.00529174,0.0049717,0.00513491
296,"Kiribati",1979,34,0.00549633,0.00511228,0.00530877
296,"Kiribati",1979,35,0.00571344,0.00525647,0.00548933
296,"Kiribati",1979,36,0.00595108,0.00540825,0.00568124
296,"Kiribati",1979,37,0.00621972,0.00557224,0.00589461
296,"Kiribati",1979,38,0.00652508,0.00575035,0.00613218
296,"Kiribati",1979,39,0.00686981,0.00594282,0.0063937
296,"Kiribati",1979,40,0.0072501,0.00614724,0.00667368
296,"Kiribati",1979,41,0.00765764,0.00635984,0.00696671
296,"Kiribati",1979,42,0.00808622,0.0065804,0.00728225
296,"Kiribati",1979,43,0.00853141,0.00681161,0.00762731
296,"Kiribati",1979,44,0.00899822,0.00706376,0.00800006
296,"Kiribati",1979,45,0.0094993,0.0073529,0.00842775
296,"Kiribati",1979,46,0.0100521,0.00769672,0.00891152
296,"Kiribati",1979,47,0.01067818,0.00811456,0.00945174
296,"Kiribati",1979,48,0.01139166,0.00861593,0.0100651
296,"Kiribati",1979,49,0.01219999,0.00920172,0.01074152
296,"Kiribati",1979,50,0.01309935,0.0098597,0.01146508
296,"Kiribati",1979,51,0.01407463,0.01056427,0.01224257
296,"Kiribati",1979,52,0.01511261,0.01129435,0.01306265
296,"Kiribati",1979,53,0.01620263,0.01203475,0.01392725
296,"Kiribati",1979,54,0.01734956,0.01279354,0.01485991
296,"Kiribati",1979,55,0.0185756,0.01360404,0.01589769
296,"Kiribati",1979,56,0.01991297,0.01451237,0.01707505
296,"Kiribati",1979,57,0.02140444,0.01557823,0.0183769
296,"Kiribati",1979,58,0.02308357,0.01684596,0.01983859
296,"Kiribati",1979,59,0.02497109,0.01833973,0.02150491
296,"Kiribati",1979,60,0.02707075,0.02005683,0.02335531
296,"Kiribati",1979,61,0.02936359,0.02195671,0.02532897
296,"Kiribati",1979,62,0.03182994,0.02399688,0.02741291
296,"Kiribati",1979,63,0.03445317,0.02614018,0.02969261
296,"Kiribati",1979,64,0.03723516,0.02838396,0.03219011
296,"Kiribati",1979,65,0.04020701,0.0307811,0.0348407
296,"Kiribati",1979,66,0.04341731,0.03341362,0.03778096
296,"Kiribati",1979,67,0.04693622,0.03639796,0.04107978
296,"Kiribati",1979,68,0.05083546,0.03983835,0.04470752
296,"Kiribati",1979,69,0.05518088,0.04380276,0.04880063
296,"Kiribati",1979,70,0.06003206,0.04832345,0.0533854
296,"Kiribati",1979,71,0.06543262,0.05336593,0.05857966
296,"Kiribati",1979,72,0.07142075,0.05888554,0.06442248
296,"Kiribati",1979,73,0.07802524,0.06484768,0.07063753
296,"Kiribati",1979,74,0.08526822,0.07125498,0.07730003
296,"Kiribati",1979,75,0.09316334,0.07819807,0.08439732
296,"Kiribati",1979,76,0.10172454,0.08580535,0.09216451
296,"Kiribati",1979,77,0.11097554,0.0942457,0.10072246
296,"Kiribati",1979,78,0.12096,0.103671,0.11004689
296,"Kiribati",1979,79,0.13176601,0.11415001,0.1207627
296,"Kiribati",1979,80,0.14351058,0.12569062,0.13234153
296,"Kiribati",1979,81,0.15634954,0.13818729,0.14507358
296,"Kiribati",1979,82,0.17043291,0.15150551,0.15889059
296,"Kiribati",1979,83,0.18585389,0.16554707,0.17266891
296,"Kiribati",1979,84,0.20265085,0.18025513,0.18736419
296,"Kiribati",1979,85,0.22074318,0.19570635,0.20417974
296,"Kiribati",1979,86,0.23999573,0.21201998,0.22205314
296,"Kiribati",1979,87,0.26024608,0.22933862,0.24014859
296,"Kiribati",1979,88,0.28133153,0.24778216,0.25885758
296,"Kiribati",1979,89,0.30318114,0.26735124,0.27830377
296,"Kiribati",1979,90,0.3257569,0.28798707,0.29804241
296,"Kiribati",1979,91,0.34908559,0.30954031,0.31801525
296,"Kiribati",1979,92,0.37319624,0.33184074,0.3410051
296,"Kiribati",1979,93,0.39806298,0.35477912,0.37692973
296,"Kiribati",1979,94,0.42362596,0.37827429,0.40195486
296,"Kiribati",1979,95,0.44975352,0.40232669,0.42183076
296,"Kiribati",1979,96,0.47628059,0.42694604,0.44391199
296,"Kiribati",1979,97,0.50301869,0.45209432,0.46736776
296,"Kiribati",1979,98,0.52976297,0.47769023,0.49341959
296,"Kiribati",1979,99,0.55631209,0.50353745,0.51866979
296,"Kiribati",1979,100,0.60892519,0.55907485,0.57068427
296,"Kiribati",1980,0,0.09670679,0.08082191,0.08900433
296,"Kiribati",1980,1,0.01565728,0.0156175,0.01563789
296,"Kiribati",1980,2,0.01061138,0.0104179,0.010517
296,"Kiribati",1980,3,0.00727281,0.00703726,0.00715799
296,"Kiribati",1980,4,0.00510235,0.00487913,0.00499346
296,"Kiribati",1980,5,0.00371184,0.00352214,0.00361921
296,"Kiribati",1980,6,0.00283595,0.00268427,0.00276179
296,"Kiribati",1980,7,0.00229841,0.00218268,0.00224176
296,"Kiribati",1980,8,0.00198035,0.0018965,0.00193929
296,"Kiribati",1980,9,0.00181187,0.00175647,0.00178478
296,"Kiribati",1980,10,0.00174744,0.00171732,0.00173275
296,"Kiribati",1980,11,0.001761,0.00175264,0.00175694
296,"Kiribati",1980,12,0.00183659,0.00184479,0.00184057
296,"Kiribati",1980,13,0.00196398,0.00198009,0.00197179
296,"Kiribati",1980,14,0.0021378,0.00214887,0.00214318
296,"Kiribati",1980,15,0.00235335,0.00234101,0.00234732
296,"Kiribati",1980,16,0.00260681,0.00254829,0.00257799
296,"Kiribati",1980,17,0.00289189,0.00276143,0.00282703
296,"Kiribati",1980,18,0.00319763,0.00297197,0.00308453
296,"Kiribati",1980,19,0.00350731,0.00317127,0.00333732
296,"Kiribati",1980,20,0.00379811,0.00335339,0.00357086
296,"Kiribati",1980,21,0.00404397,0.00351396,0.00377081
296,"Kiribati",1980,22,0.00422675,0.00365214,0.00392846
296,"Kiribati",1980,23,0.00433661,0.00376941,0.00404071
296,"Kiribati",1980,24,0.00438502,0.00387066,0.00411492
296,"Kiribati",1980,25,0.00439379,0.00396255,0.00416637
296,"Kiribati",1980,26,0.0043923,0.00405268,0.0042135
296,"Kiribati",1980,27,0.00440963,0.00414865,0.00427264
296,"Kiribati",1980,28,0.00446106,0.00425448,0.00435316
296,"Kiribati",1980,29,0.00455569,0.00437236,0.00446064
296,"Kiribati",1980,30,0.00468931,0.00450043,0.00459257
296,"Kiribati",1980,31,0.00485244,0.00463505,0.00474261
296,"Kiribati",1980,32,0.00503545,0.00477304,0.00490459
296,"Kiribati",1980,33,0.00522899,0.00491164,0.00507266
296,"Kiribati",1980,34,0.00543181,0.00505152,0.0052448
296,"Kiribati",1980,35,0.00564721,0.00519513,0.00542532
296,"Kiribati",1980,36,0.00588307,0.00534639,0.00561858
296,"Kiribati",1980,37,0.00614964,0.00550981,0.00582998
296,"Kiribati",1980,38,0.0064526,0.0056873,0.00606661
296,"Kiribati",1980,39,0.00679466,0.00587918,0.00632927
296,"Kiribati",1980,40,0.00717218,0.00608317,0.00661332
296,"Kiribati",1980,41,0.00757721,0.00629569,0.00690995
296,"Kiribati",1980,42,0.00800374,0.00651659,0.00721634
296,"Kiribati",1980,43,0.00844751,0.00674854,0.00754595
296,"Kiribati",1980,44,0.00891343,0.00700161,0.00791351
296,"Kiribati",1980,45,0.00941381,0.0072915,0.00832031
296,"Kiribati",1980,46,0.00996568,0.0076355,0.00879723
296,"Kiribati",1980,47,0.01059013,0.00805254,0.0093495
296,"Kiribati",1980,48,0.01130105,0.00855196,0.00996946
296,"Kiribati",1980,49,0.01210585,0.00913468,0.01066814
296,"Kiribati",1980,50,0.01300104,0.0097888,0.01142307
296,"Kiribati",1980,51,0.01397217,0.01048932,0.01220378
296,"Kiribati",1980,52,0.01500656,0.01121573,0.01302508
296,"Kiribati",1980,53,0.01609406,0.01195324,0.01387232
296,"Kiribati",1980,54,0.01723952,0.0127099,0.01476287
296,"Kiribati",1980,55,0.01846468,0.01351849,0.015752
296,"Kiribati",1980,56,0.01980106,0.01442446,0.01688274
296,"Kiribati",1980,57,0.02129048,0.01548656,0.01819638
296,"Kiribati",1980,58,0.02296584,0.0167486,0.01967451
296,"Kiribati",1980,59,0.02484762,0.01823462,0.02135127
296,"Kiribati",1980,60,0.02693973,0.0199423,0.02324493
296,"Kiribati",1980,61,0.02922405,0.02183221,0.02528616
296,"Kiribati",1980,62,0.03168178,0.02386307,0.0274095
296,"Kiribati",1980,63,0.03429716,0.02599882,0.02961429
296,"Kiribati",1980,64,0.03707259,0.02823724,0.03202547
296,"Kiribati",1980,65,0.04003905,0.03063066,0.0346936
296,"Kiribati",1980,66,0.04324471,0.03326009,0.03754992
296,"Kiribati",1980,67,0.04675892,0.03624045,0.04079897
296,"Kiribati",1980,68,0.0506526,0.03967477,0.04450181
296,"Kiribati",1980,69,0.05499099,0.04363044,0.04861032
296,"Kiribati",1980,70,0.05983323,0.04813969,0.05322533
296,"Kiribati",1980,71,0.06522282,0.05316902,0.05830768
296,"Kiribati",1980,72,0.07119799,0.05867495,0.06402743
296,"Kiribati",1980,73,0.07778784,0.06462408,0.07039702
296,"Kiribati",1980,74,0.08501498,0.07101999,0.07712228
296,"Kiribati",1980,75,0.0928939,0.07795336,0.0843455
296,"Kiribati",1980,76,0.10143942,0.08555241,0.0920742
296,"Kiribati",1980,77,0.11067617,0.09398544,0.10058769
296,"Kiribati",1980,78,0.12064846,0.10340385,0.11001058
296,"Kiribati",1980,79,0.13144445,0.11387634,0.12028405
296,"Kiribati",1980,80,0.14318081,0.12541094,0.13200773
296,"Kiribati",1980,81,0.1560125,0.13790264,0.14458577
296,"Kiribati",1980,82,0.17008869,0.15121745,0.15829034
296,"Kiribati",1980,83,0.18550228,0.16525764,0.17306253
296,"Kiribati",1980,84,0.2022918,0.17996676,0.18768849
296,"Kiribati",1980,85,0.22037779,0.19542186,0.20321611
296,"Kiribati",1980,86,0.2396265,0.21174255,0.22101467
296,"Kiribati",1980,87,0.25987681,0.22907178,0.23991154
296,"Kiribati",1980,88,0.28096688,0.24752965,0.25897951
296,"Kiribati",1980,89,0.30282538,0.26711662,0.27863062
296,"Kiribati",1980,90,0.32541333,0.28777346,0.29898428
296,"Kiribati",1980,91,0.34875602,0.30935004,0.31954194
296,"Kiribati",1980,92,0.37288116,0.33167543,0.34022415
296,"Kiribati",1980,93,0.39776299,0.35464043,0.36387833
296,"Kiribati",1980,94,0.42334249,0.37816443,0.40076983
296,"Kiribati",1980,95,0.4494901,0.40224935,0.42635237
296,"Kiribati",1980,96,0.47604285,0.42690643,0.44651969
296,"Kiribati",1980,97,0.50281265,0.45209793,0.46894516
296,"Kiribati",1980,98,0.52959377,0.47774183,0.49271048
296,"Kiribati",1980,99,0.55618104,0.50363863,0.51890138
296,"Kiribati",1980,100,0.60885827,0.5592501,0.57155163
296,"Kiribati",1981,0,0.09542132,0.07973056,0.08781002
296,"Kiribati",1981,1,0.01532945,0.01530306,0.0153166
296,"Kiribati",1981,2,0.01040476,0.01021684,0.01031297
296,"Kiribati",1981,3,0.00714138,0.00690702,0.00702683
296,"Kiribati",1981,4,0.00501657,0.00479227,0.00490707
296,"Kiribati",1981,5,0.00365333,0.00346147,0.00355962
296,"Kiribati",1981,6,0.00279349,0.00263915,0.00271805
296,"Kiribati",1981,7,0.00226514,0.00214652,0.00220708
296,"Kiribati",1981,8,0.00195216,0.00186527,0.00190957
296,"Kiribati",1981,9,0.00178618,0.00172752,0.00175741
296,"Kiribati",1981,10,0.00172262,0.00168893,0.00170611
296,"Kiribati",1981,11,0.00173599,0.00172363,0.00172995
296,"Kiribati",1981,12,0.00181068,0.00181434,0.00181247
296,"Kiribati",1981,13,0.00193675,0.00194771,0.00194209
296,"Kiribati",1981,14,0.00210895,0.00211428,0.00211154
296,"Kiribati",1981,15,0.00232267,0.00230406,0.00231357
296,"Kiribati",1981,16,0.00257399,0.00250889,0.00254201
296,"Kiribati",1981,17,0.00285652,0.00271953,0.00278873
296,"Kiribati",1981,18,0.00315925,0.00292753,0.0030435
296,"Kiribati",1981,19,0.00346546,0.0031243,0.00329365
296,"Kiribati",1981,20,0.00375254,0.00330398,0.0035247
296,"Kiribati",1981,21,0.00399482,0.00346235,0.00372194
296,"Kiribati",1981,22,0.00417453,0.00359866,0.00387718
296,"Kiribati",1981,23,0.00428214,0.00371443,0.00398711
296,"Kiribati",1981,24,0.00432912,0.0038145,0.00406073
296,"Kiribati",1981,25,0.00433705,0.00390544,0.00411071
296,"Kiribati",1981,26,0.00433494,0.00399469,0.00415587
296,"Kiribati",1981,27,0.00435146,0.00408969,0.00421395
296,"Kiribati",1981,28,0.00440168,0.00419439,0.00429307
296,"Kiribati",1981,29,0.00449458,0.00431097,0.00439886
296,"Kiribati",1981,30,0.00462607,0.00443764,0.00452858
296,"Kiribati",1981,31,0.00478688,0.0045709,0.0046765
296,"Kiribati",1981,32,0.00496757,0.00470766,0.00483649
296,"Kiribati",1981,33,0.00515894,0.00484526,0.00500271
296,"Kiribati",1981,34,0.00535978,0.00498434,0.00517494
296,"Kiribati",1981,35,0.00557327,0.0051273,0.00535392
296,"Kiribati",1981,36,0.00580711,0.00527797,0.00554711
296,"Kiribati",1981,37,0.00607136,0.00544074,0.00575998
296,"Kiribati",1981,38,0.00637164,0.00561754,0.00599416
296,"Kiribati",1981,39,0.00671069,0.00580874,0.0062548
296,"Kiribati",1981,40,0.00708512,0.00601223,0.0065384
296,"Kiribati",1981,41,0.0074873,0.00622463,0.00683812
296,"Kiribati",1981,42,0.00791151,0.00644587,0.00714815
296,"Kiribati",1981,43,0.00835367,0.00667861,0.00746724
296,"Kiribati",1981,44,0.00881854,0.00693267,0.00781961
296,"Kiribati",1981,45,0.00931809,0.00722336,0.00822603
296,"Kiribati",1981,46,0.00986889,0.00756753,0.0086858
296,"Kiribati",1981,47,0.01049148,0.00798366,0.00923382
296,"Kiribati",1981,48,0.01119948,0.0084809,0.00986864
296,"Kiribati",1981,49,0.0120003,0.0090602,0.01057123
296,"Kiribati",1981,50,0.01289081,0.00971001,0.01134287
296,"Kiribati",1981,51,0.01385725,0.01040604,0.01215166
296,"Kiribati",1981,52,0.01488759,0.01112835,0.01296356
296,"Kiribati",1981,53,0.0159722,0.01186263,0.01380747
296,"Kiribati",1981,54,0.01711596,0.0126169,0.01468747
296,"Kiribati",1981,55,0.01834009,0.01342336,0.01563815
296,"Kiribati",1981,56,0.01967531,0.01432666,0.01673112
296,"Kiribati",1981,57,0.02116238,0.01538457,0.0180109
296,"Kiribati",1981,58,0.02283349,0.01664026,0.01951098
296,"Kiribati",1981,59,0.02470877,0.01811765,0.02119691
296,"Kiribati",1981,60,0.02679239,0.01981483,0.02307221
296,"Kiribati",1981,61,0.02906711,0.02169365,0.02513306
296,"Kiribati",1981,62,0.03151513,0.02371414,0.02731459
296,"Kiribati",1981,63,0.03412167,0.02584146,0.0295556
296,"Kiribati",1981,64,0.03688968,0.02807387,0.03188383
296,"Kiribati",1981,65,0.03985004,0.0304631,0.03445798
296,"Kiribati",1981,66,0.04305043,0.03308902,0.03736443
296,"Kiribati",1981,67,0.0465593,0.0360649,0.04054345
296,"Kiribati",1981,68,0.05044668,0.03949242,0.04421211
296,"Kiribati",1981,69,0.05477712,0.04343831,0.04839912
296,"Kiribati",1981,70,0.05960926,0.04793478,0.05300961
296,"Kiribati",1981,71,0.06498647,0.05294941,0.05811875
296,"Kiribati",1981,72,0.07094702,0.05844005,0.063679
296,"Kiribati",1981,73,0.07752034,0.06437465,0.06988787
296,"Kiribati",1981,74,0.08472963,0.0707578,0.07676503
296,"Kiribati",1981,75,0.09259025,0.07768028,0.08404322
296,"Kiribati",1981,76,0.10111808,0.0852701,0.09192675
296,"Kiribati",1981,77,0.11033873,0.0936949,0.100422
296,"Kiribati",1981,78,0.12029726,0.10310555,0.10972848
296,"Kiribati",1981,79,0.1310819,0.11357071,0.12012251
296,"Kiribati",1981,80,0.14280895,0.12509854,0.13148589
296,"Kiribati",1981,81,0.15563238,0.13758463,0.14420918
296,"Kiribati",1981,82,0.16970042,0.15089559,0.15775453
296,"Kiribati",1981,83,0.18510562,0.16493418,0.17240221
296,"Kiribati",1981,84,0.20188668,0.17964445,0.18810785
296,"Kiribati",1981,85,0.21996546,0.19510382,0.20357076
296,"Kiribati",1981,86,0.2392098,0.21143236,0.21995112
296,"Kiribati",1981,87,0.25946001,0.22877338,0.23877816
296,"Kiribati",1981,88,0.28055525,0.24724723,0.25872391
296,"Kiribati",1981,89,0.30242372,0.26685417,0.2787569
296,"Kiribati",1981,90,0.32502538,0.28753447,0.2993216
296,"Kiribati",1981,91,0.34838383,0.30913715,0.32050852
296,"Kiribati",1981,92,0.37252532,0.33149043,0.3417842
296,"Kiribati",1981,93,0.39742416,0.35448521,0.36309359
296,"Kiribati",1981,94,0.42302229,0.37804146,0.38733871
296,"Kiribati",1981,95,0.44919251,0.40216277,0.4251336
296,"Kiribati",1981,96,0.47577425,0.42686208,0.45120739
296,"Kiribati",1981,97,0.50257984,0.45210197,0.47162368
296,"Kiribati",1981,98,0.52940256,0.47779961,0.49433087
296,"Kiribati",1981,99,0.55603293,0.50375195,0.51825786
296,"Kiribati",1981,100,0.60878264,0.55944636,0.57214469
296,"Kiribati",1982,0,0.09397984,0.07851022,0.08647599
296,"Kiribati",1982,1,0.01496486,0.01495398,0.01495956
296,"Kiribati",1982,2,0.01017462,0.00999343,0.01008616
296,"Kiribati",1982,3,0.00699476,0.00676216,0.00688093
296,"Kiribati",1982,4,0.00492075,0.00469559,0.00481056
296,"Kiribati",1982,5,0.0035879,0.0033939,0.00349304
296,"Kiribati",1982,6,0.00274595,0.00258888,0.0026691
296,"Kiribati",1982,7,0.00222787,0.00210623,0.00216833
296,"Kiribati",1982,8,0.00192058,0.00183046,0.00187642
296,"Kiribati",1982,9,0.00175741,0.00169526,0.0017269
296,"Kiribati",1982,10,0.00169482,0.00165729,0.00167637
296,"Kiribati",1982,11,0.00170797,0.00169129,0.00169978
296,"Kiribati",1982,12,0.00178165,0.0017804,0.00178104
296,"Kiribati",1982,13,0.00190624,0.00191162,0.00190887
296,"Kiribati",1982,14,0.00207662,0.0020757,0.00207617
296,"Kiribati",1982,15,0.00228825,0.00226283,0.00227581
296,"Kiribati",1982,16,0.00253715,0.00246492,0.00250167
296,"Kiribati",1982,17,0.00281682,0.00267276,0.00274568
296,"Kiribati",1982,18,0.00311615,0.00287791,0.00299768
296,"Kiribati",1982,19,0.00341845,0.00307184,0.00324452
296,"Kiribati",1982,20,0.00370137,0.00324881,0.00347257
296,"Kiribati",1982,21,0.00393963,0.00340472,0.00366709
296,"Kiribati",1982,22,0.00411591,0.00353892,0.00381957
296,"Kiribati",1982,23,0.00422102,0.00365301,0.00392743
296,"Kiribati",1982,24,0.00426639,0.00375177,0.00399903
296,"Kiribati",1982,25,0.0042734,0.00384164,0.00404853
296,"Kiribati",1982,26,0.00427061,0.0039299,0.0040923
296,"Kiribati",1982,27,0.00428622,0.00402381,0.00414842
296,"Kiribati",1982,28,0.00433509,0.00412724,0.00422615
296,"Kiribati",1982,29,0.00442606,0.00424236,0.00433009
296,"Kiribati",1982,30,0.00455517,0.00436747,0.00445761
296,"Kiribati",1982,31,0.00471338,0.00449919,0.00460285
296,"Kiribati",1982,32,0.00489146,0.00463457,0.00476039
296,"Kiribati",1982,33,0.00508041,0.00477103,0.00492457
296,"Kiribati",1982,34,0.00527901,0.00490921,0.00509505
296,"Kiribati",1982,35,0.00549035,0.00505143,0.00527436
296,"Kiribati",1982,36,0.00572191,0.00520139,0.00546561
296,"Kiribati",1982,37,0.00598353,0.00536342,0.00567801
296,"Kiribati",1982,38,0.00628078,0.00553942,0.00591372
296,"Kiribati",1982,39,0.00661643,0.00572984,0.00617171
296,"Kiribati",1982,40,0.00698736,0.00593274,0.00645309
296,"Kiribati",1982,41,0.00738633,0.00614498,0.00675214
296,"Kiribati",1982,42,0.00780789,0.00636656,0.00706607
296,"Kiribati",1982,43,0.00824818,0.00660014,0.00739041
296,"Kiribati",1982,44,0.00871182,0.00685528,0.00773108
296,"Kiribati",1982,45,0.00921038,0.00714682,0.00812073
296,"Kiribati",1982,46,0.00975992,0.00749115,0.00857978
296,"Kiribati",1982,47,0.01038037,0.00790622,0.00910842
296,"Kiribati",1982,48,0.01108505,0.00840099,0.00973725
296,"Kiribati",1982,49,0.01188136,0.00897644,0.01045427
296,"Kiribati",1982,50,0.01276655,0.0096214,0.01122733
296,"Kiribati",1982,51,0.01372767,0.01031236,0.01205215
296,"Kiribati",1982,52,0.0147534,0.01103004,0.01289953
296,"Kiribati",1982,53,0.0158347,0.01176067,0.01373681
296,"Kiribati",1982,54,0.01697649,0.0125122,0.01461136
296,"Kiribati",1982,55,0.0181994,0.01331623,0.01555035
296,"Kiribati",1982,56,0.01953325,0.0142165,0.0166008
296,"Kiribati",1982,57,0.02101761,0.01526966,0.017838
296,"Kiribati",1982,58,0.02268386,0.0165182,0.01929986
296,"Kiribati",1982,59,0.02455177,0.01798585,0.02100695
296,"Kiribati",1982,60,0.02662576,0.01967121,0.02288961
296,"Kiribati",1982,61,0.02888961,0.02153752,0.02492954
296,"Kiribati",1982,62,0.03132662,0.0235463,0.02713108
296,"Kiribati",1982,63,0.03392313,0.02566407,0.02943443
296,"Kiribati",1982,64,0.03668271,0.02788966,0.03180362
296,"Kiribati",1982,65,0.03963611,0.03027409,0.0342909
296,"Kiribati",1982,66,0.0428305,0.03289601,0.03709653
296,"Kiribati",1982,67,0.04633326,0.03586677,0.04034001
296,"Kiribati",1982,68,0.05021346,0.03928655,0.04393306
296,"Kiribati",1982,69,0.05453485,0.04322136,0.04806954
296,"Kiribati",1982,70,0.05935551,0.04770335,0.0527589
296,"Kiribati",1982,71,0.06471865,0.05270135,0.05786061
296,"Kiribati",1982,72,0.07066261,0.05817469,0.06344551
296,"Kiribati",1982,73,0.07721718,0.06409283,0.06948624
296,"Kiribati",1982,74,0.0844062,0.0704615,0.07618922
296,"Kiribati",1982,75,0.09224606,0.07737162,0.08362779
296,"Kiribati",1982,76,0.10075379,0.08495092,0.09157298
296,"Kiribati",1982,77,0.10995613,0.09336635,0.10023402
296,"Kiribati",1982,78,0.11989901,0.10276816,0.10951914
296,"Kiribati",1982,79,0.1306707,0.11322495,0.11978933
296,"Kiribati",1982,80,0.14238712,0.12474505,0.13127333
296,"Kiribati",1982,81,0.15520112,0.13722472,0.14363415
296,"Kiribati",1982,82,0.16925983,0.15053125,0.15732576
296,"Kiribati",1982,83,0.18465544,0.16456797,0.17180449
296,"Kiribati",1982,84,0.20142684,0.17927946,0.18736997
296,"Kiribati",1982,85,0.21949738,0.19474362,0.20402598
296,"Kiribati",1982,86,0.23873668,0.21108099,0.22033701
296,"Kiribati",1982,87,0.25898671,0.2284353,0.2376158
296,"Kiribati",1982,88,0.28008774,0.2469272,0.25750565
296,"Kiribati",1982,89,0.30196748,0.26655673,0.27848209
296,"Kiribati",1982,90,0.32458465,0.28726357,0.29944768
296,"Kiribati",1982,91,0.34796095,0.30889578,0.32085276
296,"Kiribati",1982,92,0.37212094,0.33128067,0.34277364
296,"Kiribati",1982,93,0.39703908,0.35430919,0.36468768
296,"Kiribati",1982,94,0.42265834,0.37790199,0.38655611
296,"Kiribati",1982,95,0.44885424,0.40206457,0.41137679
296,"Kiribati",1982,96,0.4754689,0.42681177,0.44997233
296,"Kiribati",1982,97,0.50231515,0.45210655,0.47644689
296,"Kiribati",1982,98,0.52918514,0.47786517,0.49706407
296,"Kiribati",1982,99,0.5558645,0.50388054,0.51991783
296,"Kiribati",1982,100,0.60869663,0.55966906,0.57222853
296,"Kiribati",1983,0,0.09237783,0.07715804,0.08499497
296,"Kiribati",1983,1,0.01456348,0.01457031,0.01456681
296,"Kiribati",1983,2,0.00992079,0.00974762,0.00983627
296,"Kiribati",1983,3,0.00683276,0.00660264,0.00672018
296,"Kiribati",1983,4,0.00481471,0.00458903,0.0047041
296,"Kiribati",1983,5,0.00351541,0.00331937,0.00341935
296,"Kiribati",1983,6,0.00269324,0.00253341,0.00261501
296,"Kiribati",1983,7,0.00218652,0.00206175,0.00212539
296,"Kiribati",1983,8,0.00188553,0.00179202,0.00183969
296,"Kiribati",1983,9,0.00172546,0.00165964,0.00169315
296,"Kiribati",1983,10,0.00166396,0.00162235,0.00164349
296,"Kiribati",1983,11,0.00167686,0.00165559,0.00166638
296,"Kiribati",1983,12,0.00174942,0.00174293,0.00174622
296,"Kiribati",1983,13,0.00187235,0.00187177,0.00187206
296,"Kiribati",1983,14,0.00204069,0.00203308,0.00203695
296,"Kiribati",1983,15,0.00224998,0.00221728,0.0022339
296,"Kiribati",1983,16,0.00249618,0.00241633,0.00245689
296,"Kiribati",1983,17,0.00277263,0.00262104,0.00269775
296,"Kiribati",1983,18,0.00306818,0.00282303,0.00294647
296,"Kiribati",1983,19,0.00336612,0.00301382,0.0031901
296,"Kiribati",1983,20,0.0036444,0.00318778,0.00341441
296,"Kiribati",1983,21,0.00387822,0.00334096,0.00360579
296,"Kiribati",1983,22,0.00405068,0.00347283,0.00375554
296,"Kiribati",1983,23,0.00415303,0.00358505,0.00386093
296,"Kiribati",1983,24,0.00419663,0.00368235,0.00393078
296,"Kiribati",1983,25,0.00420262,0.00377103,0.00397859
296,"Kiribati",1983,26,0.00419908,0.00385818,0.00402189
296,"Kiribati",1983,27,0.0042137,0.00395087,0.00407651
296,"Kiribati",1983,28,0.00426108,0.0040529,0.00415205
296,"Kiribati",1983,29,0.00434992,0.00416639,0.004254
296,"Kiribati",1983,30,0.0044764,0.00428975,0.00437911
296,"Kiribati",1983,31,0.00463172,0.00441977,0.00452177
296,"Kiribati",1983,32,0.00480689,0.0045536,0.00467639
296,"Kiribati",1983,33,0.00499314,0.00468879,0.00483803
296,"Kiribati",1983,34,0.00518924,0.00482594,0.00500645
296,"Kiribati",1983,35,0.00539816,0.0049673,0.00518393
296,"Kiribati",1983,36,0.00562717,0.00511648,0.0053756
296,"Kiribati",1983,37,0.00588586,0.00527764,0.00558583
296,"Kiribati",1983,38,0.0061797,0.00545273,0.00582086
296,"Kiribati",1983,39,0.00651156,0.00564225,0.00607996
296,"Kiribati",1983,40,0.00687856,0.00584447,0.0063583
296,"Kiribati",1983,41,0.00727391,0.00605649,0.00665564
296,"Kiribati",1983,42,0.00769249,0.0062784,0.00696872
296,"Kiribati",1983,43,0.00813063,0.00651287,0.00729786
296,"Kiribati",1983,44,0.00859284,0.00676915,0.00764534
296,"Kiribati",1983,45,0.00909023,0.00706158,0.0080218
296,"Kiribati",1983,46,0.0096383,0.00740604,0.00846215
296,"Kiribati",1983,47,0.01025629,0.0078199,0.00898896
296,"Kiribati",1983,48,0.01095721,0.00831189,0.00959548
296,"Kiribati",1983,49,0.01174843,0.00888301,0.01030426
296,"Kiribati",1983,50,0.01262763,0.00952255,0.01109153
296,"Kiribati",1983,51,0.01358276,0.01020784,0.01191759
296,"Kiribati",1983,52,0.01460328,0.01092034,0.01278331
296,"Kiribati",1983,53,0.01568082,0.01164686,0.01365875
296,"Kiribati",1983,54,0.01682032,0.01239532,0.0145268
296,"Kiribati",1983,55,0.01804177,0.01319659,0.01546295
296,"Kiribati",1983,56,0.01937401,0.01409343,0.01649945
296,"Kiribati",1983,57,0.02085528,0.01514126,0.01768834
296,"Kiribati",1983,58,0.02251602,0.01638178,0.01910182
296,"Kiribati",1983,59,0.02437564,0.01783854,0.02076065
296,"Kiribati",1983,60,0.0264388,0.01951068,0.02266285
296,"Kiribati",1983,61,0.02869042,0.021363,0.02471442
296,"Kiribati",1983,62,0.03111506,0.02335868,0.02689337
296,"Kiribati",1983,63,0.03370027,0.02546573,0.02921854
296,"Kiribati",1983,64,0.03645032,0.02768362,0.03164596
296,"Kiribati",1983,65,0.03939586,0.03006261,0.03417852
296,"Kiribati",1983,66,0.04258343,0.03267995,0.03690257
296,"Kiribati",1983,67,0.04607927,0.0356449,0.04003636
296,"Kiribati",1983,68,0.04995132,0.03905595,0.04369587
296,"Kiribati",1983,69,0.05426249,0.04297829,0.0477497
296,"Kiribati",1983,70,0.05907019,0.04744402,0.0523831
296,"Kiribati",1983,71,0.06441748,0.05242334,0.05756363
296,"Kiribati",1983,72,0.07034274,0.05787724,0.06313874
296,"Kiribati",1983,73,0.07687618,0.06377688,0.06920252
296,"Kiribati",1983,74,0.08404236,0.07012926,0.07572781
296,"Kiribati",1983,75,0.09185882,0.07702543,0.08297871
296,"Kiribati",1983,76,0.10034389,0.08459286,0.09109454
296,"Kiribati",1983,77,0.10952557,0.09299767,0.0998241
296,"Kiribati",1983,78,0.11945076,0.10238947,0.10933858
296,"Kiribati",1983,79,0.1302078,0.11283676,0.11958186
296,"Kiribati",1983,80,0.14191216,0.1243481,0.13088492
296,"Kiribati",1983,81,0.15471543,0.13682047,0.14336832
296,"Kiribati",1983,82,0.16876355,0.15012192,0.15669039
296,"Kiribati",1983,83,0.18414827,0.16415647,0.17131992
296,"Kiribati",1983,84,0.2009087,0.17886925,0.18670236
296,"Kiribati",1983,85,0.21896986,0.1943387,0.20320322
296,"Kiribati",1983,86,0.2382034,0.21068592,0.22083649
296,"Kiribati",1983,87,0.25845314,0.22805511,0.23803297
296,"Kiribati",1983,88,0.27956062,0.24656724,0.25626131
296,"Kiribati",1983,89,0.30145298,0.2662221,0.27719831
296,"Kiribati",1983,90,0.32408755,0.28695874,0.29915991
296,"Kiribati",1983,91,0.34748391,0.30862415,0.32098219
296,"Kiribati",1983,92,0.37166473,0.33104457,0.34312984
296,"Kiribati",1983,93,0.39660458,0.35411103,0.36570633
296,"Kiribati",1983,94,0.42224763,0.37774497,0.38819151
296,"Kiribati",1983,95,0.44847246,0.40195398,0.41061216
296,"Kiribati",1983,96,0.47512423,0.42675512,0.43600588
296,"Kiribati",1983,97,0.50201634,0.45211171,0.4752242
296,"Kiribati",1983,98,0.52893967,0.47793903,0.50198484
296,"Kiribati",1983,99,0.55567431,0.50402541,0.52269093
296,"Kiribati",1983,100,0.60859951,0.55991995,0.57304675
296,"Kiribati",1984,0,0.09061584,0.07567489,0.08336938
296,"Kiribati",1984,1,0.01412666,0.01415331,0.01413963
296,"Kiribati",1984,2,0.00964399,0.00948016,0.00956402
296,"Kiribati",1984,3,0.00665577,0.00642887,0.00654479
296,"Kiribati",1984,4,0.00469865,0.00447283,0.00458802
296,"Kiribati",1984,5,0.00343595,0.00323804,0.0033388
296,"Kiribati",1984,6,0.00263539,0.00247283,0.00255561
296,"Kiribati",1984,7,0.0021411,0.00201317,0.0020784
296,"Kiribati",1984,8,0.00184703,0.00175004,0.00179945
296,"Kiribati",1984,9,0.00169037,0.00162073,0.00165617
296,"Kiribati",1984,10,0.00163005,0.0015842,0.0016075
296,"Kiribati",1984,11,0.00164269,0.00161659,0.00162982
296,"Kiribati",1984,12,0.00171401,0.00170201,0.00170807
296,"Kiribati",1984,13,0.0018351,0.00182823,0.0018317
296,"Kiribati",1984,14,0.00200118,0.00198651,0.00199392
296,"Kiribati",1984,15,0.00220788,0.00216748,0.00218789
296,"Kiribati",1984,16,0.00245108,0.00236317,0.00240762
296,"Kiribati",1984,17,0.00272396,0.00256444,0.00264503
296,"Kiribati",1984,18,0.00301532,0.00276295,0.00289004
296,"Kiribati",1984,19,0.00330846,0.00295029,0.00312981
296,"Kiribati",1984,20,0.00358164,0.00312094,0.00335048
296,"Kiribati",1984,21,0.00381056,0.00327113,0.003538
296,"Kiribati",1984,22,0.00397885,0.00340045,0.00368499
296,"Kiribati",1984,23,0.00407817,0.00351062,0.00378803
296,"Kiribati",1984,24,0.00411985,0.00360631,0.00385572
296,"Kiribati",1984,25,0.00412474,0.00369368,0.0039021
296,"Kiribati",1984,26,0.00412039,0.0037796,0.00394383
296,"Kiribati",1984,27,0.00413394,0.00387095,0.00399759
296,"Kiribati",1984,28,0.00417969,0.00397142,0.00407126
296,"Kiribati",1984,29,0.0042662,0.00408312,0.00417058
296,"Kiribati",1984,30,0.00438978,0.00420456,0.0042932
296,"Kiribati",1984,31,0.00454193,0.0043327,0.00443308
296,"Kiribati",1984,32,0.0047139,0.00446481,0.00458495
296,"Kiribati",1984,33,0.00489717,0.00459858,0.00474358
296,"Kiribati",1984,34,0.0050905,0.00473458,0.00490932
296,"Kiribati",1984,35,0.00529674,0.00487497,0.00508478
296,"Kiribati",1984,36,0.00552292,0.00502325,0.00527441
296,"Kiribati",1984,37,0.00577834,0.00518344,0.00548478
296,"Kiribati",1984,38,0.00606842,0.00535748,0.00571708
296,"Kiribati",1984,39,0.00639606,0.00554599,0.0059753
296,"Kiribati",1984,40,0.00675871,0.00574741,0.00625516
296,"Kiribati",1984,41,0.00715003,0.00595912,0.00654997
296,"Kiribati",1984,42,0.00756525,0.00618135,0.00686181
296,"Kiribati",1984,43,0.00800096,0.00641673,0.00719001
296,"Kiribati",1984,44,0.00846149,0.00667419,0.00754307
296,"Kiribati",1984,45,0.00895751,0.00696755,0.00792664
296,"Kiribati",1984,46,0.00950386,0.0073121,0.00835196
296,"Kiribati",1984,47,0.01011907,0.00772458,0.00885746
296,"Kiribati",1984,48,0.01081577,0.00821346,0.00945881
296,"Kiribati",1984,49,0.0116013,0.00877979,0.01014163
296,"Kiribati",1984,50,0.01247383,0.00941332,0.01092002
296,"Kiribati",1984,51,0.01342227,0.01009233,0.01176108
296,"Kiribati",1984,52,0.01443695,0.01079908,0.01262878
296,"Kiribati",1984,53,0.01551023,0.01152103,0.01352606
296,"Kiribati",1984,54,0.01664711,0.01226603,0.01443797
296,"Kiribati",1984,55,0.01786684,0.01306419,0.0153637
296,"Kiribati",1984,56,0.0191972,0.01395721,0.01639536
296,"Kiribati",1984,57,0.02067494,0.01499909,0.0175706
296,"Kiribati",1984,58,0.02232951,0.01623071,0.01892879
296,"Kiribati",1984,59,0.02417986,0.0176754,0.02053287
296,"Kiribati",1984,60,0.02623095,0.01933289,0.02238153
296,"Kiribati",1984,61,0.02846895,0.02116971,0.02445201
296,"Kiribati",1984,62,0.03087979,0.02315083,0.02664278
296,"Kiribati",1984,63,0.03345238,0.02524595,0.02894492
296,"Kiribati",1984,64,0.03619179,0.02745523,0.0313973
296,"Kiribati",1984,65,0.03912849,0.02982809,0.03399412
296,"Kiribati",1984,66,0.04230839,0.03244025,0.03676794
296,"Kiribati",1984,67,0.04579643,0.03539866,0.03981253
296,"Kiribati",1984,68,0.04965934,0.03879993,0.04335231
296,"Kiribati",1984,69,0.05395904,0.04270835,0.04748629
296,"Kiribati",1984,70,0.05875224,0.04715597,0.05203045
296,"Kiribati",1984,71,0.06408181,0.05211448,0.05713487
296,"Kiribati",1984,72,0.06998618,0.05754673,0.06278941
296,"Kiribati",1984,73,0.07649601,0.06342573,0.06884161
296,"Kiribati",1984,74,0.0836367,0.06975992,0.0753898
296,"Kiribati",1984,75,0.09142701,0.07664049,0.0824532
296,"Kiribati",1984,76,0.09988675,0.0841946,0.09036683
296,"Kiribati",1984,77,0.10904532,0.0925875,0.09927961
296,"Kiribati",1984,78,0.11895068,0.10196804,0.10887012
296,"Kiribati",1984,79,0.12969125,0.11240465,0.11934882
296,"Kiribati",1984,80,0.14138204,0.12390611,0.13061977
296,"Kiribati",1984,81,0.15417322,0.13637024,0.14292249
296,"Kiribati",1984,82,0.1682094,0.14966594,0.15637284
296,"Kiribati",1984,83,0.18358186,0.16369794,0.17061696
296,"Kiribati",1984,84,0.20032993,0.17841207,0.1861603
296,"Kiribati",1984,85,0.2183805,0.19388733,0.20246246
296,"Kiribati",1984,86,0.2376075,0.21024542,0.21992913
296,"Kiribati",1984,87,0.2578568,0.2276311,0.23857772
296,"Kiribati",1984,88,0.27897138,0.2461657,0.25670538
296,"Kiribati",1984,89,0.30087773,0.26584875,0.27589326
296,"Kiribati",1984,90,0.32353166,0.28661858,0.29783145
296,"Kiribati",1984,91,0.34695036,0.30832096,0.32068933
296,"Kiribati",1984,92,0.37115439,0.33078099,0.34326942
296,"Kiribati",1984,93,0.39611846,0.35388978,0.36608275
296,"Kiribati",1984,94,0.42178808,0.37756962,0.38924878
296,"Kiribati",1984,95,0.44804523,0.40183048,0.41229492
296,"Kiribati",1984,96,0.47473847,0.42669183,0.43528289
296,"Kiribati",1984,97,0.50168186,0.45211748,0.46121014
296,"Kiribati",1984,98,0.52866486,0.47802155,0.50080943
296,"Kiribati",1984,99,0.55546137,0.50418732,0.52766907
296,"Kiribati",1984,100,0.60849075,0.56020032,0.57475109
296,"Kiribati",1985,0,0.08869172,0.07385692,0.08149679
296,"Kiribati",1985,1,0.01365526,0.01362011,0.01363815
296,"Kiribati",1985,2,0.00934459,0.00913837,0.00924396
296,"Kiribati",1985,3,0.0064639,0.00620697,0.00633824
296,"Kiribati",1985,4,0.0045726,0.00432457,0.00445112
296,"Kiribati",1985,5,0.0033495,0.00313432,0.00324396
296,"Kiribati",1985,6,0.00257238,0.0023956,0.00248549
296,"Kiribati",1985,7,0.00209161,0.0019512,0.00202259
296,"Kiribati",1985,8,0.00180505,0.00169644,0.00175173
296,"Kiribati",1985,9,0.0016521,0.001571,0.00161225
296,"Kiribati",1985,10,0.00159308,0.0015354,0.00156469
296,"Kiribati",1985,11,0.00160543,0.00156669,0.00158631
296,"Kiribati",1985,12,0.00167539,0.00164964,0.00166264
296,"Kiribati",1985,13,0.00179447,0.00177258,0.00178359
296,"Kiribati",1985,14,0.00195805,0.00192709,0.00194264
296,"Kiribati",1985,15,0.00216189,0.00210409,0.0021331
296,"Kiribati",1985,16,0.00240177,0.00229569,0.00234897
296,"Kiribati",1985,17,0.00267073,0.00249278,0.00258226
296,"Kiribati",1985,18,0.00295748,0.00268705,0.00282296
296,"Kiribati",1985,19,0.00324536,0.00287012,0.00305824
296,"Kiribati",1985,20,0.00351296,0.00303665,0.00327449
296,"Kiribati",1985,21,0.00373655,0.00318309,0.00345801
296,"Kiribati",1985,22,0.0039003,0.00330917,0.00360106
296,"Kiribati",1985,23,0.00399633,0.00341674,0.00370163
296,"Kiribati",1985,24,0.00403594,0.00351037,0.00376725
296,"Kiribati",1985,25,0.00403964,0.00359606,0.00381177
296,"Kiribati",1985,26,0.00403443,0.00368042,0.00385199
296,"Kiribati",1985,27,0.00404682,0.00377005,0.00390377
296,"Kiribati",1985,28,0.00409081,0.00386852,0.00397586
296,"Kiribati",1985,29,0.00417478,0.00397789,0.00407256
296,"Kiribati",1985,30,0.00429522,0.00409683,0.00419184
296,"Kiribati",1985,31,0.00444391,0.00422248,0.00432866
296,"Kiribati",1985,32,0.00461239,0.00435233,0.00447736
296,"Kiribati",1985,33,0.00479238,0.00448419,0.00463308
296,"Kiribati",1985,34,0.00498267,0.00461862,0.00479561
296,"Kiribati",1985,35,0.00518595,0.00475771,0.0049682
296,"Kiribati",1985,36,0.005409,0.00490476,0.00515554
296,"Kiribati",1985,37,0.00566083,0.00506367,0.00536334
296,"Kiribati",1985,38,0.00594676,0.00523636,0.00559531
296,"Kiribati",1985,39,0.00626976,0.00542353,0.00585011
296,"Kiribati",1985,40,0.0066276,0.00562391,0.0061294
296,"Kiribati",1985,41,0.00701445,0.00583519,0.00642648
296,"Kiribati",1985,42,0.00742592,0.00605772,0.006736
296,"Kiribati",1985,43,0.00785887,0.00629413,0.00706349
296,"Kiribati",1985,44,0.00831747,0.00655295,0.0074158
296,"Kiribati",1985,45,0.00881187,0.00684733,0.0078052
296,"Kiribati",1985,46,0.00935625,0.00719183,0.00823723
296,"Kiribati",1985,47,0.0099683,0.0076024,0.00872488
296,"Kiribati",1985,48,0.01066028,0.00808718,0.00930127
296,"Kiribati",1985,49,0.0114395,0.00864725,0.00997778
296,"Kiribati",1985,50,0.01230463,0.00927296,0.01072595
296,"Kiribati",1985,51,0.01324564,0.00994376,0.01155431
296,"Kiribati",1985,52,0.01425381,0.01064294,0.01243653
296,"Kiribati",1985,53,0.01532231,0.01135878,0.01333681
296,"Kiribati",1985,54,0.01645616,0.01209909,0.0142766
296,"Kiribati",1985,55,0.01767388,0.012893,0.01525096
296,"Kiribati",1985,56,0.01900204,0.01378085,0.01626895
296,"Kiribati",1985,57,0.02047579,0.01481491,0.01743509
296,"Kiribati",1985,58,0.02212346,0.01603494,0.01876838
296,"Kiribati",1985,59,0.02396352,0.01746399,0.02030727
296,"Kiribati",1985,60,0.02600123,0.01910249,0.02209877
296,"Kiribati",1985,61,0.02822414,0.02091911,0.02410952
296,"Kiribati",1985,62,0.03061968,0.02288106,0.02631847
296,"Kiribati",1985,63,0.03317826,0.02496014,0.02863265
296,"Kiribati",1985,64,0.03590581,0.02715738,0.03106906
296,"Kiribati",1985,65,0.03883265,0.0295212,0.03369391
296,"Kiribati",1985,66,0.04200395,0.03212537,0.03652761
296,"Kiribati",1985,67,0.04548326,0.03507394,0.03962232
296,"Kiribati",1985,68,0.04933594,0.03846113,0.04304378
296,"Kiribati",1985,69,0.05362285,0.04235002,0.04704351
296,"Kiribati",1985,70,0.05839991,0.04677256,0.0516817
296,"Kiribati",1985,71,0.06370976,0.05170229,0.05668611
296,"Kiribati",1985,72,0.06959092,0.05710436,0.06225444
296,"Kiribati",1985,73,0.07607454,0.06295412,0.06838423
296,"Kiribati",1985,74,0.0831869,0.06926173,0.07491603
296,"Kiribati",1985,75,0.09094816,0.07611848,0.0819982
296,"Kiribati",1985,76,0.09937973,0.08365104,0.08970843
296,"Kiribati",1985,77,0.10851256,0.09202339,0.09840138
296,"Kiribati",1985,78,0.11839581,0.10138338,0.10818569
296,"Kiribati",1985,79,0.12911799,0.11179938,0.11874173
296,"Kiribati",1985,80,0.14079357,0.1232806,0.13024253
296,"Kiribati",1985,81,0.15357119,0.13572621,0.14250726
296,"Kiribati",1985,82,0.16759396,0.14900649,0.15576891
296,"Kiribati",1985,83,0.18295265,0.16302706,0.17014562
296,"Kiribati",1985,84,0.19968686,0.17773433,0.18526934
296,"Kiribati",1985,85,0.21772555,0.19320715,0.20174491
296,"Kiribati",1985,86,0.23694514,0.20956707,0.2189912
296,"Kiribati",1985,87,0.25719382,0.22695883,0.23746019
296,"Kiribati",1985,88,0.27831615,0.24550404,0.25714821
296,"Kiribati",1985,89,0.30023792,0.26520304,0.27619934
296,"Kiribati",1985,90,0.32291327,0.28599508,0.29630848
296,"Kiribati",1985,91,0.3463567,0.30772669,0.31914964
296,"Kiribati",1985,92,0.37058645,0.33022328,0.3427956
296,"Kiribati",1985,93,0.3955774,0.35337521,0.36605146
296,"Kiribati",1985,94,0.42127651,0.3771034,0.38945899
296,"Kiribati",1985,95,0.44756956,0.40141568,0.41319215
296,"Kiribati",1985,96,0.47430892,0.42632944,0.4367881
296,"Kiribati",1985,97,0.50130935,0.45180763,0.46029459
296,"Kiribati",1985,98,0.52835876,0.4777644,0.48665259
296,"Kiribati",1985,99,0.55522414,0.50398505,0.52635578
296,"Kiribati",1985,100,0.60836959,0.56013386,0.57766015
296,"Kiribati",1986,0,0.0866177,0.07185424,0.07945774
296,"Kiribati",1986,1,0.01315374,0.01303485,0.0130959
296,"Kiribati",1986,2,0.00902527,0.00876269,0.00889732
296,"Kiribati",1986,3,0.00625878,0.00596276,0.00611417
296,"Kiribati",1986,4,0.00443754,0.00416121,0.00430227
296,"Kiribati",1986,5,0.00325671,0.00301993,0.00314062
296,"Kiribati",1986,6,0.00250466,0.00231036,0.00240929
296,"Kiribati",1986,7,0.00203836,0.00188277,0.00196185
296,"Kiribati",1986,8,0.00175987,0.00163725,0.00169954
296,"Kiribati",1986,9,0.00161091,0.00151608,0.0015643
296,"Kiribati",1986,10,0.0015533,0.00148149,0.00151796
296,"Kiribati",1986,11,0.00156532,0.00151157,0.00153882
296,"Kiribati",1986,12,0.00163382,0.00159179,0.00161303
296,"Kiribati",1986,13,0.00175071,0.0017111,0.00173103
296,"Kiribati",1986,14,0.00191158,0.00186143,0.00188657
296,"Kiribati",1986,15,0.00211229,0.00203403,0.0020732
296,"Kiribati",1986,16,0.00234856,0.00222111,0.00228485
296,"Kiribati",1986,17,0.00261325,0.00241358,0.00251351
296,"Kiribati",1986,18,0.002895,0.00260315,0.00274942
296,"Kiribati",1986,19,0.00317718,0.0027815,0.00297977
296,"Kiribati",1986,20,0.00343877,0.00294349,0.00319119
296,"Kiribati",1986,21,0.00365662,0.00308577,0.00337026
296,"Kiribati",1986,22,0.00381549,0.00320826,0.00350946
296,"Kiribati",1986,23,0.003908,0.00331294,0.00360656
296,"Kiribati",1986,24,0.0039454,0.00340428,0.00367027
296,"Kiribati",1986,25,0.00394785,0.0034881,0.00371301
296,"Kiribati",1986,26,0.00394173,0.00357071,0.0037514
296,"Kiribati",1986,27,0.00395289,0.0036584,0.00380136
296,"Kiribati",1986,28,0.003995,0.00375462,0.00387091
296,"Kiribati",1986,29,0.00407627,0.0038614,0.00396524
296,"Kiribati",1986,30,0.00419333,0.00397752,0.00408138
296,"Kiribati",1986,31,0.00433829,0.00410039,0.00421443
296,"Kiribati",1986,32,0.004503,0.00422768,0.00435982
296,"Kiribati",1986,33,0.00467946,0.00435736,0.00451238
296,"Kiribati",1986,34,0.00486643,0.00449,0.00467195
296,"Kiribati",1986,35,0.00506649,0.00462755,0.00484092
296,"Kiribati",1986,36,0.00528613,0.00477318,0.00502525
296,"Kiribati",1986,37,0.00553405,0.0049306,0.00523042
296,"Kiribati",1986,38,0.00581546,0.00510171,0.00545926
296,"Kiribati",1986,39,0.0061334,0.00528734,0.00571406
296,"Kiribati",1986,40,0.006486,0.00548647,0.00598972
296,"Kiribati",1986,41,0.00686795,0.00569716,0.00628653
296,"Kiribati",1986,42,0.00727528,0.00591991,0.00659968
296,"Kiribati",1986,43,0.00770515,0.00615733,0.00692541
296,"Kiribati",1986,44,0.00816154,0.00641752,0.00727582
296,"Kiribati",1986,45,0.00865405,0.00671289,0.00766302
296,"Kiribati",1986,46,0.00919615,0.00705719,0.00810114
296,"Kiribati",1986,47,0.00980468,0.00746552,0.00859525
296,"Kiribati",1986,48,0.01049145,0.00794562,0.00915044
296,"Kiribati",1986,49,0.01126373,0.00849861,0.00979793
296,"Kiribati",1986,50,0.01212074,0.0091155,0.01053937
296,"Kiribati",1986,51,0.01305359,0.00977704,0.01133591
296,"Kiribati",1986,52,0.01405459,0.01046764,0.01220469
296,"Kiribati",1986,53,0.01511776,0.01117651,0.01312064
296,"Kiribati",1986,54,0.01624818,0.0119114,0.01406307
296,"Kiribati",1986,55,0.01746356,0.01270038,0.01507237
296,"Kiribati",1986,56,0.01878918,0.01358229,0.01614356
296,"Kiribati",1986,57,0.02025846,0.01460744,0.01729196
296,"Kiribati",1986,58,0.0218985,0.01581438,0.01861604
296,"Kiribati",1986,59,0.02372724,0.01722578,0.02012332
296,"Kiribati",1986,60,0.02575029,0.01884288,0.02183549
296,"Kiribati",1986,61,0.02795667,0.02063668,0.02377818
296,"Kiribati",1986,62,0.03033545,0.0225769,0.02592951
296,"Kiribati",1986,63,0.03287865,0.02463767,0.02826481
296,"Kiribati",1986,64,0.03559314,0.026821,0.0307113
296,"Kiribati",1986,65,0.03850907,0.02917417,0.03332299
296,"Kiribati",1986,66,0.04167084,0.03176884,0.03618806
296,"Kiribati",1986,67,0.04514046,0.0347058,0.03934633
296,"Kiribati",1986,68,0.04898183,0.03807659,0.04281782
296,"Kiribati",1986,69,0.05325463,0.04194294,0.04666943
296,"Kiribati",1986,70,0.05801391,0.04633665,0.0511605
296,"Kiribati",1986,71,0.06330209,0.05123333,0.05629402
296,"Kiribati",1986,72,0.06915774,0.05660066,0.06177526
296,"Kiribati",1986,73,0.07561257,0.06241661,0.06781829
296,"Kiribati",1986,74,0.0826938,0.06869329,0.0744417
296,"Kiribati",1986,75,0.09042314,0.07552205,0.08152097
296,"Kiribati",1986,76,0.09882373,0.08302899,0.08918073
296,"Kiribati",1986,77,0.10792822,0.09137665,0.09763056
296,"Kiribati",1986,78,0.11778707,0.10071172,0.10724858
296,"Kiribati",1986,79,0.12848891,0.11110252,0.11798268
296,"Kiribati",1986,80,0.14014762,0.12255879,0.12953582
296,"Kiribati",1986,81,0.15291017,0.13498132,0.14203254
296,"Kiribati",1986,82,0.16691804,0.14824196,0.1552587
296,"Kiribati",1986,83,0.18226145,0.16224739,0.16943961
296,"Kiribati",1986,84,0.19898027,0.17694458,0.18471121
296,"Kiribati",1986,85,0.21700574,0.19241204,0.20072506
296,"Kiribati",1986,86,0.23621703,0.20877087,0.21816659
296,"Kiribati",1986,87,0.25646486,0.22616565,0.23639849
296,"Kiribati",1986,88,0.27759554,0.24471825,0.2559017
296,"Kiribati",1986,89,0.29953411,0.26443022,0.27661383
296,"Kiribati",1986,90,0.32223285,0.28524229,0.29656431
296,"Kiribati",1986,91,0.34570336,0.30700242,0.31751718
296,"Kiribati",1986,92,0.36996132,0.32953684,0.34115361
296,"Kiribati",1986,93,0.39498173,0.35273485,0.36551407
296,"Kiribati",1986,94,0.42071322,0.3765152,0.38938229
296,"Kiribati",1986,95,0.44704573,0.40088204,0.41336526
296,"Kiribati",1986,96,0.47383579,0.42584911,0.43765287
296,"Kiribati",1986,97,0.50089899,0.45137807,0.46174901
296,"Kiribati",1986,98,0.52802149,0.47738341,0.48569271
296,"Kiribati",1986,99,0.55496272,0.50365481,0.51227323
296,"Kiribati",1986,100,0.60823605,0.55995389,0.57859636
296,"Kiribati",1987,0,0.08409707,0.06975207,0.07714039
296,"Kiribati",1987,1,0.01251737,0.01243093,0.01247526
296,"Kiribati",1987,2,0.00862135,0.00837425,0.0085006
296,"Kiribati",1987,3,0.00600037,0.00570976,0.00585817
296,"Kiribati",1987,4,0.00426821,0.0039917,0.00413266
296,"Kiribati",1987,5,0.00314095,0.00290107,0.00302315
296,"Kiribati",1987,6,0.00242053,0.0022217,0.00232281
296,"Kiribati",1987,7,0.00197239,0.00181156,0.00189327
296,"Kiribati",1987,8,0.00170395,0.00157563,0.00164073
296,"Kiribati",1987,9,0.00155989,0.00145891,0.00151016
296,"Kiribati",1987,10,0.00150392,0.00142538,0.00146531
296,"Kiribati",1987,11,0.00151548,0.0014542,0.00148533
296,"Kiribati",1987,12,0.00158209,0.00153158,0.00155718
296,"Kiribati",1987,13,0.00169627,0.00164708,0.00167192
296,"Kiribati",1987,14,0.00185383,0.00179302,0.00182359
296,"Kiribati",1987,15,0.0020508,0.00196098,0.00200594
296,"Kiribati",1987,16,0.00228277,0.00214328,0.00221295
296,"Kiribati",1987,17,0.00254239,0.00233085,0.00243638
296,"Kiribati",1987,18,0.00281814,0.00251546,0.00266649
296,"Kiribati",1987,19,0.0030934,0.00268886,0.002891
296,"Kiribati",1987,20,0.00334759,0.00284608,0.00309668
296,"Kiribati",1987,21,0.00355833,0.00298399,0.00327041
296,"Kiribati",1987,22,0.00371115,0.00310272,0.00340503
296,"Kiribati",1987,23,0.00379929,0.00320436,0.00349863
296,"Kiribati",1987,24,0.00383397,0.00329329,0.00355938
296,"Kiribati",1987,25,0.00383489,0.00337512,0.00360042
296,"Kiribati",1987,26,0.00382766,0.00345587,0.00363709
296,"Kiribati",1987,27,0.00383728,0.00354151,0.00368495
296,"Kiribati",1987,28,0.003877,0.00363537,0.00375206
296,"Kiribati",1987,29,0.00395481,0.0037394,0.00384299
296,"Kiribati",1987,30,0.00406758,0.00385256,0.00395589
296,"Kiribati",1987,31,0.00420783,0.00397249,0.00408513
296,"Kiribati",1987,32,0.00436781,0.00409705,0.00422623
296,"Kiribati",1987,33,0.00453988,0.0042244,0.00437535
296,"Kiribati",1987,34,0.00472284,0.00435509,0.00453181
296,"Kiribati",1987,35,0.00491905,0.00449097,0.00469779
296,"Kiribati",1987,36,0.00513466,0.00463503,0.00487779
296,"Kiribati",1987,37,0.00537793,0.00479078,0.00507881
296,"Kiribati",1987,38,0.00565395,0.00496016,0.0053038
296,"Kiribati",1987,39,0.00596582,0.00514407,0.00555409
296,"Kiribati",1987,40,0.00631208,0.00534179,0.00582873
296,"Kiribati",1987,41,0.0066881,0.00555174,0.00612129
296,"Kiribati",1987,42,0.00709043,0.00577458,0.0064349
296,"Kiribati",1987,43,0.00751661,0.00601291,0.00676589
296,"Kiribati",1987,44,0.00797044,0.00627438,0.00711607
296,"Kiribati",1987,45,0.00846087,0.00657064,0.00750176
296,"Kiribati",1987,46,0.00900047,0.0069146,0.00793555
296,"Kiribati",1987,47,0.00960501,0.00732044,0.00843436
296,"Kiribati",1987,48,0.01028575,0.0077955,0.00899448
296,"Kiribati",1987,49,0.01104987,0.00834093,0.00961588
296,"Kiribati",1987,50,0.01189722,0.00894843,0.01032579
296,"Kiribati",1987,51,0.01282028,0.00960009,0.01111759
296,"Kiribati",1987,52,0.01381261,0.01028153,0.01195365
296,"Kiribati",1987,53,0.01486931,0.01098291,0.01286074
296,"Kiribati",1987,54,0.01599559,0.01171194,0.01382547
296,"Kiribati",1987,55,0.01720817,0.01249556,0.01483408
296,"Kiribati",1987,56,0.01853083,0.01337104,0.01593733
296,"Kiribati",1987,57,0.01999486,0.01438662,0.01713356
296,"Kiribati",1987,58,0.02162587,0.01557955,0.01843028
296,"Kiribati",1987,59,0.02344111,0.01697213,0.01992398
296,"Kiribati",1987,60,0.02544653,0.01856642,0.0215997
296,"Kiribati",1987,61,0.02763297,0.0203359,0.02345497
296,"Kiribati",1987,62,0.02999142,0.02225292,0.02553691
296,"Kiribati",1987,63,0.03251589,0.02429404,0.02782221
296,"Kiribati",1987,64,0.03521441,0.02646234,0.03028983
296,"Kiribati",1987,65,0.03811693,0.02880391,0.03291308
296,"Kiribati",1987,66,0.04126696,0.03138819,0.03576482
296,"Kiribati",1987,67,0.04472466,0.03431251,0.03894448
296,"Kiribati",1987,68,0.04855215,0.03766557,0.04247798
296,"Kiribati",1987,69,0.05280769,0.04150765,0.04637785
296,"Kiribati",1987,70,0.05754529,0.04587038,0.05069084
296,"Kiribati",1987,71,0.06280704,0.05073156,0.05564157
296,"Kiribati",1987,72,0.0686316,0.0560616,0.06124625
296,"Kiribati",1987,73,0.07505131,0.0618412,0.06718706
296,"Kiribati",1987,74,0.08209456,0.06808454,0.07370657
296,"Kiribati",1987,75,0.08978485,0.07488308,0.08091185
296,"Kiribati",1987,76,0.09814744,0.08236229,0.08869226
296,"Kiribati",1987,77,0.10721702,0.0906832,0.09713435
296,"Kiribati",1987,78,0.11704563,0.09999125,0.10640805
296,"Kiribati",1987,79,0.12772211,0.11035472,0.11693279
296,"Kiribati",1987,80,0.13935967,0.1217839,0.12866558
296,"Kiribati",1987,81,0.15210327,0.13418133,0.14121444
296,"Kiribati",1987,82,0.1660924,0.14742058,0.15468256
296,"Kiribati",1987,83,0.18141644,0.16140944,0.16883578
296,"Kiribati",1987,84,0.19811541,0.1760955,0.18390228
296,"Kiribati",1987,85,0.21612298,0.1915569,0.20008523
296,"Kiribati",1987,86,0.23532141,0.20791428,0.21701936
296,"Kiribati",1987,87,0.2555644,0.22531203,0.23547204
296,"Kiribati",1987,88,0.2767006,0.24387233,0.25472761
296,"Kiribati",1987,89,0.2986548,0.26359801,0.27525438
296,"Kiribati",1987,90,0.32137789,0.28443141,0.29695109
296,"Kiribati",1987,91,0.34487867,0.30622205,0.31774135
296,"Kiribati",1987,92,0.36917,0.32879701,0.3394471
296,"Kiribati",1987,93,0.39422594,0.35204449,0.36380397
296,"Kiribati",1987,94,0.4199951,0.3758809,0.38881566
296,"Kiribati",1987,95,0.44636942,0.40030645,0.41327792
296,"Kiribati",1987,96,0.47320793,0.42533092,0.43782164
296,"Kiribati",1987,97,0.50032804,0.45091455,0.46260896
296,"Kiribati",1987,98,0.52751719,0.47697222,0.48712377
296,"Kiribati",1987,99,0.55453408,0.50329837,0.51133301
296,"Kiribati",1987,100,0.60797851,0.55975964,0.57293649
296,"Kiribati",1988,0,0.08146843,0.06759001,0.07473882
296,"Kiribati",1988,1,0.01186421,0.01182105,0.01184318
296,"Kiribati",1988,2,0.00820535,0.00798112,0.0080956
296,"Kiribati",1988,3,0.00573337,0.0054532,0.00559585
296,"Kiribati",1988,4,0.00409276,0.00381947,0.00395856
296,"Kiribati",1988,5,0.00302074,0.00278013,0.0029024
296,"Kiribati",1988,6,0.00233303,0.00213139,0.00223372
296,"Kiribati",1988,7,0.00190371,0.00173899,0.00182255
296,"Kiribati",1988,8,0.00164569,0.00151282,0.00158021
296,"Kiribati",1988,9,0.00150673,0.00140064,0.00145442
296,"Kiribati",1988,10,0.00145249,0.0013682,0.00141097
296,"Kiribati",1988,11,0.00146354,0.00139574,0.00143021
296,"Kiribati",1988,12,0.00152819,0.00147021,0.00149966
296,"Kiribati",1988,13,0.00163949,0.0015818,0.00161103
296,"Kiribati",1988,14,0.00179355,0.00172322,0.00175871
296,"Kiribati",1988,15,0.00198656,0.00188638,0.00193665
296,"Kiribati",1988,16,0.002214,0.00206372,0.00213876
296,"Kiribati",1988,17,0.00246825,0.00224622,0.0023568
296,"Kiribati",1988,18,0.00273771,0.00242571,0.00258087
296,"Kiribati",1988,19,0.0030057,0.00259399,0.00279871
296,"Kiribati",1988,20,0.00325217,0.00274629,0.0029982
296,"Kiribati",1988,21,0.00345551,0.00287973,0.00316654
296,"Kiribati",1988,22,0.00360203,0.00299459,0.00329663
296,"Kiribati",1988,23,0.00368566,0.00309311,0.00338672
296,"Kiribati",1988,24,0.00371754,0.00317955,0.00344488
296,"Kiribati",1988,25,0.00371692,0.00325931,0.00348375
296,"Kiribati",1988,26,0.00370856,0.00333812,0.00351893
296,"Kiribati",1988,27,0.00371661,0.00342164,0.00356472
296,"Kiribati",1988,28,0.00375387,0.00351304,0.00362915
296,"Kiribati",1988,29,0.00382809,0.00361424,0.00371684
296,"Kiribati",1988,30,0.0039364,0.00372434,0.00382561
296,"Kiribati",1988,31,0.00407173,0.00384121,0.00395129
296,"Kiribati",1988,32,0.00422676,0.00396293,0.00408864
296,"Kiribati",1988,33,0.00439423,0.00408783,0.00423357
296,"Kiribati",1988,34,0.00457295,0.00421645,0.00438666
296,"Kiribati",1988,35,0.00476509,0.00435053,0.00454953
296,"Kiribati",1988,36,0.00497644,0.00449288,0.00472625
296,"Kiribati",1988,37,0.0052148,0.00464685,0.00492214
296,"Kiribati",1988,38,0.00548513,0.00481434,0.00514237
296,"Kiribati",1988,39,0.00579059,0.00499638,0.00538793
296,"Kiribati",1988,40,0.00613013,0.00519253,0.00565774
296,"Kiribati",1988,41,0.00649984,0.00540158,0.00594991
296,"Kiribati",1988,42,0.00689679,0.00562436,0.00625911
296,"Kiribati",1988,43,0.00731894,0.00586346,0.0065921
296,"Kiribati",1988,44,0.00776988,0.00612608,0.0069493
296,"Kiribati",1988,45,0.00825793,0.00642309,0.00733449
296,"Kiribati",1988,46,0.00879473,0.00676654,0.00776654
296,"Kiribati",1988,47,0.00939492,0.00716967,0.00825781
296,"Kiribati",1988,48,0.01006918,0.0076394,0.00881941
296,"Kiribati",1988,49,0.01082458,0.00817692,0.00944495
296,"Kiribati",1988,50,0.01166166,0.0087746,0.0101256
296,"Kiribati",1988,51,0.01257428,0.00941595,0.01088341
296,"Kiribati",1988,52,0.01355731,0.01008779,0.01171716
296,"Kiribati",1988,53,0.01460699,0.01078128,0.01258809
296,"Kiribati",1988,54,0.01572865,0.01150408,0.01354253
296,"Kiribati",1988,55,0.01693804,0.01228198,0.01458257
296,"Kiribati",1988,56,0.01825735,0.0131506,0.01568481
296,"Kiribati",1988,57,0.01971565,0.01415609,0.01690991
296,"Kiribati",1988,58,0.02133695,0.01533433,0.0182533
296,"Kiribati",1988,59,0.02313777,0.01670723,0.01970782
296,"Kiribati",1988,60,0.02512446,0.01827769,0.0213644
296,"Kiribati",1988,61,0.02728968,0.02002173,0.02318435
296,"Kiribati",1988,62,0.02962649,0.02191443,0.02517478
296,"Kiribati",1988,63,0.03213096,0.02393488,0.02738871
296,"Kiribati",1988,64,0.03481235,0.02608724,0.02981323
296,"Kiribati",1988,65,0.03770045,0.02841642,0.03247129
296,"Kiribati",1988,66,0.04083778,0.03098952,0.0353394
296,"Kiribati",1988,67,0.04428259,0.03390032,0.03849503
296,"Kiribati",1988,68,0.04809513,0.03723455,0.04203708
296,"Kiribati",1988,69,0.05233212,0.04105098,0.04599637
296,"Kiribati",1988,70,0.05704648,0.04538106,0.05036663
296,"Kiribati",1988,71,0.06227996,0.05020485,0.0551276
296,"Kiribati",1988,72,0.0680713,0.05549557,0.06052275
296,"Kiribati",1988,73,0.0744535,0.0612368,0.06659163
296,"Kiribati",1988,74,0.08145616,0.0674449,0.0730035
296,"Kiribati",1988,75,0.08910471,0.0742114,0.080058
296,"Kiribati",1988,76,0.09742661,0.08166115,0.08796957
296,"Kiribati",1988,77,0.10645875,0.08995359,0.09658201
296,"Kiribati",1988,78,0.11625486,0.09923287,0.10584755
296,"Kiribati",1988,79,0.12690398,0.10956722,0.11602046
296,"Kiribati",1988,80,0.13851863,0.12096754,0.12754313
296,"Kiribati",1988,81,0.15124167,0.13333818,0.14027255
296,"Kiribati",1988,82,0.16521045,0.14655453,0.15379445
296,"Kiribati",1988,83,0.18051347,0.16052559,0.16820776
296,"Kiribati",1988,84,0.19719087,0.17519956,0.18325512
296,"Kiribati",1988,85,0.2151789,0.19065424,0.19921881
296,"Kiribati",1988,86,0.23436306,0.20700976,0.2163453
296,"Kiribati",1988,87,0.25460027,0.22441035,0.23424746
296,"Kiribati",1988,88,0.27574166,0.24297848,0.25375119
296,"Kiribati",1988,89,0.29771187,0.26271838,0.27402647
296,"Kiribati",1988,90,0.32046037,0.28357405,0.29554217
296,"Kiribati",1988,91,0.34399306,0.30539668,0.31814597
296,"Kiribati",1988,92,0.36831983,0.32801429,0.33968887
296,"Kiribati",1988,93,0.3934136,0.35131389,0.36207803
296,"Kiribati",1988,94,0.41922278,0.37520944,0.38709122
296,"Kiribati",1988,95,0.44564116,0.39969697,0.41272998
296,"Kiribati",1988,96,0.4725302,0.42478209,0.43776282
296,"Kiribati",1988,97,0.49970935,0.45042353,0.46280538
296,"Kiribati",1988,98,0.52696771,0.47653658,0.48799982
296,"Kiribati",1988,99,0.55406403,0.50292066,0.51275686
296,"Kiribati",1988,100,0.60769334,0.55955379,0.56958118
296,"Kiribati",1989,0,0.07884037,0.06542995,0.07233786
296,"Kiribati",1989,1,0.01122551,0.01122327,0.01122442
296,"Kiribati",1989,2,0.00779685,0.00759493,0.00769801
296,"Kiribati",1989,3,0.00547014,0.00520061,0.00533758
296,"Kiribati",1989,4,0.00391917,0.0036496,0.00378636
296,"Kiribati",1989,5,0.00290144,0.00266065,0.00278283
296,"Kiribati",1989,6,0.002246,0.00204208,0.00214541
296,"Kiribati",1989,7,0.0018353,0.00166717,0.00175225
296,"Kiribati",1989,8,0.00158763,0.00145065,0.00151998
296,"Kiribati",1989,9,0.00145374,0.00134296,0.00139908
296,"Kiribati",1989,10,0.00140122,0.00131162,0.00135703
296,"Kiribati",1989,11,0.00141178,0.0013379,0.00137538
296,"Kiribati",1989,12,0.00147445,0.00140949,0.0014425
296,"Kiribati",1989,13,0.00158286,0.00151718,0.00155051
296,"Kiribati",1989,14,0.00173337,0.00165406,0.00169419
296,"Kiribati",1989,15,0.00192235,0.00181239,0.00186777
296,"Kiribati",1989,16,0.00214516,0.00198474,0.00206504
296,"Kiribati",1989,17,0.00239398,0.00216215,0.00227756
296,"Kiribati",1989,18,0.00265706,0.00233647,0.00249562
296,"Kiribati",1989,19,0.00291776,0.00249964,0.00270683
296,"Kiribati",1989,20,0.00315649,0.00264703,0.00289947
296,"Kiribati",1989,21,0.00335245,0.002776,0.00306214
296,"Kiribati",1989,22,0.00349272,0.002887,0.00318785
296,"Kiribati",1989,23,0.0035719,0.00298239,0.00327463
296,"Kiribati",1989,24,0.00360103,0.00306633,0.00333054
296,"Kiribati",1989,25,0.0035989,0.00314401,0.00336763
296,"Kiribati",1989,26,0.00358947,0.00322087,0.00340091
296,"Kiribati",1989,27,0.00359598,0.00330224,0.00344495
296,"Kiribati",1989,28,0.00363082,0.00339117,0.00350676
296,"Kiribati",1989,29,0.0037015,0.00348952,0.00359109
296,"Kiribati",1989,30,0.00380537,0.00359654,0.00369607
296,"Kiribati",1989,31,0.00393581,0.00371033,0.00381738
296,"Kiribati",1989,32,0.00408589,0.00382918,0.00395124
296,"Kiribati",1989,33,0.00424874,0.00395158,0.00409275
296,"Kiribati",1989,34,0.00442318,0.00407806,0.00424186
296,"Kiribati",1989,35,0.00461118,0.00421026,0.00440146
296,"Kiribati",1989,36,0.00481818,0.00435083,0.00457491
296,"Kiribati",1989,37,0.00505155,0.00450291,0.00476719
296,"Kiribati",1989,38,0.00531611,0.00466841,0.00498133
296,"Kiribati",1989,39,0.00561505,0.00484848,0.00522135
296,"Kiribati",1989,40,0.00594777,0.00504293,0.00548625
296,"Kiribati",1989,41,0.00631101,0.00525094,0.00577387
296,"Kiribati",1989,42,0.0067024,0.0054735,0.00608426
296,"Kiribati",1989,43,0.00712029,0.00571319,0.00641346
296,"Kiribati",1989,44,0.00756809,0.00597677,0.00677351
296,"Kiribati",1989,45,0.00805349,0.00627435,0.00716618
296,"Kiribati",1989,46,0.00858722,0.00661713,0.0075957
296,"Kiribati",1989,47,0.0091828,0.0070174,0.00808305
296,"Kiribati",1989,48,0.00985034,0.00748166,0.0086344
296,"Kiribati",1989,49,0.01059678,0.00801111,0.00925925
296,"Kiribati",1989,50,0.01142331,0.00859883,0.00994415
296,"Kiribati",1989,51,0.01232522,0.0092297,0.01066932
296,"Kiribati",1989,52,0.01329865,0.00989176,0.01146735
296,"Kiribati",1989,53,0.01434098,0.01057717,0.01233989
296,"Kiribati",1989,54,0.01545769,0.01129352,0.01325678
296,"Kiribati",1989,55,0.01666357,0.01206548,0.01428368
296,"Kiribati",1989,56,0.0179792,0.01292703,0.01542008
296,"Kiribati",1989,57,0.01943143,0.01392217,0.01664494
296,"Kiribati",1989,58,0.02104267,0.01508542,0.01801555
296,"Kiribati",1989,59,0.02282868,0.01643831,0.01951446
296,"Kiribati",1989,60,0.02479617,0.01798455,0.02112549
296,"Kiribati",1989,61,0.02693968,0.01970274,0.02293039
296,"Kiribati",1989,62,0.02925433,0.02157066,0.02488565
296,"Kiribati",1989,63,0.03173827,0.02356995,0.02699925
296,"Kiribati",1989,64,0.03440202,0.02570589,0.02935164
296,"Kiribati",1989,65,0.03727517,0.02802216,0.03196607
296,"Kiribati",1989,66,0.0403993,0.03058358,0.03487382
296,"Kiribati",1989,67,0.04383071,0.03348032,0.03805746
296,"Kiribati",1989,68,0.04762773,0.03679511,0.04158396
296,"Kiribati",1989,69,0.05184556,0.04058518,0.04553632
296,"Kiribati",1989,70,0.05653596,0.04488177,0.04994947
296,"Kiribati",1989,71,0.06174036,0.04966725,0.05476548
296,"Kiribati",1989,72,0.06749754,0.05491767,0.05996086
296,"Kiribati",1989,73,0.07384121,0.06061954,0.06580845
296,"Kiribati",1989,74,0.08080217,0.06679138,0.0723581
296,"Kiribati",1989,75,0.08840782,0.07352486,0.07932698
296,"Kiribati",1989,76,0.09668786,0.08094415,0.08703394
296,"Kiribati",1989,77,0.10568142,0.08920712,0.09575569
296,"Kiribati",1989,78,0.11544394,0.0984566,0.105295
296,"Kiribati",1989,79,0.12606469,0.10876076,0.11546067
296,"Kiribati",1989,80,0.13765553,0.12013116,0.126583
296,"Kiribati",1989,81,0.15035712,0.13247399,0.1390998
296,"Kiribati",1989,82,0.16430468,0.14566651,0.1528047
296,"Kiribati",1989,83,0.17958581,0.15961892,0.16727622
296,"Kiribati",1989,84,0.19624075,0.17428014,0.18261178
296,"Kiribati",1989,85,0.2142084,0.18972756,0.19856359
296,"Kiribati",1989,86,0.23337759,0.20608084,0.21545317
296,"Kiribati",1989,87,0.25360855,0.22348401,0.23357115
296,"Kiribati",1989,88,0.27475498,0.24205987,0.25248753
296,"Kiribati",1989,89,0.29674136,0.26181407,0.27303657
296,"Kiribati",1989,90,0.31951571,0.28269236,0.29430121
296,"Kiribati",1989,91,0.343081,0.30454761,0.31672854
296,"Kiribati",1989,92,0.36744402,0.32720883,0.34014456
296,"Kiribati",1989,93,0.39257655,0.35056183,0.36237116
296,"Kiribati",1989,94,0.41842679,0.37451806,0.38537964
296,"Kiribati",1989,95,0.44489044,0.39906925,0.41102444
296,"Kiribati",1989,96,0.47183142,0.4242167,0.4372587
296,"Kiribati",1989,97,0.49907131,0.44991759,0.4627937
296,"Kiribati",1989,98,0.52640093,0.47608761,0.48823819
296,"Kiribati",1989,99,0.55357909,0.50253133,0.51365931
296,"Kiribati",1989,100,0.60739913,0.5593416,0.56850473
296,"Kiribati",1990,0,0.07629592,0.06326659,0.06997891
296,"Kiribati",1990,1,0.01062093,0.01062768,0.01062422
296,"Kiribati",1990,2,0.00740851,0.00721011,0.00731139
296,"Kiribati",1990,3,0.00521888,0.00494896,0.00508614
296,"Kiribati",1990,4,0.00375286,0.0034804,0.00361837
296,"Kiribati",1990,5,0.00278681,0.00254169,0.00266562
296,"Kiribati",1990,6,0.00216218,0.00195318,0.0020589
296,"Kiribati",1990,7,0.00176932,0.00159569,0.00168342
296,"Kiribati",1990,8,0.00153159,0.00138876,0.00146089
296,"Kiribati",1990,9,0.00140259,0.00128554,0.00134472
296,"Kiribati",1990,10,0.00135174,0.00125527,0.00130412
296,"Kiribati",1990,11,0.00136182,0.00128028,0.0013216
296,"Kiribati",1990,12,0.00142258,0.00134899,0.00138631
296,"Kiribati",1990,13,0.00152816,0.00145281,0.00149108
296,"Kiribati",1990,14,0.00167519,0.00158522,0.00163083
296,"Kiribati",1990,15,0.00186018,0.0017388,0.0018001
296,"Kiribati",1990,16,0.00207843,0.00190624,0.00199274
296,"Kiribati",1990,17,0.0023219,0.00207864,0.00220005
296,"Kiribati",1990,18,0.00257875,0.00224791,0.00241206
296,"Kiribati",1990,19,0.00283235,0.00240602,0.0026168
296,"Kiribati",1990,20,0.00306359,0.00254854,0.00280275
296,"Kiribati",1990,21,0.00325242,0.00267306,0.0029591
296,"Kiribati",1990,22,0.00338668,0.00278023,0.00308028
296,"Kiribati",1990,23,0.00346159,0.00287251,0.00316422
296,"Kiribati",1990,24,0.00348811,0.00295396,0.00321796
296,"Kiribati",1990,25,0.00348458,0.00302959,0.00325363
296,"Kiribati",1990,26,0.00347415,0.00310452,0.0032855
296,"Kiribati",1990,27,0.00347922,0.00318377,0.00332738
296,"Kiribati",1990,28,0.00351175,0.00327024,0.00338689
296,"Kiribati",1990,29,0.00357904,0.00336574,0.00346797
296,"Kiribati",1990,30,0.00367865,0.00346967,0.00356914
296,"Kiribati",1990,31,0.00380437,0.00358038,0.00368649
296,"Kiribati",1990,32,0.00394966,0.00369634,0.00381606
296,"Kiribati",1990,33,0.004108,0.00381624,0.00395464
296,"Kiribati",1990,34,0.00427823,0.00394059,0.00410083
296,"Kiribati",1990,35,0.00446217,0.00407092,0.00425662
296,"Kiribati",1990,36,0.00466488,0.00420971,0.00442665
296,"Kiribati",1990,37,0.00489334,0.00435994,0.00461504
296,"Kiribati",1990,38,0.00515221,0.00452348,0.00482516
296,"Kiribati",1990,39,0.00544475,0.00470158,0.00505871
296,"Kiribati",1990,40,0.00577074,0.00489434,0.005318
296,"Kiribati",1990,41,0.00612758,0.00510129,0.00560124
296,"Kiribati",1990,42,0.0065134,0.0053236,0.0059079
296,"Kiribati",1990,43,0.00692693,0.00556387,0.00623976
296,"Kiribati",1990,44,0.00737145,0.00582842,0.00659641
296,"Kiribati",1990,45,0.00785402,0.0061266,0.00699228
296,"Kiribati",1990,46,0.00838451,0.00646877,0.00742904
296,"Kiribati",1990,47,0.00897538,0.00686628,0.00791193
296,"Kiribati",1990,48,0.00963615,0.00732519,0.00845713
296,"Kiribati",1990,49,0.01037367,0.0078467,0.00906819
296,"Kiribati",1990,50,0.01118973,0.00842458,0.00974979
296,"Kiribati",1990,51,0.01208097,0.00904508,0.01047954
296,"Kiribati",1990,52,0.0130448,0.00969746,0.01124524
296,"Kiribati",1990,53,0.0140797,0.01037486,0.01208534
296,"Kiribati",1990,54,0.01519128,0.01108485,0.01300944
296,"Kiribati",1990,55,0.01639342,0.01185098,0.01399422
296,"Kiribati",1990,56,0.01770516,0.0127056,0.01511353
296,"Kiribati",1990,57,0.01915118,0.01369059,0.01637401
296,"Kiribati",1990,58,0.02075232,0.01483911,0.01774102
296,"Kiribati",1990,59,0.02252357,0.01617227,0.01926522
296,"Kiribati",1990,60,0.02447202,0.01769462,0.02091457
296,"Kiribati",1990,61,0.02659401,0.01938729,0.0226706
296,"Kiribati",1990,62,0.02888667,0.02123077,0.02461683
296,"Kiribati",1990,63,0.0313502,0.02320924,0.02669812
296,"Kiribati",1990,64,0.03399634,0.02532911,0.02894907
296,"Kiribati",1990,65,0.0368545,0.02763291,0.03148977
296,"Kiribati",1990,66,0.03996533,0.03018317,0.03435274
296,"Kiribati",1990,67,0.04338324,0.03306649,0.03757957
296,"Kiribati",1990,68,0.04716466,0.03636261,0.04113414
296,"Kiribati",1990,69,0.0513633,0.04012718,0.04507993
296,"Kiribati",1990,70,0.05602977,0.04439123,0.04948193
296,"Kiribati",1990,71,0.06120519,0.04913938,0.05432504
296,"Kiribati",1990,72,0.06692836,0.05435053,0.05957756
296,"Kiribati",1990,73,0.07323367,0.06001412,0.06521839
296,"Kiribati",1990,74,0.08015314,0.0661509,0.07153662
296,"Kiribati",1990,75,0.08771606,0.07285271,0.07865737
296,"Kiribati",1990,76,0.09595438,0.08024322,0.08627802
296,"Kiribati",1990,77,0.1049094,0.08847876,0.094788
296,"Kiribati",1990,78,0.1146383,0.09770094,0.10444702
296,"Kiribati",1990,79,0.12523057,0.1079779,0.11489787
296,"Kiribati",1990,80,0.13679741,0.11932172,0.12601622
296,"Kiribati",1990,81,0.14947734,0.13164036,0.13813408
296,"Kiribati",1990,82,0.16340347,0.14481277,0.15162174
296,"Kiribati",1990,83,0.17866248,0.15875035,0.16628588
296,"Kiribati",1990,84,0.19529477,0.17340271,0.18169028
296,"Kiribati",1990,85,0.21324183,0.18884713,0.19796945
296,"Kiribati",1990,86,0.2323958,0.20520309,0.21485649
296,"Kiribati",1990,87,0.25262023,0.22261468,0.23272352
296,"Kiribati",1990,88,0.27377137,0.24120514,0.25188257
296,"Kiribati",1990,89,0.29577355,0.26098129,0.2718223
296,"Kiribati",1990,90,0.3185734,0.28189012,0.2933887
296,"Kiribati",1990,91,0.34217092,0.30378559,0.31557294
296,"Kiribati",1990,92,0.36656989,0.32649713,0.33881996
296,"Kiribati",1990,93,0.3917409,0.3499095,0.36297849
296,"Kiribati",1990,94,0.41763195,0.3739322,0.38583058
296,"Kiribati",1990,95,0.44414063,0.39855392,0.40944323
296,"Kiribati",1990,96,0.47113334,0.42377295,0.43569283
296,"Kiribati",1990,97,0.49843378,0.44954522,0.46245156
296,"Kiribati",1990,98,0.5258345,0.47578644,0.48839823
296,"Kiribati",1990,99,0.55309435,0.50230411,0.51407801
296,"Kiribati",1990,100,0.60710502,0.55929618,0.56856072
296,"Kiribati",1991,0,0.07390602,0.06092354,0.06761157
296,"Kiribati",1991,1,0.01006555,0.00996232,0.01001525
296,"Kiribati",1991,2,0.00705027,0.00678244,0.00691898
296,"Kiribati",1991,3,0.00498617,0.00467088,0.0048309
296,"Kiribati",1991,4,0.00359827,0.00329452,0.0034482
296,"Kiribati",1991,5,0.00267992,0.00241169,0.00254695
296,"Kiribati",1991,6,0.00208385,0.00185642,0.00197098
296,"Kiribati",1991,7,0.00170758,0.00151803,0.00161361
296,"Kiribati",1991,8,0.00147912,0.00132153,0.00140098
296,"Kiribati",1991,9,0.0013547,0.00122307,0.00128945
296,"Kiribati",1991,10,0.00130541,0.00119387,0.00125022
296,"Kiribati",1991,11,0.00131505,0.00121744,0.00126686
296,"Kiribati",1991,12,0.001374,0.00128304,0.00132912
296,"Kiribati",1991,13,0.0014769,0.00138279,0.0014305
296,"Kiribati",1991,14,0.0016206,0.00151062,0.00156641
296,"Kiribati",1991,15,0.00180179,0.00165947,0.00173146
296,"Kiribati",1991,16,0.00201568,0.00182213,0.00191958
296,"Kiribati",1991,17,0.00225405,0.00198965,0.00212193
296,"Kiribati",1991,18,0.00250499,0.00215392,0.00232828
296,"Kiribati",1991,19,0.00275189,0.0023069,0.00252654
296,"Kiribati",1991,20,0.00297608,0.00244436,0.00270589
296,"Kiribati",1991,21,0.00315823,0.00256419,0.00285588
296,"Kiribati",1991,22,0.00328689,0.00266727,0.00297183
296,"Kiribati",1991,23,0.00335784,0.00275627,0.00305279
296,"Kiribati",1991,24,0.00338196,0.00283518,0.00310494
296,"Kiribati",1991,25,0.00337715,0.00290876,0.0031393
296,"Kiribati",1991,26,0.00336581,0.00298179,0.00316994
296,"Kiribati",1991,27,0.00336957,0.0030589,0.00321007
296,"Kiribati",1991,28,0.00339997,0.00314283,0.00326688
296,"Kiribati",1991,29,0.00346412,0.00323531,0.00334493
296,"Kiribati",1991,30,0.00355975,0.00333594,0.00344235
296,"Kiribati",1991,31,0.00368105,0.00344334,0.00355569
296,"Kiribati",1991,32,0.00382184,0.00355626,0.00368136
296,"Kiribati",1991,33,0.00397592,0.00367361,0.00381594
296,"Kiribati",1991,34,0.00414217,0.00379589,0.00395981
296,"Kiribati",1991,35,0.00432221,0.00392452,0.00411302
296,"Kiribati",1991,36,0.00452083,0.00406177,0.00427947
296,"Kiribati",1991,37,0.0047446,0.00421039,0.00446446
296,"Kiribati",1991,38,0.00499805,0.00437221,0.00466992
296,"Kiribati",1991,39,0.00528448,0.00454859,0.00489906
296,"Kiribati",1991,40,0.00560405,0.00473991,0.0051517
296,"Kiribati",1991,41,0.00595473,0.00494613,0.00542986
296,"Kiribati",1991,42,0.00633514,0.0051686,0.00573391
296,"Kiribati",1991,43,0.00674438,0.00540999,0.00606377
296,"Kiribati",1991,44,0.00718558,0.00567617,0.00642467
296,"Kiribati",1991,45,0.00766523,0.00597571,0.00681809
296,"Kiribati",1991,46,0.00819243,0.00631805,0.00725818
296,"Kiribati",1991,47,0.00877863,0.0067135,0.00774667
296,"Kiribati",1991,48,0.00943282,0.00716763,0.00828548
296,"Kiribati",1991,49,0.01016172,0.0076816,0.00888733
296,"Kiribati",1991,50,0.0109677,0.0082499,0.00955204
296,"Kiribati",1991,51,0.01184866,0.00886024,0.01028008
296,"Kiribati",1991,52,0.01280317,0.00950318,0.01105225
296,"Kiribati",1991,53,0.01383077,0.01017296,0.01185888
296,"Kiribati",1991,54,0.01493722,0.01087716,0.01275162
296,"Kiribati",1991,55,0.01613553,0.01163819,0.01374657
296,"Kiribati",1991,56,0.01744331,0.01248677,0.01482
296,"Kiribati",1991,57,0.01888317,0.01346253,0.01606138
296,"Kiribati",1991,58,0.02047447,0.0145972,0.01746092
296,"Kiribati",1991,59,0.02223148,0.01591146,0.0189738
296,"Kiribati",1991,60,0.02416161,0.01741071,0.02064716
296,"Kiribati",1991,61,0.02626291,0.01907873,0.02244208
296,"Kiribati",1991,62,0.02853441,0.02089888,0.02433891
296,"Kiribati",1991,63,0.03097827,0.02285801,0.02642097
296,"Kiribati",1991,64,0.03360735,0.02496381,0.02865668
296,"Kiribati",1991,65,0.03645093,0.02725768,0.03109181
296,"Kiribati",1991,66,0.03954879,0.02979989,0.03387712
296,"Kiribati",1991,67,0.0429535,0.03267335,0.03705858
296,"Kiribati",1991,68,0.04671973,0.03595469,0.04065381
296,"Kiribati",1991,69,0.05089974,0.0396979,0.04461432
296,"Kiribati",1991,70,0.05554305,0.0439337,0.04900643
296,"Kiribati",1991,71,0.06069044,0.04864899,0.05385528
296,"Kiribati",1991,72,0.06638078,0.05382557,0.05913758
296,"Kiribati",1991,73,0.07264907,0.05945599,0.06484466
296,"Kiribati",1991,74,0.07952848,0.06556348,0.07095335
296,"Kiribati",1991,75,0.08705014,0.07224047,0.07783558
296,"Kiribati",1991,76,0.09524813,0.07961046,0.08562892
296,"Kiribati",1991,77,0.10416584,0.08782866,0.09400173
296,"Kiribati",1991,78,0.11386211,0.09703572,0.10344893
296,"Kiribati",1991,79,0.12442666,0.1072997,0.11414394
296,"Kiribati",1991,80,0.13597004,0.118633,0.12556631
296,"Kiribati",1991,81,0.14862877,0.13094467,0.13764571
296,"Kiribati",1991,82,0.16253391,0.14411474,0.15074326
296,"Kiribati",1991,83,0.17777129,0.15805551,0.16518903
296,"Kiribati",1991,84,0.19438142,0.17271748,0.18081024
296,"Kiribati",1991,85,0.21230831,0.18817888,0.19718319
296,"Kiribati",1991,86,0.23144731,0.20456034,0.21445355
296,"Kiribati",1991,87,0.25166513,0.22200709,0.23234306
296,"Kiribati",1991,88,0.27282053,0.24064335,0.25126017
296,"Kiribati",1991,89,0.29483769,0.26047586,0.271488
296,"Kiribati",1991,90,0.31766191,0.2814508,0.29245682
296,"Kiribati",1991,91,0.34129035,0.30342031,0.31498443
296,"Kiribati",1991,92,0.36572387,0.32621186,0.33801424
296,"Kiribati",1991,93,0.39093192,0.34970975,0.36202374
296,"Kiribati",1991,94,0.41686231,0.37382398,0.38687062
296,"Kiribati",1991,95,0.44341443,0.3985458,0.41036057
296,"Kiribati",1991,96,0.47045711,0.42387619,0.434603
296,"Kiribati",1991,97,0.49781609,0.44977138,0.46141788
296,"Kiribati",1991,98,0.52528558,0.47614536,0.48863121
296,"Kiribati",1991,99,0.55262451,0.50279884,0.51486403
296,"Kiribati",1991,100,0.60681993,0.55998885,0.56946467
296,"Kiribati",1992,0,0.07150525,0.05879466,0.06534348
296,"Kiribati",1992,1,0.00948823,0.00937338,0.00943237
296,"Kiribati",1992,2,0.00667908,0.00640259,0.00654404
296,"Kiribati",1992,3,0.00474614,0.0044231,0.00458748
296,"Kiribati",1992,4,0.00343973,0.00312842,0.00328622
296,"Kiribati",1992,5,0.00257099,0.00229526,0.00243464
296,"Kiribati",1992,6,0.00200448,0.0017696,0.00188801
296,"Kiribati",1992,7,0.00164528,0.0014483,0.00154754
296,"Kiribati",1992,8,0.00142627,0.00126115,0.00134442
296,"Kiribati",1992,9,0.00130644,0.00116698,0.00123728
296,"Kiribati",1992,10,0.00125866,0.00113876,0.00119923
296,"Kiribati",1992,11,0.00126778,0.00116104,0.00121495
296,"Kiribati",1992,12,0.00132486,0.00122383,0.00127495
296,"Kiribati",1992,13,0.00142506,0.00131989,0.00137312
296,"Kiribati",1992,14,0.00156549,0.00144352,0.00150525
296,"Kiribati",1992,15,0.001743,0.00158802,0.00166646
296,"Kiribati",1992,16,0.00195274,0.00174625,0.00185038
296,"Kiribati",1992,17,0.00218624,0.00190927,0.00204826
296,"Kiribati",1992,18,0.00243147,0.00206893,0.00224969
296,"Kiribati",1992,19,0.0026718,0.00221722,0.00244209
296,"Kiribati",1992,20,0.00288896,0.00235007,0.00261478
296,"Kiribati",1992,21,0.00306436,0.00246563,0.00275839
296,"Kiribati",1992,22,0.00318727,0.002565,0.00286858
296,"Kiribati",1992,23,0.00325411,0.00265102,0.00294538
296,"Kiribati",1992,24,0.00327568,0.00272759,0.00299572
296,"Kiribati",1992,25,0.00326947,0.00279929,0.00302959
296,"Kiribati",1992,26,0.00325714,0.00287055,0.00305963
296,"Kiribati",1992,27,0.0032595,0.0029457,0.00309856
296,"Kiribati",1992,28,0.00328773,0.00302728,0.00315344
296,"Kiribati",1992,29,0.00334868,0.00311701,0.00322846
296,"Kiribati",1992,30,0.00344031,0.00321461,0.00332257
296,"Kiribati",1992,31,0.00355719,0.00331899,0.00343215
296,"Kiribati",1992,32,0.00369348,0.00342911,0.00355405
296,"Kiribati",1992,33,0.00384335,0.00354406,0.00368503
296,"Kiribati",1992,34,0.00400568,0.00366437,0.00382504
296,"Kiribati",1992,35,0.00418194,0.00379135,0.00397631
296,"Kiribati",1992,36,0.00437658,0.0039271,0.0041402
296,"Kiribati",1992,37,0.00459579,0.00407413,0.00432156
296,"Kiribati",1992,38,0.00484395,0.00423428,0.00452428
296,"Kiribati",1992,39,0.0051244,0.00440895,0.00474933
296,"Kiribati",1992,40,0.00543766,0.00459882,0.00499836
296,"Kiribati",1992,41,0.00578232,0.0048042,0.00527068
296,"Kiribati",1992,42,0.00615745,0.00502665,0.00556991
296,"Kiribati",1992,43,0.00656258,0.00526885,0.00589749
296,"Kiribati",1992,44,0.00700068,0.00553632,0.00625646
296,"Kiribati",1992,45,0.00747772,0.0058369,0.00665388
296,"Kiribati",1992,46,0.00800198,0.00617922,0.00709114
296,"Kiribati",1992,47,0.00858388,0.00657261,0.00758224
296,"Kiribati",1992,48,0.00923187,0.00702222,0.00812551
296,"Kiribati",1992,49,0.00995251,0.00752917,0.00871907
296,"Kiribati",1992,50,0.01074873,0.00808858,0.00937111
296,"Kiribati",1992,51,0.01161969,0.00868948,0.01008078
296,"Kiribati",1992,52,0.01256518,0.00932363,0.01085007
296,"Kiribati",1992,53,0.0135858,0.00998626,0.01166071
296,"Kiribati",1992,54,0.01468751,0.01068497,0.01251481
296,"Kiribati",1992,55,0.01588247,0.01144114,0.01347935
296,"Kiribati",1992,56,0.01718687,0.01228397,0.01456914
296,"Kiribati",1992,57,0.01862122,0.01325105,0.01575676
296,"Kiribati",1992,58,0.02020335,0.01437281,0.01713726
296,"Kiribati",1992,59,0.02194678,0.01566949,0.01869151
296,"Kiribati",1992,60,0.0238592,0.01714729,0.02035555
296,"Kiribati",1992,61,0.02594041,0.01879241,0.02217158
296,"Kiribati",1992,62,0.02819135,0.02059081,0.02410651
296,"Kiribati",1992,63,0.03061618,0.02253184,0.02614239
296,"Kiribati",1992,64,0.03322895,0.02462432,0.02837952
296,"Kiribati",1992,65,0.03605882,0.02690869,0.03080472
296,"Kiribati",1992,66,0.03914469,0.02944309,0.03348809
296,"Kiribati",1992,67,0.04253732,0.03230708,0.03659916
296,"Kiribati",1992,68,0.04628958,0.03557441,0.04015759
296,"Kiribati",1992,69,0.05045225,0.0392975,0.04416365
296,"Kiribati",1992,70,0.05507377,0.04350679,0.04855694
296,"Kiribati",1992,71,0.06019462,0.04819127,0.05339194
296,"Kiribati",1992,72,0.06585374,0.05333543,0.05868122
296,"Kiribati",1992,73,0.0720868,0.05893469,0.06440579
296,"Kiribati",1992,74,0.07892815,0.06501461,0.07059147
296,"Kiribati",1992,75,0.08641078,0.07166813,0.0772588
296,"Kiribati",1992,76,0.0945709,0.07901864,0.08480418
296,"Kiribati",1992,77,0.10345404,0.0872203,0.09336826
296,"Kiribati",1992,78,0.11312069,0.09641289,0.10261227
296,"Kiribati",1992,79,0.12366083,0.10666439,0.11304897
296,"Kiribati",1992,80,0.13518436,0.11798751,0.1247889
296,"Kiribati",1992,81,0.14782576,0.13029234,0.13723092
296,"Kiribati",1992,82,0.16171398,0.14345991,0.15029995
296,"Kiribati",1992,83,0.176934,0.1574034,0.16434673
296,"Kiribati",1992,84,0.19352645,0.17207412,0.17973424
296,"Kiribati",1992,85,0.21143797,0.18755122,0.1963473
296,"Kiribati",1992,86,0.2305672,0.20395638,0.2137291
296,"Kiribati",1992,87,0.25078413,0.22143595,0.23204302
296,"Kiribati",1992,88,0.27194998,0.24011506,0.25098747
296,"Kiribati",1992,89,0.29398852,0.26000038,0.27096543
296,"Kiribati",1992,90,0.31684328,0.28103736,0.29223733
296,"Kiribati",1992,91,0.34050814,0.30307643,0.31415963
296,"Kiribati",1992,92,0.36498068,0.32594321,0.33754173
296,"Kiribati",1992,93,0.39022968,0.34952158,0.36133446
296,"Kiribati",1992,94,0.41620353,0.37372201,0.38603278
296,"Kiribati",1992,95,0.44280491,0.39853815,0.41153985
296,"Kiribati",1992,96,0.46990631,0.42397352,0.43565351
296,"Kiribati",1992,97,0.49733516,0.44998465,0.46048236
296,"Kiribati",1992,98,0.52488582,0.47648389,0.48777165
296,"Kiribati",1992,99,0.55231316,0.50326559,0.51524962
296,"Kiribati",1992,100,0.6066791,0.56064228,0.57040068
296,"Kiribati",1993,0,0.06917949,0.05690081,0.0632282
296,"Kiribati",1993,1,0.00892002,0.00886208,0.00889184
296,"Kiribati",1993,2,0.00631387,0.00607177,0.0061958
296,"Kiribati",1993,3,0.0045103,0.00420665,0.00436166
296,"Kiribati",1993,4,0.00328435,0.00298294,0.00313613
296,"Kiribati",1993,5,0.00246459,0.00219306,0.00233061
296,"Kiribati",1993,6,0.00192722,0.00169329,0.00181153
296,"Kiribati",1993,7,0.00158478,0.00138695,0.00148672
296,"Kiribati",1993,8,0.001375,0.00120801,0.00129218
296,"Kiribati",1993,9,0.00125962,0.00111763,0.00118927
296,"Kiribati",1993,10,0.00121327,0.00109027,0.00115231
296,"Kiribati",1993,11,0.00122183,0.00111144,0.00116712
296,"Kiribati",1993,12,0.00127705,0.00117175,0.00122492
296,"Kiribati",1993,13,0.00137462,0.00126452,0.00132019
296,"Kiribati",1993,14,0.00151191,0.00138439,0.00144884
296,"Kiribati",1993,15,0.00168596,0.00152497,0.00160627
296,"Kiribati",1993,16,0.00189181,0.0016792,0.00178649
296,"Kiribati",1993,17,0.00212077,0.00183815,0.00198012
296,"Kiribati",1993,18,0.00236063,0.00199367,0.00217706
296,"Kiribati",1993,19,0.00259468,0.00213775,0.0023645
296,"Kiribati",1993,20,0.00280508,0.0022665,0.00253132
296,"Kiribati",1993,21,0.00297391,0.00237826,0.00266883
296,"Kiribati",1993,22,0.00309118,0.00247433,0.00277355
296,"Kiribati",1993,23,0.00315393,0.0025577,0.00284609
296,"Kiribati",1993,24,0.00317294,0.00263217,0.00289383
296,"Kiribati",1993,25,0.00316531,0.00270216,0.00292681
296,"Kiribati",1993,26,0.00315196,0.00277183,0.00295665
296,"Kiribati",1993,27,0.00315294,0.0028452,0.0029948
296,"Kiribati",1993,28,0.00317903,0.00292468,0.00304802
296,"Kiribati",1993,29,0.00323687,0.00301194,0.00312056
296,"Kiribati",1993,30,0.00332463,0.00310683,0.00321141
296,"Kiribati",1993,31,0.00343723,0.0032085,0.00331782
296,"Kiribati",1993,32,0.0035692,0.00331608,0.00343633
296,"Kiribati",1993,33,0.00371504,0.00342886,0.00356416
296,"Kiribati",1993,34,0.00387363,0.00354734,0.00370106
296,"Kiribati",1993,35,0.00404629,0.00367277,0.00384862
296,"Kiribati",1993,36,0.00423716,0.00380708,0.00401087
296,"Kiribati",1993,37,0.00445203,0.00395261,0.00418953
296,"Kiribati",1993,38,0.00469516,0.00411115,0.00438815
296,"Kiribati",1993,39,0.00496991,0.00428421,0.00461039
296,"Kiribati",1993,40,0.00527714,0.00447266,0.00485565
296,"Kiribati",1993,41,0.00561604,0.00467716,0.00512467
296,"Kiribati",1993,42,0.00598615,0.00489942,0.0054181
296,"Kiribati",1993,43,0.00638739,0.00514219,0.00574185
296,"Kiribati",1993,44,0.00682262,0.00541063,0.00609964
296,"Kiribati",1993,45,0.0072973,0.00571198,0.0064952
296,"Kiribati",1993,46,0.00781892,0.00605411,0.00693572
296,"Kiribati",1993,47,0.00839692,0.00644554,0.0074226
296,"Kiribati",1993,48,0.00903915,0.00689098,0.00796629
296,"Kiribati",1993,49,0.00975204,0.00739153,0.00856221
296,"Kiribati",1993,50,0.01053903,0.00794288,0.00920607
296,"Kiribati",1993,51,0.01140052,0.00853521,0.00990313
296,"Kiribati",1993,52,0.01233745,0.00916136,0.01065475
296,"Kiribati",1993,53,0.01335152,0.00981743,0.01146541
296,"Kiribati",1993,54,0.01444889,0.01051105,0.01232439
296,"Kiribati",1993,55,0.01564095,0.01126271,0.01324864
296,"Kiribati",1993,56,0.01694248,0.0121002,0.0143108
296,"Kiribati",1993,57,0.01837198,0.01305932,0.01551612
296,"Kiribati",1993,58,0.01994572,0.0141693,0.01683076
296,"Kiribati",1993,59,0.02167647,0.01545001,0.01835864
296,"Kiribati",1993,60,0.02357219,0.01690833,0.02006683
296,"Kiribati",1993,61,0.02563436,0.01853265,0.02187927
296,"Kiribati",1993,62,0.02786583,0.02031125,0.02384072
296,"Kiribati",1993,63,0.03027268,0.0222357,0.02591635
296,"Kiribati",1993,64,0.0328702,0.02431591,0.02810999
296,"Kiribati",1993,65,0.03568742,0.02659138,0.03055671
296,"Kiribati",1993,66,0.03876243,0.02911843,0.03323335
296,"Kiribati",1993,67,0.0421442,0.03197356,0.03621299
296,"Kiribati",1993,68,0.04588383,0.03522792,0.03969352
296,"Kiribati",1993,69,0.05003068,0.03893249,0.0436867
296,"Kiribati",1993,70,0.05463214,0.04311748,0.04812772
296,"Kiribati",1993,71,0.0597284,0.04777373,0.05294928
296,"Kiribati",1993,72,0.06535848,0.05288819,0.05822485
296,"Kiribati",1993,73,0.07155876,0.05845887,0.06396017
296,"Kiribati",1993,74,0.07836473,0.06451343,0.07017016
296,"Kiribati",1993,75,0.08581122,0.07114529,0.07692735
296,"Kiribati",1993,76,0.09393653,0.07847775,0.08425179
296,"Kiribati",1993,77,0.10278828,0.08666403,0.09256093
296,"Kiribati",1993,78,0.11242857,0.0958431,0.10201346
296,"Kiribati",1993,79,0.12294762,0.10608291,0.11217198
296,"Kiribati",1993,80,0.13445475,0.11739643,0.1236602
296,"Kiribati",1993,81,0.14708237,0.12969473,0.13649972
296,"Kiribati",1993,82,0.16095743,0.14285976,0.14994468
296,"Kiribati",1993,83,0.176164,0.1568055,0.16397435
296,"Kiribati",1993,84,0.19274287,0.17148402,0.17894275
296,"Kiribati",1993,85,0.21064329,0.18697529,0.19530433
296,"Kiribati",1993,86,0.22976723,0.203402,0.21295695
296,"Kiribati",1993,87,0.24998789,0.2209115,0.23140178
296,"Kiribati",1993,88,0.27116888,0.23962978,0.25080686
296,"Kiribati",1993,89,0.29323335,0.25956346,0.27081399
296,"Kiribati",1993,90,0.31612278,0.28065731,0.29182834
296,"Kiribati",1993,91,0.33982745,0.30276023,0.31406211
296,"Kiribati",1993,92,0.36434157,0.3256961,0.33682907
296,"Kiribati",1993,93,0.38963352,0.34934846,0.36097912
296,"Kiribati",1993,94,0.41565297,0.37362817,0.38545882
296,"Kiribati",1993,95,0.44230694,0.3985311,0.41081958
296,"Kiribati",1993,96,0.46947251,0.42406314,0.43696648
296,"Kiribati",1993,97,0.49697848,0.45018105,0.46165632
296,"Kiribati",1993,98,0.5246181,0.47679573,0.48699062
296,"Kiribati",1993,99,0.55213899,0.50369561,0.5145541
296,"Kiribati",1993,100,0.60665915,0.56124427,0.57115422
296,"Kiribati",1994,0,0.06712201,0.05522822,0.06135739
296,"Kiribati",1994,1,0.00843097,0.00842048,0.00842587
296,"Kiribati",1994,2,0.00599787,0.00578522,0.00589415
296,"Kiribati",1994,3,0.00430522,0.00401865,0.00416515
296,"Kiribati",1994,4,0.00314862,0.00285627,0.00300534
296,"Kiribati",1994,5,0.00237129,0.0021039,0.00223969
296,"Kiribati",1994,6,0.00185927,0.00162661,0.00174447
296,"Kiribati",1994,7,0.00153148,0.0013333,0.00143352
296,"Kiribati",1994,8,0.00132981,0.00116154,0.00124642
296,"Kiribati",1994,9,0.00121834,0.00107447,0.001147
296,"Kiribati",1994,10,0.00117325,0.00104789,0.00111116
296,"Kiribati",1994,11,0.00118133,0.00106808,0.00112519
296,"Kiribati",1994,12,0.0012349,0.00112622,0.00118101
296,"Kiribati",1994,13,0.00133013,0.00121609,0.00127362
296,"Kiribati",1994,14,0.0014646,0.00133262,0.00139925
296,"Kiribati",1994,15,0.00163551,0.00146969,0.00155332
296,"Kiribati",1994,16,0.00183784,0.00162035,0.00172987
296,"Kiribati",1994,17,0.0020627,0.00177565,0.00192001
296,"Kiribati",1994,18,0.00229775,0.00192747,0.00211272
296,"Kiribati",1994,19,0.00252622,0.00206782,0.00229576
296,"Kiribati",1994,20,0.00273061,0.00219293,0.00245824
296,"Kiribati",1994,21,0.00289365,0.00230134,0.00259063
296,"Kiribati",1994,22,0.00300597,0.00239451,0.00269042
296,"Kiribati",1994,23,0.00306515,0.00247552,0.00275895
296,"Kiribati",1994,24,0.00308195,0.00254813,0.00280386
296,"Kiribati",1994,25,0.00307311,0.00261659,0.0028355
296,"Kiribati",1994,26,0.00305889,0.00268483,0.00286488
296,"Kiribati",1994,27,0.00305869,0.00275661,0.00290257
296,"Kiribati",1994,28,0.00308292,0.00283422,0.00295458
296,"Kiribati",1994,29,0.00313805,0.00291928,0.00302505
296,"Kiribati",1994,30,0.00322241,0.00301177,0.00311329
296,"Kiribati",1994,31,0.00333124,0.00311101,0.00321663
296,"Kiribati",1994,32,0.00345938,0.00321633,0.0033324
296,"Kiribati",1994,33,0.00360162,0.00332714,0.00345752
296,"Kiribati",1994,34,0.00375686,0.00344396,0.00359193
296,"Kiribati",1994,35,0.00392627,0.00356795,0.00373678
296,"Kiribati",1994,36,0.00411373,0.00370091,0.00389537
296,"Kiribati",1994,37,0.0043247,0.00384503,0.00407245
296,"Kiribati",1994,38,0.0045633,0.00400208,0.00426832
296,"Kiribati",1994,39,0.00483291,0.00417361,0.00448631
296,"Kiribati",1994,40,0.00513472,0.00436072,0.00472889
296,"Kiribati",1994,41,0.00546839,0.00456432,0.00499501
296,"Kiribati",1994,42,0.00583391,0.0047863,0.00528636
296,"Kiribati",1994,43,0.00623151,0.00502942,0.00560448
296,"Kiribati",1994,44,0.00666399,0.00529858,0.00595878
296,"Kiribati",1994,45,0.00713636,0.00560047,0.0063532
296,"Kiribati",1994,46,0.00765544,0.00594231,0.0067913
296,"Kiribati",1994,47,0.00822977,0.00633188,0.00728071
296,"Kiribati",1994,48,0.00886671,0.00677353,0.00781866
296,"Kiribati",1994,49,0.00957253,0.0072683,0.008414
296,"Kiribati",1994,50,0.01035114,0.00781239,0.0090602
296,"Kiribati",1994,51,0.01120401,0.00839702,0.00974971
296,"Kiribati",1994,52,0.01213312,0.00901595,0.01048839
296,"Kiribati",1994,53,0.01314113,0.00966607,0.01128428
296,"Kiribati",1994,54,0.0142344,0.01035504,0.01215057
296,"Kiribati",1994,55,0.01542363,0.01110253,0.01308027
296,"Kiribati",1994,56,0.01672238,0.01193514,0.01409128
296,"Kiribati",1994,57,0.01814731,0.01288703,0.01526443
296,"Kiribati",1994,58,0.01971336,0.01398636,0.01660099
296,"Kiribati",1994,59,0.02143257,0.01525269,0.01805444
296,"Kiribati",1994,60,0.02331315,0.01669348,0.01973428
296,"Kiribati",1994,61,0.02535806,0.01829907,0.02159117
296,"Kiribati",1994,62,0.02757188,0.0200598,0.02355255
296,"Kiribati",1994,63,0.02996241,0.02196924,0.02566751
296,"Kiribati",1994,64,0.03254601,0.02403823,0.02791645
296,"Kiribati",1994,65,0.03535164,0.0263055,0.03032149
296,"Kiribati",1994,66,0.03841665,0.0288257,0.03301722
296,"Kiribati",1994,67,0.04178841,0.03167263,0.03599932
296,"Kiribati",1994,68,0.04551645,0.03491511,0.03933775
296,"Kiribati",1994,69,0.04964883,0.03860284,0.04321942
296,"Kiribati",1994,70,0.05423198,0.04276575,0.04765948
296,"Kiribati",1994,71,0.05930585,0.0473964,0.05254985
296,"Kiribati",1994,72,0.06490953,0.05248391,0.05779769
296,"Kiribati",1994,73,0.07107999,0.05802862,0.06352148
296,"Kiribati",1994,74,0.0778538,0.06406009,0.06974829
296,"Kiribati",1994,75,0.0852674,0.07067217,0.07653785
296,"Kiribati",1994,76,0.09336103,0.07798809,0.08396489
296,"Kiribati",1994,77,0.10218413,0.08616021,0.09204623
296,"Kiribati",1994,78,0.1118003,0.09532681,0.10123892
296,"Kiribati",1994,79,0.1223,0.10555579,0.11162167
296,"Kiribati",1994,80,0.13379199,0.11686039,0.12283135
296,"Kiribati",1994,81,0.14640687,0.12915254,0.1354195
296,"Kiribati",1994,82,0.16026973,0.14231506,0.14926645
296,"Kiribati",1994,83,0.17546386,0.15626264,0.16369446
296,"Kiribati",1994,84,0.19203017,0.17094805,0.17865615
296,"Kiribati",1994,85,0.2099203,0.18645202,0.19456682
296,"Kiribati",1994,86,0.22903921,0.20289814,0.21194937
296,"Kiribati",1994,87,0.24926306,0.22043468,0.23069861
296,"Kiribati",1994,88,0.27045763,0.23918842,0.25025208
296,"Kiribati",1994,89,0.29254551,0.25916596,0.27074653
296,"Kiribati",1994,90,0.31546633,0.28031144,0.29178762
296,"Kiribati",1994,91,0.33920712,0.30247238,0.31375469
296,"Kiribati",1994,92,0.36375899,0.3254711,0.33683609
296,"Kiribati",1994,93,0.38908997,0.34919078,0.36035914
296,"Kiribati",1994,94,0.4151509,0.37354268,0.38519918
296,"Kiribati",1994,95,0.44185275,0.39852468,0.4103401
296,"Kiribati",1994,96,0.46907677,0.42414481,0.43634434
296,"Kiribati",1994,97,0.49665303,0.45036009,0.46306833
296,"Kiribati",1994,98,0.52437377,0.47708007,0.48824919
296,"Kiribati",1994,99,0.55198,0.50408779,0.51389566
296,"Kiribati",1994,100,0.60664094,0.56179323,0.57131254
296,"Kiribati",1995,0,0.06529707,0.05374328,0.05969709
296,"Kiribati",1995,1,0.00800793,0.00803634,0.00802174
296,"Kiribati",1995,2,0.0057232,0.00553529,0.0056316
296,"Kiribati",1995,3,0.00412613,0.00385427,0.00399324
296,"Kiribati",1995,4,0.0030296,0.00274526,0.00289044
296,"Kiribati",1995,5,0.00228919,0.00202562,0.00215989
296,"Kiribati",1995,6,0.00179933,0.001568,0.00168543
296,"Kiribati",1995,7,0.00148439,0.00128612,0.00138658
296,"Kiribati",1995,8,0.00128984,0.00112065,0.00120625
296,"Kiribati",1995,9,0.00118183,0.00103651,0.00110983
296,"Kiribati",1995,10,0.00113787,0.00101062,0.00107477
296,"Kiribati",1995,11,0.00114553,0.00102996,0.00108827
296,"Kiribati",1995,12,0.00119764,0.00108618,0.00114235
296,"Kiribati",1995,13,0.00129077,0.00117347,0.00123256
296,"Kiribati",1995,14,0.00142269,0.00128703,0.00135535
296,"Kiribati",1995,15,0.00159076,0.00142095,0.00150649
296,"Kiribati",1995,16,0.00178991,0.00156839,0.0016798
296,"Kiribati",1995,17,0.00201107,0.00172042,0.00186629
296,"Kiribati",1995,18,0.0022418,0.00186892,0.00205571
296,"Kiribati",1995,19,0.0024653,0.00200594,0.00223471
296,"Kiribati",1995,20,0.00266436,0.00212782,0.0023931
296,"Kiribati",1995,21,0.00282227,0.00223325,0.0025217
296,"Kiribati",1995,22,0.00293023,0.00232384,0.00261735
296,"Kiribati",1995,23,0.00298629,0.00240275,0.00268237
296,"Kiribati",1995,24,0.00300116,0.00247371,0.00272467
296,"Kiribati",1995,25,0.00299127,0.0025408,0.00275445
296,"Kiribati",1995,26,0.00297633,0.00260775,0.00278292
296,"Kiribati",1995,27,0.0029751,0.00267809,0.00282009
296,"Kiribati",1995,28,0.00299771,0.00275403,0.00287125
296,"Kiribati",1995,29,0.00305046,0.00283713,0.00294011
296,"Kiribati",1995,30,0.00313183,0.00292748,0.00302613
296,"Kiribati",1995,31,0.00323733,0.00302455,0.00312703
296,"Kiribati",1995,32,0.00336207,0.00312783,0.00324013
296,"Kiribati",1995,33,0.0035011,0.00323686,0.00336304
296,"Kiribati",1995,34,0.00365332,0.00335215,0.00349526
296,"Kiribati",1995,35,0.00381981,0.00347481,0.00363799
296,"Kiribati",1995,36,0.00400419,0.00360651,0.00379389
296,"Kiribati",1995,37,0.00421163,0.00374932,0.00396707
296,"Kiribati",1995,38,0.00444615,0.00390497,0.00416155
296,"Kiribati",1995,39,0.00471114,0.00407508,0.00437682
296,"Kiribati",1995,40,0.00500805,0.0042609,0.00461524
296,"Kiribati",1995,41,0.00533698,0.00446362,0.00487933
296,"Kiribati",1995,42,0.00569829,0.00468524,0.00516887
296,"Kiribati",1995,43,0.00609252,0.00492857,0.00548583
296,"Kiribati",1995,44,0.0065224,0.00519825,0.00583416
296,"Kiribati",1995,45,0.00699253,0.00550051,0.00622491
296,"Kiribati",1995,46,0.00750917,0.00584199,0.00666142
296,"Kiribati",1995,47,0.00808006,0.00622981,0.00714735
296,"Kiribati",1995,48,0.00871214,0.00666799,0.00768714
296,"Kiribati",1995,49,0.00941152,0.00715753,0.00827551
296,"Kiribati",1995,50,0.01018252,0.00769506,0.00891963
296,"Kiribati",1995,51,0.01102755,0.00827273,0.0096126
296,"Kiribati",1995,52,0.01194953,0.00888513,0.01034664
296,"Kiribati",1995,53,0.01295195,0.00952984,0.01113111
296,"Kiribati",1995,54,0.01404136,0.01021455,0.01198356
296,"Kiribati",1995,55,0.01522786,0.0109582,0.01292313
296,"Kiribati",1995,56,0.01652392,0.01178632,0.01394068
296,"Kiribati",1995,57,0.0179446,0.01273162,0.01505571
296,"Kiribati",1995,58,0.01950358,0.01382131,0.01635562
296,"Kiribati",1995,59,0.02121228,0.01507463,0.01783143
296,"Kiribati",1995,60,0.02307913,0.0164996,0.01942927
296,"Kiribati",1995,61,0.02510842,0.01808826,0.02125759
296,"Kiribati",1995,62,0.02730621,0.01983282,0.02327012
296,"Kiribati",1995,63,0.02968192,0.02172862,0.02539575
296,"Kiribati",1995,64,0.03225283,0.02378733,0.0276931
296,"Kiribati",1995,65,0.03504784,0.02604703,0.03015648
296,"Kiribati",1995,66,0.03810366,0.02856086,0.03280934
296,"Kiribati",1995,67,0.04146621,0.03140021,0.03581186
296,"Kiribati",1995,68,0.04518361,0.03463178,0.03915111
296,"Kiribati",1995,69,0.04930276,0.03830413,0.04287919
296,"Kiribati",1995,70,0.05386921,0.04244695,0.04720023
296,"Kiribati",1995,71,0.05892268,0.04705432,0.05208998
296,"Kiribati",1995,72,0.06450234,0.0521173,0.0574114
296,"Kiribati",1995,73,0.07064568,0.05763835,0.06310942
296,"Kiribati",1995,74,0.07739024,0.06364875,0.06932803
296,"Kiribati",1995,75,0.08477393,0.07024272,0.07614126
296,"Kiribati",1995,76,0.09283868,0.07754344,0.08360871
296,"Kiribati",1995,77,0.10163565,0.08570252,0.09180295
296,"Kiribati",1995,78,0.11122977,0.0948576,0.10076175
296,"Kiribati",1995,79,0.12171172,0.10507654,0.11088382
296,"Kiribati",1995,80,0.13318976,0.11637285,0.12232657
296,"Kiribati",1995,81,0.14579286,0.12865923,0.13463496
296,"Kiribati",1995,82,0.15964443,0.14181929,0.1482213
296,"Kiribati",1995,83,0.17482707,0.15576837,0.16306364
296,"Kiribati",1995,84,0.19138179,0.1704599,0.17845842
296,"Kiribati",1995,85,0.20926239,0.18597528,0.19437021
296,"Kiribati",1995,86,0.22837656,0.20243894,0.21126308
296,"Kiribati",1995,87,0.24860315,0.21999999,0.22972674
296,"Kiribati",1995,88,0.26980991,0.23878595,0.24961849
296,"Kiribati",1995,89,0.29191894,0.25880336,0.27027579
296,"Kiribati",1995,90,0.3148682,0.27999586,0.29182304
296,"Kiribati",1995,91,0.33864176,0.30220966,0.31381371
296,"Kiribati",1995,92,0.36322791,0.32526568,0.33661989
296,"Kiribati",1995,93,0.38859439,0.3490468,0.36045992
296,"Kiribati",1995,94,0.41469306,0.3734646,0.38466211
296,"Kiribati",1995,95,0.44143848,0.39851882,0.41016881
296,"Kiribati",1995,96,0.46871575,0.42421944,0.43595553
296,"Kiribati",1995,97,0.49635608,0.45052372,0.46254257
296,"Kiribati",1995,98,0.52415081,0.47733997,0.48973885
296,"Kiribati",1995,99,0.5518349,0.50444632,0.51521418
296,"Kiribati",1995,100,0.60662432,0.56229507,0.57117109
296,"Kiribati",1996,0,0.06365854,0.05234051,0.05817317
296,"Kiribati",1996,1,0.00763673,0.00766788,0.00765187
296,"Kiribati",1996,2,0.00548113,0.00529578,0.00539081
296,"Kiribati",1996,3,0.00396763,0.00369693,0.00383542
296,"Kiribati",1996,4,0.00292386,0.00263919,0.00278455
296,"Kiribati",1996,5,0.00221602,0.00195095,0.00208617
296,"Kiribati",1996,6,0.00174579,0.00151218,0.00163115
296,"Kiribati",1996,7,0.00144226,0.00124123,0.00134328
296,"Kiribati",1996,8,0.00125406,0.00108178,0.0011691
296,"Kiribati",1996,9,0.00114915,0.00100041,0.0010757
296,"Kiribati",1996,10,0.0011062,0.00097517,0.00104131
296,"Kiribati",1996,11,0.00111348,0.00099367,0.00105408
296,"Kiribati",1996,12,0.00116428,0.00104804,0.00110667
296,"Kiribati",1996,13,0.00125551,0.00113284,0.00119461
296,"Kiribati",1996,14,0.00138512,0.00124352,0.00131476
296,"Kiribati",1996,15,0.0015506,0.00137443,0.001463
296,"Kiribati",1996,16,0.00174683,0.00151879,0.00163338
296,"Kiribati",1996,17,0.00196462,0.0016677,0.00181657
296,"Kiribati",1996,18,0.00219143,0.00181305,0.00200222
296,"Kiribati",1996,19,0.00241043,0.00194691,0.00217808
296,"Kiribati",1996,20,0.0026047,0.00206573,0.00233267
296,"Kiribati",1996,21,0.00275802,0.00216835,0.00245785
296,"Kiribati",1996,22,0.00286209,0.0022565,0.00255051
296,"Kiribati",1996,23,0.00291538,0.00233344,0.00261238
296,"Kiribati",1996,24,0.00292856,0.00240283,0.00265227
296,"Kiribati",1996,25,0.00291776,0.00246863,0.00268024
296,"Kiribati",1996,26,0.00290218,0.00253436,0.0027073
296,"Kiribati",1996,27,0.00290007,0.00260336,0.00274341
296,"Kiribati",1996,28,0.00292125,0.0026777,0.0027936
296,"Kiribati",1996,29,0.00297188,0.00275894,0.00286107
296,"Kiribati",1996,30,0.00305057,0.00284725,0.00294522
296,"Kiribati",1996,31,0.00315309,0.00294227,0.00304399
296,"Kiribati",1996,32,0.00327478,0.00304363,0.00315497
296,"Kiribati",1996,33,0.00341091,0.00315098,0.00327565
296,"Kiribati",1996,34,0.0035604,0.00326487,0.00340605
296,"Kiribati",1996,35,0.00372422,0.00338631,0.00354691
296,"Kiribati",1996,36,0.00390579,0.00351688,0.00370093
296,"Kiribati",1996,37,0.00411001,0.00365849,0.00387133
296,"Kiribati",1996,38,0.00434081,0.00381287,0.0040615
296,"Kiribati",1996,39,0.00460159,0.00398166,0.00427557
296,"Kiribati",1996,40,0.00489403,0.00416627,0.00451151
296,"Kiribati",1996,41,0.00521863,0.00436813,0.00477149
296,"Kiribati",1996,42,0.00557606,0.00458935,0.00505937
296,"Kiribati",1996,43,0.00596713,0.00483282,0.00537558
296,"Kiribati",1996,44,0.00639452,0.00510292,0.00572324
296,"Kiribati",1996,45,0.0068625,0.00540547,0.00610749
296,"Kiribati",1996,46,0.00737679,0.00574657,0.00654021
296,"Kiribati",1996,47,0.00794446,0.00613272,0.00702368
296,"Kiribati",1996,48,0.00857203,0.00656762,0.00755886
296,"Kiribati",1996,49,0.00926549,0.00705224,0.00814956
296,"Kiribati",1996,50,0.0100295,0.00758359,0.00878723
296,"Kiribati",1996,51,0.01086734,0.00815468,0.0094775
296,"Kiribati",1996,52,0.01178273,0.00876087,0.01021723
296,"Kiribati",1996,53,0.01277995,0.00940039,0.01099767
296,"Kiribati",1996,54,0.01386571,0.01008096,0.01183786
296,"Kiribati",1996,55,0.01504957,0.01082087,0.01276295
296,"Kiribati",1996,56,0.01634305,0.01164464,0.01379174
296,"Kiribati",1996,57,0.01775971,0.01258364,0.0149196
296,"Kiribati",1996,58,0.01931215,0.01366418,0.01615356
296,"Kiribati",1996,59,0.0210112,0.0149052,0.01758389
296,"Kiribati",1996,60,0.02286546,0.0163152,0.0192045
296,"Kiribati",1996,61,0.02488043,0.01788781,0.02094931
296,"Kiribati",1996,62,0.02706356,0.01961694,0.02293411
296,"Kiribati",1996,63,0.02942565,0.02149958,0.02511464
296,"Kiribati",1996,64,0.03198487,0.02354823,0.02742189
296,"Kiribati",1996,65,0.03477007,0.02580034,0.02993969
296,"Kiribati",1996,66,0.03781735,0.02830776,0.03266467
296,"Kiribati",1996,67,0.04117136,0.03113964,0.03562214
296,"Kiribati",1996,68,0.0448789,0.03436073,0.03898113
296,"Kiribati",1996,69,0.04898583,0.03801847,0.0427201
296,"Kiribati",1996,70,0.05353691,0.04214225,0.04686526
296,"Kiribati",1996,71,0.05857161,0.04672738,0.05161112
296,"Kiribati",1996,72,0.06412919,0.05176661,0.05694647
296,"Kiribati",1996,73,0.07024762,0.05726431,0.0627233
296,"Kiribati",1996,74,0.0769653,0.06325339,0.06891779
296,"Kiribati",1996,75,0.08432149,0.06982873,0.07572514
296,"Kiribati",1996,76,0.09235969,0.07711382,0.08322204
296,"Kiribati",1996,77,0.10113259,0.08525998,0.0914625
296,"Kiribati",1996,78,0.11070635,0.09440452,0.10054188
296,"Kiribati",1996,79,0.12117186,0.10461514,0.1104964
296,"Kiribati",1996,80,0.13263693,0.11590503,0.12168275
296,"Kiribati",1996,81,0.14522905,0.12818662,0.13415431
296,"Kiribati",1996,82,0.15907011,0.14134312,0.14745581
296,"Kiribati",1996,83,0.17424203,0.15528999,0.16201663
296,"Kiribati",1996,84,0.19078596,0.16998132,0.17784714
296,"Kiribati",1996,85,0.20865766,0.18550064,0.19423351
296,"Kiribati",1996,86,0.22776733,0.2019751,0.21112768
296,"Kiribati",1996,87,0.24799628,0.21955658,0.22905872
296,"Kiribati",1996,88,0.26921411,0.23837484,0.2486562
296,"Kiribati",1996,89,0.29134246,0.25843618,0.26968612
296,"Kiribati",1996,90,0.31431776,0.27968246,0.29141411
296,"Kiribati",1996,91,0.33812136,0.30195601,0.31393118
296,"Kiribati",1996,92,0.36273898,0.32507341,0.33676402
296,"Kiribati",1996,93,0.38813805,0.3489155,0.36032474
296,"Kiribati",1996,94,0.41427139,0.37339319,0.38484685
296,"Kiribati",1996,95,0.44105689,0.39850878,0.40970454
296,"Kiribati",1996,96,0.46838316,0.42427557,0.43585818
296,"Kiribati",1996,97,0.49608247,0.45065278,0.4622254
296,"Kiribati",1996,98,0.52394533,0.47754944,0.4892855
296,"Kiribati",1996,99,0.55170115,0.50474042,0.5167296
296,"Kiribati",1996,100,0.60660898,0.5627218,0.57168699
296,"Kiribati",1997,0,0.0621674,0.05085231,0.05668347
296,"Kiribati",1997,1,0.00730605,0.00724985,0.00727871
296,"Kiribati",1997,2,0.00526458,0.0050255,0.00514792
296,"Kiribati",1997,3,0.00382529,0.00352051,0.00367636
296,"Kiribati",1997,4,0.00282856,0.00252107,0.00267812
296,"Kiribati",1997,5,0.00214989,0.00186837,0.00201196
296,"Kiribati",1997,6,0.00169728,0.00145081,0.00157645
296,"Kiribati",1997,7,0.00140404,0.00119207,0.00129995
296,"Kiribati",1997,8,0.00122159,0.00103928,0.00113179
296,"Kiribati",1997,9,0.00111948,0.00096094,0.00104125
296,"Kiribati",1997,10,0.00107745,0.00093633,0.00100771
296,"Kiribati",1997,11,0.0010844,0.00095383,0.00101967
296,"Kiribati",1997,12,0.00113401,0.00100608,0.00107049
296,"Kiribati",1997,13,0.00122349,0.00108809,0.00115622
296,"Kiribati",1997,14,0.00135097,0.00119559,0.00127359
296,"Kiribati",1997,15,0.00151405,0.00132319,0.00141889
296,"Kiribati",1997,16,0.00170758,0.00146422,0.00158615
296,"Kiribati",1997,17,0.00192227,0.0016098,0.00176629
296,"Kiribati",1997,18,0.00214547,0.00175181,0.00194859
296,"Kiribati",1997,19,0.00236035,0.00188232,0.00212061
296,"Kiribati",1997,20,0.00255026,0.00199788,0.0022725
296,"Kiribati",1997,21,0.00269942,0.00209751,0.00239448
296,"Kiribati",1997,22,0.00279996,0.00218307,0.00248434
296,"Kiribati",1997,23,0.00285076,0.00225793,0.00254383
296,"Kiribati",1997,24,0.00286242,0.00232569,0.0025809
296,"Kiribati",1997,25,0.00285082,0.00239017,0.00260682
296,"Kiribati",1997,26,0.0028347,0.00245466,0.00263225
296,"Kiribati",1997,27,0.00283179,0.00252224,0.00266684
296,"Kiribati",1997,28,0.00285169,0.0025949,0.00271559
296,"Kiribati",1997,29,0.00290042,0.00267414,0.00278157
296,"Kiribati",1997,30,0.00297669,0.00276026,0.00286403
296,"Kiribati",1997,31,0.0030765,0.00285311,0.0029608
296,"Kiribati",1997,32,0.00319541,0.00295247,0.00306973
296,"Kiribati",1997,33,0.00332889,0.00305816,0.00318862
296,"Kiribati",1997,34,0.00347587,0.00317071,0.00331701
296,"Kiribati",1997,35,0.00363722,0.00329108,0.00345621
296,"Kiribati",1997,36,0.00381619,0.00342068,0.00360839
296,"Kiribati",1997,37,0.00401744,0.00356129,0.00377681
296,"Kiribati",1997,38,0.00424481,0.00371454,0.00396404
296,"Kiribati",1997,39,0.00450172,0.00388211,0.00417333
296,"Kiribati",1997,40,0.00479003,0.00406558,0.00440831
296,"Kiribati",1997,41,0.00511061,0.00426659,0.00466633
296,"Kiribati",1997,42,0.00546442,0.00448743,0.00495063
296,"Kiribati",1997,43,0.0058525,0.00473102,0.00526509
296,"Kiribati",1997,44,0.0062775,0.00500157,0.00561153
296,"Kiribati",1997,45,0.0067434,0.00530444,0.00599487
296,"Kiribati",1997,46,0.00725543,0.0056452,0.00642029
296,"Kiribati",1997,47,0.00782004,0.00602971,0.00689975
296,"Kiribati",1997,48,0.00844338,0.00646131,0.00743263
296,"Kiribati",1997,49,0.00913132,0.00694091,0.00801923
296,"Kiribati",1997,50,0.00988885,0.00746592,0.0086603
296,"Kiribati",1997,51,0.01072001,0.00803021,0.00934439
296,"Kiribati",1997,52,0.01162926,0.00862989,0.01008272
296,"Kiribati",1997,53,0.01262158,0.0092639,0.01087201
296,"Kiribati",1997,54,0.01370386,0.00993999,0.01170833
296,"Kiribati",1997,55,0.01488517,0.0106758,0.01262337
296,"Kiribati",1997,56,0.01617613,0.0114949,0.01364185
296,"Kiribati",1997,57,0.01758899,0.01242727,0.01477935
296,"Kiribati",1997,58,0.0191353,0.0134983,0.01603034
296,"Kiribati",1997,59,0.02082537,0.0147266,0.01740061
296,"Kiribati",1997,60,0.02266795,0.01612112,0.01897351
296,"Kiribati",1997,61,0.02466966,0.01767702,0.02072927
296,"Kiribati",1997,62,0.02683918,0.01938986,0.02261004
296,"Kiribati",1997,63,0.02918862,0.0212583,0.024747
296,"Kiribati",1997,64,0.03173696,0.02329568,0.02709896
296,"Kiribati",1997,65,0.03451298,0.025539,0.0296067
296,"Kiribati",1997,66,0.03755226,0.02803892,0.03236932
296,"Kiribati",1997,67,0.04089825,0.03086248,0.03540106
296,"Kiribati",1997,68,0.04459656,0.03407255,0.03871537
296,"Kiribati",1997,69,0.04869208,0.03771529,0.04246819
296,"Kiribati",1997,70,0.05322882,0.04181951,0.04662943
296,"Kiribati",1997,71,0.05824606,0.0463813,0.05120916
296,"Kiribati",1997,72,0.0637831,0.05139465,0.0564073
296,"Kiribati",1997,73,0.06987838,0.05686557,0.06221138
296,"Kiribati",1997,74,0.07657108,0.06282879,0.06848672
296,"Kiribati",1997,75,0.08390169,0.06938072,0.07527621
296,"Kiribati",1997,76,0.09191517,0.07664626,0.08277809
296,"Kiribati",1997,77,0.10066564,0.08477773,0.09105247
296,"Kiribati",1997,78,0.11022039,0.09391294,0.10018339
296,"Kiribati",1997,79,0.12067049,0.1041189,0.11023529
296,"Kiribati",1997,80,0.13212339,0.11540696,0.1212122
296,"Kiribati",1997,81,0.14470516,0.12768597,0.13336022
296,"Kiribati",1997,82,0.1585363,0.14083541,0.14674216
296,"Kiribati",1997,83,0.17369814,0.15476917,0.16108802
296,"Kiribati",1997,84,0.19023191,0.1694423,0.17672678
296,"Kiribati",1997,85,0.2080952,0.18494488,0.19357824
296,"Kiribati",1997,86,0.22720058,0.2014128,0.21098993
296,"Kiribati",1997,87,0.24743161,0.2190068,0.22891753
296,"Kiribati",1997,88,0.26865961,0.23786373,0.24795017
296,"Kiribati",1997,89,0.29080581,0.25798887,0.26869669
296,"Kiribati",1997,90,0.31380524,0.27931854,0.29084563
296,"Kiribati",1997,91,0.33763671,0.30168283,0.31357422
296,"Kiribati",1997,92,0.36228355,0.32488462,0.33695982
296,"Kiribati",1997,93,0.38771291,0.34879744,0.36055237
296,"Kiribati",1997,94,0.41387849,0.37332838,0.38478416
296,"Kiribati",1997,95,0.44070129,0.39848476,0.40995193
296,"Kiribati",1997,96,0.46807317,0.42428785,0.43543303
296,"Kiribati",1997,97,0.49582741,0.45070415,0.46215085
296,"Kiribati",1997,98,0.52375375,0.47764926,0.48897735
296,"Kiribati",1997,99,0.55157643,0.50489897,0.5162761
296,"Kiribati",1997,100,0.60659469,0.56300553,0.57257583
296,"Kiribati",1998,0,0.06079446,0.04948379,0.05531275
296,"Kiribati",1998,1,0.00700761,0.00687548,0.00694333
296,"Kiribati",1998,2,0.0050684,0.00478258,0.00492878
296,"Kiribati",1998,3,0.00369586,0.00336141,0.00353219
296,"Kiribati",1998,4,0.00274163,0.00241422,0.00258135
296,"Kiribati",1998,5,0.00208938,0.00179348,0.00194441
296,"Kiribati",1998,6,0.00165282,0.00139505,0.00152643
296,"Kiribati",1998,7,0.00136896,0.00114737,0.00126028
296,"Kiribati",1998,8,0.00119176,0.00100062,0.00109786
296,"Kiribati",1998,9,0.00109222,0.00092504,0.00100984
296,"Kiribati",1998,10,0.00105105,0.00090103,0.00097698
296,"Kiribati",1998,11,0.0010577,0.00091763,0.00098841
296,"Kiribati",1998,12,0.0011062,0.00096795,0.00103757
296,"Kiribati",1998,13,0.00119407,0.00104739,0.00112106
296,"Kiribati",1998,14,0.00131957,0.00115196,0.00123603
296,"Kiribati",1998,15,0.0014804,0.0012765,0.00137853
296,"Kiribati",1998,16,0.00167141,0.00141442,0.00154284
296,"Kiribati",1998,17,0.0018832,0.0015569,0.00171984
296,"Kiribati",1998,18,0.00210305,0.0016958,0.00189912
296,"Kiribati",1998,19,0.00231413,0.00182321,0.00206784
296,"Kiribati",1998,20,0.00250001,0.00193577,0.00221617
296,"Kiribati",1998,21,0.00264534,0.00203264,0.00233613
296,"Kiribati",1998,22,0.00274267,0.00211582,0.00242353
296,"Kiribati",1998,23,0.00279119,0.00218877,0.00248105
296,"Kiribati",1998,24,0.00280148,0.00225503,0.00251644
296,"Kiribati",1998,25,0.00278916,0.00231827,0.00254017
296,"Kiribati",1998,26,0.00277255,0.00238159,0.00256398
296,"Kiribati",1998,27,0.00276893,0.00244785,0.00259694
296,"Kiribati",1998,28,0.00278766,0.00251895,0.0026439
296,"Kiribati",1998,29,0.00283465,0.00259634,0.00270807
296,"Kiribati",1998,30,0.00290872,0.00268045,0.00278877
296,"Kiribati",1998,31,0.00300605,0.00277128,0.00288388
296,"Kiribati",1998,32,0.0031224,0.00286876,0.00299107
296,"Kiribati",1998,33,0.00325341,0.00297288,0.00310834
296,"Kiribati",1998,34,0.00339806,0.00308416,0.00323537
296,"Kiribati",1998,35,0.00355711,0.00320347,0.0033728
296,"Kiribati",1998,36,0.00373365,0.00333214,0.00352343
296,"Kiribati",1998,37,0.00393213,0.00347174,0.0036899
296,"Kiribati",1998,38,0.00415631,0.00362388,0.003875
296,"Kiribati",1998,39,0.0044096,0.00379026,0.00408111
296,"Kiribati",1998,40,0.00469407,0.00397259,0.00431097
296,"Kiribati",1998,41,0.00501089,0.00417274,0.00456863
296,"Kiribati",1998,42,0.00536128,0.00439312,0.00485121
296,"Kiribati",1998,43,0.00574652,0.00463673,0.00516237
296,"Kiribati",1998,44,0.00616922,0.00490757,0.00550781
296,"Kiribati",1998,45,0.00663308,0.00521063,0.00589049
296,"Kiribati",1998,46,0.00714291,0.00555098,0.00631467
296,"Kiribati",1998,47,0.0077046,0.00593387,0.00678468
296,"Kiribati",1998,48,0.00832393,0.00636234,0.00731231
296,"Kiribati",1998,49,0.00900669,0.00683724,0.00789568
296,"Kiribati",1998,50,0.00975814,0.00735632,0.00853209
296,"Kiribati",1998,51,0.01058302,0.00791423,0.00922071
296,"Kiribati",1998,52,0.01148649,0.00850782,0.00995364
296,"Kiribati",1998,53,0.01247417,0.00913664,0.01074335
296,"Kiribati",1998,54,0.0135531,0.00980847,0.01159168
296,"Kiribati",1998,55,0.01473191,0.0105404,0.01250154
296,"Kiribati",1998,56,0.01602043,0.01135506,0.01350852
296,"Kiribati",1998,57,0.01742964,0.01228117,0.01463585
296,"Kiribati",1998,58,0.01897016,0.01334328,0.01589604
296,"Kiribati",1998,59,0.02065179,0.01455967,0.01728308
296,"Kiribati",1998,60,0.02248343,0.0159397,0.01878951
296,"Kiribati",1998,61,0.02447271,0.01747995,0.02049464
296,"Kiribati",1998,62,0.02662948,0.01917752,0.02238889
296,"Kiribati",1998,63,0.02896705,0.0210326,0.02441646
296,"Kiribati",1998,64,0.03150514,0.02305933,0.0267257
296,"Kiribati",1998,65,0.0342725,0.02529429,0.02928553
296,"Kiribati",1998,66,0.0373042,0.02778702,0.03204018
296,"Kiribati",1998,67,0.04064259,0.03060264,0.03511379
296,"Kiribati",1998,68,0.04433218,0.03380223,0.0385067
296,"Kiribati",1998,69,0.04841693,0.03743079,0.04221051
296,"Kiribati",1998,70,0.05294017,0.04151656,0.0463735
296,"Kiribati",1998,71,0.057941,0.04605637,0.05096725
296,"Kiribati",1998,72,0.06345874,0.05104532,0.05600123
296,"Kiribati",1998,73,0.06953227,0.05649102,0.06165865
296,"Kiribati",1998,74,0.0762015,0.06242985,0.06796391
296,"Kiribati",1998,75,0.08350808,0.06895965,0.07484534
296,"Kiribati",1998,76,0.09149832,0.07620668,0.08233443
296,"Kiribati",1998,77,0.10022766,0.08432415,0.09062013
296,"Kiribati",1998,78,0.10976448,0.09345039,0.09979257
296,"Kiribati",1998,79,0.12020002,0.10365175,0.10990239
296,"Kiribati",1998,80,0.13164136,0.11493789,0.12098304
296,"Kiribati",1998,81,0.1442133,0.12721429,0.13291631
296,"Kiribati",1998,82,0.15803501,0.14035693,0.14595779
296,"Kiribati",1998,83,0.17318726,0.15427822,0.16038105
296,"Kiribati",1998,84,0.18971137,0.16893409,0.17577856
296,"Kiribati",1998,85,0.20756667,0.1844208,0.19241549
296,"Kiribati",1998,86,0.22666789,0.20088244,0.2103513
296,"Kiribati",1998,87,0.24690076,0.21848811,0.22886056
296,"Kiribati",1998,88,0.26813822,0.23738137,0.24789849
296,"Kiribati",1998,89,0.29030111,0.25756655,0.26805833
296,"Kiribati",1998,90,0.31332312,0.2789748,0.28992721
296,"Kiribati",1998,91,0.33718072,0.3014247,0.31309396
296,"Kiribati",1998,92,0.36185498,0.32470617,0.33668852
296,"Kiribati",1998,93,0.38731278,0.34868582,0.36083152
296,"Kiribati",1998,94,0.41350866,0.37326709,0.38508071
296,"Kiribati",1998,95,0.44036652,0.39846204,0.40994255
296,"Kiribati",1998,96,0.46778129,0.42429946,0.43573185
296,"Kiribati",1998,97,0.49558723,0.45075273,0.46177587
296,"Kiribati",1998,98,0.52357332,0.47774367,0.48895934
296,"Kiribati",1998,99,0.55145895,0.50504896,0.51603536
296,"Kiribati",1998,100,0.60658121,0.56327395,0.57290363
296,"Kiribati",1999,0,0.05940825,0.04823028,0.05399126
296,"Kiribati",1999,1,0.00668709,0.00654104,0.00661604
296,"Kiribati",1999,2,0.00485888,0.00456484,0.00471524
296,"Kiribati",1999,3,0.00355867,0.00321833,0.00339194
296,"Kiribati",1999,4,0.00265034,0.00231786,0.00248735
296,"Kiribati",1999,5,0.00202652,0.00172578,0.00187913
296,"Kiribati",1999,6,0.00160708,0.00134457,0.00147836
296,"Kiribati",1999,7,0.00133315,0.00110685,0.00122213
296,"Kiribati",1999,8,0.00116143,0.00096557,0.00106534
296,"Kiribati",1999,9,0.00106452,0.00089249,0.00097998
296,"Kiribati",1999,10,0.00102417,0.00086904,0.00094769
296,"Kiribati",1999,11,0.00103044,0.00088483,0.00095848
296,"Kiribati",1999,12,0.00107778,0.0009334,0.00100624
296,"Kiribati",1999,13,0.00116401,0.00101051,0.00108761
296,"Kiribati",1999,14,0.00128754,0.00111237,0.00120009
296,"Kiribati",1999,15,0.00144622,0.00123408,0.00134016
296,"Kiribati",1999,16,0.00163484,0.00136913,0.00150165
296,"Kiribati",1999,17,0.00184385,0.00150873,0.00167566
296,"Kiribati",1999,18,0.00206043,0.00164476,0.00185175
296,"Kiribati",1999,19,0.00226767,0.0017693,0.00201753
296,"Kiribati",1999,20,0.00244942,0.00187911,0.00216248
296,"Kiribati",1999,21,0.00259074,0.00197346,0.00227903
296,"Kiribati",1999,22,0.00268468,0.00205446,0.00236511
296,"Kiribati",1999,23,0.00273082,0.00212566,0.00242071
296,"Kiribati",1999,24,0.00273971,0.00219052,0.00245476
296,"Kiribati",1999,25,0.00272672,0.00225261,0.00247739
296,"Kiribati",1999,26,0.00270969,0.00231485,0.0024993
296,"Kiribati",1999,27,0.00270542,0.00237989,0.00253069
296,"Kiribati",1999,28,0.00272303,0.00244954,0.00257593
296,"Kiribati",1999,29,0.00276828,0.00252523,0.00263795
296,"Kiribati",1999,30,0.0028401,0.00260748,0.00271644
296,"Kiribati",1999,31,0.0029349,0.00269645,0.00280959
296,"Kiribati",1999,32,0.00304862,0.00279221,0.00291523
296,"Kiribati",1999,33,0.00317713,0.00289485,0.00303098
296,"Kiribati",1999,34,0.00331941,0.00300491,0.00315671
296,"Kiribati",1999,35,0.00347618,0.00312321,0.0032931
296,"Kiribati",1999,36,0.00365032,0.00325094,0.00344192
296,"Kiribati",1999,37,0.00384609,0.00338957,0.00360675
296,"Kiribati",1999,38,0.00406716,0.00354063,0.00378972
296,"Kiribati",1999,39,0.00431694,0.00370586,0.00399356
296,"Kiribati",1999,40,0.00459768,0.00388707,0.00422011
296,"Kiribati",1999,41,0.00491084,0.00408635,0.00447242
296,"Kiribati",1999,42,0.00525792,0.00430622,0.00475558
296,"Kiribati",1999,43,0.00564043,0.00454975,0.00506564
296,"Kiribati",1999,44,0.00606095,0.00482078,0.00540759
296,"Kiribati",1999,45,0.00652295,0.00512391,0.00578886
296,"Kiribati",1999,46,0.00703084,0.00546379,0.00621204
296,"Kiribati",1999,47,0.00758995,0.00584512,0.00668067
296,"Kiribati",1999,48,0.00820574,0.00627065,0.00719722
296,"Kiribati",1999,49,0.00888385,0.00674114,0.00777427
296,"Kiribati",1999,50,0.00962976,0.0072547,0.00840711
296,"Kiribati",1999,51,0.01044884,0.00780668,0.0090914
296,"Kiribati",1999,52,0.01134686,0.00839458,0.00982932
296,"Kiribati",1999,53,0.01233002,0.00901853,0.01061465
296,"Kiribati",1999,54,0.0134055,0.00968637,0.0114668
296,"Kiribati",1999,55,0.01458159,0.01041462,0.01239101
296,"Kiribati",1999,56,0.01586735,0.01122508,0.01339208
296,"Kiribati",1999,57,0.01727267,0.01214532,0.01450574
296,"Kiribati",1999,58,0.01880733,0.01319909,0.01575311
296,"Kiribati",1999,59,0.02048068,0.01440438,0.0171486
296,"Kiribati",1999,60,0.02230174,0.01577093,0.01867228
296,"Kiribati",1999,61,0.02427909,0.0172966,0.02030642
296,"Kiribati",1999,62,0.02642362,0.01897993,0.02214812
296,"Kiribati",1999,63,0.02874977,0.02082251,0.02419263
296,"Kiribati",1999,64,0.03127794,0.02283922,0.02638681
296,"Kiribati",1999,65,0.03403683,0.02506626,0.02890335
296,"Kiribati",1999,66,0.03706104,0.02755216,0.03171692
296,"Kiribati",1999,67,0.0403919,0.03036024,0.03478325
296,"Kiribati",1999,68,0.04407287,0.03354994,0.03822084
296,"Kiribati",1999,69,0.04814706,0.03716515,0.04200703
296,"Kiribati",1999,70,0.05265715,0.04123363,0.04612859
296,"Kiribati",1999,71,0.05764203,0.04575282,0.05072514
296,"Kiribati",1999,72,0.06314106,0.05071893,0.05576032
296,"Kiribati",1999,73,0.06919352,0.05614099,0.06124352
296,"Kiribati",1999,74,0.07584001,0.06205694,0.06739225
296,"Kiribati",1999,75,0.08312333,0.06856595,0.07427158
296,"Kiribati",1999,76,0.09109106,0.07579553,0.08186327
296,"Kiribati",1999,77,0.09979998,0.08389976,0.09018062
296,"Kiribati",1999,78,0.10931953,0.09301742,0.09937062
296,"Kiribati",1999,79,0.11974117,0.10321429,0.1095284
296,"Kiribati",1999,80,0.13117167,0.11449844,0.12067229
296,"Kiribati",1999,81,0.14373461,0.12677225,0.13271425
296,"Kiribati",1999,82,0.15754791,0.13990837,0.14553411
296,"Kiribati",1999,83,0.17269178,0.15381788,0.15959109
296,"Kiribati",1999,84,0.18920757,0.16845748,0.1750649
296,"Kiribati",1999,85,0.20705617,0.18392923,0.19143606
296,"Kiribati",1999,86,0.22615434,0.2003849,0.20914364
296,"Kiribati",1999,87,0.24638984,0.21800139,0.2282476
296,"Kiribati",1999,88,0.26763717,0.23692858,0.2479286
296,"Kiribati",1999,89,0.28981695,0.25716996,0.26809988
296,"Kiribati",1999,90,0.31286183,0.27865189,0.28936578
296,"Kiribati",1999,91,0.33674622,0.30118211,0.31224979
296,"Kiribati",1999,92,0.36144917,0.32453843,0.33628604
296,"Kiribati",1999,93,0.3869372,0.34858088,0.36063141
296,"Kiribati",1999,94,0.41316537,0.37320945,0.38542821
296,"Kiribati",1999,95,0.44005982,0.39844068,0.41029757
296,"Kiribati",1999,96,0.46751792,0.42431038,0.4357723
296,"Kiribati",1999,97,0.49537456,0.45079844,0.46212579
296,"Kiribati",1999,98,0.52341804,0.4778325,0.4886432
296,"Kiribati",1999,99,0.55136358,0.50519007,0.51607864
296,"Kiribati",1999,100,0.60658512,0.56352646,0.57302088
296,"Kiribati",2000,0,0.05801413,0.04710898,0.05272994
296,"Kiribati",2000,1,0.00634682,0.00624874,0.0062991
296,"Kiribati",2000,2,0.00463726,0.00437393,0.0045086
296,"Kiribati",2000,3,0.00341438,0.00309252,0.00325671
296,"Kiribati",2000,4,0.00255507,0.0022329,0.00239699
296,"Kiribati",2000,5,0.00196153,0.00166597,0.00181647
296,"Kiribati",2000,6,0.00156024,0.0012999,0.00143254
296,"Kiribati",2000,7,0.00129675,0.00107097,0.001186
296,"Kiribati",2000,8,0.00113072,0.00093452,0.00103444
296,"Kiribati",2000,9,0.00103647,0.00086367,0.00095169
296,"Kiribati",2000,10,0.0009969,0.00084071,0.00092012
296,"Kiribati",2000,11,0.00100272,0.00085579,0.00093022
296,"Kiribati",2000,12,0.00104884,0.00090282,0.00097653
296,"Kiribati",2000,13,0.0011334,0.00097783,0.00105611
296,"Kiribati",2000,14,0.001255,0.00107728,0.00116627
296,"Kiribati",2000,15,0.00141162,0.00119643,0.00130383
296,"Kiribati",2000,16,0.00159799,0.00132888,0.00146302
296,"Kiribati",2000,17,0.00180437,0.00146587,0.00163417
296,"Kiribati",2000,18,0.00201778,0.00159931,0.00180719
296,"Kiribati",2000,19,0.00222118,0.00172129,0.00196957
296,"Kiribati",2000,20,0.00239867,0.00182862,0.00211176
296,"Kiribati",2000,21,0.00253583,0.00192072,0.00222523
296,"Kiribati",2000,22,0.00262621,0.00199978,0.0023083
296,"Kiribati",2000,23,0.00266988,0.0020694,0.00236347
296,"Kiribati",2000,24,0.00267735,0.002133,0.00239627
296,"Kiribati",2000,25,0.00266373,0.00219406,0.00241805
296,"Kiribati",2000,26,0.00264636,0.0022553,0.0024391
296,"Kiribati",2000,27,0.00264151,0.00231924,0.00246872
296,"Kiribati",2000,28,0.00265804,0.00238759,0.0025123
296,"Kiribati",2000,29,0.00270156,0.00246175,0.0025723
296,"Kiribati",2000,30,0.00277111,0.00254233,0.00264832
296,"Kiribati",2000,31,0.00286332,0.00262962,0.00273906
296,"Kiribati",2000,32,0.00297438,0.00272382,0.00284274
296,"Kiribati",2000,33,0.00310034,0.00282511,0.00295716
296,"Kiribati",2000,34,0.00324024,0.00293404,0.00308165
296,"Kiribati",2000,35,0.00339472,0.00305139,0.00321698
296,"Kiribati",2000,36,0.00356651,0.00317825,0.00336482
296,"Kiribati",2000,37,0.00375966,0.00331594,0.00352774
296,"Kiribati",2000,38,0.00397772,0.003466,0.00370906
296,"Kiribati",2000,39,0.00422412,0.00363013,0.00391065
296,"Kiribati",2000,40,0.00450125,0.00381029,0.00413498
296,"Kiribati",2000,41,0.00481089,0.00400872,0.0043841
296,"Kiribati",2000,42,0.00515478,0.00422807,0.00466155
296,"Kiribati",2000,43,0.00553469,0.00447145,0.00497296
296,"Kiribati",2000,44,0.00595317,0.00474255,0.00531498
296,"Kiribati",2000,45,0.0064135,0.00504568,0.00569269
296,"Kiribati",2000,46,0.00691974,0.00538507,0.00611376
296,"Kiribati",2000,47,0.00747667,0.00576493,0.0065808
296,"Kiribati",2000,48,0.00808943,0.00618774,0.00709528
296,"Kiribati",2000,49,0.00876347,0.00665423,0.00765978
296,"Kiribati",2000,50,0.00950446,0.00716277,0.00828574
296,"Kiribati",2000,51,0.01031829,0.00770936,0.00896692
296,"Kiribati",2000,52,0.01121124,0.00829209,0.00970142
296,"Kiribati",2000,53,0.01219004,0.0089116,0.01049406
296,"Kiribati",2000,54,0.01326202,0.00957576,0.01134286
296,"Kiribati",2000,55,0.01443513,0.01030062,0.01227224
296,"Kiribati",2000,56,0.01571784,0.01110723,0.01328955
296,"Kiribati",2000,57,0.01711906,0.0120221,0.01439552
296,"Kiribati",2000,58,0.01864782,0.01306828,0.01562632
296,"Kiribati",2000,59,0.02031309,0.01426348,0.01700644
296,"Kiribati",2000,60,0.02212403,0.01561778,0.01853882
296,"Kiribati",2000,61,0.02409003,0.0171302,0.02019282
296,"Kiribati",2000,62,0.02622297,0.01880057,0.02196046
296,"Kiribati",2000,63,0.02853827,0.02063174,0.02395148
296,"Kiribati",2000,64,0.03105693,0.02263928,0.02616662
296,"Kiribati",2000,65,0.0338076,0.02485901,0.02856093
296,"Kiribati",2000,66,0.03682447,0.02733859,0.03133713
296,"Kiribati",2000,67,0.04014792,0.0301397,0.03446918
296,"Kiribati",2000,68,0.04382045,0.0333203,0.03789129
296,"Kiribati",2000,69,0.04788438,0.03692328,0.04172472
296,"Kiribati",2000,70,0.05238176,0.04097593,0.04593264
296,"Kiribati",2000,71,0.05735129,0.0454763,0.05046766
296,"Kiribati",2000,72,0.06283238,0.05042154,0.05550509
296,"Kiribati",2000,73,0.06886462,0.05582199,0.06101115
296,"Kiribati",2000,74,0.07548932,0.06171703,0.06697583
296,"Kiribati",2000,75,0.08275032,0.06820699,0.07368966
296,"Kiribati",2000,76,0.09069649,0.07542055,0.08128363
296,"Kiribati",2000,77,0.09938589,0.08351255,0.08971755
296,"Kiribati",2000,78,0.108889,0.09262223,0.09894756
296,"Kiribati",2000,79,0.11929756,0.10281485,0.10912832
296,"Kiribati",2000,80,0.13071807,0.11409703,0.1203254
296,"Kiribati",2000,81,0.14327301,0.12636833,0.13243429
296,"Kiribati",2000,82,0.15707911,0.13949841,0.14536937
296,"Kiribati",2000,83,0.172216,0.15339705,0.15919382
296,"Kiribati",2000,84,0.188725,0.16802172,0.17426789
296,"Kiribati",2000,85,0.2065684,0.18347972,0.19072243
296,"Kiribati",2000,86,0.22566478,0.19992984,0.20814589
296,"Kiribati",2000,87,0.24590377,0.21755612,0.2270193
296,"Kiribati",2000,88,0.2671614,0.23651422,0.24736677
296,"Kiribati",2000,89,0.28935825,0.25680691,0.2682295
296,"Kiribati",2000,90,0.3124262,0.27835617,0.28950794
296,"Kiribati",2000,91,0.33633796,0.30095989,0.31177258
296,"Kiribati",2000,92,0.36107087,0.32438472,0.33551416
296,"Kiribati",2000,93,0.38659096,0.34848469,0.36029789
296,"Kiribati",2000,94,0.41285346,0.37315662,0.38528823
296,"Kiribati",2000,95,0.43978604,0.3984211,0.41070551
296,"Kiribati",2000,96,0.46728769,0.42432039,0.43618108
296,"Kiribati",2000,97,0.49519367,0.45084034,0.46221536
296,"Kiribati",2000,98,0.52329157,0.47791394,0.48904282
296,"Kiribati",2000,99,0.55129331,0.50531948,0.51582357
296,"Kiribati",2000,100,0.60660831,0.56375802,0.5731445
296,"Kiribati",2001,0,0.05679502,0.04614021,0.0516324
296,"Kiribati",2001,1,0.00605719,0.00600142,0.00603007
296,"Kiribati",2001,2,0.00444763,0.00421195,0.00433255
296,"Kiribati",2001,3,0.00329029,0.00298548,0.003141
296,"Kiribati",2001,4,0.00247277,0.00216044,0.00231956
296,"Kiribati",2001,5,0.00190517,0.00161486,0.00176258
296,"Kiribati",2001,6,0.0015195,0.00126167,0.00139288
296,"Kiribati",2001,7,0.00126503,0.00104024,0.00115473
296,"Kiribati",2001,8,0.00110393,0.00090792,0.00100775
296,"Kiribati",2001,9,0.00101202,0.00083898,0.00092709
296,"Kiribati",2001,10,0.00097312,0.00081645,0.00089624
296,"Kiribati",2001,11,0.00097857,0.00083094,0.00090593
296,"Kiribati",2001,12,0.00102361,0.00087663,0.00095096
296,"Kiribati",2001,13,0.0011067,0.00094985,0.00102887
296,"Kiribati",2001,14,0.0012266,0.0010472,0.00113723
296,"Kiribati",2001,15,0.00138138,0.00116413,0.00127261
296,"Kiribati",2001,16,0.00156575,0.00129432,0.00142943
296,"Kiribati",2001,17,0.00176979,0.00142903,0.00159842
296,"Kiribati",2001,18,0.00198039,0.00156021,0.00176856
296,"Kiribati",2001,19,0.00218041,0.00167996,0.001928
296,"Kiribati",2001,20,0.00235418,0.00178516,0.00206717
296,"Kiribati",2001,21,0.0024877,0.00187531,0.00217861
296,"Kiribati",2001,22,0.002575,0.00195268,0.0022595
296,"Kiribati",2001,23,0.00261653,0.00202094,0.00231276
296,"Kiribati",2001,24,0.00262278,0.00208345,0.00234585
296,"Kiribati",2001,25,0.00260863,0.0021436,0.00236686
296,"Kiribati",2001,26,0.00259097,0.00220398,0.00238721
296,"Kiribati",2001,27,0.00258564,0.00226695,0.00241581
296,"Kiribati",2001,28,0.00260123,0.00233417,0.00245753
296,"Kiribati",2001,29,0.00264325,0.00240701,0.00251568
296,"Kiribati",2001,30,0.00271083,0.00248614,0.00258961
296,"Kiribati",2001,31,0.00280079,0.00257197,0.002678
296,"Kiribati",2001,32,0.00290951,0.0026648,0.00277947
296,"Kiribati",2001,33,0.00303324,0.0027649,0.00289231
296,"Kiribati",2001,34,0.00317103,0.00287284,0.00301591
296,"Kiribati",2001,35,0.00332348,0.00298933,0.00315029
296,"Kiribati",2001,36,0.00349319,0.00311538,0.00329739
296,"Kiribati",2001,37,0.003684,0.00325224,0.00345945
296,"Kiribati",2001,38,0.00389939,0.00340137,0.00363886
296,"Kiribati",2001,39,0.00414279,0.00356452,0.00383902
296,"Kiribati",2001,40,0.00441673,0.00374373,0.00406132
296,"Kiribati",2001,41,0.00472322,0.00394138,0.00430845
296,"Kiribati",2001,42,0.00506426,0.00416022,0.00458286
296,"Kiribati",2001,43,0.00544179,0.0044034,0.00488895
296,"Kiribati",2001,44,0.0058584,0.00467451,0.00523277
296,"Kiribati",2001,45,0.00631718,0.00497756,0.00561083
296,"Kiribati",2001,46,0.00682186,0.00531647,0.00602838
296,"Kiribati",2001,47,0.00737679,0.005695,0.00649276
296,"Kiribati",2001,48,0.0079868,0.00611542,0.00700506
296,"Kiribati",2001,49,0.00865719,0.00657839,0.00756619
296,"Kiribati",2001,50,0.00939378,0.00708254,0.00817847
296,"Kiribati",2001,51,0.01020291,0.00762441,0.00885292
296,"Kiribati",2001,52,0.01109132,0.0082026,0.00958665
296,"Kiribati",2001,53,0.0120662,0.0088182,0.01037895
296,"Kiribati",2001,54,0.013135,0.0094791,0.01123814
296,"Kiribati",2001,55,0.0143054,0.01020096,0.01216347
296,"Kiribati",2001,56,0.01558532,0.01100415,0.01318237
296,"Kiribati",2001,57,0.01698284,0.0119143,0.01430539
296,"Kiribati",2001,58,0.01850631,0.0129538,0.01552977
296,"Kiribati",2001,59,0.02016437,0.01414016,0.01689097
296,"Kiribati",2001,60,0.02196628,0.01548372,0.01840615
296,"Kiribati",2001,61,0.0239222,0.01698454,0.02007132
296,"Kiribati",2001,62,0.02604481,0.01864355,0.021863
296,"Kiribati",2001,63,0.02835042,0.02046469,0.0237779
296,"Kiribati",2001,64,0.03086058,0.02246411,0.02593904
296,"Kiribati",2001,65,0.0336039,0.02467736,0.02836781
296,"Kiribati",2001,66,0.03661417,0.02715131,0.03101719
296,"Kiribati",2001,67,0.03993096,0.02994622,0.03409979
296,"Kiribati",2001,68,0.04359593,0.03311875,0.03759058
296,"Kiribati",2001,69,0.04765066,0.03671093,0.04140789
296,"Kiribati",2001,70,0.05213668,0.04074964,0.04566971
296,"Kiribati",2001,71,0.05709252,0.04523342,0.05031409
296,"Kiribati",2001,72,0.06255758,0.05016028,0.05528616
296,"Kiribati",2001,73,0.06857179,0.05554171,0.06077926
296,"Kiribati",2001,74,0.07517705,0.06141831,0.06680205
296,"Kiribati",2001,75,0.08241814,0.06789147,0.07336315
296,"Kiribati",2001,76,0.09034505,0.07509085,0.08075492
296,"Kiribati",2001,77,0.099017,0.08317201,0.08915823
296,"Kiribati",2001,78,0.10850539,0.09227455,0.0985177
296,"Kiribati",2001,79,0.11890221,0.10246329,0.1087459
296,"Kiribati",2001,80,0.13031373,0.11374362,0.11996978
296,"Kiribati",2001,81,0.14286144,0.12601261,0.13213508
296,"Kiribati",2001,82,0.15666102,0.13913726,0.14525733
296,"Kiribati",2001,83,0.17179159,0.15302628,0.15921728
296,"Kiribati",2001,84,0.18829445,0.16763773,0.17391412
296,"Kiribati",2001,85,0.20613314,0.18308357,0.18993187
296,"Kiribati",2001,86,0.22522783,0.19952872,0.20745586
296,"Kiribati",2001,87,0.24546987,0.21716355,0.22603473
296,"Kiribati",2001,88,0.2667366,0.2361488,0.24615923
296,"Kiribati",2001,89,0.28894862,0.25648665,0.26774668
296,"Kiribati",2001,90,0.3120371,0.27809521,0.28974705
296,"Kiribati",2001,91,0.33597325,0.30076372,0.31201756
296,"Kiribati",2001,92,0.36073288,0.324249,0.33511827
296,"Kiribati",2001,93,0.38628157,0.34839975,0.35958902
296,"Kiribati",2001,94,0.41257471,0.37310996,0.38501074
296,"Kiribati",2001,95,0.43954132,0.3984038,0.41061481
296,"Kiribati",2001,96,0.46708188,0.42432923,0.43663991
296,"Kiribati",2001,97,0.49503195,0.45087736,0.46266869
296,"Kiribati",2001,98,0.52317848,0.4779859,0.48917499
296,"Kiribati",2001,99,0.55123047,0.50543381,0.51626063
296,"Kiribati",2001,100,0.60662904,0.56396261,0.57313215
296,"Kiribati",2002,0,0.05576718,0.04533262,0.05071174
296,"Kiribati",2002,1,0.00581872,0.00579896,0.00580911
296,"Kiribati",2002,2,0.00429077,0.00407903,0.00418736
296,"Kiribati",2002,3,0.0031872,0.00289744,0.00304524
296,"Kiribati",2002,4,0.00240412,0.00210072,0.00225519
296,"Kiribati",2002,5,0.001858,0.00157267,0.00171775
296,"Kiribati",2002,6,0.00148532,0.00123007,0.00135967
296,"Kiribati",2002,7,0.00123837,0.00101482,0.00112837
296,"Kiribati",2002,8,0.00108141,0.00088591,0.00098531
296,"Kiribati",2002,9,0.00099145,0.00081855,0.00090648
296,"Kiribati",2002,10,0.00095313,0.00079639,0.00087612
296,"Kiribati",2002,11,0.00095827,0.00081038,0.00088562
296,"Kiribati",2002,12,0.00100241,0.00085498,0.00092975
296,"Kiribati",2002,13,0.00108425,0.0009267,0.00100623
296,"Kiribati",2002,14,0.00120269,0.0010223,0.00111298
296,"Kiribati",2002,15,0.0013559,0.00113737,0.00124676
296,"Kiribati",2002,16,0.00153854,0.00126565,0.0014016
296,"Kiribati",2002,17,0.00174058,0.00139846,0.0015684
296,"Kiribati",2002,18,0.00194879,0.00152774,0.00173662
296,"Kiribati",2002,19,0.00214595,0.00164562,0.00189332
296,"Kiribati",2002,20,0.00231658,0.00174903,0.00202992
296,"Kiribati",2002,21,0.00244705,0.00183756,0.00213907
296,"Kiribati",2002,22,0.00253176,0.00191353,0.00221894
296,"Kiribati",2002,23,0.0025715,0.00198065,0.00227087
296,"Kiribati",2002,24,0.00257675,0.00204225,0.0023028
296,"Kiribati",2002,25,0.00256216,0.00210163,0.00232442
296,"Kiribati",2002,26,0.00254427,0.00216129,0.00234407
296,"Kiribati",2002,27,0.00253853,0.00222345,0.00237184
296,"Kiribati",2002,28,0.00255335,0.00228972,0.00241242
296,"Kiribati",2002,29,0.00259412,0.00236145,0.00246871
296,"Kiribati",2002,30,0.00266004,0.00243937,0.00254081
296,"Kiribati",2002,31,0.00274811,0.00252398,0.0026272
296,"Kiribati",2002,32,0.00285486,0.00261565,0.00272655
296,"Kiribati",2002,33,0.00297669,0.00271475,0.00283757
296,"Kiribati",2002,34,0.0031127,0.00282183,0.00296001
296,"Kiribati",2002,35,0.00326342,0.00293758,0.00309399
296,"Kiribati",2002,36,0.00343134,0.00306294,0.00324049
296,"Kiribati",2002,37,0.00362015,0.00319907,0.00340201
296,"Kiribati",2002,38,0.00383327,0.00334741,0.00358067
296,"Kiribati",2002,39,0.00407411,0.0035097,0.00377893
296,"Kiribati",2002,40,0.00434531,0.00368807,0.00400028
296,"Kiribati",2002,41,0.00464911,0.00388504,0.00424602
296,"Kiribati",2002,42,0.00498768,0.00410341,0.00451883
296,"Kiribati",2002,43,0.00536316,0.00434639,0.00482207
296,"Kiribati",2002,44,0.00577812,0.00461745,0.0051606
296,"Kiribati",2002,45,0.0062355,0.0049204,0.0055407
296,"Kiribati",2002,46,0.0067388,0.00525886,0.00595818
296,"Kiribati",2002,47,0.00729197,0.00563625,0.00641782
296,"Kiribati",2002,48,0.00789958,0.00605463,0.00692683
296,"Kiribati",2002,49,0.00856683,0.00651462,0.00748527
296,"Kiribati",2002,50,0.00929964,0.00701506,0.00809317
296,"Kiribati",2002,51,0.01010472,0.00755295,0.00875419
296,"Kiribati",2002,52,0.01098923,0.00812731,0.00948039
296,"Kiribati",2002,53,0.01196071,0.00873959,0.01027024
296,"Kiribati",2002,54,0.01302674,0.00939774,0.01112939
296,"Kiribati",2002,55,0.01419477,0.01011703,0.0120661
296,"Kiribati",2002,56,0.01547225,0.01091731,0.01308195
296,"Kiribati",2002,57,0.01686656,0.01182344,0.01420822
296,"Kiribati",2002,58,0.01838548,0.01285731,0.0154497
296,"Kiribati",2002,59,0.02003735,0.0140362,0.01680584
296,"Kiribati",2002,60,0.02183154,0.01537071,0.01830811
296,"Kiribati",2002,61,0.02377881,0.01686174,0.01996503
296,"Kiribati",2002,62,0.02589257,0.01851114,0.02177776
296,"Kiribati",2002,63,0.02818988,0.02032379,0.0237244
296,"Kiribati",2002,64,0.03069273,0.02231633,0.02581008
296,"Kiribati",2002,65,0.03342971,0.02452405,0.02817982
296,"Kiribati",2002,66,0.03643429,0.02699317,0.03085508
296,"Kiribati",2002,67,0.03974533,0.02978278,0.03379839
296,"Kiribati",2002,68,0.04340377,0.03294844,0.03725261
296,"Kiribati",2002,69,0.04745059,0.03653144,0.04114724
296,"Kiribati",2002,70,0.05192685,0.04055832,0.04538092
296,"Kiribati",2002,71,0.05687093,0.04502805,0.05008095
296,"Kiribati",2002,72,0.06232223,0.04993934,0.05517236
296,"Kiribati",2002,73,0.06832098,0.05530464,0.06060371
296,"Kiribati",2002,74,0.07490955,0.0611656,0.06659398
296,"Kiribati",2002,75,0.08213355,0.06762449,0.0732014
296,"Kiribati",2002,76,0.09004393,0.07481181,0.08044925
296,"Kiribati",2002,77,0.09870087,0.0828837,0.08864461
296,"Kiribati",2002,78,0.1081766,0.09198012,0.09797301
296,"Kiribati",2002,79,0.11856328,0.10216549,0.10833433
296,"Kiribati",2002,80,0.12996702,0.11344416,0.11960946
296,"Kiribati",2002,81,0.14250846,0.1257111,0.1318578
296,"Kiribati",2002,82,0.15630238,0.1388311,0.14499427
296,"Kiribati",2002,83,0.17142746,0.1527119,0.15903211
296,"Kiribati",2002,84,0.18792499,0.16731211,0.17385293
296,"Kiribati",2002,85,0.20575957,0.18274759,0.18942563
296,"Kiribati",2002,86,0.22485276,0.19918849,0.20655731
296,"Kiribati",2002,87,0.24509735,0.2168305,0.22538742
296,"Kiribati",2002,88,0.26637185,0.23583872,0.2452146
296,"Kiribati",2002,89,0.28859683,0.2562148,0.26658726
296,"Kiribati",2002,90,0.31170289,0.27787364,0.28935223
296,"Kiribati",2002,91,0.33565995,0.30059712,0.31235844
296,"Kiribati",2002,92,0.36044248,0.32413371,0.3354532
296,"Kiribati",2002,93,0.38601571,0.34832758,0.35925901
296,"Kiribati",2002,94,0.41233515,0.37307031,0.38434718
296,"Kiribati",2002,95,0.43933099,0.3983891,0.41038075
296,"Kiribati",2002,96,0.46690497,0.42433675,0.43659026
296,"Kiribati",2002,97,0.49489292,0.45090883,0.46316981
296,"Kiribati",2002,98,0.52308126,0.47804705,0.48966442
296,"Kiribati",2002,99,0.55117644,0.505531,0.51642758
296,"Kiribati",2002,100,0.60664687,0.5641365,0.57333765
296,"Kiribati",2003,0,0.05493587,0.04468557,0.04996936
296,"Kiribati",2003,1,0.00562966,0.00563918,0.00563429
296,"Kiribati",2003,2,0.00416593,0.00397391,0.00407225
296,"Kiribati",2003,3,0.00310484,0.00282768,0.00296914
296,"Kiribati",2003,4,0.0023491,0.00205332,0.00220393
296,"Kiribati",2003,5,0.00182009,0.00153913,0.00168198
296,"Kiribati",2003,6,0.00145779,0.00120493,0.0013333
296,"Kiribati",2003,7,0.00121687,0.00099459,0.00110728
296,"Kiribati",2003,8,0.00106323,0.00086839,0.00096722
296,"Kiribati",2003,9,0.00097484,0.00080229,0.00088993
296,"Kiribati",2003,10,0.000937,0.00078042,0.00085998
296,"Kiribati",2003,11,0.00094188,0.00079403,0.00086917
296,"Kiribati",2003,12,0.0009853,0.00083775,0.00091274
296,"Kiribati",2003,13,0.00106613,0.00090827,0.00098824
296,"Kiribati",2003,14,0.00118337,0.00100247,0.00109363
296,"Kiribati",2003,15,0.00133529,0.00111603,0.00122606
296,"Kiribati",2003,16,0.00151651,0.00124278,0.0013796
296,"Kiribati",2003,17,0.00171692,0.00137405,0.00154464
296,"Kiribati",2003,18,0.00192317,0.0015018,0.00171091
296,"Kiribati",2003,19,0.00211802,0.00161818,0.00186596
296,"Kiribati",2003,20,0.00228611,0.00172016,0.00200011
296,"Kiribati",2003,21,0.00241411,0.00180739,0.0021074
296,"Kiribati",2003,22,0.00249675,0.00188224,0.00218586
296,"Kiribati",2003,23,0.00253506,0.00194845,0.00223759
296,"Kiribati",2003,24,0.0025395,0.00200931,0.00226886
296,"Kiribati",2003,25,0.00252457,0.00206807,0.00228972
296,"Kiribati",2003,26,0.0025065,0.00212714,0.00230991
296,"Kiribati",2003,27,0.00250044,0.00218864,0.00233694
296,"Kiribati",2003,28,0.00251464,0.00225415,0.00237655
296,"Kiribati",2003,29,0.00255439,0.00232499,0.0024316
296,"Kiribati",2003,30,0.00261898,0.00240194,0.00250198
296,"Kiribati",2003,31,0.00270553,0.00248556,0.00258675
296,"Kiribati",2003,32,0.00281068,0.00257631,0.00268437
296,"Kiribati",2003,33,0.00293099,0.00267459,0.00279363
296,"Kiribati",2003,34,0.00306554,0.00278097,0.00291452
296,"Kiribati",2003,35,0.00321485,0.00289611,0.0030476
296,"Kiribati",2003,36,0.00338131,0.0030209,0.00319399
296,"Kiribati",2003,37,0.00356848,0.00315642,0.00335511
296,"Kiribati",2003,38,0.00377974,0.0033041,0.00353344
296,"Kiribati",2003,39,0.00401848,0.00346569,0.0037312
296,"Kiribati",2003,40,0.00428745,0.00364338,0.00395072
296,"Kiribati",2003,41,0.00458904,0.00383976,0.0041958
296,"Kiribati",2003,42,0.00492558,0.00405773,0.00446786
296,"Kiribati",2003,43,0.00529934,0.00430052,0.00476987
296,"Kiribati",2003,44,0.00571291,0.00457151,0.00510564
296,"Kiribati",2003,45,0.00616913,0.00487435,0.00548046
296,"Kiribati",2003,46,0.00667125,0.00521242,0.00590032
296,"Kiribati",2003,47,0.00722294,0.00558886,0.00636027
296,"Kiribati",2003,48,0.00782858,0.00600558,0.00686391
296,"Kiribati",2003,49,0.00849323,0.00646316,0.00741881
296,"Kiribati",2003,50,0.00922292,0.0069606,0.00802588
296,"Kiribati",2003,51,0.01002469,0.00749527,0.00868334
296,"Kiribati",2003,52,0.01090597,0.00806652,0.00939655
296,"Kiribati",2003,53,0.01187465,0.00867612,0.01018023
296,"Kiribati",2003,54,0.01293838,0.00933201,0.01103572
296,"Kiribati",2003,55,0.01410443,0.01004921,0.01197205
296,"Kiribati",2003,56,0.01537989,0.01084712,0.01300346
296,"Kiribati",2003,57,0.01677153,0.01174999,0.01412928
296,"Kiribati",2003,58,0.01828671,0.01277928,0.01537498
296,"Kiribati",2003,59,0.01993349,0.01395212,0.01674667
296,"Kiribati",2003,60,0.02172134,0.01527931,0.01824066
296,"Kiribati",2003,61,0.02366153,0.01676242,0.01988607
296,"Kiribati",2003,62,0.02576805,0.01840403,0.02169281
296,"Kiribati",2003,63,0.02805854,0.02020979,0.02366588
296,"Kiribati",2003,64,0.03055538,0.02219672,0.02579008
296,"Kiribati",2003,65,0.03328714,0.02439993,0.02808297
296,"Kiribati",2003,66,0.03628703,0.0268651,0.03070555
296,"Kiribati",2003,67,0.03959332,0.02965037,0.03368699
296,"Kiribati",2003,68,0.04324638,0.03281042,0.03698272
296,"Kiribati",2003,69,0.04728669,0.03638596,0.04082757
296,"Kiribati",2003,70,0.05175493,0.04040322,0.04514328
296,"Kiribati",2003,71,0.05668934,0.04486153,0.04981523
296,"Kiribati",2003,72,0.06212935,0.04976018,0.05498467
296,"Kiribati",2003,73,0.0681154,0.05511238,0.0605673
296,"Kiribati",2003,74,0.07469028,0.06096062,0.06650591
296,"Kiribati",2003,75,0.08190025,0.0674079,0.07308312
296,"Kiribati",2003,76,0.08979705,0.0745854,0.08037904
296,"Kiribati",2003,77,0.09844166,0.08264972,0.08841064
296,"Kiribati",2003,78,0.10790695,0.0917411,0.09750968
296,"Kiribati",2003,79,0.11828528,0.10192367,0.10784532
296,"Kiribati",2003,80,0.12968259,0.11320094,0.11925641
296,"Kiribati",2003,81,0.14221883,0.12546617,0.1315585
296,"Kiribati",2003,82,0.15600806,0.13858234,0.14477759
296,"Kiribati",2003,83,0.17112859,0.15245642,0.15890238
296,"Kiribati",2003,84,0.18762171,0.16704747,0.17390533
296,"Kiribati",2003,85,0.20545287,0.18247451,0.189658
296,"Kiribati",2003,86,0.22454478,0.19891192,0.20622277
296,"Kiribati",2003,87,0.24479143,0.21655973,0.22451051
296,"Kiribati",2003,88,0.26607226,0.23558656,0.24462628
296,"Kiribati",2003,89,0.28830785,0.25599369,0.26569998
296,"Kiribati",2003,90,0.31142831,0.27769338,0.28825497
296,"Kiribati",2003,91,0.33540251,0.30046155,0.31204542
296,"Kiribati",2003,92,0.36020384,0.32403988,0.33587986
296,"Kiribati",2003,93,0.38579721,0.34826884,0.35966682
296,"Kiribati",2003,94,0.41213824,0.37303804,0.38406439
296,"Kiribati",2003,95,0.4391581,0.39837713,0.40974794
296,"Kiribati",2003,96,0.46675953,0.42434287,0.43639021
296,"Kiribati",2003,97,0.49477861,0.45093444,0.46315385
296,"Kiribati",2003,98,0.52300132,0.47809685,0.4901968
296,"Kiribati",2003,99,0.55113201,0.50561013,0.51693974
296,"Kiribati",2003,100,0.60666153,0.5642781,0.57353444
296,"Kiribati",2004,0,0.05428348,0.04418234,0.04938826
296,"Kiribati",2004,1,0.00548368,0.00551641,0.00549959
296,"Kiribati",2004,2,0.00406923,0.00389301,0.00398333
296,"Kiribati",2004,3,0.00304086,0.00277391,0.00291033
296,"Kiribati",2004,4,0.00230623,0.00201674,0.00216426
296,"Kiribati",2004,5,0.00179049,0.00151321,0.00165421
296,"Kiribati",2004,6,0.00143626,0.00118548,0.00131279
296,"Kiribati",2004,7,0.00120004,0.00097893,0.00109102
296,"Kiribati",2004,8,0.00104899,0.00085483,0.00095314
296,"Kiribati",2004,9,0.00096184,0.00078971,0.00087693
296,"Kiribati",2004,10,0.00092437,0.00076807,0.00084738
296,"Kiribati",2004,11,0.00092905,0.00078137,0.00085634
296,"Kiribati",2004,12,0.0009719,0.00082442,0.00089929
296,"Kiribati",2004,13,0.00105193,0.00089401,0.00097417
296,"Kiribati",2004,14,0.00116823,0.00098711,0.00107872
296,"Kiribati",2004,15,0.00131912,0.00109951,0.00120996
296,"Kiribati",2004,16,0.00149922,0.00122506,0.00136239
296,"Kiribati",2004,17,0.00169833,0.00135512,0.00152644
296,"Kiribati",2004,18,0.00190304,0.00148167,0.00169107
296,"Kiribati",2004,19,0.00209606,0.00159688,0.00184436
296,"Kiribati",2004,20,0.00226216,0.00169775,0.00197732
296,"Kiribati",2004,21,0.00238823,0.00178397,0.00208253
296,"Kiribati",2004,22,0.00246924,0.00185795,0.00215968
296,"Kiribati",2004,23,0.00250643,0.00192345,0.00221078
296,"Kiribati",2004,24,0.00251025,0.00198374,0.00224244
296,"Kiribati",2004,25,0.00249506,0.00204201,0.0022629
296,"Kiribati",2004,26,0.00247686,0.00210062,0.00228251
296,"Kiribati",2004,27,0.00247055,0.00216161,0.00230991
296,"Kiribati",2004,28,0.00248427,0.00222652,0.00234879
296,"Kiribati",2004,29,0.00252323,0.00229666,0.00240297
296,"Kiribati",2004,30,0.00258678,0.00237285,0.00247221
296,"Kiribati",2004,31,0.00267213,0.00245571,0.00255553
296,"Kiribati",2004,32,0.00277604,0.00254573,0.00265184
296,"Kiribati",2004,33,0.00289513,0.00264337,0.00275956
296,"Kiribati",2004,34,0.00302853,0.0027492,0.00287895
296,"Kiribati",2004,35,0.00317672,0.00286385,0.00301076
296,"Kiribati",2004,36,0.00334203,0.00298818,0.00315645
296,"Kiribati",2004,37,0.00352791,0.00312322,0.0033176
296,"Kiribati",2004,38,0.00373769,0.00327038,0.00349572
296,"Kiribati",2004,39,0.00397477,0.00343141,0.00369352
296,"Kiribati",2004,40,0.00424197,0.00360855,0.0039129
296,"Kiribati",2004,41,0.00454181,0.00380447,0.00415658
296,"Kiribati",2004,42,0.00487673,0.00402211,0.0044285
296,"Kiribati",2004,43,0.00524912,0.00426472,0.00473004
296,"Kiribati",2004,44,0.00566158,0.00453565,0.00506512
296,"Kiribati",2004,45,0.00611684,0.00483838,0.00543712
296,"Kiribati",2004,46,0.006618,0.00517612,0.00585088
296,"Kiribati",2004,47,0.00716851,0.00555181,0.00631342
296,"Kiribati",2004,48,0.00777255,0.00596722,0.00681736
296,"Kiribati",2004,49,0.00843513,0.00642291,0.0073664
296,"Kiribati",2004,50,0.00916236,0.00691799,0.00796986
296,"Kiribati",2004,51,0.00996148,0.00745013,0.0086272
296,"Kiribati",2004,52,0.0108402,0.00801895,0.00933645
296,"Kiribati",2004,53,0.01180664,0.00862643,0.01010679
296,"Kiribati",2004,54,0.01286853,0.00928055,0.01095803
296,"Kiribati",2004,55,0.01403298,0.0099961,0.01189306
296,"Kiribati",2004,56,0.01530681,0.01079214,0.01292256
296,"Kiribati",2004,57,0.01669633,0.01169244,0.01406324
296,"Kiribati",2004,58,0.01820852,0.01271814,0.01531109
296,"Kiribati",2004,59,0.01985127,0.01388625,0.01668745
296,"Kiribati",2004,60,0.02163409,0.01520769,0.01819814
296,"Kiribati",2004,61,0.02356866,0.01668458,0.01983566
296,"Kiribati",2004,62,0.02566942,0.01832009,0.02163281
296,"Kiribati",2004,63,0.0279545,0.02012043,0.02359615
296,"Kiribati",2004,64,0.03044657,0.02210295,0.02574358
296,"Kiribati",2004,65,0.03317417,0.02430259,0.02807725
296,"Kiribati",2004,66,0.03617032,0.02676463,0.03062615
296,"Kiribati",2004,67,0.03947283,0.02954648,0.03356215
296,"Kiribati",2004,68,0.0431216,0.0327021,0.03689839
296,"Kiribati",2004,69,0.04715672,0.03627175,0.0405765
296,"Kiribati",2004,70,0.05161858,0.04028145,0.04484088
296,"Kiribati",2004,71,0.05654531,0.04473079,0.0496002
296,"Kiribati",2004,72,0.06197636,0.04961948,0.05472474
296,"Kiribati",2004,73,0.06795232,0.05496138,0.06039006
296,"Kiribati",2004,74,0.07451633,0.06079963,0.06650943
296,"Kiribati",2004,75,0.08171515,0.06723776,0.07303603
296,"Kiribati",2004,76,0.08960116,0.07440751,0.08028161
296,"Kiribati",2004,77,0.09823596,0.08246585,0.0883649
296,"Kiribati",2004,78,0.10769295,0.09155324,0.09732531
296,"Kiribati",2004,79,0.11806461,0.10173357,0.10743601
296,"Kiribati",2004,80,0.12945679,0.11300969,0.11882399
296,"Kiribati",2004,81,0.14198888,0.12527354,0.13126095
296,"Kiribati",2004,82,0.15577434,0.13838667,0.1445352
296,"Kiribati",2004,83,0.17089124,0.15225546,0.158672
296,"Kiribati",2004,84,0.18738082,0.16683928,0.17376064
296,"Kiribati",2004,85,0.20520924,0.18225966,0.18979879
296,"Kiribati",2004,86,0.22430011,0.1986943,0.20656613
296,"Kiribati",2004,87,0.24454836,0.21634665,0.22423602
296,"Kiribati",2004,88,0.2658342,0.23538811,0.24378204
296,"Kiribati",2004,89,0.28807819,0.25581963,0.26517357
296,"Kiribati",2004,90,0.31121008,0.27755146,0.28742712
296,"Kiribati",2004,91,0.33519788,0.30035479,0.31100411
296,"Kiribati",2004,92,0.36001413,0.32396598,0.3356298
296,"Kiribati",2004,93,0.3856235,0.34822256,0.36015985
296,"Kiribati",2004,94,0.41198169,0.37301261,0.38452719
296,"Kiribati",2004,95,0.43902062,0.39836771,0.40949652
296,"Kiribati",2004,96,0.46664388,0.42434769,0.43577819
296,"Kiribati",2004,97,0.49468771,0.45095462,0.46297993
296,"Kiribati",2004,98,0.52293774,0.47813608,0.4902069
296,"Kiribati",2004,99,0.55109667,0.50567249,0.51748893
296,"Kiribati",2004,100,0.60667319,0.56438966,0.57386812
296,"Kiribati",2005,0,0.05377192,0.04378709,0.04893321
296,"Kiribati",2005,1,0.00537067,0.00542091,0.00539509
296,"Kiribati",2005,2,0.00399418,0.00382999,0.00391409
296,"Kiribati",2005,3,0.00299108,0.00273198,0.00286443
296,"Kiribati",2005,4,0.00227281,0.00198817,0.00213338
296,"Kiribati",2005,5,0.00176737,0.00149296,0.00163256
296,"Kiribati",2005,6,0.00141942,0.00117028,0.00129671
296,"Kiribati",2005,7,0.00118686,0.00096668,0.00107825
296,"Kiribati",2005,8,0.00103784,0.00084422,0.00094224
296,"Kiribati",2005,9,0.00095165,0.00077987,0.00086674
296,"Kiribati",2005,10,0.00091447,0.0007584,0.0008374
296,"Kiribati",2005,11,0.00091901,0.00077148,0.00084626
296,"Kiribati",2005,12,0.00096141,0.00081399,0.00088873
296,"Kiribati",2005,13,0.00104082,0.00088285,0.00096294
296,"Kiribati",2005,14,0.00115637,0.0009751,0.00106696
296,"Kiribati",2005,15,0.00130645,0.00108657,0.00119757
296,"Kiribati",2005,16,0.00148566,0.00121117,0.00134895
296,"Kiribati",2005,17,0.00168374,0.00134028,0.00151202
296,"Kiribati",2005,18,0.00188724,0.0014659,0.00167593
296,"Kiribati",2005,19,0.00207882,0.00158019,0.00182775
296,"Kiribati",2005,20,0.00224335,0.00168018,0.0019591
296,"Kiribati",2005,21,0.00236792,0.00176561,0.00206353
296,"Kiribati",2005,22,0.00244766,0.0018389,0.00213916
296,"Kiribati",2005,23,0.00248398,0.00190384,0.00218943
296,"Kiribati",2005,24,0.00248731,0.00196368,0.00222073
296,"Kiribati",2005,25,0.00247191,0.00202157,0.00224187
296,"Kiribati",2005,26,0.00245361,0.00207981,0.00226128
296,"Kiribati",2005,27,0.00244711,0.0021404,0.00228805
296,"Kiribati",2005,28,0.00246045,0.00220484,0.00232718
296,"Kiribati",2005,29,0.00249881,0.00227444,0.00238072
296,"Kiribati",2005,30,0.00256154,0.00235003,0.00244921
296,"Kiribati",2005,31,0.00264596,0.00243228,0.00253158
296,"Kiribati",2005,32,0.00274888,0.00252173,0.00262666
296,"Kiribati",2005,33,0.00286702,0.00261886,0.00273331
296,"Kiribati",2005,34,0.00299952,0.00272425,0.00285135
296,"Kiribati",2005,35,0.00314683,0.00283852,0.0029818
296,"Kiribati",2005,36,0.00331122,0.00296248,0.00312623
296,"Kiribati",2005,37,0.00349608,0.00309713,0.00328685
296,"Kiribati",2005,38,0.0037047,0.00324387,0.0034653
296,"Kiribati",2005,39,0.00394047,0.00340445,0.00366302
296,"Kiribati",2005,40,0.00420627,0.00358115,0.00388279
296,"Kiribati",2005,41,0.00450472,0.0037767,0.0041266
296,"Kiribati",2005,42,0.00483836,0.00399407,0.00439753
296,"Kiribati",2005,43,0.00520966,0.00423654,0.00469981
296,"Kiribati",2005,44,0.00562122,0.00450739,0.00503422
296,"Kiribati",2005,45,0.00607571,0.00481002,0.00540498
296,"Kiribati",2005,46,0.00657611,0.0051475,0.00581589
296,"Kiribati",2005,47,0.00712565,0.00552259,0.00627149
296,"Kiribati",2005,48,0.00772843,0.00593696,0.0067783
296,"Kiribati",2005,49,0.00838937,0.00639115,0.00732835
296,"Kiribati",2005,50,0.00911463,0.00688437,0.00792399
296,"Kiribati",2005,51,0.00991166,0.00741452,0.00857666
296,"Kiribati",2005,52,0.01078835,0.00798141,0.00928837
296,"Kiribati",2005,53,0.01175301,0.00858722,0.0100565
296,"Kiribati",2005,54,0.01281343,0.00923992,0.01089374
296,"Kiribati",2005,55,0.01397662,0.00995416,0.01182481
296,"Kiribati",2005,56,0.01524914,0.01074871,0.01285338
296,"Kiribati",2005,57,0.01663696,0.01164698,0.01398951
296,"Kiribati",2005,58,0.01814678,0.01266984,0.01525335
296,"Kiribati",2005,59,0.01978634,0.0138342,0.01663522
296,"Kiribati",2005,60,0.02156519,0.01515111,0.01815139
296,"Kiribati",2005,61,0.02349531,0.01662308,0.01980719
296,"Kiribati",2005,62,0.02559152,0.01825376,0.02159634
296,"Kiribati",2005,63,0.02787231,0.02004982,0.02355698
296,"Kiribati",2005,64,0.0303606,0.02202883,0.02570338
296,"Kiribati",2005,65,0.0330849,0.02422564,0.0280596
296,"Kiribati",2005,66,0.03607808,0.02668519,0.03063776
296,"Kiribati",2005,67,0.03937759,0.0294643,0.03349368
296,"Kiribati",2005,68,0.04302295,0.03261641,0.03679275
296,"Kiribati",2005,69,0.04705397,0.0361814,0.0405134
296,"Kiribati",2005,70,0.05151077,0.04018509,0.04460277
296,"Kiribati",2005,71,0.05643142,0.04462732,0.04930909
296,"Kiribati",2005,72,0.06185537,0.04950814,0.05452688
296,"Kiribati",2005,73,0.06782335,0.05484187,0.06012742
296,"Kiribati",2005,74,0.07437874,0.06067219,0.0663348
296,"Kiribati",2005,75,0.08156875,0.06710307,0.0730568
296,"Kiribati",2005,76,0.08944621,0.07426667,0.08025125
296,"Kiribati",2005,77,0.09807323,0.08232026,0.08830585
296,"Kiribati",2005,78,0.10752364,0.09140445,0.0973199
296,"Kiribati",2005,79,0.11789002,0.10158299,0.10729359
296,"Kiribati",2005,80,0.12927811,0.11285818,0.11846107
296,"Kiribati",2005,81,0.14180689,0.12512092,0.13087289
296,"Kiribati",2005,82,0.15558936,0.13823163,0.14427964
296,"Kiribati",2005,83,0.17070335,0.1520962,0.15847444
296,"Kiribati",2005,84,0.18719011,0.16667429,0.17348662
296,"Kiribati",2005,85,0.20501635,0.18208938,0.18960313
296,"Kiribati",2005,86,0.22410638,0.19852181,0.20679016
296,"Kiribati",2005,87,0.24435588,0.21617774,0.22467956
296,"Kiribati",2005,88,0.26564567,0.23523076,0.24355998
296,"Kiribati",2005,89,0.28789631,0.25568161,0.26436138
296,"Kiribati",2005,90,0.31103722,0.2774389,0.28695249
296,"Kiribati",2005,91,0.33503579,0.30027011,0.31022206
296,"Kiribati",2005,92,0.35986384,0.32390735,0.33462369
296,"Kiribati",2005,93,0.38548587,0.34818585,0.35995066
296,"Kiribati",2005,94,0.41185765,0.37299244,0.38506892
296,"Kiribati",2005,95,0.43891169,0.39836023,0.40999923
296,"Kiribati",2005,96,0.46655224,0.42435151,0.43554718
296,"Kiribati",2005,97,0.49461567,0.45097064,0.46238365
296,"Kiribati",2005,98,0.52288736,0.47816721,0.49005364
296,"Kiribati",2005,99,0.55106866,0.50572196,0.51751768
296,"Kiribati",2005,100,0.60668243,0.56447819,0.57428786
296,"Kiribati",2006,0,0.05335408,0.04346343,0.04856115
296,"Kiribati",2006,1,0.00527931,0.00534331,0.00531044
296,"Kiribati",2006,2,0.00393339,0.00377873,0.00385786
296,"Kiribati",2006,3,0.00295069,0.00269783,0.0028269
296,"Kiribati",2006,4,0.00224565,0.00196489,0.00210808
296,"Kiribati",2006,5,0.00174854,0.00147644,0.00161498
296,"Kiribati",2006,6,0.00140569,0.00115787,0.00128366
296,"Kiribati",2006,7,0.00117612,0.00095668,0.00106777
296,"Kiribati",2006,8,0.00102874,0.00083557,0.00093326
296,"Kiribati",2006,9,0.00094334,0.00077183,0.00085851
296,"Kiribati",2006,10,0.0009064,0.00075052,0.00082924
296,"Kiribati",2006,11,0.00091082,0.0007634,0.00083792
296,"Kiribati",2006,12,0.00095285,0.00080548,0.00088007
296,"Kiribati",2006,13,0.00103174,0.00087375,0.00095369
296,"Kiribati",2006,14,0.00114669,0.00096529,0.00105703
296,"Kiribati",2006,15,0.0012961,0.00107601,0.00118723
296,"Kiribati",2006,16,0.00147458,0.00119983,0.00133816
296,"Kiribati",2006,17,0.00167181,0.00132816,0.00150028
296,"Kiribati",2006,18,0.00187432,0.001453,0.00166329
296,"Kiribati",2006,19,0.00206472,0.00156653,0.00181452
296,"Kiribati",2006,20,0.00222798,0.00166581,0.00194463
296,"Kiribati",2006,21,0.00235131,0.00175059,0.0020477
296,"Kiribati",2006,22,0.00243002,0.00182332,0.00212276
296,"Kiribati",2006,23,0.00246563,0.0018878,0.00217191
296,"Kiribati",2006,24,0.00246857,0.00194727,0.00220276
296,"Kiribati",2006,25,0.00245301,0.00200485,0.0022237
296,"Kiribati",2006,26,0.00243462,0.00206279,0.00224376
296,"Kiribati",2006,27,0.00242797,0.00212304,0.00227043
296,"Kiribati",2006,28,0.00244101,0.0021871,0.0023089
296,"Kiribati",2006,29,0.00247886,0.00225625,0.00236257
296,"Kiribati",2006,30,0.00254093,0.00233135,0.00243057
296,"Kiribati",2006,31,0.00262458,0.00241311,0.00251229
296,"Kiribati",2006,32,0.0027267,0.00250208,0.00260658
296,"Kiribati",2006,33,0.00284407,0.0025988,0.00271226
296,"Kiribati",2006,34,0.00297583,0.00270382,0.00282944
296,"Kiribati",2006,35,0.00312241,0.00281777,0.00295862
296,"Kiribati",2006,36,0.00328605,0.00294142,0.00310172
296,"Kiribati",2006,37,0.00347007,0.00307576,0.00326098
296,"Kiribati",2006,38,0.00367773,0.00322215,0.00343887
296,"Kiribati",2006,39,0.00391243,0.00338236,0.00363724
296,"Kiribati",2006,40,0.00417708,0.00355869,0.00385731
296,"Kiribati",2006,41,0.0044744,0.00375392,0.00410195
296,"Kiribati",2006,42,0.00480698,0.00397106,0.00437324
296,"Kiribati",2006,43,0.00517737,0.0042134,0.00467452
296,"Kiribati",2006,44,0.00558818,0.00448419,0.00501032
296,"Kiribati",2006,45,0.00604203,0.00478674,0.00538084
296,"Kiribati",2006,46,0.00654179,0.005124,0.00579014
296,"Kiribati",2006,47,0.00709054,0.00549858,0.00624216
296,"Kiribati",2006,48,0.00769227,0.00591209,0.00674125
296,"Kiribati",2006,49,0.00835186,0.00636505,0.00729386
296,"Kiribati",2006,50,0.0090755,0.00685674,0.00789073
296,"Kiribati",2006,51,0.00987081,0.00738524,0.00853494
296,"Kiribati",2006,52,0.01074582,0.00795055,0.00924066
296,"Kiribati",2006,53,0.01170901,0.00855497,0.01001194
296,"Kiribati",2006,54,0.01276821,0.00920651,0.01084835
296,"Kiribati",2006,55,0.01393034,0.00991966,0.01176388
296,"Kiribati",2006,56,0.01520179,0.01071299,0.0127881
296,"Kiribati",2006,57,0.01658821,0.01160958,0.01392772
296,"Kiribati",2006,58,0.01809608,0.0126301,0.01518691
296,"Kiribati",2006,59,0.019733,0.01379137,0.01658033
296,"Kiribati",2006,60,0.02150858,0.01510454,0.01810269
296,"Kiribati",2006,61,0.02343505,0.01657247,0.01976898
296,"Kiribati",2006,62,0.02552752,0.01819918,0.02157885
296,"Kiribati",2006,63,0.02780479,0.0199917,0.02353239
296,"Kiribati",2006,64,0.03028996,0.02196782,0.02567759
296,"Kiribati",2006,65,0.03301154,0.02416228,0.02804014
296,"Kiribati",2006,66,0.03600226,0.02661977,0.03065104
296,"Kiribati",2006,67,0.03929929,0.02939663,0.0335219
296,"Kiribati",2006,68,0.04294185,0.03254583,0.03671422
296,"Kiribati",2006,69,0.04696948,0.03610696,0.0404158
296,"Kiribati",2006,70,0.05142211,0.04010571,0.04456347
296,"Kiribati",2006,71,0.05633776,0.04454207,0.04907611
296,"Kiribati",2006,72,0.06175586,0.04941639,0.05423852
296,"Kiribati",2006,73,0.06771728,0.0547434,0.05993884
296,"Kiribati",2006,74,0.07426558,0.06056718,0.06604238
296,"Kiribati",2006,75,0.08144832,0.06699207,0.07285781
296,"Kiribati",2006,76,0.08931874,0.07415059,0.08029953
296,"Kiribati",2006,77,0.09793936,0.08220024,0.08830247
296,"Kiribati",2006,78,0.10738435,0.0912818,0.09728869
296,"Kiribati",2006,79,0.11774636,0.10145884,0.10731628
296,"Kiribati",2006,80,0.12913108,0.11273324,0.118349
296,"Kiribati",2006,81,0.14165712,0.12499505,0.13054208
296,"Kiribati",2006,82,0.15543711,0.13810375,0.14391736
296,"Kiribati",2006,83,0.17054871,0.15196483,0.1582445
296,"Kiribati",2006,84,0.18703314,0.16653819,0.17332052
296,"Kiribati",2006,85,0.20485757,0.1819489,0.18924511
296,"Kiribati",2006,86,0.2239469,0.19837951,0.2063439
296,"Kiribati",2006,87,0.24419742,0.21603838,0.22479732
296,"Kiribati",2006,88,0.26549045,0.23510094,0.24408269
296,"Kiribati",2006,89,0.28774654,0.25556771,0.26417957
296,"Kiribati",2006,90,0.31089488,0.277346,0.28616725
296,"Kiribati",2006,91,0.3349023,0.30020022,0.30978397
296,"Kiribati",2006,92,0.35974007,0.32385896,0.33386844
296,"Kiribati",2006,93,0.38537252,0.34815555,0.35895849
296,"Kiribati",2006,94,0.41175548,0.37297579,0.38488276
296,"Kiribati",2006,95,0.43882197,0.39835405,0.41057683
296,"Kiribati",2006,96,0.46647675,0.42435467,0.43607845
296,"Kiribati",2006,97,0.49455633,0.45098386,0.46216733
296,"Kiribati",2006,98,0.52284585,0.47819292,0.48947361
296,"Kiribati",2006,99,0.55104559,0.50576282,0.51738177
296,"Kiribati",2006,100,0.60669004,0.56455128,0.57452685
296,"Kiribati",2007,0,0.05298998,0.04317949,0.04823624
296,"Kiribati",2007,1,0.0052004,0.00527567,0.00523694
296,"Kiribati",2007,2,0.0038808,0.00373402,0.00380935
296,"Kiribati",2007,3,0.00291568,0.00266802,0.00279469
296,"Kiribati",2007,4,0.00222206,0.00194455,0.00208629
296,"Kiribati",2007,5,0.00173218,0.001462,0.00160004
296,"Kiribati",2007,6,0.00139375,0.00114702,0.00127299
296,"Kiribati",2007,7,0.00116676,0.00094794,0.0010593
296,"Kiribati",2007,8,0.00102082,0.00082799,0.0009258
296,"Kiribati",2007,9,0.0009361,0.0007648,0.00085152
296,"Kiribati",2007,10,0.00089937,0.00074362,0.00082235
296,"Kiribati",2007,11,0.00090368,0.00075633,0.0008307
296,"Kiribati",2007,12,0.0009454,0.00079804,0.00087241
296,"Kiribati",2007,13,0.00102385,0.00086578,0.00094558
296,"Kiribati",2007,14,0.00113825,0.00095671,0.00104824
296,"Kiribati",2007,15,0.00128708,0.00106676,0.00117774
296,"Kiribati",2007,16,0.00146491,0.00118989,0.00132838
296,"Kiribati",2007,17,0.00166141,0.00131754,0.00149018
296,"Kiribati",2007,18,0.00186304,0.0014417,0.00165221
296,"Kiribati",2007,19,0.00205243,0.00155457,0.00180244
296,"Kiribati",2007,20,0.00221457,0.00165322,0.00193184
296,"Kiribati",2007,21,0.00233683,0.00173742,0.00203366
296,"Kiribati",2007,22,0.00241464,0.00180966,0.00210762
296,"Kiribati",2007,23,0.00244964,0.00187374,0.00215673
296,"Kiribati",2007,24,0.00245223,0.00193288,0.00218708
296,"Kiribati",2007,25,0.00243653,0.00199019,0.00220792
296,"Kiribati",2007,26,0.00241808,0.00204786,0.00222783
296,"Kiribati",2007,27,0.00241129,0.00210783,0.00225478
296,"Kiribati",2007,28,0.00242406,0.00217154,0.00229299
296,"Kiribati",2007,29,0.00246148,0.0022403,0.00234593
296,"Kiribati",2007,30,0.00252297,0.00231497,0.00241389
296,"Kiribati",2007,31,0.00260596,0.00239629,0.00249515
296,"Kiribati",2007,32,0.00270739,0.00248485,0.00258888
296,"Kiribati",2007,33,0.00282408,0.0025812,0.002694
296,"Kiribati",2007,34,0.00295518,0.0026859,0.00281046
296,"Kiribati",2007,35,0.00310114,0.00279956,0.00293887
296,"Kiribati",2007,36,0.00326411,0.00292295,0.00308076
296,"Kiribati",2007,37,0.0034474,0.00305699,0.00323871
296,"Kiribati",2007,38,0.00365423,0.00320307,0.00341503
296,"Kiribati",2007,39,0.00388799,0.00336295,0.00361241
296,"Kiribati",2007,40,0.00415163,0.00353896,0.00383281
296,"Kiribati",2007,41,0.00444794,0.00373391,0.00407752
296,"Kiribati",2007,42,0.00477959,0.00395085,0.00434955
296,"Kiribati",2007,43,0.00514919,0.00419307,0.00465113
296,"Kiribati",2007,44,0.00555934,0.0044638,0.00498582
296,"Kiribati",2007,45,0.00601262,0.00476626,0.00535843
296,"Kiribati",2007,46,0.00651181,0.00510332,0.00576813
296,"Kiribati",2007,47,0.00705986,0.00547745,0.00621889
296,"Kiribati",2007,48,0.00766067,0.00589021,0.00671469
296,"Kiribati",2007,49,0.00831906,0.00634207,0.00725957
296,"Kiribati",2007,50,0.00904129,0.00683242,0.00786096
296,"Kiribati",2007,51,0.00983508,0.00735947,0.0085073
296,"Kiribati",2007,52,0.01070863,0.00792338,0.00920312
296,"Kiribati",2007,53,0.01167053,0.00852659,0.00996824
296,"Kiribati",2007,54,0.01272865,0.0091771,0.01080809
296,"Kiribati",2007,55,0.01388985,0.00988929,0.0117227
296,"Kiribati",2007,56,0.01516035,0.01068153,0.01272956
296,"Kiribati",2007,57,0.01654554,0.01157664,0.01386136
296,"Kiribati",2007,58,0.01805169,0.0125951,0.01512297
296,"Kiribati",2007,59,0.01968631,0.01375365,0.01651918
296,"Kiribati",2007,60,0.02145902,0.01506353,0.01806137
296,"Kiribati",2007,61,0.02338228,0.0165279,0.01973122
296,"Kiribati",2007,62,0.02547147,0.0181511,0.02153984
296,"Kiribati",2007,63,0.02774565,0.0199405,0.02350157
296,"Kiribati",2007,64,0.03022808,0.02191407,0.02562427
296,"Kiribati",2007,65,0.03294728,0.02410645,0.02798313
296,"Kiribati",2007,66,0.03593584,0.02656212,0.03061846
296,"Kiribati",2007,67,0.03923069,0.02933697,0.03354416
296,"Kiribati",2007,68,0.04287079,0.03248361,0.03675594
296,"Kiribati",2007,69,0.04689544,0.03604134,0.04031814
296,"Kiribati",2007,70,0.05134442,0.04003572,0.04442733
296,"Kiribati",2007,71,0.05625567,0.0444669,0.04901147
296,"Kiribati",2007,72,0.06166865,0.04933549,0.05397882
296,"Kiribati",2007,73,0.0676243,0.05465655,0.05961033
296,"Kiribati",2007,74,0.07416639,0.06047456,0.06584871
296,"Kiribati",2007,75,0.08134276,0.06689417,0.07257108
296,"Kiribati",2007,76,0.089207,0.07404819,0.08006975
296,"Kiribati",2007,77,0.09782201,0.08209437,0.0883255
296,"Kiribati",2007,78,0.10726223,0.09117358,0.09729711
296,"Kiribati",2007,79,0.1176204,0.10134928,0.10734777
296,"Kiribati",2007,80,0.12900216,0.11262298,0.11846547
296,"Kiribati",2007,81,0.14152579,0.12488396,0.13048609
296,"Kiribati",2007,82,0.1553036,0.13799087,0.14359597
296,"Kiribati",2007,83,0.17041308,0.15184887,0.15788238
296,"Kiribati",2007,84,0.18689546,0.16641804,0.17309453
296,"Kiribati",2007,85,0.20471829,0.18182489,0.18919769
296,"Kiribati",2007,86,0.223807,0.19825389,0.2062585
296,"Kiribati",2007,87,0.2440584,0.21591534,0.22452046
296,"Kiribati",2007,88,0.26535427,0.2349863,0.24424203
296,"Kiribati",2007,89,0.28761513,0.25546714,0.26475903
296,"Kiribati",2007,90,0.31076999,0.27726396,0.28601453
296,"Kiribati",2007,91,0.33478517,0.30013848,0.30901784
296,"Kiribati",2007,92,0.35963146,0.32381621,0.3334523
296,"Kiribati",2007,93,0.38527305,0.34812878,0.35821406
296,"Kiribati",2007,94,0.41166583,0.37296108,0.38388775
296,"Kiribati",2007,95,0.43874322,0.3983486,0.41040339
296,"Kiribati",2007,96,0.4664105,0.42435746,0.43668301
296,"Kiribati",2007,97,0.49450425,0.45099554,0.46271867
296,"Kiribati",2007,98,0.52280942,0.47821563,0.4892713
296,"Kiribati",2007,99,0.55102534,0.50579891,0.51682234
296,"Kiribati",2007,100,0.60669672,0.56461586,0.57459958
296,"Kiribati",2008,0,0.05265768,0.04291956,0.04793919
296,"Kiribati",2008,1,0.00512895,0.00521413,0.00517029
296,"Kiribati",2008,2,0.0038331,0.0036933,0.00376519
296,"Kiribati",2008,3,0.00288388,0.00264085,0.00276555
296,"Kiribati",2008,4,0.00220062,0.001926,0.00206655
296,"Kiribati",2008,5,0.00171729,0.00144882,0.00158619
296,"Kiribati",2008,6,0.00138287,0.00113712,0.00126303
296,"Kiribati",2008,7,0.00115824,0.00093995,0.0010517
296,"Kiribati",2008,8,0.0010136,0.00082107,0.00091924
296,"Kiribati",2008,9,0.00092951,0.00075839,0.00084526
296,"Kiribati",2008,10,0.00089297,0.00073732,0.00081612
296,"Kiribati",2008,11,0.00089718,0.00074988,0.0008243
296,"Kiribati",2008,12,0.0009386,0.00079124,0.00086549
296,"Kiribati",2008,13,0.00101664,0.00085851,0.00093811
296,"Kiribati",2008,14,0.00113056,0.00094887,0.00104027
296,"Kiribati",2008,15,0.00127885,0.00105831,0.00116906
296,"Kiribati",2008,16,0.0014561,0.00118082,0.00131898
296,"Kiribati",2008,17,0.00165191,0.00130783,0.00148061
296,"Kiribati",2008,18,0.00185275,0.00143137,0.00164242
296,"Kiribati",2008,19,0.00204119,0.00154363,0.00179161
296,"Kiribati",2008,20,0.00220232,0.0016417,0.00192003
296,"Kiribati",2008,21,0.0023236,0.00172539,0.00202128
296,"Kiribati",2008,22,0.00240059,0.00179717,0.00209416
296,"Kiribati",2008,23,0.00243503,0.00186088,0.00214244
296,"Kiribati",2008,24,0.00243732,0.00191973,0.00217295
296,"Kiribati",2008,25,0.00242149,0.00197678,0.00219347
296,"Kiribati",2008,26,0.00240298,0.00203421,0.00221332
296,"Kiribati",2008,27,0.00239607,0.00209391,0.00224008
296,"Kiribati",2008,28,0.0024086,0.00215731,0.00227842
296,"Kiribati",2008,29,0.00244562,0.0022257,0.00233104
296,"Kiribati",2008,30,0.00250659,0.00229998,0.00239825
296,"Kiribati",2008,31,0.00258897,0.00238091,0.00247947
296,"Kiribati",2008,32,0.00268976,0.00246909,0.0025728
296,"Kiribati",2008,33,0.00280583,0.0025651,0.00267745
296,"Kiribati",2008,34,0.00293634,0.0026695,0.00279341
296,"Kiribati",2008,35,0.00308172,0.00278289,0.00292122
296,"Kiribati",2008,36,0.00324409,0.00290603,0.00306234
296,"Kiribati",2008,37,0.0034267,0.00303981,0.0032189
296,"Kiribati",2008,38,0.00363276,0.0031856,0.00339377
296,"Kiribati",2008,39,0.00386566,0.00334518,0.00358939
296,"Kiribati",2008,40,0.00412839,0.00352088,0.00380876
296,"Kiribati",2008,41,0.00442378,0.00371558,0.00405406
296,"Kiribati",2008,42,0.00475458,0.00393232,0.00432642
296,"Kiribati",2008,43,0.00512344,0.00417443,0.00462909
296,"Kiribati",2008,44,0.00553298,0.00444509,0.00496431
296,"Kiribati",2008,45,0.00598573,0.00474748,0.00533576
296,"Kiribati",2008,46,0.00648439,0.00508434,0.00574781
296,"Kiribati",2008,47,0.00703179,0.00545806,0.00619889
296,"Kiribati",2008,48,0.00763175,0.00587012,0.00669317
296,"Kiribati",2008,49,0.00828905,0.00632099,0.00723434
296,"Kiribati",2008,50,0.00900998,0.00681009,0.00782709
296,"Kiribati",2008,51,0.00980238,0.00733582,0.00847871
296,"Kiribati",2008,52,0.01067457,0.00789844,0.00917731
296,"Kiribati",2008,53,0.01163528,0.00850052,0.00993146
296,"Kiribati",2008,54,0.01269242,0.00915008,0.01076479
296,"Kiribati",2008,55,0.01385276,0.00986139,0.01168375
296,"Kiribati",2008,56,0.01512238,0.01065263,0.01268978
296,"Kiribati",2008,57,0.01650643,0.01154638,0.01380214
296,"Kiribati",2008,58,0.018011,0.01256294,0.01505496
296,"Kiribati",2008,59,0.0196435,0.01371899,0.01645634
296,"Kiribati",2008,60,0.02141359,0.01502584,0.01800185
296,"Kiribati",2008,61,0.02333391,0.01648693,0.01969075
296,"Kiribati",2008,62,0.02542009,0.01810691,0.02150855
296,"Kiribati",2008,63,0.02769143,0.01989344,0.02346984
296,"Kiribati",2008,64,0.03017135,0.02186466,0.02559653
296,"Kiribati",2008,65,0.03288835,0.02405514,0.02793273
296,"Kiribati",2008,66,0.03587493,0.02650911,0.03056569
296,"Kiribati",2008,67,0.03916778,0.02928212,0.03351704
296,"Kiribati",2008,68,0.04280561,0.03242639,0.0367859
296,"Kiribati",2008,69,0.04682753,0.03598098,0.04036931
296,"Kiribati",2008,70,0.05127315,0.03997134,0.04433484
296,"Kiribati",2008,71,0.05618037,0.04439776,0.04887698
296,"Kiribati",2008,72,0.06158864,0.04926107,0.05391666
296,"Kiribati",2008,73,0.067539,0.05457667,0.05934012
296,"Kiribati",2008,74,0.07407538,0.06038936,0.06550493
296,"Kiribati",2008,75,0.0812459,0.0668041,0.07235742
296,"Kiribati",2008,76,0.08910448,0.07395399,0.07976067
296,"Kiribati",2008,77,0.09771432,0.08199695,0.08809869
296,"Kiribati",2008,78,0.10715016,0.09107399,0.09733288
296,"Kiribati",2008,79,0.11750481,0.10124846,0.10736741
296,"Kiribati",2008,80,0.12888383,0.1125215,0.11850948
296,"Kiribati",2008,81,0.14140525,0.1247817,0.13062137
296,"Kiribati",2008,82,0.15518104,0.13788697,0.14355321
296,"Kiribati",2008,83,0.17028857,0.15174213,0.15754758
296,"Kiribati",2008,84,0.18676906,0.16630743,0.17269949
296,"Kiribati",2008,85,0.20459042,0.18171073,0.18896149
296,"Kiribati",2008,86,0.22367855,0.19813822,0.20622897
296,"Kiribati",2008,87,0.24393077,0.21580206,0.22445156
296,"Kiribati",2008,88,0.26522923,0.23488074,0.24397196
296,"Kiribati",2008,89,0.28749447,0.25537452,0.26495119
296,"Kiribati",2008,90,0.3106553,0.27718841,0.28663488
296,"Kiribati",2008,91,0.3346776,0.30008162,0.30888801
296,"Kiribati",2008,92,0.35953171,0.32377684,0.33269796
296,"Kiribati",2008,93,0.3851817,0.34810412,0.35781048
296,"Kiribati",2008,94,0.41158348,0.37294752,0.38314329
296,"Kiribati",2008,95,0.43867089,0.39834357,0.40939837
296,"Kiribati",2008,96,0.46634964,0.42436003,0.43651862
296,"Kiribati",2008,97,0.49445641,0.4510063,0.46334343
296,"Kiribati",2008,98,0.52277595,0.47823655,0.48983588
296,"Kiribati",2008,99,0.55100673,0.50583216,0.5166357
296,"Kiribati",2008,100,0.60670286,0.56467536,0.57440346
296,"Kiribati",2009,0,0.05235793,0.04268305,0.04767046
296,"Kiribati",2009,1,0.00506496,0.00515843,0.00511032
296,"Kiribati",2009,2,0.00379032,0.00365642,0.00372529
296,"Kiribati",2009,3,0.00285533,0.00261623,0.00273915
296,"Kiribati",2009,4,0.00218134,0.00190918,0.00204891
296,"Kiribati",2009,5,0.00170389,0.00143687,0.00157377
296,"Kiribati",2009,6,0.00137307,0.00112813,0.00125382
296,"Kiribati",2009,7,0.00115055,0.00093271,0.00104462
296,"Kiribati",2009,8,0.00100709,0.00081479,0.00091342
296,"Kiribati",2009,9,0.00092356,0.00075256,0.00083983
296,"Kiribati",2009,10,0.00088719,0.0007316,0.00081061
296,"Kiribati",2009,11,0.00089132,0.00074403,0.00081856
296,"Kiribati",2009,12,0.00093248,0.00078507,0.00085942
296,"Kiribati",2009,13,0.00101015,0.00085191,0.00093143
296,"Kiribati",2009,14,0.00112362,0.00094175,0.00103298
296,"Kiribati",2009,15,0.00127143,0.00105063,0.00116126
296,"Kiribati",2009,16,0.00144814,0.00117257,0.00131045
296,"Kiribati",2009,17,0.00164334,0.00129901,0.00147136
296,"Kiribati",2009,18,0.00184346,0.00142198,0.00163312
296,"Kiribati",2009,19,0.00203105,0.00153368,0.00178219
296,"Kiribati",2009,20,0.00219127,0.00163123,0.00190957
296,"Kiribati",2009,21,0.00231167,0.00171444,0.00200993
296,"Kiribati",2009,22,0.00238792,0.00178582,0.00208244
296,"Kiribati",2009,23,0.00242186,0.00184919,0.00212986
296,"Kiribati",2009,24,0.00242387,0.00190776,0.00215978
296,"Kiribati",2009,25,0.00240793,0.00196459,0.00218054
296,"Kiribati",2009,26,0.00238935,0.0020218,0.00220014
296,"Kiribati",2009,27,0.00238234,0.00208125,0.00222681
296,"Kiribati",2009,28,0.00239465,0.00214437,0.00226489
296,"Kiribati",2009,29,0.00243132,0.00221243,0.00231752
296,"Kiribati",2009,30,0.00249182,0.00228635,0.00238439
296,"Kiribati",2009,31,0.00257365,0.00236691,0.00246488
296,"Kiribati",2009,32,0.00267387,0.00245475,0.00255827
296,"Kiribati",2009,33,0.00278938,0.00255044,0.0026626
296,"Kiribati",2009,34,0.00291935,0.00265457,0.00277813
296,"Kiribati",2009,35,0.0030642,0.00276773,0.00290543
296,"Kiribati",2009,36,0.00322603,0.00289063,0.00304595
296,"Kiribati",2009,37,0.00340803,0.00302417,0.00320179
296,"Kiribati",2009,38,0.0036134,0.0031697,0.00337513
296,"Kiribati",2009,39,0.00384551,0.00332899,0.00356913
296,"Kiribati",2009,40,0.0041074,0.00350442,0.00378655
296,"Kiribati",2009,41,0.00440196,0.00369887,0.00403084
296,"Kiribati",2009,42,0.00473199,0.00391543,0.00430397
296,"Kiribati",2009,43,0.00510018,0.00415744,0.00460726
296,"Kiribati",2009,44,0.00550917,0.00442804,0.00494409
296,"Kiribati",2009,45,0.00596143,0.00473035,0.00531622
296,"Kiribati",2009,46,0.0064596,0.00506703,0.00572697
296,"Kiribati",2009,47,0.00700642,0.00544038,0.00618059
296,"Kiribati",2009,48,0.0076056,0.0058518,0.00667512
296,"Kiribati",2009,49,0.00826191,0.00630175,0.00721455
296,"Kiribati",2009,50,0.00898165,0.00678972,0.00780325
296,"Kiribati",2009,51,0.00977279,0.00731423,0.00844534
296,"Kiribati",2009,52,0.01064376,0.00787568,0.00915032
296,"Kiribati",2009,53,0.01160339,0.00847674,0.00990799
296,"Kiribati",2009,54,0.01265963,0.00912543,0.01072914
296,"Kiribati",2009,55,0.01381918,0.00983593,0.01164103
296,"Kiribati",2009,56,0.015088,0.01062626,0.01265217
296,"Kiribati",2009,57,0.01647102,0.01151875,0.01376362
296,"Kiribati",2009,58,0.01797416,0.01253358,0.01499468
296,"Kiribati",2009,59,0.01960474,0.01368734,0.01638342
296,"Kiribati",2009,60,0.02137244,0.01499144,0.017934
296,"Kiribati",2009,61,0.0232901,0.01644954,0.01963009
296,"Kiribati",2009,62,0.02537355,0.01806657,0.02146548
296,"Kiribati",2009,63,0.02764231,0.01985048,0.02343733
296,"Kiribati",2009,64,0.03011996,0.02181955,0.02556835
296,"Kiribati",2009,65,0.03283496,0.02400827,0.02790846
296,"Kiribati",2009,66,0.03581975,0.0264607,0.03051877
296,"Kiribati",2009,67,0.03911077,0.02923202,0.03346843
296,"Kiribati",2009,68,0.04274654,0.03237411,0.03676458
296,"Kiribati",2009,69,0.04676598,0.03592584,0.0404082
296,"Kiribati",2009,70,0.05120856,0.03991252,0.044397
296,"Kiribati",2009,71,0.05611212,0.04433458,0.04878961
296,"Kiribati",2009,72,0.06151612,0.04919307,0.05378357
296,"Kiribati",2009,73,0.06746168,0.05450366,0.05928141
296,"Kiribati",2009,74,0.07399289,0.06031149,0.06522333
296,"Kiribati",2009,75,0.08115811,0.06672178,0.07201648
296,"Kiribati",2009,76,0.08901154,0.07386788,0.07956217
296,"Kiribati",2009,77,0.0976167,0.0819079,0.08778769
296,"Kiribati",2009,78,0.10704856,0.09098295,0.09711034
296,"Kiribati",2009,79,0.11740001,0.10115628,0.10738665
296,"Kiribati",2009,80,0.12877655,0.11242872,0.11851047
296,"Kiribati",2009,81,0.14129594,0.12468819,0.13068128
296,"Kiribati",2009,82,0.15506991,0.13779195,0.14371408
296,"Kiribati",2009,83,0.17017567,0.15164451,0.15752116
296,"Kiribati",2009,84,0.18665443,0.16620628,0.17234021
296,"Kiribati",2009,85,0.20447445,0.18160631,0.18853256
296,"Kiribati",2009,86,0.22356205,0.19803243,0.20598977
296,"Kiribati",2009,87,0.24381499,0.21569843,0.2244425
296,"Kiribati",2009,88,0.2651158,0.23478419,0.24392246
296,"Kiribati",2009,89,0.28738501,0.25528978,0.26469365
296,"Kiribati",2009,90,0.31055125,0.27711928,0.28685674
296,"Kiribati",2009,91,0.33458001,0.3000296,0.30954209
296,"Kiribati",2009,92,0.35944122,0.32374081,0.33258792
296,"Kiribati",2009,93,0.38509881,0.34808155,0.3570622
296,"Kiribati",2009,94,0.41150876,0.37293512,0.38274642
296,"Kiribati",2009,95,0.43860527,0.39833897,0.40864989
296,"Kiribati",2009,96,0.46629442,0.42436238,0.43550472
296,"Kiribati",2009,97,0.494413,0.45101615,0.46318823
296,"Kiribati",2009,98,0.52274558,0.4782557,0.49047404
296,"Kiribati",2009,99,0.55098985,0.5058626,0.5172065
296,"Kiribati",2009,100,0.60670843,0.56472981,0.57422822
296,"Kiribati",2010,0,0.05211675,0.04249133,0.04745357
296,"Kiribati",2010,1,0.00501379,0.0051135,0.00506217
296,"Kiribati",2010,2,0.00375607,0.00362665,0.00369322
296,"Kiribati",2010,3,0.00283244,0.00259634,0.00271774
296,"Kiribati",2010,4,0.00216587,0.00189559,0.00203462
296,"Kiribati",2010,5,0.00169312,0.0014272,0.00156396
296,"Kiribati",2010,6,0.0013652,0.00112086,0.00124649
296,"Kiribati",2010,7,0.00114438,0.00092684,0.00103878
296,"Kiribati",2010,8,0.00100186,0.00080971,0.00090862
296,"Kiribati",2010,9,0.00091878,0.00074785,0.00083561
296,"Kiribati",2010,10,0.00088255,0.00072698,0.00080639
296,"Kiribati",2010,11,0.00088661,0.00073929,0.00081405
296,"Kiribati",2010,12,0.00092756,0.00078008,0.00085458
296,"Kiribati",2010,13,0.00100493,0.00084657,0.00092624
296,"Kiribati",2010,14,0.00111805,0.00093599,0.00102717
296,"Kiribati",2010,15,0.00126546,0.00104442,0.00115487
296,"Kiribati",2010,16,0.00144173,0.00116589,0.00130361
296,"Kiribati",2010,17,0.00163644,0.00129186,0.00146381
296,"Kiribati",2010,18,0.00183598,0.00141437,0.00162491
296,"Kiribati",2010,19,0.00202289,0.00152563,0.00177415
296,"Kiribati",2010,20,0.00218237,0.00162275,0.00190161
296,"Kiribati",2010,21,0.00230206,0.00170558,0.00200105
296,"Kiribati",2010,22,0.00237772,0.00177662,0.00207286
296,"Kiribati",2010,23,0.00241125,0.00183973,0.00212014
296,"Kiribati",2010,24,0.00241304,0.00189807,0.00214942
296,"Kiribati",2010,25,0.00239701,0.00195471,0.00216978
296,"Kiribati",2010,26,0.00237839,0.00201174,0.00218962
296,"Kiribati",2010,27,0.00237129,0.00207099,0.00221606
296,"Kiribati",2010,28,0.00238343,0.00213388,0.002254
296,"Kiribati",2010,29,0.00241981,0.00220168,0.00230633
296,"Kiribati",2010,30,0.00247993,0.00227531,0.0023732
296,"Kiribati",2010,31,0.00256133,0.00235557,0.00245341
296,"Kiribati",2010,32,0.00266108,0.00244312,0.00254614
296,"Kiribati",2010,33,0.00277614,0.00253857,0.00265068
296,"Kiribati",2010,34,0.00290568,0.00264248,0.00276601
296,"Kiribati",2010,35,0.0030501,0.00275543,0.00289297
296,"Kiribati",2010,36,0.00321149,0.00287815,0.00303305
296,"Kiribati",2010,37,0.003393,0.00301149,0.0031883
296,"Kiribati",2010,38,0.00359781,0.0031568,0.0033609
296,"Kiribati",2010,39,0.0038293,0.00331587,0.00355324
296,"Kiribati",2010,40,0.00409051,0.00349106,0.00376894
296,"Kiribati",2010,41,0.0043844,0.00368532,0.00401117
296,"Kiribati",2010,42,0.0047138,0.00390173,0.00428338
296,"Kiribati",2010,43,0.00508145,0.00414365,0.00458787
296,"Kiribati",2010,44,0.00548998,0.0044142,0.00492563
296,"Kiribati",2010,45,0.00594185,0.00471644,0.00529971
296,"Kiribati",2010,46,0.00643963,0.00505298,0.00571126
296,"Kiribati",2010,47,0.00698596,0.00542601,0.00616342
296,"Kiribati",2010,48,0.00758452,0.00583691,0.00666074
296,"Kiribati",2010,49,0.00824002,0.00628612,0.0072005
296,"Kiribati",2010,50,0.00895881,0.00677317,0.00778745
296,"Kiribati",2010,51,0.00974893,0.00729669,0.00842541
296,"Kiribati",2010,52,0.0106189,0.00785719,0.00912007
296,"Kiribati",2010,53,0.01157766,0.00845741,0.00988548
296,"Kiribati",2010,54,0.01263317,0.0091054,0.01071093
296,"Kiribati",2010,55,0.01379209,0.00981523,0.01160929
296,"Kiribati",2010,56,0.01506025,0.01060481,0.01261266
296,"Kiribati",2010,57,0.01644243,0.0114963,0.01373
296,"Kiribati",2010,58,0.01794442,0.01250971,0.01496015
296,"Kiribati",2010,59,0.01957345,0.01366162,0.01632481
296,"Kiribati",2010,60,0.02133922,0.01496347,0.0178616
296,"Kiribati",2010,61,0.02325473,0.01641913,0.01956384
296,"Kiribati",2010,62,0.02533597,0.01803377,0.02140855
296,"Kiribati",2010,63,0.02760266,0.01981555,0.02340102
296,"Kiribati",2010,64,0.03007846,0.02178286,0.02554458
296,"Kiribati",2010,65,0.03279185,0.02397015,0.0278888
296,"Kiribati",2010,66,0.03577518,0.02642132,0.03050318
296,"Kiribati",2010,67,0.03906473,0.02919126,0.03342998
296,"Kiribati",2010,68,0.04269883,0.03233159,0.03672532
296,"Kiribati",2010,69,0.04671626,0.03588097,0.04039868
296,"Kiribati",2010,70,0.05115638,0.03986466,0.04445157
296,"Kiribati",2010,71,0.05605698,0.04428317,0.04886974
296,"Kiribati",2010,72,0.06145753,0.04913773,0.05370761
296,"Kiribati",2010,73,0.06739921,0.05444426,0.05915702
296,"Kiribati",2010,74,0.07392624,0.06024812,0.06517636
296,"Kiribati",2010,75,0.08108717,0.06665478,0.07173269
296,"Kiribati",2010,76,0.08893644,0.0737978,0.07921824
296,"Kiribati",2010,77,0.09753781,0.08183542,0.08759847
296,"Kiribati",2010,78,0.10696646,0.09090885,0.09680853
296,"Kiribati",2010,79,0.11731532,0.10108124,0.10717865
296,"Kiribati",2010,80,0.12868985,0.11235318,0.1185506
296,"Kiribati",2010,81,0.1412076,0.12461207,0.13070502
296,"Kiribati",2010,82,0.15498008,0.13771458,0.14380501
296,"Kiribati",2010,83,0.17008441,0.15156502,0.15772849
296,"Kiribati",2010,84,0.18656178,0.16612391,0.17234439
296,"Kiribati",2010,85,0.20438071,0.18152129,0.18815674
296,"Kiribati",2010,86,0.22346787,0.19794629,0.20554641
296,"Kiribati",2010,87,0.2437214,0.21561405,0.22421361
296,"Kiribati",2010,88,0.2650241,0.23470555,0.24394476
296,"Kiribati",2010,89,0.28729652,0.25522077,0.26467346
296,"Kiribati",2010,90,0.31046713,0.27706297,0.28662268
296,"Kiribati",2010,91,0.3345011,0.29998722,0.30979585
296,"Kiribati",2010,92,0.35936804,0.32371146,0.33327617
296,"Kiribati",2010,93,0.38503179,0.34806317,0.356971
296,"Kiribati",2010,94,0.41144834,0.37292502,0.38199939
296,"Kiribati",2010,95,0.4385522,0.39833523,0.40825781
296,"Kiribati",2010,96,0.46624977,0.4243643,0.4347536
296,"Kiribati",2010,97,0.49437789,0.45102417,0.46217179
296,"Kiribati",2010,98,0.52272102,0.4782713,0.49032861
296,"Kiribati",2010,99,0.5509762,0.50588739,0.51784818
296,"Kiribati",2010,100,0.60671293,0.56477417,0.57438939
296,"Kiribati",2011,0,0.0519672,0.0423657,0.0473156
296,"Kiribati",2011,1,0.0049822,0.00508416,0.00503169
296,"Kiribati",2011,2,0.00373491,0.0036072,0.00367285
296,"Kiribati",2011,3,0.00281829,0.00258334,0.00270413
296,"Kiribati",2011,4,0.00215629,0.0018867,0.00202542
296,"Kiribati",2011,5,0.00168646,0.00142088,0.00155785
296,"Kiribati",2011,6,0.00136032,0.0011161,0.00124222
296,"Kiribati",2011,7,0.00114055,0.000923,0.00103531
296,"Kiribati",2011,8,0.00099861,0.00080639,0.00090561
296,"Kiribati",2011,9,0.00091581,0.00074476,0.00083296
296,"Kiribati",2011,10,0.00087967,0.00072395,0.00080393
296,"Kiribati",2011,11,0.00088369,0.0007362,0.00081142
296,"Kiribati",2011,12,0.00092451,0.00077682,0.00085161
296,"Kiribati",2011,13,0.0010017,0.00084307,0.00092291
296,"Kiribati",2011,14,0.00111459,0.00093222,0.00102352
296,"Kiribati",2011,15,0.00126175,0.00104036,0.00115064
296,"Kiribati",2011,16,0.00143776,0.00116152,0.00129884
296,"Kiribati",2011,17,0.00163216,0.00128719,0.0014587
296,"Kiribati",2011,18,0.00183133,0.00140939,0.00161923
296,"Kiribati",2011,19,0.00201783,0.00152036,0.00176798
296,"Kiribati",2011,20,0.00217684,0.0016172,0.00189585
296,"Kiribati",2011,21,0.0022961,0.00169977,0.00199543
296,"Kiribati",2011,22,0.00237139,0.0017706,0.00206649
296,"Kiribati",2011,23,0.00240468,0.00183352,0.00211332
296,"Kiribati",2011,24,0.00240633,0.00189173,0.00214261
296,"Kiribati",2011,25,0.00239024,0.00194824,0.00216258
296,"Kiribati",2011,26,0.00237159,0.00200515,0.00218216
296,"Kiribati",2011,27,0.00236444,0.00206427,0.00220896
296,"Kiribati",2011,28,0.00237648,0.00212701,0.00224677
296,"Kiribati",2011,29,0.00241268,0.00219464,0.00229899
296,"Kiribati",2011,30,0.00247256,0.00226808,0.00236571
296,"Kiribati",2011,31,0.00255369,0.00234814,0.00244608
296,"Kiribati",2011,32,0.00265315,0.00243551,0.00253863
296,"Kiribati",2011,33,0.00276793,0.00253079,0.00264262
296,"Kiribati",2011,34,0.00289721,0.00263455,0.00275844
296,"Kiribati",2011,35,0.00304136,0.00274738,0.00288546
296,"Kiribati",2011,36,0.00320248,0.00286997,0.00302538
296,"Kiribati",2011,37,0.00338368,0.00300317,0.00318021
296,"Kiribati",2011,38,0.00358814,0.00314835,0.00335211
296,"Kiribati",2011,39,0.00381924,0.00330726,0.00354362
296,"Kiribati",2011,40,0.00408003,0.00348231,0.00375749
296,"Kiribati",2011,41,0.0043735,0.00367643,0.00399771
296,"Kiribati",2011,42,0.00470251,0.00389275,0.00426756
296,"Kiribati",2011,43,0.00506983,0.0041346,0.00457125
296,"Kiribati",2011,44,0.00547808,0.00440512,0.0049104
296,"Kiribati",2011,45,0.0059297,0.00470731,0.00528557
296,"Kiribati",2011,46,0.00642723,0.00504376,0.00569982
296,"Kiribati",2011,47,0.00697326,0.00541659,0.00615317
296,"Kiribati",2011,48,0.00757143,0.00582714,0.00664848
296,"Kiribati",2011,49,0.00822643,0.00627586,0.00719119
296,"Kiribati",2011,50,0.00894462,0.00676231,0.00777879
296,"Kiribati",2011,51,0.00973411,0.00728518,0.00841527
296,"Kiribati",2011,52,0.01060346,0.00784505,0.0091062
296,"Kiribati",2011,53,0.01156167,0.00844472,0.00985941
296,"Kiribati",2011,54,0.01261673,0.00909224,0.01069314
296,"Kiribati",2011,55,0.01377525,0.00980164,0.01159648
296,"Kiribati",2011,56,0.01504301,0.01059073,0.01258379
296,"Kiribati",2011,57,0.01642467,0.01148155,0.01369339
296,"Kiribati",2011,58,0.01792593,0.01249403,0.01493161
296,"Kiribati",2011,59,0.019554,0.01364472,0.01629717
296,"Kiribati",2011,60,0.02131857,0.0149451,0.01781053
296,"Kiribati",2011,61,0.02323274,0.01639917,0.01949589
296,"Kiribati",2011,62,0.02531261,0.01801223,0.02134553
296,"Kiribati",2011,63,0.027578,0.0197926,0.02334485
296,"Kiribati",2011,64,0.03005266,0.02175876,0.02550623
296,"Kiribati",2011,65,0.03276505,0.02394511,0.02785876
296,"Kiribati",2011,66,0.03574747,0.02639545,0.03047185
296,"Kiribati",2011,67,0.0390361,0.02916448,0.03340342
296,"Kiribati",2011,68,0.04266916,0.03230365,0.0366842
296,"Kiribati",2011,69,0.04668535,0.0358515,0.04036432
296,"Kiribati",2011,70,0.05112393,0.03983322,0.04443514
296,"Kiribati",2011,71,0.05602269,0.04424939,0.04890567
296,"Kiribati",2011,72,0.06142109,0.04910137,0.05377377
296,"Kiribati",2011,73,0.06736037,0.05440522,0.0590629
296,"Kiribati",2011,74,0.07388479,0.06020649,0.06502155
296,"Kiribati",2011,75,0.08104305,0.06661076,0.07166444
296,"Kiribati",2011,76,0.08888974,0.07375174,0.07892704
296,"Kiribati",2011,77,0.09748875,0.08178778,0.0872649
296,"Kiribati",2011,78,0.1069154,0.09086015,0.09660095
296,"Kiribati",2011,79,0.11726264,0.10103192,0.1068382
296,"Kiribati",2011,80,0.12863591,0.11230352,0.11837926
296,"Kiribati",2011,81,0.14115265,0.12456202,0.13085056
296,"Kiribati",2011,82,0.15492421,0.13766372,0.1439566
296,"Kiribati",2011,83,0.17002763,0.15151276,0.15792313
296,"Kiribati",2011,84,0.18650414,0.16606976,0.17262487
296,"Kiribati",2011,85,0.20432239,0.18146539,0.18805457
296,"Kiribati",2011,86,0.22340928,0.19788965,0.20499974
296,"Kiribati",2011,87,0.24366317,0.21555857,0.22377084
296,"Kiribati",2011,88,0.26496705,0.23465384,0.24374044
296,"Kiribati",2011,89,0.28724146,0.25517539,0.26473483
296,"Kiribati",2011,90,0.31041479,0.27702594,0.28663738
296,"Kiribati",2011,91,0.334452,0.29995935,0.30958952
296,"Kiribati",2011,92,0.35932251,0.32369216,0.33356114
296,"Kiribati",2011,93,0.38499008,0.34805108,0.35769307
296,"Kiribati",2011,94,0.41141074,0.37291837,0.38192351
296,"Kiribati",2011,95,0.43851917,0.39833276,0.40750843
296,"Kiribati",2011,96,0.46622197,0.42436556,0.43436526
296,"Kiribati",2011,97,0.49435604,0.45102945,0.46142094
296,"Kiribati",2011,98,0.52270574,0.47828156,0.48931721
296,"Kiribati",2011,99,0.5509677,0.5059037,0.51770944
296,"Kiribati",2011,100,0.60671574,0.56480335,0.57475317
296,"Kiribati",2012,0,0.05193584,0.04232128,0.04727853
296,"Kiribati",2012,1,0.00497559,0.0050738,0.00502329
296,"Kiribati",2012,2,0.00373048,0.00360033,0.0036671
296,"Kiribati",2012,3,0.00281533,0.00257875,0.00269986
296,"Kiribati",2012,4,0.00215429,0.00188356,0.00202202
296,"Kiribati",2012,5,0.00168506,0.00141864,0.00155487
296,"Kiribati",2012,6,0.0013593,0.00111442,0.00123981
296,"Kiribati",2012,7,0.00113975,0.00092165,0.00103347
296,"Kiribati",2012,8,0.00099793,0.00080521,0.00090402
296,"Kiribati",2012,9,0.00091519,0.00074367,0.00083163
296,"Kiribati",2012,10,0.00087907,0.00072288,0.00080295
296,"Kiribati",2012,11,0.00088307,0.0007351,0.00081071
296,"Kiribati",2012,12,0.00092387,0.00077566,0.00085092
296,"Kiribati",2012,13,0.00100102,0.00084184,0.00092212
296,"Kiribati",2012,14,0.00111386,0.00093089,0.00102265
296,"Kiribati",2012,15,0.00126098,0.00103892,0.00114974
296,"Kiribati",2012,16,0.00143693,0.00115998,0.00129754
296,"Kiribati",2012,17,0.00163127,0.00128553,0.00145693
296,"Kiribati",2012,18,0.00183036,0.00140763,0.00161727
296,"Kiribati",2012,19,0.00201676,0.00151849,0.00176569
296,"Kiribati",2012,20,0.00217569,0.00161524,0.00189347
296,"Kiribati",2012,21,0.00229485,0.00169772,0.00199403
296,"Kiribati",2012,22,0.00237006,0.00176847,0.00206534
296,"Kiribati",2012,23,0.0024033,0.00183133,0.00211128
296,"Kiribati",2012,24,0.00240492,0.00188948,0.00214024
296,"Kiribati",2012,25,0.00238882,0.00194595,0.00216033
296,"Kiribati",2012,26,0.00237017,0.00200282,0.00217985
296,"Kiribati",2012,27,0.002363,0.0020619,0.00220667
296,"Kiribati",2012,28,0.00237502,0.00212458,0.00224479
296,"Kiribati",2012,29,0.00241118,0.00219215,0.00229692
296,"Kiribati",2012,30,0.00247102,0.00226552,0.00236364
296,"Kiribati",2012,31,0.00255208,0.00234552,0.00244403
296,"Kiribati",2012,32,0.00265149,0.00243282,0.00253696
296,"Kiribati",2012,33,0.00276621,0.00252804,0.00264078
296,"Kiribati",2012,34,0.00289543,0.00263175,0.00275594
296,"Kiribati",2012,35,0.00303953,0.00274453,0.00288346
296,"Kiribati",2012,36,0.00320059,0.00286707,0.00302335
296,"Kiribati",2012,37,0.00338172,0.00300023,0.00317807
296,"Kiribati",2012,38,0.00358611,0.00314536,0.00335011
296,"Kiribati",2012,39,0.00381713,0.00330422,0.00354175
296,"Kiribati",2012,40,0.00407783,0.00347921,0.00375539
296,"Kiribati",2012,41,0.00437122,0.00367329,0.00399426
296,"Kiribati",2012,42,0.00470014,0.00388957,0.00426261
296,"Kiribati",2012,43,0.00506739,0.0041314,0.00456375
296,"Kiribati",2012,44,0.00547558,0.00440191,0.00490234
296,"Kiribati",2012,45,0.00592715,0.00470409,0.00527941
296,"Kiribati",2012,46,0.00642463,0.00504049,0.00569521
296,"Kiribati",2012,47,0.0069706,0.00541325,0.00615273
296,"Kiribati",2012,48,0.00756868,0.00582368,0.00665085
296,"Kiribati",2012,49,0.00822358,0.00627223,0.0071914
296,"Kiribati",2012,50,0.00894165,0.00675846,0.0077806
296,"Kiribati",2012,51,0.009731,0.00728111,0.0084179
296,"Kiribati",2012,52,0.01060022,0.00784075,0.00910907
296,"Kiribati",2012,53,0.01155832,0.00844023,0.00986143
296,"Kiribati",2012,54,0.01261328,0.00908759,0.01068503
296,"Kiribati",2012,55,0.01377172,0.00979683,0.01159909
296,"Kiribati",2012,56,0.01503939,0.01058575,0.01259217
296,"Kiribati",2012,57,0.01642094,0.01147633,0.01368381
296,"Kiribati",2012,58,0.01792205,0.01248849,0.01491302
296,"Kiribati",2012,59,0.01954991,0.01363874,0.01627817
296,"Kiribati",2012,60,0.02131423,0.01493859,0.01777315
296,"Kiribati",2012,61,0.02322813,0.0163921,0.01942438
296,"Kiribati",2012,62,0.02530771,0.01800461,0.02126792
296,"Kiribati",2012,63,0.02757283,0.01978448,0.02329321
296,"Kiribati",2012,64,0.03004724,0.02175023,0.02547797
296,"Kiribati",2012,65,0.03275942,0.02393625,0.02785317
296,"Kiribati",2012,66,0.03574165,0.0263863,0.0304628
296,"Kiribati",2012,67,0.03903008,0.029155,0.0333885
296,"Kiribati",2012,68,0.04266293,0.03229376,0.03667307
296,"Kiribati",2012,69,0.04667886,0.03584106,0.04033776
296,"Kiribati",2012,70,0.05111711,0.03982208,0.04443484
296,"Kiribati",2012,71,0.05601549,0.04423743,0.04891658
296,"Kiribati",2012,72,0.06141344,0.0490885,0.05382365
296,"Kiribati",2012,73,0.06735221,0.0543914,0.05917254
296,"Kiribati",2012,74,0.07387609,0.06019174,0.064984
296,"Kiribati",2012,75,0.08103379,0.06659517,0.07155308
296,"Kiribati",2012,76,0.08887993,0.07373543,0.07894756
296,"Kiribati",2012,77,0.09747845,0.08177091,0.08707069
296,"Kiribati",2012,78,0.10690467,0.0908429,0.09637513
296,"Kiribati",2012,79,0.11725157,0.10101445,0.10672287
296,"Kiribati",2012,80,0.12862459,0.11228593,0.11797909
296,"Kiribati",2012,81,0.14114111,0.1245443,0.1306204
296,"Kiribati",2012,82,0.15491247,0.13764571,0.14415265
296,"Kiribati",2012,83,0.17001571,0.15149425,0.15813605
296,"Kiribati",2012,84,0.18649203,0.16605058,0.17281696
296,"Kiribati",2012,85,0.20431014,0.18144559,0.18848021
296,"Kiribati",2012,86,0.22339697,0.19786959,0.20510251
296,"Kiribati",2012,87,0.24365094,0.21553891,0.22322035
296,"Kiribati",2012,88,0.26495506,0.23463553,0.24331208
296,"Kiribati",2012,89,0.28722989,0.25515932,0.26456238
296,"Kiribati",2012,90,0.31040379,0.27701283,0.28673748
296,"Kiribati",2012,91,0.33444169,0.29994947,0.3096367
296,"Kiribati",2012,92,0.35931294,0.32368532,0.33337834
296,"Kiribati",2012,93,0.38498132,0.3480468,0.35800494
296,"Kiribati",2012,94,0.41140284,0.37291602,0.38267737
296,"Kiribati",2012,95,0.43851223,0.39833189,0.40744303
296,"Kiribati",2012,96,0.46621614,0.42436601,0.4336116
296,"Kiribati",2012,97,0.49435145,0.45103132,0.4610347
296,"Kiribati",2012,98,0.52270253,0.47828519,0.4885692
296,"Kiribati",2012,99,0.55096591,0.50590948,0.51670784
296,"Kiribati",2012,100,0.60671633,0.56481369,0.57487615
296,"Kiribati",2013,0,0.05202841,0.04235396,0.04734263
296,"Kiribati",2013,1,0.00499512,0.00508142,0.00503703
296,"Kiribati",2013,2,0.00374357,0.00360538,0.00367624
296,"Kiribati",2013,3,0.00282408,0.00258213,0.00270573
296,"Kiribati",2013,4,0.00216021,0.00188587,0.00202553
296,"Kiribati",2013,5,0.00168918,0.00142029,0.00155687
296,"Kiribati",2013,6,0.00136232,0.00111566,0.00124081
296,"Kiribati",2013,7,0.00114211,0.00092265,0.00103415
296,"Kiribati",2013,8,0.00099994,0.00080607,0.00090473
296,"Kiribati",2013,9,0.00091702,0.00074447,0.00083232
296,"Kiribati",2013,10,0.00088085,0.00072367,0.00080375
296,"Kiribati",2013,11,0.00088488,0.00073591,0.00081185
296,"Kiribati",2013,12,0.00092576,0.00077651,0.0008524
296,"Kiribati",2013,13,0.00100302,0.00084274,0.00092376
296,"Kiribati",2013,14,0.001116,0.00093187,0.00102436
296,"Kiribati",2013,15,0.00126327,0.00103998,0.00115157
296,"Kiribati",2013,16,0.00143939,0.00116111,0.00129954
296,"Kiribati",2013,17,0.00163392,0.00128675,0.00145869
296,"Kiribati",2013,18,0.00183323,0.00140893,0.00161875
296,"Kiribati",2013,19,0.0020199,0.00151986,0.00176724
296,"Kiribati",2013,20,0.0021791,0.00161668,0.00189496
296,"Kiribati",2013,21,0.00229854,0.00169923,0.00199568
296,"Kiribati",2013,22,0.00237398,0.00177004,0.00206823
296,"Kiribati",2013,23,0.00240737,0.00183294,0.00211465
296,"Kiribati",2013,24,0.00240908,0.00189114,0.00214278
296,"Kiribati",2013,25,0.00239301,0.00194763,0.0021626
296,"Kiribati",2013,26,0.00237438,0.00200454,0.00218237
296,"Kiribati",2013,27,0.00236724,0.00206365,0.00220919
296,"Kiribati",2013,28,0.00237932,0.00212637,0.00224745
296,"Kiribati",2013,29,0.0024156,0.00219398,0.00229998
296,"Kiribati",2013,30,0.00247558,0.0022674,0.00236675
296,"Kiribati",2013,31,0.00255681,0.00234745,0.00244728
296,"Kiribati",2013,32,0.0026564,0.0024348,0.0025404
296,"Kiribati",2013,33,0.00277129,0.00253006,0.00264489
296,"Kiribati",2013,34,0.00290067,0.00263381,0.00275998
296,"Kiribati",2013,35,0.00304494,0.00274662,0.00288685
296,"Kiribati",2013,36,0.00320617,0.0028692,0.00302759
296,"Kiribati",2013,37,0.00338749,0.0030024,0.00318245
296,"Kiribati",2013,38,0.0035921,0.00314756,0.00335437
296,"Kiribati",2013,39,0.00382335,0.00330645,0.00354624
296,"Kiribati",2013,40,0.00408432,0.00348149,0.00376036
296,"Kiribati",2013,41,0.00437796,0.0036756,0.00399914
296,"Kiribati",2013,42,0.00470713,0.00389191,0.00426607
296,"Kiribati",2013,43,0.00507458,0.00413376,0.0045658
296,"Kiribati",2013,44,0.00548295,0.00440427,0.00490157
296,"Kiribati",2013,45,0.00593468,0.00470646,0.0052782
296,"Kiribati",2013,46,0.00643231,0.00504289,0.00569639
296,"Kiribati",2013,47,0.00697846,0.0054157,0.00615584
296,"Kiribati",2013,48,0.00757679,0.00582623,0.0066589
296,"Kiribati",2013,49,0.008232,0.0062749,0.00720333
296,"Kiribati",2013,50,0.00895043,0.00676129,0.00779064
296,"Kiribati",2013,51,0.00974018,0.0072841,0.00842923
296,"Kiribati",2013,52,0.01060979,0.00784391,0.00912242
296,"Kiribati",2013,53,0.01156822,0.00844353,0.00987623
296,"Kiribati",2013,54,0.01262346,0.00909101,0.01069925
296,"Kiribati",2013,55,0.01378215,0.00980037,0.01160363
296,"Kiribati",2013,56,0.01505007,0.01058942,0.01260991
296,"Kiribati",2013,57,0.01643195,0.01148017,0.01370886
296,"Kiribati",2013,58,0.0179335,0.01249257,0.01491423
296,"Kiribati",2013,59,0.01956196,0.01364315,0.01626729
296,"Kiribati",2013,60,0.02132703,0.01494338,0.01776598
296,"Kiribati",2013,61,0.02324175,0.0163973,0.01939959
296,"Kiribati",2013,62,0.02532218,0.01801022,0.02120352
296,"Kiribati",2013,63,0.0275881,0.01979046,0.02322339
296,"Kiribati",2013,64,0.03006322,0.02175651,0.02544279
296,"Kiribati",2013,65,0.03277603,0.02394277,0.02784401
296,"Kiribati",2013,66,0.03575881,0.02639304,0.03047723
296,"Kiribati",2013,67,0.03904782,0.02916198,0.03339894
296,"Kiribati",2013,68,0.04268131,0.03230103,0.03667692
296,"Kiribati",2013,69,0.04669801,0.03584874,0.04034557
296,"Kiribati",2013,70,0.05113722,0.03983027,0.04442954
296,"Kiribati",2013,71,0.05603673,0.04424624,0.04894315
296,"Kiribati",2013,72,0.06143602,0.04909797,0.05386649
296,"Kiribati",2013,73,0.06737628,0.05440157,0.05925963
296,"Kiribati",2013,74,0.07390177,0.06020259,0.06513779
296,"Kiribati",2013,75,0.08106112,0.06660664,0.07156156
296,"Kiribati",2013,76,0.08890887,0.07374743,0.07884013
296,"Kiribati",2013,77,0.09750885,0.08178333,0.08708783
296,"Kiribati",2013,78,0.10693631,0.09085559,0.09620435
296,"Kiribati",2013,79,0.11728422,0.10102731,0.10652131
296,"Kiribati",2013,80,0.128658,0.11229888,0.11789377
296,"Kiribati",2013,81,0.14117516,0.12455734,0.13017017
296,"Kiribati",2013,82,0.15494709,0.13765896,0.14387346
296,"Kiribati",2013,83,0.17005089,0.15150787,0.15839459
296,"Kiribati",2013,84,0.18652775,0.16606469,0.17310666
296,"Kiribati",2013,85,0.20434628,0.18146016,0.18874502
296,"Kiribati",2013,86,0.22343328,0.19788435,0.20561371
296,"Kiribati",2013,87,0.24368702,0.21555337,0.22337205
296,"Kiribati",2013,88,0.26499042,0.23464901,0.24276386
296,"Kiribati",2013,89,0.28726401,0.25517115,0.26415035
296,"Kiribati",2013,90,0.31043623,0.27702248,0.2865916
296,"Kiribati",2013,91,0.33447212,0.29995674,0.30976508
296,"Kiribati",2013,92,0.35934116,0.32369035,0.33344775
296,"Kiribati",2013,93,0.38500717,0.34804995,0.35783545
296,"Kiribati",2013,94,0.41142614,0.37291775,0.3830093
296,"Kiribati",2013,95,0.4385327,0.39833253,0.40822284
296,"Kiribati",2013,96,0.46623336,0.42436568,0.43355084
296,"Kiribati",2013,97,0.49436499,0.45102994,0.46027618
296,"Kiribati",2013,98,0.522712,0.47828252,0.48818256
296,"Kiribati",2013,99,0.55097118,0.50590523,0.5159638
296,"Kiribati",2013,100,0.60671459,0.56480608,0.57449158
296,"Kiribati",2014,0,0.05222877,0.04244667,0.04749057
296,"Kiribati",2014,1,0.00503752,0.00510306,0.00506935
296,"Kiribati",2014,2,0.00377196,0.00361973,0.00369777
296,"Kiribati",2014,3,0.00284306,0.00259172,0.00272005
296,"Kiribati",2014,4,0.00217305,0.00189243,0.00203501
296,"Kiribati",2014,5,0.00169812,0.00142495,0.00156307
296,"Kiribati",2014,6,0.00136886,0.00111917,0.00124501
296,"Kiribati",2014,7,0.00114724,0.00092548,0.00103711
296,"Kiribati",2014,8,0.00100429,0.00080853,0.00090722
296,"Kiribati",2014,9,0.000921,0.00074675,0.00083477
296,"Kiribati",2014,10,0.0008847,0.0007259,0.00080619
296,"Kiribati",2014,11,0.00088879,0.00073819,0.00081444
296,"Kiribati",2014,12,0.00092985,0.00077892,0.00085544
296,"Kiribati",2014,13,0.00100736,0.00084532,0.00092733
296,"Kiribati",2014,14,0.00112064,0.00093465,0.00102826
296,"Kiribati",2014,15,0.00126823,0.00104298,0.0011557
296,"Kiribati",2014,16,0.00144471,0.00116434,0.001304
296,"Kiribati",2014,17,0.00163965,0.0012902,0.00146354
296,"Kiribati",2014,18,0.00183945,0.0014126,0.00162348
296,"Kiribati",2014,19,0.00202668,0.00152375,0.00177186
296,"Kiribati",2014,20,0.0021865,0.00162078,0.0018999
296,"Kiribati",2014,21,0.00230652,0.00170351,0.00200079
296,"Kiribati",2014,22,0.00238246,0.00177448,0.00207372
296,"Kiribati",2014,23,0.00241618,0.00183752,0.0021215
296,"Kiribati",2014,24,0.00241807,0.00189582,0.00215012
296,"Kiribati",2014,25,0.00240208,0.00195241,0.00216919
296,"Kiribati",2014,26,0.00238348,0.0020094,0.00218875
296,"Kiribati",2014,27,0.00237642,0.0020686,0.00221585
296,"Kiribati",2014,28,0.00238864,0.00213144,0.00225421
296,"Kiribati",2014,29,0.00242516,0.00219918,0.00230694
296,"Kiribati",2014,30,0.00248545,0.00227274,0.00237423
296,"Kiribati",2014,31,0.00256705,0.00235293,0.00245499
296,"Kiribati",2014,32,0.00266702,0.00244042,0.00254838
296,"Kiribati",2014,33,0.00278229,0.0025358,0.0026532
296,"Kiribati",2014,34,0.00291203,0.00263966,0.00276916
296,"Kiribati",2014,35,0.00305665,0.00275257,0.00289608
296,"Kiribati",2014,36,0.00321824,0.00287524,0.00303617
296,"Kiribati",2014,37,0.00339998,0.00300853,0.00319214
296,"Kiribati",2014,38,0.00360505,0.0031538,0.00336437
296,"Kiribati",2014,39,0.00383683,0.00331281,0.00355626
296,"Kiribati",2014,40,0.00409836,0.00348795,0.0037708
296,"Kiribati",2014,41,0.00439256,0.00368216,0.00401028
296,"Kiribati",2014,42,0.00472225,0.00389854,0.0042772
296,"Kiribati",2014,43,0.00509015,0.00414043,0.00457534
296,"Kiribati",2014,44,0.0054989,0.00441097,0.00490955
296,"Kiribati",2014,45,0.00595095,0.0047132,0.00528303
296,"Kiribati",2014,46,0.00644891,0.0050497,0.00570092
296,"Kiribati",2014,47,0.00699547,0.00542266,0.00616332
296,"Kiribati",2014,48,0.00759432,0.00583344,0.00666881
296,"Kiribati",2014,49,0.00825019,0.00628247,0.00721913
296,"Kiribati",2014,50,0.00896943,0.00676931,0.00781122
296,"Kiribati",2014,51,0.00976002,0.0072926,0.00844815
296,"Kiribati",2014,52,0.01063046,0.00785287,0.00914319
296,"Kiribati",2014,53,0.01158962,0.0084529,0.00989953
296,"Kiribati",2014,54,0.01264547,0.00910072,0.01072428
296,"Kiribati",2014,55,0.01380468,0.00981041,0.01162802
296,"Kiribati",2014,56,0.01507315,0.01059981,0.01262345
296,"Kiribati",2014,57,0.01645572,0.01149106,0.01373777
296,"Kiribati",2014,58,0.01795825,0.01250414,0.01495181
296,"Kiribati",2014,59,0.019588,0.01365562,0.01627898
296,"Kiribati",2014,60,0.02135466,0.01495694,0.01776526
296,"Kiribati",2014,61,0.02327118,0.01641204,0.0194044
296,"Kiribati",2014,62,0.02535344,0.01802612,0.02119077
296,"Kiribati",2014,63,0.02762109,0.0198074,0.02316412
296,"Kiribati",2014,64,0.03009775,0.0217743,0.02537885
296,"Kiribati",2014,65,0.03281189,0.02396126,0.0278241
296,"Kiribati",2014,66,0.0357959,0.02641213,0.03048527
296,"Kiribati",2014,67,0.03908613,0.02918175,0.03343098
296,"Kiribati",2014,68,0.04272101,0.03232166,0.03670463
296,"Kiribati",2014,69,0.04673938,0.0358705,0.04036595
296,"Kiribati",2014,70,0.05118064,0.03985349,0.04445423
296,"Kiribati",2014,71,0.05608262,0.04427117,0.04895728
296,"Kiribati",2014,72,0.06148477,0.04912482,0.05391904
296,"Kiribati",2014,73,0.06742826,0.05443039,0.05933261
296,"Kiribati",2014,74,0.07395723,0.06023333,0.06526052
296,"Kiribati",2014,75,0.08112015,0.06663915,0.07175812
296,"Kiribati",2014,76,0.08897136,0.07378144,0.07887749
296,"Kiribati",2014,77,0.09757449,0.0818185,0.08699751
296,"Kiribati",2014,78,0.10700463,0.09089155,0.09624884
296,"Kiribati",2014,79,0.1173547,0.10106372,0.10636786
296,"Kiribati",2014,80,0.12873016,0.11233554,0.11770532
296,"Kiribati",2014,81,0.14124868,0.12459429,0.13010637
296,"Kiribati",2014,82,0.15502185,0.13769652,0.14341243
296,"Kiribati",2014,83,0.17012684,0.15154646,0.15811321
296,"Kiribati",2014,84,0.18660487,0.16610468,0.17343823
296,"Kiribati",2014,85,0.2044243,0.18150144,0.18910732
296,"Kiribati",2014,86,0.22351167,0.19792617,0.20593628
296,"Kiribati",2014,87,0.24376492,0.21559434,0.2239577
296,"Kiribati",2014,88,0.26506674,0.23468719,0.24295196
296,"Kiribati",2014,89,0.28733767,0.25520466,0.26360192
296,"Kiribati",2014,90,0.31050625,0.27704982,0.28618867
296,"Kiribati",2014,91,0.3345378,0.29997732,0.30963298
296,"Kiribati",2014,92,0.35940207,0.3237046,0.3335912
296,"Kiribati",2014,93,0.38506296,0.34805888,0.35791578
296,"Kiribati",2014,94,0.41147644,0.37292266,0.38284274
296,"Kiribati",2014,95,0.43857688,0.39833435,0.40856747
296,"Kiribati",2014,96,0.46627053,0.42436475,0.43434741
296,"Kiribati",2014,97,0.49439422,0.45102604,0.46021419
296,"Kiribati",2014,98,0.52273245,0.47827494,0.48742079
296,"Kiribati",2014,99,0.55098255,0.50589319,0.51557449
296,"Kiribati",2014,100,0.60671084,0.56478453,0.57395196
296,"Kiribati",2015,0,0.0524838,0.04255977,0.0476766
296,"Kiribati",2015,1,0.00509178,0.00512952,0.00511011
296,"Kiribati",2015,2,0.00380826,0.00363726,0.00372492
296,"Kiribati",2015,3,0.00286731,0.00260343,0.00273814
296,"Kiribati",2015,4,0.00218943,0.00190044,0.00204721
296,"Kiribati",2015,5,0.00170951,0.00143065,0.00157139
296,"Kiribati",2015,6,0.00137719,0.00112345,0.00125077
296,"Kiribati",2015,7,0.00115378,0.00092893,0.00104135
296,"Kiribati",2015,8,0.00100982,0.00081152,0.00091054
296,"Kiribati",2015,9,0.00092605,0.00074953,0.00083783
296,"Kiribati",2015,10,0.00088962,0.00072863,0.00080935
296,"Kiribati",2015,11,0.00089378,0.00074098,0.00081773
296,"Kiribati",2015,12,0.00093505,0.00078186,0.00085897
296,"Kiribati",2015,13,0.00101288,0.00084847,0.00093141
296,"Kiribati",2015,14,0.00112654,0.00093804,0.00103305
296,"Kiribati",2015,15,0.00127454,0.00104664,0.00116093
296,"Kiribati",2015,16,0.00145148,0.00116828,0.00130954
296,"Kiribati",2015,17,0.00164694,0.00129441,0.00146952
296,"Kiribati",2015,18,0.00184736,0.00141709,0.00162999
296,"Kiribati",2015,19,0.00203531,0.0015285,0.00177829
296,"Kiribati",2015,20,0.00219591,0.00162578,0.00190628
296,"Kiribati",2015,21,0.00231668,0.00170874,0.0020076
296,"Kiribati",2015,22,0.00239324,0.00177991,0.00208075
296,"Kiribati",2015,23,0.00242739,0.0018431,0.00212887
296,"Kiribati",2015,24,0.00242952,0.00190153,0.00215884
296,"Kiribati",2015,25,0.00241362,0.00195823,0.00217836
296,"Kiribati",2015,26,0.00239507,0.00201533,0.00219719
296,"Kiribati",2015,27,0.0023881,0.00207465,0.00222416
296,"Kiribati",2015,28,0.00240051,0.00213763,0.00226283
296,"Kiribati",2015,29,0.00243732,0.00220552,0.00231575
296,"Kiribati",2015,30,0.00249802,0.00227925,0.00238329
296,"Kiribati",2015,31,0.00258009,0.00235962,0.00246464
296,"Kiribati",2015,32,0.00268054,0.00244727,0.00255837
296,"Kiribati",2015,33,0.00279629,0.00254281,0.00266352
296,"Kiribati",2015,34,0.00292649,0.0026468,0.00277987
296,"Kiribati",2015,35,0.00307155,0.00275982,0.00290779
296,"Kiribati",2015,36,0.00323361,0.0028826,0.00304796
296,"Kiribati",2015,37,0.00341587,0.00301602,0.0032033
296,"Kiribati",2015,38,0.00362153,0.00316141,0.00337691
296,"Kiribati",2015,39,0.00385398,0.00332055,0.00356914
296,"Kiribati",2015,40,0.00411622,0.00349583,0.00378374
296,"Kiribati",2015,41,0.00441113,0.00369016,0.00402372
296,"Kiribati",2015,42,0.00474148,0.00390663,0.00429142
296,"Kiribati",2015,43,0.00510995,0.00414857,0.00458948
296,"Kiribati",2015,44,0.00551917,0.00441914,0.00492181
296,"Kiribati",2015,45,0.00597164,0.00472141,0.00529375
296,"Kiribati",2015,46,0.00647002,0.005058,0.00570819
296,"Kiribati",2015,47,0.00701708,0.00543114,0.00617018
296,"Kiribati",2015,48,0.00761659,0.00584223,0.0066792
296,"Kiribati",2015,49,0.00827331,0.0062917,0.00723245
296,"Kiribati",2015,50,0.00899356,0.00677908,0.00783185
296,"Kiribati",2015,51,0.00978523,0.00730296,0.00847497
296,"Kiribati",2015,52,0.01065671,0.00786379,0.00916781
296,"Kiribati",2015,53,0.01161679,0.00846431,0.00992561
296,"Kiribati",2015,54,0.01267341,0.00911256,0.01075208
296,"Kiribati",2015,55,0.0138333,0.00982263,0.01165738
296,"Kiribati",2015,56,0.01510245,0.01061247,0.01265339
296,"Kiribati",2015,57,0.0164859,0.01150432,0.01375349
296,"Kiribati",2015,58,0.01798965,0.01251824,0.01498493
296,"Kiribati",2015,59,0.01962104,0.01367081,0.01632455
296,"Kiribati",2015,60,0.02138974,0.01497346,0.01778511
296,"Kiribati",2015,61,0.02330852,0.01643,0.01941133
296,"Kiribati",2015,62,0.02539312,0.01804549,0.02120179
296,"Kiribati",2015,63,0.02766296,0.01982803,0.02315697
296,"Kiribati",2015,64,0.03014156,0.02179597,0.02532236
296,"Kiribati",2015,65,0.03285741,0.02398377,0.02776402
296,"Kiribati",2015,66,0.03584295,0.02643539,0.03047296
296,"Kiribati",2015,67,0.03913474,0.02920582,0.03344785
296,"Kiribati",2015,68,0.04277137,0.03234679,0.03674589
296,"Kiribati",2015,69,0.04679186,0.03589701,0.04040247
296,"Kiribati",2015,70,0.05123572,0.03988176,0.04448232
296,"Kiribati",2015,71,0.05614082,0.04430154,0.04898893
296,"Kiribati",2015,72,0.06154661,0.04915751,0.05394276
296,"Kiribati",2015,73,0.06749419,0.05446549,0.05940085
296,"Kiribati",2015,74,0.07402758,0.06027077,0.06535242
296,"Kiribati",2015,75,0.08119503,0.06667873,0.0719044
296,"Kiribati",2015,76,0.08905062,0.07382284,0.07910561
296,"Kiribati",2015,77,0.09765775,0.08186132,0.08704983
296,"Kiribati",2015,78,0.10709128,0.09093534,0.09611318
296,"Kiribati",2015,79,0.11744408,0.10110806,0.10637055
296,"Kiribati",2015,80,0.12882166,0.11238018,0.11754571
296,"Kiribati",2015,81,0.14134191,0.12463928,0.12990724
296,"Kiribati",2015,82,0.15511664,0.13774224,0.14335044
296,"Kiribati",2015,83,0.17022315,0.15159343,0.15760779
296,"Kiribati",2015,84,0.18670264,0.16615335,0.17313044
296,"Kiribati",2015,85,0.20452322,0.18155168,0.18949606
296,"Kiribati",2015,86,0.22361105,0.19797708,0.20634506
296,"Kiribati",2015,87,0.24386368,0.21564421,0.22431616
296,"Kiribati",2015,88,0.2651635,0.23473366,0.24358185
296,"Kiribati",2015,89,0.28743105,0.25524544,0.26380199
296,"Kiribati",2015,90,0.31059501,0.2770831,0.28562765
296,"Kiribati",2015,91,0.33462105,0.30000237,0.30922309
296,"Kiribati",2015,92,0.35947928,0.32372195,0.33345622
296,"Kiribati",2015,93,0.38513367,0.34806974,0.35806104
296,"Kiribati",2015,94,0.41154018,0.37292863,0.3829236
296,"Kiribati",2015,95,0.43863287,0.39833656,0.40839507
296,"Kiribati",2015,96,0.46631765,0.42436361,0.43469651
296,"Kiribati",2015,97,0.49443126,0.4510213,0.46101566
296,"Kiribati",2015,98,0.52275836,0.47826572,0.48735345
296,"Kiribati",2015,99,0.55099695,0.50587853,0.51481504
296,"Kiribati",2015,100,0.60670609,0.56475831,0.5734937
296,"Kiribati",2016,0,0.05271513,0.04263815,0.0478338
296,"Kiribati",2016,1,0.00514127,0.00514789,0.00514448
296,"Kiribati",2016,2,0.00384132,0.00364944,0.00374781
296,"Kiribati",2016,3,0.00288937,0.00261157,0.00275342
296,"Kiribati",2016,4,0.00220432,0.001906,0.00205756
296,"Kiribati",2016,5,0.00171986,0.0014346,0.00157863
296,"Kiribati",2016,6,0.00138475,0.00112642,0.00125592
296,"Kiribati",2016,7,0.00115971,0.00093133,0.00104512
296,"Kiribati",2016,8,0.00101485,0.0008136,0.00091352
296,"Kiribati",2016,9,0.00093065,0.00075146,0.00084033
296,"Kiribati",2016,10,0.00089407,0.00073052,0.0008118
296,"Kiribati",2016,11,0.0008983,0.00074292,0.00082036
296,"Kiribati",2016,12,0.00093978,0.0007839,0.00086178
296,"Kiribati",2016,13,0.00101789,0.00085066,0.00093444
296,"Kiribati",2016,14,0.00113189,0.0009404,0.00103662
296,"Kiribati",2016,15,0.00128027,0.00104918,0.00116528
296,"Kiribati",2016,16,0.00145762,0.00117101,0.00131433
296,"Kiribati",2016,17,0.00165356,0.00129733,0.00147455
296,"Kiribati",2016,18,0.00185453,0.0014202,0.0016354
296,"Kiribati",2016,19,0.00204314,0.0015318,0.00178422
296,"Kiribati",2016,20,0.00220444,0.00162925,0.00191198
296,"Kiribati",2016,21,0.00232589,0.00171237,0.00201319
296,"Kiribati",2016,22,0.00240302,0.00178367,0.00208673
296,"Kiribati",2016,23,0.00243756,0.00184698,0.00213495
296,"Kiribati",2016,24,0.0024399,0.00190549,0.00216518
296,"Kiribati",2016,25,0.00242409,0.00196227,0.00218585
296,"Kiribati",2016,26,0.00240559,0.00201944,0.002205
296,"Kiribati",2016,27,0.0023987,0.00207885,0.00223133
296,"Kiribati",2016,28,0.00241127,0.00214191,0.00226987
296,"Kiribati",2016,29,0.00244836,0.00220992,0.0023231
296,"Kiribati",2016,30,0.00250942,0.00228377,0.00239085
296,"Kiribati",2016,31,0.00259191,0.00236426,0.00247241
296,"Kiribati",2016,32,0.00269281,0.00245202,0.00256668
296,"Kiribati",2016,33,0.00280898,0.00254766,0.00267202
296,"Kiribati",2016,34,0.0029396,0.00265174,0.00278868
296,"Kiribati",2016,35,0.00308507,0.00276485,0.00291701
296,"Kiribati",2016,36,0.00324755,0.00288771,0.00305817
296,"Kiribati",2016,37,0.00343028,0.0030212,0.00321347
296,"Kiribati",2016,38,0.00363648,0.00316668,0.00338641
296,"Kiribati",2016,39,0.00386952,0.00332592,0.00358043
296,"Kiribati",2016,40,0.00413241,0.00350129,0.00379524
296,"Kiribati",2016,41,0.00442796,0.0036957,0.00403518
296,"Kiribati",2016,42,0.0047589,0.00391223,0.00430336
296,"Kiribati",2016,43,0.00512789,0.00415421,0.00460196
296,"Kiribati",2016,44,0.00553754,0.0044248,0.0049338
296,"Kiribati",2016,45,0.00599038,0.00472709,0.0053032
296,"Kiribati",2016,46,0.00648913,0.00506375,0.00571611
296,"Kiribati",2016,47,0.00703665,0.00543702,0.00617453
296,"Kiribati",2016,48,0.00763675,0.00584831,0.00668313
296,"Kiribati",2016,49,0.00829425,0.00629809,0.00724032
296,"Kiribati",2016,50,0.0090154,0.00678585,0.00784248
296,"Kiribati",2016,51,0.00980804,0.00731013,0.0084937
296,"Kiribati",2016,52,0.01068047,0.00787135,0.0091933
296,"Kiribati",2016,53,0.01164138,0.00847222,0.00994824
296,"Kiribati",2016,54,0.01269869,0.00912075,0.01077693
296,"Kiribati",2016,55,0.01385918,0.00983109,0.01168271
296,"Kiribati",2016,56,0.01512895,0.01062124,0.01267853
296,"Kiribati",2016,57,0.0165132,0.0115135,0.01378052
296,"Kiribati",2016,58,0.01801805,0.01252799,0.0150001
296,"Kiribati",2016,59,0.01965092,0.01368133,0.01635966
296,"Kiribati",2016,60,0.02142145,0.01498489,0.01782851
296,"Kiribati",2016,61,0.02334229,0.01644242,0.01942509
296,"Kiribati",2016,62,0.02542899,0.0180589,0.02120793
296,"Kiribati",2016,63,0.02770082,0.01984231,0.02317269
296,"Kiribati",2016,64,0.03018118,0.02181097,0.02531464
296,"Kiribati",2016,65,0.03289855,0.02399935,0.02769875
296,"Kiribati",2016,66,0.03588548,0.02645149,0.03040488
296,"Kiribati",2016,67,0.03917867,0.02922248,0.03343049
296,"Kiribati",2016,68,0.0428169,0.03236417,0.03675882
296,"Kiribati",2016,69,0.04683929,0.03591535,0.04043973
296,"Kiribati",2016,70,0.0512855,0.03990133,0.04451365
296,"Kiribati",2016,71,0.05619342,0.04432256,0.04900917
296,"Kiribati",2016,72,0.0616025,0.04918012,0.0539649
296,"Kiribati",2016,73,0.06755378,0.05448977,0.0594168
296,"Kiribati",2016,74,0.07409115,0.06029667,0.06541783
296,"Kiribati",2016,75,0.08126268,0.06670611,0.07198253
296,"Kiribati",2016,76,0.08912224,0.07385149,0.0792691
296,"Kiribati",2016,77,0.09773298,0.08189095,0.08731975
296,"Kiribati",2016,78,0.10716957,0.09096563,0.09620643
296,"Kiribati",2016,79,0.11752484,0.10113873,0.1062663
296,"Kiribati",2016,80,0.12890433,0.11241105,0.11752771
296,"Kiribati",2016,81,0.14142613,0.12467039,0.12979094
296,"Kiribati",2016,82,0.15520228,0.13777386,0.14319164
296,"Kiribati",2016,83,0.17031015,0.15162592,0.15751916
296,"Kiribati",2016,84,0.18679097,0.16618702,0.17253672
296,"Kiribati",2016,85,0.20461258,0.18158643,0.18913206
296,"Kiribati",2016,86,0.22370081,0.19801229,0.20675539
296,"Kiribati",2016,87,0.24395289,0.2156787,0.22474142
296,"Kiribati",2016,88,0.26525089,0.2347658,0.24394367
296,"Kiribati",2016,89,0.28751538,0.25527365,0.26444005
296,"Kiribati",2016,90,0.31067517,0.27710611,0.28581424
296,"Kiribati",2016,91,0.33469624,0.30001969,0.30863515
296,"Kiribati",2016,92,0.359549,0.32373395,0.33302438
296,"Kiribati",2016,93,0.38519753,0.34807725,0.35791094
296,"Kiribati",2016,94,0.41159775,0.37293276,0.38306246
296,"Kiribati",2016,95,0.43868343,0.3983381,0.4084699
296,"Kiribati",2016,96,0.46636019,0.42436283,0.43451394
296,"Kiribati",2016,97,0.4944647,0.45101802,0.46136319
296,"Kiribati",2016,98,0.52278175,0.47825934,0.48814955
296,"Kiribati",2016,99,0.55100996,0.50586839,0.51474481
296,"Kiribati",2016,100,0.6067018,0.56474018,0.57293216
296,"Kiribati",2017,0,0.05284032,0.04263445,0.04789646
296,"Kiribati",2017,1,0.00516816,0.00514702,0.00515788
296,"Kiribati",2017,2,0.00385928,0.00364886,0.00375664
296,"Kiribati",2017,3,0.00290134,0.00261118,0.00275943
296,"Kiribati",2017,4,0.0022124,0.00190573,0.0020618
296,"Kiribati",2017,5,0.00172547,0.00143441,0.00158173
296,"Kiribati",2017,6,0.00138885,0.00112628,0.00125825
296,"Kiribati",2017,7,0.00116292,0.00093122,0.00104674
296,"Kiribati",2017,8,0.00101757,0.0008135,0.00091462
296,"Kiribati",2017,9,0.00093313,0.00075136,0.00084116
296,"Kiribati",2017,10,0.00089649,0.00073043,0.00081244
296,"Kiribati",2017,11,0.00090075,0.00074283,0.00082108
296,"Kiribati",2017,12,0.00094234,0.00078381,0.00086269
296,"Kiribati",2017,13,0.0010206,0.00085055,0.00093549
296,"Kiribati",2017,14,0.00113479,0.00094029,0.00103782
296,"Kiribati",2017,15,0.00128337,0.00104906,0.001167
296,"Kiribati",2017,16,0.00146094,0.00117088,0.00131693
296,"Kiribati",2017,17,0.00165714,0.00129719,0.00147758
296,"Kiribati",2017,18,0.00185841,0.00142005,0.00163849
296,"Kiribati",2017,19,0.00204737,0.00153164,0.00178749
296,"Kiribati",2017,20,0.00220906,0.00162908,0.00191561
296,"Kiribati",2017,21,0.00233087,0.00171219,0.00201629
296,"Kiribati",2017,22,0.00240831,0.00178349,0.00208943
296,"Kiribati",2017,23,0.00244306,0.00184679,0.00213795
296,"Kiribati",2017,24,0.00244552,0.00190531,0.00216809
296,"Kiribati",2017,25,0.00242976,0.00196208,0.00218867
296,"Kiribati",2017,26,0.00241128,0.00201925,0.00220837
296,"Kiribati",2017,27,0.00240443,0.00207865,0.00223461
296,"Kiribati",2017,28,0.0024171,0.00214171,0.00227265
296,"Kiribati",2017,29,0.00245434,0.00220971,0.00232577
296,"Kiribati",2017,30,0.0025156,0.00228355,0.00239361
296,"Kiribati",2017,31,0.00259831,0.00236404,0.00247518
296,"Kiribati",2017,32,0.00269945,0.0024518,0.0025694
296,"Kiribati",2017,33,0.00281586,0.00254743,0.00267514
296,"Kiribati",2017,34,0.0029467,0.00265151,0.00279192
296,"Kiribati",2017,35,0.00309239,0.00276461,0.00292048
296,"Kiribati",2017,36,0.0032551,0.00288747,0.00306203
296,"Kiribati",2017,37,0.00343808,0.00302096,0.00321839
296,"Kiribati",2017,38,0.00364456,0.00316643,0.00339104
296,"Kiribati",2017,39,0.00387793,0.00332567,0.00358403
296,"Kiribati",2017,40,0.00414116,0.00350103,0.00380154
296,"Kiribati",2017,41,0.00443706,0.00369544,0.00404256
296,"Kiribati",2017,42,0.00476833,0.00391196,0.00431098
296,"Kiribati",2017,43,0.0051376,0.00415394,0.00460993
296,"Kiribati",2017,44,0.00554748,0.00442454,0.00494162
296,"Kiribati",2017,45,0.00600052,0.00472682,0.00530911
296,"Kiribati",2017,46,0.00649947,0.00506347,0.00571729
296,"Kiribati",2017,47,0.00704723,0.00543674,0.00617248
296,"Kiribati",2017,48,0.00764765,0.00584803,0.00667612
296,"Kiribati",2017,49,0.00830556,0.00629779,0.00723335
296,"Kiribati",2017,50,0.0090272,0.00678553,0.00784153
296,"Kiribati",2017,51,0.00982037,0.00730979,0.0084949
296,"Kiribati",2017,52,0.0106933,0.007871,0.00919866
296,"Kiribati",2017,53,0.01165467,0.00847184,0.00995484
296,"Kiribati",2017,54,0.01271235,0.00912036,0.01077601
296,"Kiribati",2017,55,0.01387316,0.00983069,0.01168524
296,"Kiribati",2017,56,0.01514326,0.01062083,0.01268342
296,"Kiribati",2017,57,0.01652794,0.01151307,0.01378474
296,"Kiribati",2017,58,0.01803338,0.01252753,0.01500509
296,"Kiribati",2017,59,0.01966705,0.01368083,0.01635523
296,"Kiribati",2017,60,0.02143858,0.01498435,0.01785872
296,"Kiribati",2017,61,0.02336052,0.01644184,0.01947405
296,"Kiribati",2017,62,0.02544836,0.01805827,0.02122266
296,"Kiribati",2017,63,0.02772126,0.01984163,0.02316874
296,"Kiribati",2017,64,0.03020256,0.02181026,0.02531778
296,"Kiribati",2017,65,0.03292077,0.02399862,0.02767802
296,"Kiribati",2017,66,0.03590845,0.02645073,0.03032588
296,"Kiribati",2017,67,0.03920239,0.0292217,0.03335316
296,"Kiribati",2017,68,0.04284147,0.03236335,0.03673602
296,"Kiribati",2017,69,0.0468649,0.03591448,0.04045149
296,"Kiribati",2017,70,0.05131237,0.0399004,0.04455244
296,"Kiribati",2017,71,0.05622181,0.04432156,0.04905243
296,"Kiribati",2017,72,0.06163267,0.04917906,0.05398723
296,"Kiribati",2017,73,0.06758594,0.05448862,0.0594298
296,"Kiribati",2017,74,0.07412546,0.06029545,0.06543439
296,"Kiribati",2017,75,0.0812992,0.06670482,0.07207031
296,"Kiribati",2017,76,0.08916089,0.07385014,0.07935353
296,"Kiribati",2017,77,0.09777358,0.08188955,0.08745647
296,"Kiribati",2017,78,0.10721183,0.0909642,0.09645563
296,"Kiribati",2017,79,0.11756842,0.10113729,0.10636799
296,"Kiribati",2017,80,0.12894895,0.1124096,0.1175071
296,"Kiribati",2017,81,0.14147158,0.12466893,0.12983769
296,"Kiribati",2017,82,0.15524849,0.13777237,0.14297841
296,"Kiribati",2017,83,0.17035709,0.15162439,0.15723719
296,"Kiribati",2017,84,0.18683862,0.16618543,0.17249044
296,"Kiribati",2017,85,0.20466079,0.18158479,0.18842944
296,"Kiribati",2017,86,0.22374924,0.19801063,0.20607875
296,"Kiribati",2017,87,0.24400101,0.21567708,0.22481987
296,"Kiribati",2017,88,0.26529804,0.23476429,0.24415935
296,"Kiribati",2017,89,0.28756088,0.25527232,0.26477953
296,"Kiribati",2017,90,0.31071842,0.27710503,0.28643521
296,"Kiribati",2017,91,0.3347368,0.30001887,0.30879575
296,"Kiribati",2017,92,0.35958661,0.32373338,0.33240288
296,"Kiribati",2017,93,0.38523198,0.3480769,0.35745108
296,"Kiribati",2017,94,0.4116288,0.37293256,0.38289325
296,"Kiribati",2017,95,0.4387107,0.39833802,0.40860014
296,"Kiribati",2017,96,0.46638314,0.42436287,0.43458145
296,"Kiribati",2017,97,0.49448274,0.45101818,0.46117274
296,"Kiribati",2017,98,0.52279437,0.47825964,0.48849466
296,"Kiribati",2017,99,0.55101697,0.50586887,0.51553199
296,"Kiribati",2017,100,0.60669948,0.56474103,0.572625
296,"Kiribati",2018,0,0.0527934,0.0425197,0.04781617
296,"Kiribati",2018,1,0.00515807,0.00512013,0.00513963
296,"Kiribati",2018,2,0.00385255,0.00363105,0.00374439
296,"Kiribati",2018,3,0.00289685,0.00259928,0.00275118
296,"Kiribati",2018,4,0.00220937,0.0018976,0.00205636
296,"Kiribati",2018,5,0.00172337,0.00142863,0.00157806
296,"Kiribati",2018,6,0.00138731,0.00112193,0.00125567
296,"Kiribati",2018,7,0.00116172,0.00092771,0.00104475
296,"Kiribati",2018,8,0.00101655,0.00081046,0.00091269
296,"Kiribati",2018,9,0.0009322,0.00074854,0.0008391
296,"Kiribati",2018,10,0.00089558,0.00072766,0.00081028
296,"Kiribati",2018,11,0.00089984,0.00073999,0.0008187
296,"Kiribati",2018,12,0.00094138,0.00078082,0.00086025
296,"Kiribati",2018,13,0.00101959,0.00084736,0.00093303
296,"Kiribati",2018,14,0.0011337,0.00093684,0.00103525
296,"Kiribati",2018,15,0.00128221,0.00104534,0.00116432
296,"Kiribati",2018,16,0.0014597,0.00116688,0.00131461
296,"Kiribati",2018,17,0.00165579,0.00129292,0.00147604
296,"Kiribati",2018,18,0.00185696,0.0014155,0.00163711
296,"Kiribati",2018,19,0.00204578,0.00152682,0.00178574
296,"Kiribati",2018,20,0.00220733,0.00162401,0.00191361
296,"Kiribati",2018,21,0.00232901,0.00170689,0.00201421
296,"Kiribati",2018,22,0.00240633,0.00177798,0.00208648
296,"Kiribati",2018,23,0.002441,0.00184113,0.00213431
296,"Kiribati",2018,24,0.00244341,0.00189951,0.00216447
296,"Kiribati",2018,25,0.00242764,0.00195617,0.00218484
296,"Kiribati",2018,26,0.00240914,0.00201323,0.00220434
296,"Kiribati",2018,27,0.00240228,0.00207251,0.00223099
296,"Kiribati",2018,28,0.00241492,0.00213543,0.00226889
296,"Kiribati",2018,29,0.0024521,0.00220327,0.00232143
296,"Kiribati",2018,30,0.00251328,0.00227694,0.00238899
296,"Kiribati",2018,31,0.00259591,0.00235725,0.00247042
296,"Kiribati",2018,32,0.00269696,0.00244484,0.00256439
296,"Kiribati",2018,33,0.00281328,0.00254033,0.00266984
296,"Kiribati",2018,34,0.00294404,0.00264427,0.00278682
296,"Kiribati",2018,35,0.00308965,0.00275725,0.00291529
296,"Kiribati",2018,36,0.00325227,0.00288,0.0030569
296,"Kiribati",2018,37,0.00343515,0.00301336,0.00321349
296,"Kiribati",2018,38,0.00364153,0.00315871,0.00338712
296,"Kiribati",2018,39,0.00387478,0.00331781,0.00357951
296,"Kiribati",2018,40,0.00413788,0.00349304,0.00379538
296,"Kiribati",2018,41,0.00443365,0.00368733,0.00403921
296,"Kiribati",2018,42,0.0047648,0.00390376,0.00430876
296,"Kiribati",2018,43,0.00513396,0.00414569,0.00460776
296,"Kiribati",2018,44,0.00554375,0.00441625,0.00493967
296,"Kiribati",2018,45,0.00599672,0.0047185,0.00530678
296,"Kiribati",2018,46,0.00649559,0.00505506,0.00571256
296,"Kiribati",2018,47,0.00704326,0.00542814,0.0061621
296,"Kiribati",2018,48,0.00764357,0.00583911,0.00666171
296,"Kiribati",2018,49,0.00830132,0.00628843,0.00721284
296,"Kiribati",2018,50,0.00902278,0.00677562,0.00782048
296,"Kiribati",2018,51,0.00981575,0.00729929,0.00847997
296,"Kiribati",2018,52,0.01068849,0.00785993,0.00918558
296,"Kiribati",2018,53,0.01164969,0.00846027,0.00994598
296,"Kiribati",2018,54,0.01270723,0.00910837,0.01076821
296,"Kiribati",2018,55,0.01386793,0.0098183,0.01166863
296,"Kiribati",2018,56,0.0151379,0.01060799,0.01267048
296,"Kiribati",2018,57,0.01652242,0.01149962,0.0137741
296,"Kiribati",2018,58,0.01802764,0.01251324,0.01499306
296,"Kiribati",2018,59,0.01966101,0.01366543,0.0163431
296,"Kiribati",2018,60,0.02143216,0.01496761,0.01783496
296,"Kiribati",2018,61,0.02335369,0.01642364,0.01948588
296,"Kiribati",2018,62,0.0254411,0.01803863,0.02125294
296,"Kiribati",2018,63,0.0277136,0.01982072,0.0231614
296,"Kiribati",2018,64,0.03019455,0.0217883,0.02528885
296,"Kiribati",2018,65,0.03291245,0.0239758,0.02765578
296,"Kiribati",2018,66,0.03589984,0.02642716,0.03027241
296,"Kiribati",2018,67,0.03919351,0.0291973,0.03323599
296,"Kiribati",2018,68,0.04283227,0.03233789,0.03662621
296,"Kiribati",2018,69,0.04685531,0.03588762,0.04039892
296,"Kiribati",2018,70,0.0513023,0.03987175,0.04453428
296,"Kiribati",2018,71,0.05621117,0.04429079,0.04905973
296,"Kiribati",2018,72,0.06162137,0.04914593,0.05399662
296,"Kiribati",2018,73,0.06757389,0.05445306,0.05941401
296,"Kiribati",2018,74,0.07411261,0.06025751,0.0654067
296,"Kiribati",2018,75,0.08128552,0.06666471,0.07204478
296,"Kiribati",2018,76,0.08914642,0.07380818,0.07940099
296,"Kiribati",2018,77,0.09775837,0.08184616,0.08749889
296,"Kiribati",2018,78,0.107196,0.09091983,0.09654961
296,"Kiribati",2018,79,0.1175521,0.10109236,0.10657213
296,"Kiribati",2018,80,0.12893224,0.11236437,0.11755976
296,"Kiribati",2018,81,0.14145456,0.12462335,0.12976719
296,"Kiribati",2018,82,0.15523118,0.13772605,0.14297708
296,"Kiribati",2018,83,0.17033951,0.1515768,0.15696405
296,"Kiribati",2018,84,0.18682077,0.16613612,0.17213338
296,"Kiribati",2018,85,0.20464273,0.18153389,0.18832852
296,"Kiribati",2018,86,0.2237311,0.19795906,0.20527085
296,"Kiribati",2018,87,0.24398299,0.21562656,0.22406452
296,"Kiribati",2018,88,0.26528039,0.23471721,0.24420438
296,"Kiribati",2018,89,0.28754384,0.255231,0.26495677
296,"Kiribati",2018,90,0.31070222,0.27707132,0.28674241
296,"Kiribati",2018,91,0.33472161,0.2999935,0.30939339
296,"Kiribati",2018,92,0.35957253,0.32371581,0.33253927
296,"Kiribati",2018,93,0.38521908,0.34806589,0.35679796
296,"Kiribati",2018,94,0.41161717,0.37292652,0.38240678
296,"Kiribati",2018,95,0.43870049,0.39833578,0.40841457
296,"Kiribati",2018,96,0.46637454,0.42436401,0.43470589
296,"Kiribati",2018,97,0.49447598,0.45102298,0.46123737
296,"Kiribati",2018,98,0.52278965,0.47826898,0.48830604
296,"Kiribati",2018,99,0.55101435,0.50588372,0.51588072
296,"Kiribati",2018,100,0.60670035,0.56476759,0.57283111
296,"Kiribati",2019,0,0.0525302,0.04226491,0.04755665
296,"Kiribati",2019,1,0.00510168,0.00506068,0.00508175
296,"Kiribati",2019,2,0.00381488,0.00359165,0.00370586
296,"Kiribati",2019,3,0.00287173,0.00257296,0.00272532
296,"Kiribati",2019,4,0.00219241,0.00187961,0.00203876
296,"Kiribati",2019,5,0.00171159,0.00141584,0.00156586
296,"Kiribati",2019,6,0.0013787,0.00111231,0.00124678
296,"Kiribati",2019,7,0.00115497,0.00091996,0.00103783
296,"Kiribati",2019,8,0.00101083,0.00080375,0.00090683
296,"Kiribati",2019,9,0.00092698,0.00074232,0.0008335
296,"Kiribati",2019,10,0.00089051,0.00072155,0.00080453
296,"Kiribati",2019,11,0.00089469,0.00073374,0.0008127
296,"Kiribati",2019,12,0.000936,0.00077422,0.00085376
296,"Kiribati",2019,13,0.00101388,0.00084028,0.00092611
296,"Kiribati",2019,14,0.00112761,0.0009292,0.00102795
296,"Kiribati",2019,15,0.00127569,0.00103709,0.00115657
296,"Kiribati",2019,16,0.00145271,0.001158,0.00130636
296,"Kiribati",2019,17,0.00164827,0.0012834,0.00146787
296,"Kiribati",2019,18,0.0018488,0.00140536,0.00162953
296,"Kiribati",2019,19,0.00203688,0.00151608,0.00177785
296,"Kiribati",2019,20,0.00219762,0.0016127,0.00190475
296,"Kiribati",2019,21,0.00231853,0.00169507,0.00200463
296,"Kiribati",2019,22,0.0023952,0.00176573,0.00207639
296,"Kiribati",2019,23,0.00242943,0.00182851,0.00212301
296,"Kiribati",2019,24,0.0024316,0.0018866,0.00215235
296,"Kiribati",2019,25,0.00241572,0.00194301,0.00217263
296,"Kiribati",2019,26,0.00239718,0.00199983,0.00219185
296,"Kiribati",2019,27,0.00239023,0.00205885,0.0022182
296,"Kiribati",2019,28,0.00240267,0.00212147,0.00225628
296,"Kiribati",2019,29,0.00243954,0.00218895,0.00230847
296,"Kiribati",2019,30,0.00250031,0.00226224,0.00237521
296,"Kiribati",2019,31,0.00258246,0.00234216,0.00245602
296,"Kiribati",2019,32,0.002683,0.00242938,0.00254959
296,"Kiribati",2019,33,0.00279883,0.00252453,0.00265457
296,"Kiribati",2019,34,0.00292912,0.00262818,0.00277094
296,"Kiribati",2019,35,0.00307427,0.00274091,0.00289932
296,"Kiribati",2019,36,0.00323641,0.00286341,0.00304058
296,"Kiribati",2019,37,0.00341876,0.00299652,0.00319701
296,"Kiribati",2019,38,0.00362453,0.00314158,0.00337061
296,"Kiribati",2019,39,0.00385709,0.00330037,0.0035638
296,"Kiribati",2019,40,0.00411946,0.0034753,0.00377859
296,"Kiribati",2019,41,0.0044145,0.00366933,0.00402017
296,"Kiribati",2019,42,0.00474497,0.00388556,0.0042927
296,"Kiribati",2019,43,0.00511355,0.00412736,0.00459262
296,"Kiribati",2019,44,0.00552286,0.00439784,0.00492441
296,"Kiribati",2019,45,0.0059754,0.00469999,0.00529182
296,"Kiribati",2019,46,0.00647385,0.00503635,0.00569692
296,"Kiribati",2019,47,0.00702101,0.00540902,0.00614337
296,"Kiribati",2019,48,0.00762064,0.0058193,0.00663604
296,"Kiribati",2019,49,0.00827752,0.00626764,0.00718194
296,"Kiribati",2019,50,0.00899794,0.00675361,0.00778191
296,"Kiribati",2019,51,0.00978981,0.00727598,0.00843988
296,"Kiribati",2019,52,0.01066148,0.00783535,0.00915169
296,"Kiribati",2019,53,0.01162173,0.00843459,0.0099138
296,"Kiribati",2019,54,0.01267849,0.00908173,0.01074044
296,"Kiribati",2019,55,0.01383849,0.00979077,0.01164169
296,"Kiribati",2019,56,0.01510777,0.01057945,0.0126332
296,"Kiribati",2019,57,0.01649138,0.01146972,0.01374037
296,"Kiribati",2019,58,0.01799535,0.01248146,0.01496099
296,"Kiribati",2019,59,0.01962704,0.01363118,0.01630815
296,"Kiribati",2019,60,0.0213961,0.01493039,0.01779807
296,"Kiribati",2019,61,0.0233153,0.01638319,0.01943475
296,"Kiribati",2019,62,0.02540032,0.01799502,0.02123787
296,"Kiribati",2019,63,0.02767056,0.01977427,0.02316497
296,"Kiribati",2019,64,0.03014952,0.0217395,0.02525115
296,"Kiribati",2019,65,0.03286567,0.02392508,0.02759332
296,"Kiribati",2019,66,0.03585149,0.02637472,0.03021634
296,"Kiribati",2019,67,0.03914356,0.02914299,0.03314549
296,"Kiribati",2019,68,0.04278052,0.03228118,0.03646723
296,"Kiribati",2019,69,0.04680139,0.03582777,0.04024706
296,"Kiribati",2019,70,0.05124571,0.03980789,0.04444062
296,"Kiribati",2019,71,0.05615138,0.04422219,0.04899928
296,"Kiribati",2019,72,0.06155784,0.04907211,0.05395869
296,"Kiribati",2019,73,0.06750616,0.05437384,0.05937485
296,"Kiribati",2019,74,0.07404035,0.06017306,0.06533772
296,"Kiribati",2019,75,0.08120861,0.06657544,0.07196088
296,"Kiribati",2019,76,0.089065,0.0737148,0.07931694
296,"Kiribati",2019,77,0.09767286,0.08174953,0.08748996
296,"Kiribati",2019,78,0.10710701,0.09082093,0.09653313
296,"Kiribati",2019,79,0.1174603,0.10099207,0.10660609
296,"Kiribati",2019,80,0.12883827,0.11226325,0.11769888
296,"Kiribati",2019,81,0.14135882,0.12452132,0.12975266
296,"Kiribati",2019,82,0.15513385,0.13762235,0.14284562
296,"Kiribati",2019,83,0.17024062,0.15147038,0.15690224
296,"Kiribati",2019,84,0.18672038,0.16602608,0.17177546
296,"Kiribati",2019,85,0.20454117,0.18142057,0.18787569
296,"Kiribati",2019,86,0.22362908,0.19784441,0.20510202
296,"Kiribati",2019,87,0.2438816,0.21551426,0.22315458
296,"Kiribati",2019,88,0.26518106,0.23461229,0.24336085
296,"Kiribati",2019,89,0.28744799,0.2551384,0.26494983
296,"Kiribati",2019,90,0.31061112,0.27699497,0.28687873
296,"Kiribati",2019,91,0.33463616,0.29993504,0.30966912
296,"Kiribati",2019,92,0.35949329,0.32367422,0.3331174
296,"Kiribati",2019,93,0.3851465,0.34803867,0.35691567
296,"Kiribati",2019,94,0.41155175,0.37291038,0.38172476
296,"Kiribati",2019,95,0.43864303,0.39832837,0.40790595
296,"Kiribati",2019,96,0.46632619,0.42436448,0.43451011
296,"Kiribati",2019,97,0.49443798,0.45103189,0.46136235
296,"Kiribati",2019,98,0.52276306,0.47828816,0.48837757
296,"Kiribati",2019,99,0.55099956,0.50591518,0.51571012
296,"Kiribati",2019,100,0.60670522,0.56482496,0.57312673
296,"Kiribati",2020,0,0.05202808,0.04174132,0.0470439
296,"Kiribati",2020,1,0.00499505,0.00493987,0.00496822
296,"Kiribati",2020,2,0.00374352,0.00351194,0.00363046
296,"Kiribati",2020,3,0.00282405,0.00251999,0.00267505
296,"Kiribati",2020,4,0.00216019,0.00184364,0.00200457
296,"Kiribati",2020,5,0.00168917,0.00139048,0.00154191
296,"Kiribati",2020,6,0.00136231,0.00109341,0.00122923
296,"Kiribati",2020,7,0.00114211,0.00090485,0.00102407
296,"Kiribati",2020,8,0.00099993,0.00079075,0.0008952
296,"Kiribati",2020,9,0.00091702,0.00073031,0.00082287
296,"Kiribati",2020,10,0.00088084,0.00070976,0.00079395
296,"Kiribati",2020,11,0.00088487,0.0007216,0.0008016
296,"Kiribati",2020,12,0.00092575,0.00076129,0.00084187
296,"Kiribati",2020,13,0.00100301,0.0008262,0.00091308
296,"Kiribati",2020,14,0.001116,0.0009137,0.00101376
296,"Kiribati",2020,15,0.00126326,0.00101999,0.00114124
296,"Kiribati",2020,16,0.00143938,0.00113921,0.00128981
296,"Kiribati",2020,17,0.00163391,0.00126294,0.00145009
296,"Kiribati",2020,18,0.00183322,0.00138332,0.00161119
296,"Kiribati",2020,19,0.00201989,0.00149265,0.00175952
296,"Kiribati",2020,20,0.00217909,0.00158808,0.00188531
296,"Kiribati",2020,21,0.00229852,0.00166948,0.00198354
296,"Kiribati",2020,22,0.00237397,0.00173936,0.00205417
296,"Kiribati",2020,23,0.00240736,0.00180152,0.00209999
296,"Kiribati",2020,24,0.00240906,0.00185908,0.002128
296,"Kiribati",2020,25,0.00239299,0.00191501,0.00214742
296,"Kiribati",2020,26,0.00237436,0.00197134,0.00216644
296,"Kiribati",2020,27,0.00236723,0.00202981,0.00219233
296,"Kiribati",2020,28,0.00237931,0.00209181,0.00222973
296,"Kiribati",2020,29,0.00241558,0.00215861,0.0022816
296,"Kiribati",2020,30,0.00247556,0.00223118,0.00234763
296,"Kiribati",2020,31,0.0025568,0.00231041,0.00242727
296,"Kiribati",2020,32,0.00265638,0.00239701,0.00251985
296,"Kiribati",2020,33,0.00277127,0.00249164,0.00262411
296,"Kiribati",2020,34,0.00290066,0.00259488,0.00273977
296,"Kiribati",2020,35,0.00304492,0.00270727,0.00286733
296,"Kiribati",2020,36,0.00320615,0.00282946,0.0030083
296,"Kiribati",2020,37,0.00338747,0.00296222,0.00316401
296,"Kiribati",2020,38,0.00359208,0.00310687,0.00333716
296,"Kiribati",2020,39,0.00382333,0.00326518,0.00353002
296,"Kiribati",2020,40,0.0040843,0.00343956,0.00374523
296,"Kiribati",2020,41,0.00437794,0.00363304,0.00398501
296,"Kiribati",2020,42,0.0047071,0.00384878,0.00425444
296,"Kiribati",2020,43,0.00509321,0.00410321,0.00457361
296,"Kiribati",2020,44,0.00555134,0.00440747,0.00494798
296,"Kiribati",2020,45,0.00607464,0.00475705,0.00537385
296,"Kiribati",2020,46,0.00665635,0.00514695,0.0058467
296,"Kiribati",2020,47,0.00728978,0.00557167,0.00635935
296,"Kiribati",2020,48,0.00798505,0.00603448,0.00692071
296,"Kiribati",2020,49,0.00875877,0.00654186,0.00754484
296,"Kiribati",2020,50,0.00961615,0.00709216,0.00823743
296,"Kiribati",2020,51,0.01056413,0.00768302,0.00899772
296,"Kiribati",2020,52,0.0116101,0.00831389,0.00982982
296,"Kiribati",2020,53,0.01277613,0.00898655,0.01073586
296,"Kiribati",2020,54,0.01408082,0.00971063,0.01172055
296,"Kiribati",2020,55,0.01552599,0.01050283,0.0128019
296,"Kiribati",2020,56,0.01711259,0.01138354,0.01398661
296,"Kiribati",2020,57,0.01884052,0.01237725,0.01528948
296,"Kiribati",2020,58,0.0207423,0.01351177,0.01676004
296,"Kiribati",2020,59,0.02283977,0.01480568,0.01839443
296,"Kiribati",2020,60,0.02511955,0.01626448,0.02018924
296,"Kiribati",2020,61,0.02757159,0.01788655,0.02215093
296,"Kiribati",2020,62,0.03018885,0.01967159,0.02426477
296,"Kiribati",2020,63,0.03299219,0.02164612,0.02656124
296,"Kiribati",2020,64,0.03602197,0.02383415,0.02899029
296,"Kiribati",2020,65,0.03930684,0.02624506,0.03160867
296,"Kiribati",2020,66,0.04287928,0.02889739,0.0345471
296,"Kiribati",2020,67,0.04677573,0.03182026,0.03780019
296,"Kiribati",2020,68,0.05115103,0.03508214,0.04141794
296,"Kiribati",2020,69,0.05604526,0.03874624,0.04552958
296,"Kiribati",2020,70,0.06132505,0.04282384,0.05014513
296,"Kiribati",2020,71,0.06685554,0.04730222,0.05506239
296,"Kiribati",2020,72,0.07250352,0.05216955,0.06011958
296,"Kiribati",2020,73,0.07842628,0.05712297,0.06527013
296,"Kiribati",2020,74,0.08490173,0.06210627,0.07063501
296,"Kiribati",2020,75,0.09198213,0.06753734,0.0765263
296,"Kiribati",2020,76,0.09972565,0.07386206,0.08327272
296,"Kiribati",2020,77,0.10819979,0.08155077,0.09113417
296,"Kiribati",2020,78,0.11719094,0.09061465,0.10004446
296,"Kiribati",2020,79,0.12669427,0.10077879,0.10971038
296,"Kiribati",2020,80,0.13710547,0.11204372,0.12036569
296,"Kiribati",2020,81,0.14883223,0.12429663,0.13216073
296,"Kiribati",2020,82,0.16227621,0.13739385,0.14492431
296,"Kiribati",2020,83,0.18120236,0.15345937,0.16142911
296,"Kiribati",2020,84,0.20705709,0.17348743,0.182857
296,"Kiribati",2020,85,0.23667512,0.19582973,0.20669401
296,"Kiribati",2020,86,0.26684941,0.21889754,0.23162935
296,"Kiribati",2020,87,0.29434439,0.24112837,0.25523744
296,"Kiribati",2020,88,0.31985767,0.26261139,0.27729431
296,"Kiribati",2020,89,0.34598995,0.28480554,0.30178974
296,"Kiribati",2020,90,0.37233398,0.30816227,0.32699013
296,"Kiribati",2020,91,0.39851913,0.33298336,0.35156631
296,"Kiribati",2020,92,0.4241792,0.35953288,0.37699395
296,"Kiribati",2020,93,0.44310204,0.39185514,0.40487403
296,"Kiribati",2020,94,0.45344117,0.43070422,0.43597084
296,"Kiribati",2020,95,0.46135565,0.47164844,0.46934596
296,"Kiribati",2020,96,0.47297646,0.51028899,0.50149571
296,"Kiribati",2020,97,0.49436494,0.54216856,0.53063102
296,"Kiribati",2020,98,0.52271197,0.56522759,0.5551118
296,"Kiribati",2020,99,0.55097116,0.58078724,0.57404505
296,"Kiribati",2020,100,0.60671459,0.6168261,0.61480789
296,"Kiribati",2021,0,0.05130443,0.04146178,0.04653575
296,"Kiribati",2021,1,0.00484353,0.00487594,0.00485925
296,"Kiribati",2021,2,0.00364184,0.00346971,0.00355816
296,"Kiribati",2021,3,0.00275594,0.00249189,0.00262702
296,"Kiribati",2021,4,0.00211405,0.00182455,0.00197216
296,"Kiribati",2021,5,0.001657,0.001377,0.00151933
296,"Kiribati",2021,6,0.00133874,0.00108336,0.00121282
296,"Kiribati",2021,7,0.0011236,0.00089681,0.00101135
296,"Kiribati",2021,8,0.00098425,0.00078384,0.00088453
296,"Kiribati",2021,9,0.00090269,0.00072392,0.00081317
296,"Kiribati",2021,10,0.00086693,0.00070349,0.0007845
296,"Kiribati",2021,11,0.00087076,0.00071514,0.00079171
296,"Kiribati",2021,12,0.00091101,0.0007544,0.00083113
296,"Kiribati",2021,13,0.00098737,0.00081871,0.00090134
296,"Kiribati",2021,14,0.00109927,0.00090545,0.00100068
296,"Kiribati",2021,15,0.00124535,0.00101089,0.00112685
296,"Kiribati",2021,16,0.00142016,0.00112921,0.0012742
296,"Kiribati",2021,17,0.00161318,0.00125204,0.0014332
296,"Kiribati",2021,18,0.00181075,0.00137159,0.0015931
296,"Kiribati",2021,19,0.00199536,0.00148017,0.00174105
296,"Kiribati",2021,20,0.00215235,0.00157497,0.00186715
296,"Kiribati",2021,21,0.00226966,0.00165585,0.00196445
296,"Kiribati",2021,22,0.00234333,0.00172532,0.00203377
296,"Kiribati",2021,23,0.00237856,0.00178733,0.00208053
296,"Kiribati",2021,24,0.00238782,0.00184518,0.00211244
296,"Kiribati",2021,25,0.00238351,0.00190179,0.00213727
296,"Kiribati",2021,26,0.00237921,0.00195915,0.00216335
296,"Kiribati",2021,27,0.00238735,0.00201896,0.00219727
296,"Kiribati",2021,28,0.00241785,0.00209218,0.00224902
296,"Kiribati",2021,29,0.00247825,0.00218596,0.00232616
296,"Kiribati",2021,30,0.0025672,0.0022958,0.00242568
296,"Kiribati",2021,31,0.00268145,0.00241708,0.00254303
296,"Kiribati",2021,32,0.00281728,0.00254504,0.00267414
296,"Kiribati",2021,33,0.00297272,0.00268165,0.00281949
296,"Kiribati",2021,34,0.00314956,0.00283204,0.00298244
296,"Kiribati",2021,35,0.00334967,0.00299609,0.00316361
296,"Kiribati",2021,36,0.00357657,0.00317381,0.0033647
296,"Kiribati",2021,37,0.00383481,0.0033653,0.00358815
296,"Kiribati",2021,38,0.00414286,0.00356897,0.00384121
296,"Kiribati",2021,39,0.00451133,0.00378777,0.00413109
296,"Kiribati",2021,40,0.00493272,0.00402968,0.00445801
296,"Kiribati",2021,41,0.00539951,0.00430323,0.00482275
296,"Kiribati",2021,42,0.00590404,0.00461712,0.00522486
296,"Kiribati",2021,43,0.00645679,0.00500794,0.00569227
296,"Kiribati",2021,44,0.00706914,0.00548893,0.00623927
296,"Kiribati",2021,45,0.00773446,0.00603392,0.00683686
296,"Kiribati",2021,46,0.00844617,0.00661621,0.00747214
296,"Kiribati",2021,47,0.00919765,0.00720864,0.00812985
296,"Kiribati",2021,48,0.00998742,0.00781436,0.00880955
296,"Kiribati",2021,49,0.01082617,0.00845354,0.00953025
296,"Kiribati",2021,50,0.01172784,0.00912353,0.01030022
296,"Kiribati",2021,51,0.01270829,0.00982102,0.01112919
296,"Kiribati",2021,52,0.01378388,0.01054454,0.01202025
296,"Kiribati",2021,53,0.01497232,0.01128835,0.01297942
296,"Kiribati",2021,54,0.01627821,0.01206311,0.01400465
296,"Kiribati",2021,55,0.01769762,0.01289738,0.0150996
296,"Kiribati",2021,56,0.01922559,0.01382336,0.01628891
296,"Kiribati",2021,57,0.02085593,0.0148773,0.01758503
296,"Kiribati",2021,58,0.0225818,0.01609688,0.01900838
296,"Kiribati",2021,59,0.0244173,0.01749625,0.02059327
296,"Kiribati",2021,60,0.02639066,0.01907132,0.02232677
296,"Kiribati",2021,61,0.02853384,0.02081103,0.02421803
296,"Kiribati",2021,62,0.03088185,0.02270566,0.02628758
296,"Kiribati",2021,63,0.03346254,0.0247723,0.028547
296,"Kiribati",2021,64,0.03629869,0.02704074,0.03102782
296,"Kiribati",2021,65,0.03942399,0.02953362,0.03369112
296,"Kiribati",2021,66,0.04287579,0.03228267,0.03660226
296,"Kiribati",2021,67,0.04669502,0.03533004,0.03988766
296,"Kiribati",2021,68,0.05106572,0.03871422,0.04361254
296,"Kiribati",2021,69,0.05605268,0.04248188,0.04778486
296,"Kiribati",2021,70,0.06152039,0.04667762,0.05244128
296,"Kiribati",2021,71,0.0673321,0.05132228,0.0575921
296,"Kiribati",2021,72,0.07335282,0.05643764,0.06307747
296,"Kiribati",2021,73,0.07965991,0.06202428,0.0688397
296,"Kiribati",2021,74,0.0864721,0.06812234,0.07505348
296,"Kiribati",2021,75,0.09387139,0.07487265,0.08188707
296,"Kiribati",2021,76,0.1019458,0.08244397,0.08951507
296,"Kiribati",2021,77,0.11079268,0.09102945,0.09811572
296,"Kiribati",2021,78,0.1204461,0.1008803,0.10781247
296,"Kiribati",2021,79,0.13097737,0.11217669,0.11875025
296,"Kiribati",2021,80,0.14255461,0.12496452,0.13094022
296,"Kiribati",2021,81,0.15535746,0.13917645,0.14447509
296,"Kiribati",2021,82,0.16955945,0.15471422,0.15940757
296,"Kiribati",2021,83,0.18923676,0.17423046,0.1787069
296,"Kiribati",2021,84,0.21589644,0.19879653,0.20362821
296,"Kiribati",2021,85,0.24577033,0.22613218,0.23150467
296,"Kiribati",2021,86,0.27504873,0.25401682,0.25947758
296,"Kiribati",2021,87,0.29989342,0.28025613,0.28533407
296,"Kiribati",2021,88,0.32169471,0.30476753,0.30913126
296,"Kiribati",2021,89,0.34436841,0.32948399,0.33319446
296,"Kiribati",2021,90,0.36783814,0.35519381,0.35860591
296,"Kiribati",2021,91,0.39206361,0.38253547,0.38525549
296,"Kiribati",2021,92,0.41700892,0.41210962,0.413462
296,"Kiribati",2021,93,0.43667304,0.44724599,0.44445329
296,"Kiribati",2021,94,0.44875538,0.48790569,0.47803443
296,"Kiribati",2021,95,0.45874887,0.52987602,0.51312993
296,"Kiribati",2021,96,0.47211839,0.56897715,0.54642622
296,"Kiribati",2021,97,0.49425846,0.60097087,0.57437054
296,"Kiribati",2021,98,0.52263747,0.62084841,0.59571868
296,"Kiribati",2021,99,0.55092974,0.62767823,0.6084618
296,"Kiribati",2021,100,0.60672826,0.64835575,0.63918203
296,"Kiribati",2022,0,0.05057057,0.04064526,0.0457612
296,"Kiribati",2022,1,0.00469247,0.00469153,0.00469201
296,"Kiribati",2022,2,0.00354014,0.00334766,0.00344658
296,"Kiribati",2022,3,0.00268759,0.00241054,0.0025527
296,"Kiribati",2022,4,0.00206761,0.00176917,0.00192167
296,"Kiribati",2022,5,0.00162455,0.00133785,0.00148377
296,"Kiribati",2022,6,0.00131493,0.00105413,0.00118641
296,"Kiribati",2022,7,0.00110489,0.00087343,0.00099049
296,"Kiribati",2022,8,0.00096837,0.00076372,0.00086684
296,"Kiribati",2022,9,0.00088818,0.00070533,0.00079701
296,"Kiribati",2022,10,0.00085285,0.00068525,0.00076879
296,"Kiribati",2022,11,0.00085647,0.00069636,0.00077562
296,"Kiribati",2022,12,0.00089609,0.00073439,0.00081388
296,"Kiribati",2022,13,0.00097154,0.00079692,0.00088244
296,"Kiribati",2022,14,0.00108233,0.00088147,0.0009799
296,"Kiribati",2022,15,0.00122719,0.00098442,0.00110377
296,"Kiribati",2022,16,0.00140065,0.00110011,0.00124886
296,"Kiribati",2022,17,0.00159214,0.00122034,0.00140576
296,"Kiribati",2022,18,0.00178791,0.00133743,0.00156357
296,"Kiribati",2022,19,0.00197044,0.00144384,0.00170963
296,"Kiribati",2022,20,0.00212519,0.00153679,0.00183486
296,"Kiribati",2022,21,0.00224035,0.00161615,0.00193199
296,"Kiribati",2022,22,0.00231224,0.00168439,0.00199981
296,"Kiribati",2022,23,0.00234321,0.00174523,0.00204341
296,"Kiribati",2022,24,0.0023436,0.00180167,0.00207017
296,"Kiribati",2022,25,0.002327,0.00185658,0.00208796
296,"Kiribati",2022,26,0.00230812,0.00191186,0.00210521
296,"Kiribati",2022,27,0.00230048,0.00196918,0.00212993
296,"Kiribati",2022,28,0.00231152,0.00202988,0.00216603
296,"Kiribati",2022,29,0.00234608,0.00209524,0.00221598
296,"Kiribati",2022,30,0.00240378,0.00216631,0.00228019
296,"Kiribati",2022,31,0.00248237,0.00224407,0.00235808
296,"Kiribati",2022,32,0.00257916,0.00232934,0.00244833
296,"Kiribati",2022,33,0.00269132,0.00242287,0.00255013
296,"Kiribati",2022,34,0.00281807,0.0025252,0.00266384
296,"Kiribati",2022,35,0.00295974,0.00263684,0.00278975
296,"Kiribati",2022,36,0.00311827,0.00275833,0.00292876
296,"Kiribati",2022,37,0.00329658,0.00289033,0.00308275
296,"Kiribati",2022,38,0.00349776,0.00303407,0.00325409
296,"Kiribati",2022,39,0.00372517,0.00319129,0.00344454
296,"Kiribati",2022,40,0.00398201,0.00336448,0.00365764
296,"Kiribati",2022,41,0.00427154,0.00355678,0.0038962
296,"Kiribati",2022,42,0.00459684,0.00377144,0.00416318
296,"Kiribati",2022,43,0.00496093,0.00401192,0.00446061
296,"Kiribati",2022,44,0.00536647,0.00428125,0.00479401
296,"Kiribati",2022,45,0.0058157,0.00458216,0.0051676
296,"Kiribati",2022,46,0.00631085,0.00491679,0.00557402
296,"Kiribati",2022,47,0.00685399,0.00528675,0.00601851
296,"Kiribati",2022,48,0.00744843,0.00569304,0.00650487
296,"Kiribati",2022,49,0.00809868,0.006136,0.00703344
296,"Kiribati",2022,50,0.00881123,0.0066154,0.00760976
296,"Kiribati",2022,51,0.00959471,0.00713058,0.00824018
296,"Kiribati",2022,52,0.0104582,0.00768265,0.0089336
296,"Kiribati",2022,53,0.01141122,0.00827492,0.00969515
296,"Kiribati",2022,54,0.01246193,0.00891545,0.01053428
296,"Kiribati",2022,55,0.01361664,0.00961773,0.01144998
296,"Kiribati",2022,56,0.01488051,0.01039876,0.0124455
296,"Kiribati",2022,57,0.0162572,0.01127946,0.01354128
296,"Kiribati",2022,58,0.01775163,0.01227899,0.01474561
296,"Kiribati",2022,59,0.01937054,0.01341363,0.01607617
296,"Kiribati",2022,60,0.02112379,0.01469527,0.01755924
296,"Kiribati",2022,61,0.02302532,0.01612927,0.01918103
296,"Kiribati",2022,62,0.02509223,0.01772236,0.02095601
296,"Kiribati",2022,63,0.02734537,0.01948425,0.02290299
296,"Kiribati",2022,64,0.02980916,0.02143409,0.02504008
296,"Kiribati",2022,65,0.03251202,0.02360574,0.0274071
296,"Kiribati",2022,66,0.03548581,0.02604177,0.02997763
296,"Kiribati",2022,67,0.03876571,0.02879481,0.03282967
296,"Kiribati",2022,68,0.04238892,0.03191445,0.03607687
296,"Kiribati",2022,69,0.04639326,0.03543818,0.03973431
296,"Kiribati",2022,70,0.05081731,0.03939094,0.04380196
296,"Kiribati",2022,71,0.05569864,0.04377466,0.04834438
296,"Kiribati",2022,72,0.06107673,0.04859242,0.05340582
296,"Kiribati",2022,73,0.06699317,0.05386221,0.05893197
296,"Kiribati",2022,74,0.07349297,0.05963113,0.0649028
296,"Kiribati",2022,75,0.08062597,0.06600521,0.07144385
296,"Kiribati",2022,76,0.08844815,0.07311823,0.07869784
296,"Kiribati",2022,77,0.09702483,0.08112811,0.08680419
296,"Kiribati",2022,78,0.10643248,0.09017589,0.09592558
296,"Kiribati",2022,79,0.11676438,0.10032504,0.10608282
296,"Kiribati",2022,80,0.12812573,0.11157655,0.1172765
296,"Kiribati",2022,81,0.14063273,0.12381835,0.12942069
296,"Kiribati",2022,82,0.15439545,0.13690736,0.14251325
296,"Kiribati",2022,83,0.16949033,0.150748,0.15653212
296,"Kiribati",2022,84,0.18595853,0.16530116,0.17128945
296,"Kiribati",2022,85,0.20377029,0.18069812,0.18699048
296,"Kiribati",2022,86,0.22285454,0.19712995,0.20397034
296,"Kiribati",2022,87,0.24311178,0.21481431,0.2220379
296,"Kiribati",2022,88,0.26442674,0.23393477,0.24167076
296,"Kiribati",2022,89,0.28671995,0.25449249,0.2626596
296,"Kiribati",2022,90,0.30991897,0.27639081,0.28459876
296,"Kiribati",2022,91,0.33398687,0.29938275,0.30853847
296,"Kiribati",2022,92,0.3588911,0.32318309,0.33321765
296,"Kiribati",2022,93,0.38459489,0.34761644,0.35769159
296,"Kiribati",2022,94,0.41105445,0.37256276,0.38267459
296,"Kiribati",2022,95,0.43820619,0.39805915,0.4082367
296,"Kiribati",2022,96,0.46595859,0.42417563,0.43418154
296,"Kiribati",2022,97,0.49414895,0.45092417,0.46125338
296,"Kiribati",2022,98,0.52256085,0.47826144,0.48959337
296,"Kiribati",2022,99,0.55088714,0.50596886,0.51772127
296,"Kiribati",2022,100,0.60674231,0.56502716,0.57489661
296,"Kiribati",2023,0,0.04988479,0.03954007,0.04487151
296,"Kiribati",2023,1,0.00455365,0.00444741,0.00450211
296,"Kiribati",2023,2,0.00344638,0.00318556,0.00331971
296,"Kiribati",2023,3,0.00262438,0.00230216,0.00246775
296,"Kiribati",2023,4,0.00202455,0.00169518,0.00186416
296,"Kiribati",2023,5,0.00159439,0.00128543,0.00144328
296,"Kiribati",2023,6,0.00129276,0.00101492,0.00115631
296,"Kiribati",2023,7,0.00108744,0.00084202,0.00096649
296,"Kiribati",2023,8,0.00095356,0.00073668,0.00084636
296,"Kiribati",2023,9,0.00087465,0.00068036,0.00077825
296,"Kiribati",2023,10,0.00083972,0.00066074,0.00075047
296,"Kiribati",2023,11,0.00084315,0.00067114,0.00075687
296,"Kiribati",2023,12,0.00088217,0.00070753,0.00079398
296,"Kiribati",2023,13,0.00095676,0.00076769,0.00086063
296,"Kiribati",2023,14,0.00106652,0.00084928,0.00095566
296,"Kiribati",2023,15,0.00121022,0.00094888,0.00107695
296,"Kiribati",2023,16,0.00138242,0.00106102,0.00121906
296,"Kiribati",2023,17,0.00157246,0.00117772,0.00137313
296,"Kiribati",2023,18,0.00176654,0.00129149,0.00152845
296,"Kiribati",2023,19,0.00194711,0.00139495,0.0016722
296,"Kiribati",2023,20,0.00209976,0.00148539,0.00179549
296,"Kiribati",2023,21,0.00221292,0.0015627,0.00189208
296,"Kiribati",2023,22,0.00228315,0.00162928,0.00196012
296,"Kiribati",2023,23,0.002313,0.00168876,0.00200228
296,"Kiribati",2023,24,0.00231278,0.00174407,0.00202756
296,"Kiribati",2023,25,0.00229594,0.00179792,0.00204459
296,"Kiribati",2023,26,0.00227694,0.00185214,0.00206101
296,"Kiribati",2023,27,0.00226907,0.00190828,0.0020843
296,"Kiribati",2023,28,0.00227964,0.00196766,0.00211901
296,"Kiribati",2023,29,0.0023134,0.00203155,0.00216775
296,"Kiribati",2023,30,0.00237003,0.00210108,0.00223049
296,"Kiribati",2023,31,0.00244738,0.00217735,0.00230679
296,"Kiribati",2023,32,0.00254285,0.00226125,0.00239593
296,"Kiribati",2023,33,0.00265372,0.00235361,0.0024965
296,"Kiribati",2023,34,0.00277922,0.00245498,0.00260863
296,"Kiribati",2023,35,0.00291967,0.00256581,0.00273325
296,"Kiribati",2023,36,0.0030769,0.00268653,0.00287131
296,"Kiribati",2023,37,0.00325378,0.00281768,0.00302408
296,"Kiribati",2023,38,0.00345333,0.00296044,0.00319379
296,"Kiribati",2023,39,0.0036789,0.0031165,0.00338324
296,"Kiribati",2023,40,0.00393378,0.00328843,0.0035944
296,"Kiribati",2023,41,0.00422133,0.00347946,0.00383145
296,"Kiribati",2023,42,0.00454477,0.00369295,0.00409707
296,"Kiribati",2023,43,0.00490724,0.00393243,0.00439461
296,"Kiribati",2023,44,0.00531139,0.00420086,0.00472553
296,"Kiribati",2023,45,0.0057594,0.0045008,0.005095
296,"Kiribati",2023,46,0.00625331,0.00483414,0.00550709
296,"Kiribati",2023,47,0.00679499,0.00520215,0.005952
296,"Kiribati",2023,48,0.00738754,0.00560562,0.00643587
296,"Kiribati",2023,49,0.00803539,0.00604479,0.00696382
296,"Kiribati",2023,50,0.00874513,0.0065196,0.00753589
296,"Kiribati",2023,51,0.0095256,0.00702975,0.00815828
296,"Kiribati",2023,52,0.01038614,0.0075767,0.00883969
296,"Kiribati",2023,53,0.01133655,0.00816409,0.0095913
296,"Kiribati",2023,54,0.01238506,0.00879996,0.01042012
296,"Kiribati",2023,55,0.01353784,0.00949749,0.01133762
296,"Kiribati",2023,56,0.01479973,0.01027314,0.01234202
296,"Kiribati",2023,57,0.01617392,0.01114712,0.01343643
296,"Kiribati",2023,58,0.0176649,0.01213812,0.01464171
296,"Kiribati",2023,59,0.01927925,0.01326224,0.01596359
296,"Kiribati",2023,60,0.02102684,0.01453162,0.01742077
296,"Kiribati",2023,61,0.02292206,0.01595249,0.01904134
296,"Kiribati",2023,62,0.02498249,0.01753249,0.02081354
296,"Kiribati",2023,63,0.02722952,0.01928219,0.02275425
296,"Kiribati",2023,64,0.02968786,0.02122121,0.02488633
296,"Kiribati",2023,65,0.03238594,0.02338301,0.02724018
296,"Kiribati",2023,66,0.03535539,0.02580941,0.02986229
296,"Kiribati",2023,67,0.0386309,0.02855167,0.03272838
296,"Kiribati",2023,68,0.04224916,0.03165823,0.03591782
296,"Kiribati",2023,69,0.04624755,0.03516588,0.03954106
296,"Kiribati",2023,70,0.05066433,0.03909941,0.04360373
296,"Kiribati",2023,71,0.05553694,0.04346164,0.04808963
296,"Kiribati",2023,72,0.06090486,0.04825682,0.0530674
296,"Kiribati",2023,73,0.06680989,0.05350415,0.05859372
296,"Kiribati",2023,74,0.07329738,0.05925174,0.06462955
296,"Kiribati",2023,75,0.08041775,0.06560585,0.07118894
296,"Kiribati",2023,76,0.08822767,0.07270026,0.07842165
296,"Kiribati",2023,77,0.09679315,0.08069254,0.08649429
296,"Kiribati",2023,78,0.10619127,0.08972357,0.09554254
296,"Kiribati",2023,79,0.11651546,0.09985711,0.1056864
296,"Kiribati",2023,80,0.12787079,0.11109461,0.11690712
296,"Kiribati",2023,81,0.14037287,0.1233248,0.12913206
296,"Kiribati",2023,82,0.15413113,0.13640516,0.14224341
296,"Kiribati",2023,83,0.16922168,0.15024043,0.15624985
296,"Kiribati",2023,84,0.18568568,0.16479162,0.17115185
296,"Kiribati",2023,85,0.20349414,0.18019015,0.1868408
296,"Kiribati",2023,86,0.22257703,0.19662744,0.20357905
296,"Kiribati",2023,87,0.24283591,0.21432187,0.22175367
296,"Kiribati",2023,88,0.26415636,0.23345795,0.24112272
296,"Kiribati",2023,89,0.28645894,0.25403777,0.26207003
296,"Kiribati",2023,90,0.30967077,0.27596535,0.28429611
296,"Kiribati",2023,91,0.33375399,0.29899372,0.30728248
296,"Kiribati",2023,92,0.35867508,0.32283705,0.33207101
296,"Kiribati",2023,93,0.38439698,0.34731886,0.35746193
296,"Kiribati",2023,94,0.410876,0.37231771,0.38252959
296,"Kiribati",2023,95,0.43804941,0.39786932,0.40811205
296,"Kiribati",2023,96,0.46582664,0.42404244,0.43430265
296,"Kiribati",2023,97,0.49404519,0.4508482,0.46084788
296,"Kiribati",2023,98,0.52248825,0.47824258,0.48845005
296,"Kiribati",2023,99,0.55084677,0.50600673,0.51707809
296,"Kiribati",2023,100,0.60675563,0.56516983,0.5751351
296,"Kiribati",2024,0,0.04925471,0.03871671,0.04414681
296,"Kiribati",2024,1,0.00449488,0.00435277,0.00442593
296,"Kiribati",2024,2,0.0034018,0.00311762,0.00326394
296,"Kiribati",2024,3,0.00259036,0.00225296,0.00242648
296,"Kiribati",2024,4,0.00199825,0.00165887,0.00183325
296,"Kiribati",2024,5,0.00157363,0.00125784,0.00141983
296,"Kiribati",2024,6,0.00127594,0.00099315,0.00113762
296,"Kiribati",2024,7,0.0010733,0.00082398,0.00095085
296,"Kiribati",2024,8,0.00094118,0.00072091,0.00083261
296,"Kiribati",2024,9,0.0008633,0.0006658,0.00076567
296,"Kiribati",2024,10,0.00082883,0.00064662,0.00073842
296,"Kiribati",2024,11,0.00083226,0.00065684,0.00074478
296,"Kiribati",2024,12,0.00087081,0.0006925,0.00078136
296,"Kiribati",2024,13,0.00094448,0.00075143,0.00084699
296,"Kiribati",2024,14,0.00105287,0.00083135,0.00094025
296,"Kiribati",2024,15,0.00119478,0.00092892,0.00105909
296,"Kiribati",2024,16,0.00136489,0.00103884,0.00119859
296,"Kiribati",2024,17,0.00155265,0.00115326,0.00134964
296,"Kiribati",2024,18,0.00174443,0.00126484,0.00150229
296,"Kiribati",2024,19,0.0019229,0.00136635,0.00164401
296,"Kiribati",2024,20,0.00207382,0.00145514,0.00176585
296,"Kiribati",2024,21,0.00218589,0.00153124,0.00186175
296,"Kiribati",2024,22,0.00225559,0.00159685,0.00193063
296,"Kiribati",2024,23,0.00228541,0.00165555,0.00197425
296,"Kiribati",2024,24,0.00228551,0.00171017,0.00199906
296,"Kiribati",2024,25,0.0022692,0.0017634,0.00201545
296,"Kiribati",2024,26,0.00225089,0.00181721,0.00203199
296,"Kiribati",2024,27,0.00224358,0.00187294,0.00205516
296,"Kiribati",2024,28,0.0022545,0.0019319,0.00208923
296,"Kiribati",2024,29,0.00228837,0.00199533,0.00213744
296,"Kiribati",2024,30,0.00234487,0.00206434,0.00219985
296,"Kiribati",2024,31,0.00242205,0.00214023,0.00227578
296,"Kiribati",2024,32,0.00251721,0.00222369,0.00236433
296,"Kiribati",2024,33,0.00262766,0.00231555,0.00246475
296,"Kiribati",2024,34,0.00275267,0.00241635,0.0025764
296,"Kiribati",2024,35,0.00289254,0.00252656,0.0026999
296,"Kiribati",2024,36,0.00304924,0.00264677,0.00283712
296,"Kiribati",2024,37,0.00322549,0.00277738,0.00298932
296,"Kiribati",2024,38,0.00342434,0.00291956,0.00315827
296,"Kiribati",2024,39,0.00364912,0.00307501,0.00334668
296,"Kiribati",2024,40,0.00390312,0.00324628,0.00355753
296,"Kiribati",2024,41,0.0041897,0.0034366,0.00379334
296,"Kiribati",2024,42,0.00451209,0.00364931,0.00405841
296,"Kiribati",2024,43,0.00487343,0.00388793,0.00435515
296,"Kiribati",2024,44,0.0052764,0.00415543,0.0046863
296,"Kiribati",2024,45,0.0057232,0.00445438,0.0050531
296,"Kiribati",2024,46,0.00621574,0.00478651,0.00546065
296,"Kiribati",2024,47,0.00675604,0.00515328,0.00591254
296,"Kiribati",2024,48,0.00734725,0.00555555,0.00639806
296,"Kiribati",2024,49,0.0079938,0.00599357,0.00692434
296,"Kiribati",2024,50,0.00870228,0.00646737,0.00749718
296,"Kiribati",2024,51,0.00948114,0.00697615,0.0081177
296,"Kiribati",2024,52,0.0103401,0.00752187,0.00879404
296,"Kiribati",2024,53,0.01128894,0.00810817,0.0095354
296,"Kiribati",2024,54,0.01233593,0.0087431,0.01035606
296,"Kiribati",2024,55,0.01348729,0.0094398,0.01126472
296,"Kiribati",2024,56,0.01474714,0.01021382,0.01227327
296,"Kiribati",2024,57,0.01611935,0.01108609,0.01338015
296,"Kiribati",2024,58,0.01760849,0.01207529,0.01458749
296,"Kiribati",2024,59,0.01922115,0.01319757,0.015917
296,"Kiribati",2024,60,0.02096726,0.01446512,0.01737349
296,"Kiribati",2024,61,0.02286009,0.01588293,0.01897396
296,"Kiribati",2024,62,0.02491819,0.01745981,0.02074895
296,"Kiribati",2024,63,0.02716297,0.01920643,0.02268952
296,"Kiribati",2024,64,0.02961915,0.02114241,0.02482157
296,"Kiribati",2024,65,0.03231519,0.02330124,0.02717981
296,"Kiribati",2024,66,0.03528141,0.02572311,0.02979654
296,"Kiribati",2024,67,0.03855364,0.0284606,0.03272157
296,"Kiribati",2024,68,0.04216856,0.03156211,0.03593073
296,"Kiribati",2024,69,0.04616359,0.03506451,0.03949959
296,"Kiribati",2024,70,0.05057703,0.03899272,0.04353505
296,"Kiribati",2024,71,0.05544508,0.04334805,0.04802568
296,"Kiribati",2024,72,0.06080834,0.04813625,0.052956
296,"Kiribati",2024,73,0.06670862,0.05337662,0.05840664
296,"Kiribati",2024,74,0.07319134,0.05911734,0.06445541
296,"Kiribati",2024,75,0.08030697,0.06546459,0.07109695
296,"Kiribati",2024,76,0.08811107,0.07255049,0.07836046
296,"Kiribati",2024,77,0.09667065,0.08053383,0.08642051
296,"Kiribati",2024,78,0.10606282,0.08955546,0.09544192
296,"Kiribati",2024,79,0.11638103,0.09967931,0.10551785
296,"Kiribati",2024,80,0.12773042,0.11090716,0.11673024
296,"Kiribati",2024,81,0.1402254,0.12312641,0.12898533
296,"Kiribati",2024,82,0.15397648,0.13619645,0.1421837
296,"Kiribati",2024,83,0.16905988,0.15002237,0.15621558
296,"Kiribati",2024,84,0.1855169,0.16456541,0.17110851
296,"Kiribati",2024,85,0.20331879,0.17995698,0.18695951
296,"Kiribati",2024,86,0.22239423,0.19638623,0.20367847
296,"Kiribati",2024,87,0.24264627,0.21407337,0.22157563
296,"Kiribati",2024,88,0.26396075,0.23320298,0.24104433
296,"Kiribati",2024,89,0.28625839,0.25377742,0.26169508
296,"Kiribati",2024,90,0.30946647,0.27570111,0.28385749
296,"Kiribati",2024,91,0.33354552,0.2987249,0.30710795
296,"Kiribati",2024,92,0.35846363,0.32256568,0.33089332
296,"Kiribati",2024,93,0.38418386,0.34704723,0.35635313
296,"Kiribati",2024,94,0.41066262,0.3720483,0.38231617
296,"Kiribati",2024,95,0.4378373,0.39760469,0.40794487
296,"Kiribati",2024,96,0.46562497,0.42379666,0.43412532
296,"Kiribati",2024,97,0.49385664,0.45062542,0.46088967
296,"Kiribati",2024,98,0.52231565,0.47804715,0.48793718
296,"Kiribati",2024,99,0.55069307,0.50584322,0.51581872
296,"Kiribati",2024,100,0.60385672,0.56825399,0.57661602
296,"Kiribati",2025,0,0.04864401,0.03795318,0.04346117
296,"Kiribati",2025,1,0.00443749,0.0042648,0.00435367
296,"Kiribati",2025,2,0.00335833,0.00305451,0.00321087
296,"Kiribati",2025,3,0.00255723,0.00220728,0.0023874
296,"Kiribati",2025,4,0.00197266,0.00162518,0.00180383
296,"Kiribati",2025,5,0.00155346,0.00123225,0.00139725
296,"Kiribati",2025,6,0.00125961,0.00097297,0.00111997
296,"Kiribati",2025,7,0.00105959,0.00080725,0.00093613
296,"Kiribati",2025,8,0.00092917,0.00070629,0.00081967
296,"Kiribati",2025,9,0.00085229,0.00065231,0.0007537
296,"Kiribati",2025,10,0.00081827,0.00063352,0.00072692
296,"Kiribati",2025,11,0.00082169,0.00064357,0.00073329
296,"Kiribati",2025,12,0.00085978,0.00067856,0.00076939
296,"Kiribati",2025,13,0.00093256,0.00073635,0.00083411
296,"Kiribati",2025,14,0.00103963,0.00081471,0.00092602
296,"Kiribati",2025,15,0.0011798,0.00091038,0.0010428
296,"Kiribati",2025,16,0.0013479,0.00101824,0.0011796
296,"Kiribati",2025,17,0.00153346,0.00113053,0.00132786
296,"Kiribati",2025,18,0.00172302,0.00124007,0.00147739
296,"Kiribati",2025,19,0.00189945,0.00133976,0.00161665
296,"Kiribati",2025,20,0.0020487,0.001427,0.00173686
296,"Kiribati",2025,21,0.00215972,0.00150194,0.00183194
296,"Kiribati",2025,22,0.00222888,0.00156663,0.00190063
296,"Kiribati",2025,23,0.00225866,0.00162456,0.00194555
296,"Kiribati",2025,24,0.00225908,0.00167852,0.00197201
296,"Kiribati",2025,25,0.00224326,0.00173113,0.00198806
296,"Kiribati",2025,26,0.00222562,0.00178451,0.00200415
296,"Kiribati",2025,27,0.00221885,0.00183981,0.00202738
296,"Kiribati",2025,28,0.00223011,0.00189831,0.00206131
296,"Kiribati",2025,29,0.00226408,0.00196125,0.00210883
296,"Kiribati",2025,30,0.00232046,0.00202972,0.00217061
296,"Kiribati",2025,31,0.00239746,0.00210517,0.00224626
296,"Kiribati",2025,32,0.00249231,0.00218813,0.00233433
296,"Kiribati",2025,33,0.00260236,0.00227943,0.00243406
296,"Kiribati",2025,34,0.00272689,0.00237962,0.00254552
296,"Kiribati",2025,35,0.00286622,0.00248914,0.00266846
296,"Kiribati",2025,36,0.00302239,0.00260875,0.00280453
296,"Kiribati",2025,37,0.00319805,0.00273871,0.00295581
296,"Kiribati",2025,38,0.00339623,0.00288021,0.0031241
296,"Kiribati",2025,39,0.00362025,0.00303494,0.00331154
296,"Kiribati",2025,40,0.00387339,0.00320542,0.00352127
296,"Kiribati",2025,41,0.00415905,0.00339489,0.00375673
296,"Kiribati",2025,42,0.00448045,0.00360666,0.00402024
296,"Kiribati",2025,43,0.00484073,0.00384425,0.00431635
296,"Kiribati",2025,44,0.00524258,0.00411062,0.00464679
296,"Kiribati",2025,45,0.00568826,0.00440836,0.00501391
296,"Kiribati",2025,46,0.00617952,0.00473903,0.00541803
296,"Kiribati",2025,47,0.00671855,0.0051043,0.00586483
296,"Kiribati",2025,48,0.0073085,0.00550503,0.00635831
296,"Kiribati",2025,49,0.00795385,0.00594154,0.00688651
296,"Kiribati",2025,50,0.0086612,0.00641388,0.00745804
296,"Kiribati",2025,51,0.00943859,0.00692087,0.00807904
296,"Kiribati",2025,52,0.0102961,0.00746487,0.00875267
296,"Kiribati",2025,53,0.01124353,0.00804954,0.00948834
296,"Kiribati",2025,54,0.01228919,0.00868291,0.01029736
296,"Kiribati",2025,55,0.01343935,0.0093781,0.01119676
296,"Kiribati",2025,56,0.01469738,0.0101498,0.01219459
296,"Kiribati",2025,57,0.01606787,0.01101958,0.01330619
296,"Kiribati",2025,58,0.01755541,0.01200608,0.01452726
296,"Kiribati",2025,59,0.01916666,0.01312544,0.01585871
296,"Kiribati",2025,60,0.02091157,0.01438993,0.01732305
296,"Kiribati",2025,61,0.02280232,0.01580343,0.01892112
296,"Kiribati",2025,62,0.02485844,0.0173758,0.02067604
296,"Kiribati",2025,63,0.02710134,0.01911774,0.02262171
296,"Kiribati",2025,64,0.02955579,0.0210489,0.0247538
296,"Kiribati",2025,65,0.03225025,0.02320273,0.02710789
296,"Kiribati",2025,66,0.03521379,0.02561797,0.02972229
296,"Kiribati",2025,67,0.03848333,0.02834825,0.03263978
296,"Kiribati",2025,68,0.04209557,0.03144192,0.03590869
296,"Kiribati",2025,69,0.04608795,0.03493586,0.03949497
296,"Kiribati",2025,70,0.05049883,0.03885506,0.04346993
296,"Kiribati",2025,71,0.05536319,0.04319952,0.04792732
296,"Kiribati",2025,72,0.06072272,0.04797632,0.052859
296,"Kiribati",2025,73,0.06661929,0.05320485,0.05825571
296,"Kiribati",2025,74,0.07309838,0.05893326,0.0642202
296,"Kiribati",2025,75,0.0802105,0.06526759,0.07087092
296,"Kiribati",2025,76,0.08801016,0.07233836,0.07822191
296,"Kiribati",2025,77,0.09656537,0.08030524,0.08631608
296,"Kiribati",2025,78,0.10595328,0.08930892,0.09531774
296,"Kiribati",2025,79,0.11626741,0.09941344,0.10535919
296,"Kiribati",2025,80,0.12761293,0.11062083,0.11649596
296,"Kiribati",2025,81,0.14010314,0.12281746,0.12873406
296,"Kiribati",2025,82,0.1538496,0.13586458,0.14195625
296,"Kiribati",2025,83,0.16892864,0.14966765,0.15607422
296,"Kiribati",2025,84,0.18538175,0.16418819,0.17098966
296,"Kiribati",2025,85,0.20318035,0.17955745,0.18682231
296,"Kiribati",2025,86,0.22225189,0.19596238,0.20370614
296,"Kiribati",2025,87,0.24250089,0.21362461,0.22156185
296,"Kiribati",2025,88,0.26381339,0.23272854,0.24071127
296,"Kiribati",2025,89,0.28611029,0.25327683,0.26144906
296,"Kiribati",2025,90,0.30931903,0.27517433,0.28328734
296,"Kiribati",2025,91,0.33339848,0.29817026,0.30645607
296,"Kiribati",2025,92,0.35831834,0.32198414,0.33049324
296,"Kiribati",2025,93,0.38404177,0.34644022,0.35491392
296,"Kiribati",2025,94,0.41052526,0.37141752,0.38093276
296,"Kiribati",2025,95,0.43770633,0.39695185,0.40746642
296,"Kiribati",2025,96,0.46550959,0.42313354,0.43368168
296,"Kiribati",2025,97,0.49375962,0.44995507,0.4604119
296,"Kiribati",2025,98,0.52223983,0.47737281,0.48765375
296,"Kiribati",2025,99,0.55064136,0.50516854,0.51495713
296,"Kiribati",2025,100,0.60386981,0.56754386,0.5755731
296,"Kiribati",2026,0,0.04799212,0.0371497,0.04273542
296,"Kiribati",2026,1,0.00437513,0.00417149,0.00427625
296,"Kiribati",2026,2,0.00331129,0.00298764,0.00315414
296,"Kiribati",2026,3,0.00252153,0.00215893,0.00234549
296,"Kiribati",2026,4,0.00194519,0.00158956,0.00177255
296,"Kiribati",2026,5,0.00153188,0.00120522,0.00137312
296,"Kiribati",2026,6,0.00124217,0.00095167,0.00110085
296,"Kiribati",2026,7,0.00104496,0.0007896,0.00092053
296,"Kiribati",2026,8,0.00091636,0.00069086,0.00080601
296,"Kiribati",2026,9,0.00084055,0.00063807,0.00074106
296,"Kiribati",2026,10,0.00080701,0.00061971,0.00071465
296,"Kiribati",2026,11,0.0008104,0.00062958,0.00072097
296,"Kiribati",2026,12,0.00084801,0.00066384,0.00075658
296,"Kiribati",2026,13,0.00091983,0.00072042,0.00082035
296,"Kiribati",2026,14,0.00102549,0.00079715,0.0009109
296,"Kiribati",2026,15,0.00116384,0.00089082,0.00102591
296,"Kiribati",2026,16,0.00132979,0.0009965,0.00116025
296,"Kiribati",2026,17,0.001513,0.00110655,0.00130541
296,"Kiribati",2026,18,0.00170018,0.00121393,0.00145193
296,"Kiribati",2026,19,0.00187443,0.00131171,0.00158801
296,"Kiribati",2026,20,0.00202187,0.00139731,0.00170599
296,"Kiribati",2026,21,0.00213172,0.00147104,0.00179998
296,"Kiribati",2026,22,0.00220028,0.00153477,0.00186829
296,"Kiribati",2026,23,0.00222997,0.00159189,0.00191336
296,"Kiribati",2026,24,0.00223067,0.00164516,0.00194128
296,"Kiribati",2026,25,0.00221536,0.00169712,0.00195889
296,"Kiribati",2026,26,0.00219838,0.00175006,0.00197479
296,"Kiribati",2026,27,0.00219212,0.00180491,0.00199757
296,"Kiribati",2026,28,0.00220369,0.00186294,0.00203144
296,"Kiribati",2026,29,0.0022377,0.00192537,0.00207869
296,"Kiribati",2026,30,0.00229389,0.00199326,0.00213966
296,"Kiribati",2026,31,0.00237062,0.00206827,0.00221469
296,"Kiribati",2026,32,0.00246506,0.00215073,0.00230235
296,"Kiribati",2026,33,0.00257458,0.00224146,0.00240146
296,"Kiribati",2026,34,0.00269849,0.00234101,0.00251207
296,"Kiribati",2026,35,0.00283712,0.00244986,0.00263474
296,"Kiribati",2026,36,0.00299261,0.00256886,0.00277024
296,"Kiribati",2026,37,0.0031675,0.00269819,0.00292016
296,"Kiribati",2026,38,0.00336479,0.00283902,0.00308734
296,"Kiribati",2026,39,0.00358781,0.00299303,0.00327395
296,"Kiribati",2026,40,0.00383984,0.00316274,0.00348248
296,"Kiribati",2026,41,0.00412428,0.00335138,0.00371658
296,"Kiribati",2026,42,0.00444435,0.00356224,0.00397961
296,"Kiribati",2026,43,0.00480321,0.00379883,0.00427382
296,"Kiribati",2026,44,0.00520356,0.00406412,0.00460347
296,"Kiribati",2026,45,0.00564766,0.00436071,0.0049697
296,"Kiribati",2026,46,0.00613716,0.00468999,0.00537398
296,"Kiribati",2026,47,0.00667438,0.00505382,0.00581684
296,"Kiribati",2026,48,0.00726251,0.00545311,0.00630453
296,"Kiribati",2026,49,0.00790601,0.00588821,0.00684163
296,"Kiribati",2026,50,0.0086115,0.00635923,0.00741532
296,"Kiribati",2026,51,0.00938663,0.00686454,0.00803444
296,"Kiribati",2026,52,0.01024183,0.00740697,0.00870863
296,"Kiribati",2026,53,0.01118691,0.00799019,0.00944126
296,"Kiribati",2026,54,0.0122302,0.00862223,0.01024379
296,"Kiribati",2026,55,0.013378,0.00931616,0.01112994
296,"Kiribati",2026,56,0.01463298,0.01008579,0.01211641
296,"Kiribati",2026,57,0.01600039,0.01095335,0.01321589
296,"Kiribati",2026,58,0.01748487,0.01193747,0.01444202
296,"Kiribati",2026,59,0.01909307,0.01305431,0.01578828
296,"Kiribati",2026,60,0.02083501,0.01431618,0.01725441
296,"Kiribati",2026,61,0.02272177,0.01572579,0.01885943
296,"Kiribati",2026,62,0.02477382,0.01729416,0.02061135
296,"Kiribati",2026,63,0.02701259,0.01903203,0.02253519
296,"Kiribati",2026,64,0.02946285,0.0209591,0.02467238
296,"Kiribati",2026,65,0.03215305,0.0231088,0.02702618
296,"Kiribati",2026,66,0.03511098,0.0255183,0.02963437
296,"Kiribati",2026,67,0.0383746,0.02824241,0.03254872
296,"Kiribati",2026,68,0.04198059,0.03132945,0.0358089
296,"Kiribati",2026,69,0.04596638,0.0348163,0.03945734
296,"Kiribati",2026,70,0.0503703,0.03872808,0.04345019
296,"Kiribati",2026,71,0.05522614,0.04306336,0.04784263
296,"Kiribati",2026,72,0.06057661,0.04783066,0.05273901
296,"Kiribati",2026,73,0.06646359,0.0530495,0.05813699
296,"Kiribati",2026,74,0.07293257,0.05876806,0.06404421
296,"Kiribati",2026,75,0.08003411,0.06509227,0.070605
296,"Kiribati",2026,76,0.08782158,0.072151,0.07796387
296,"Kiribati",2026,77,0.09636394,0.08010498,0.08614829
296,"Kiribati",2026,78,0.10573833,0.08909482,0.09518377
296,"Kiribati",2026,79,0.11603822,0.0991847,0.10520408
296,"Kiribati",2026,80,0.12736873,0.11037696,0.11630583
296,"Kiribati",2026,81,0.13984193,0.12255678,0.12846638
296,"Kiribati",2026,82,0.1535703,0.13558732,0.14167139
296,"Kiribati",2026,83,0.16863021,0.14937443,0.15581649
296,"Kiribati",2026,84,0.18506326,0.16387986,0.17083117
296,"Kiribati",2026,85,0.20284114,0.17923482,0.18669593
296,"Kiribati",2026,86,0.22189012,0.19562397,0.20356285
296,"Kiribati",2026,87,0.2421163,0.21327061,0.22160269
296,"Kiribati",2026,88,0.26340604,0.23235912,0.24070804
296,"Kiribati",2026,89,0.28568048,0.25289246,0.26111273
296,"Kiribati",2026,90,0.30886727,0.2747759,0.28304734
296,"Kiribati",2026,91,0.33292372,0.29775671,0.30589066
296,"Kiribati",2026,92,0.3578211,0.32155714,0.32985126
296,"Kiribati",2026,93,0.3835227,0.34600177,0.35453736
296,"Kiribati",2026,94,0.40998517,0.37096985,0.37949728
296,"Kiribati",2026,95,0.43714619,0.39649723,0.40608278
296,"Kiribati",2026,96,0.46493788,0.42268533,0.43324203
296,"Kiribati",2026,97,0.49317867,0.44951701,0.46002289
296,"Kiribati",2026,98,0.52165228,0.47694885,0.48724687
296,"Kiribati",2026,99,0.55005015,0.50476294,0.51476274
296,"Kiribati",2026,100,0.60333224,0.56711468,0.57473552
296,"Kiribati",2027,0,0.04724611,0.03620424,0.04189197
296,"Kiribati",2027,1,0.004309,0.0040694,0.00419265
296,"Kiribati",2027,2,0.00326233,0.00291591,0.00309407
296,"Kiribati",2027,3,0.00248507,0.0021081,0.00230197
296,"Kiribati",2027,4,0.00191769,0.00155286,0.00174051
296,"Kiribati",2027,5,0.00151069,0.00117795,0.00134911
296,"Kiribati",2027,6,0.00122531,0.00093049,0.00108198
296,"Kiribati",2027,7,0.00103102,0.00077233,0.00090515
296,"Kiribati",2027,8,0.00090434,0.00067599,0.00079305
296,"Kiribati",2027,9,0.00082971,0.00062456,0.00072929
296,"Kiribati",2027,10,0.00079676,0.00060679,0.00070339
296,"Kiribati",2027,11,0.00080027,0.00061666,0.00070971
296,"Kiribati",2027,12,0.00083758,0.00065044,0.00074501
296,"Kiribati",2027,13,0.00090872,0.00070612,0.00080813
296,"Kiribati",2027,14,0.00101333,0.00078159,0.00089769
296,"Kiribati",2027,15,0.00115029,0.00087374,0.00101148
296,"Kiribati",2027,16,0.00131459,0.00097771,0.00114435
296,"Kiribati",2027,17,0.00149601,0.00108603,0.00128738
296,"Kiribati",2027,18,0.00168143,0.00119181,0.00143122
296,"Kiribati",2027,19,0.00185411,0.00128822,0.00156497
296,"Kiribati",2027,20,0.00200031,0.00137273,0.00168058
296,"Kiribati",2027,21,0.00210935,0.00144562,0.0017733
296,"Kiribati",2027,22,0.00217757,0.00150872,0.00184136
296,"Kiribati",2027,23,0.00220735,0.00156537,0.00188675
296,"Kiribati",2027,24,0.00220844,0.00161826,0.00191531
296,"Kiribati",2027,25,0.00219367,0.0016699,0.00193457
296,"Kiribati",2027,26,0.0021773,0.0017226,0.0019521
296,"Kiribati",2027,27,0.00217155,0.00177721,0.00197474
296,"Kiribati",2027,28,0.00218345,0.00183499,0.00200825
296,"Kiribati",2027,29,0.00221761,0.00189714,0.00205551
296,"Kiribati",2027,30,0.00227375,0.00196473,0.00211633
296,"Kiribati",2027,31,0.00235036,0.00203947,0.00219077
296,"Kiribati",2027,32,0.00244456,0.00212163,0.00227791
296,"Kiribati",2027,33,0.00255377,0.00221202,0.00237677
296,"Kiribati",2027,34,0.00267732,0.00231121,0.00248694
296,"Kiribati",2027,35,0.00281553,0.00241965,0.00260896
296,"Kiribati",2027,36,0.00297059,0.00253828,0.00274453
296,"Kiribati",2027,37,0.00314499,0.00266722,0.00289412
296,"Kiribati",2027,38,0.00334173,0.00280765,0.00306008
296,"Kiribati",2027,39,0.00356414,0.00296123,0.00324579
296,"Kiribati",2027,40,0.00381549,0.00313049,0.00345379
296,"Kiribati",2027,41,0.00409917,0.00331861,0.00368694
296,"Kiribati",2027,42,0.00441841,0.00352889,0.00394886
296,"Kiribati",2027,43,0.00477639,0.00376486,0.00424307
296,"Kiribati",2027,44,0.00517585,0.00402949,0.00457115
296,"Kiribati",2027,45,0.00561903,0.00432539,0.00493715
296,"Kiribati",2027,46,0.00610747,0.00465377,0.00534097
296,"Kiribati",2027,47,0.00664362,0.00501669,0.00578478
296,"Kiribati",2027,48,0.00723068,0.00541506,0.00626888
296,"Kiribati",2027,49,0.00787314,0.00584929,0.00680035
296,"Kiribati",2027,50,0.00857762,0.00631952,0.00738495
296,"Kiribati",2027,51,0.00935145,0.00682375,0.0080071
296,"Kiribati",2027,52,0.01020534,0.00736519,0.00868027
296,"Kiribati",2027,53,0.01114914,0.00794754,0.00941466
296,"Kiribati",2027,54,0.01219121,0.00857883,0.01021489
296,"Kiribati",2027,55,0.01333786,0.00927211,0.01109483
296,"Kiribati",2027,56,0.01459119,0.01004045,0.01206689
296,"Kiribati",2027,57,0.01595699,0.01090664,0.0131551
296,"Kiribati",2027,58,0.0174399,0.0118893,0.01436941
296,"Kiribati",2027,59,0.01904663,0.01300461,0.0157229
296,"Kiribati",2027,60,0.0207872,0.01426492,0.01720671
296,"Kiribati",2027,61,0.0226718,0.01567198,0.01881426
296,"Kiribati",2027,62,0.02472172,0.01723775,0.02057539
296,"Kiribati",2027,63,0.0269584,0.01897305,0.02249791
296,"Kiribati",2027,64,0.02940662,0.02089759,0.02461388
296,"Kiribati",2027,65,0.03209486,0.02304483,0.02697529
296,"Kiribati",2027,66,0.03504972,0.02545046,0.0295841
296,"Kiribati",2027,67,0.03831012,0.02817042,0.03249409
296,"Kiribati",2027,68,0.04191275,0.03125297,0.03575327
296,"Kiribati",2027,69,0.04589502,0.03473502,0.03939501
296,"Kiribati",2027,70,0.05029527,0.03864172,0.04345549
296,"Kiribati",2027,71,0.05514602,0.04297014,0.04786808
296,"Kiribati",2027,72,0.06049104,0.04773024,0.05269938
296,"Kiribati",2027,73,0.06637224,0.05294158,0.05806322
296,"Kiribati",2027,74,0.07283509,0.05865239,0.06397489
296,"Kiribati",2027,75,0.07993018,0.06496851,0.07047818
296,"Kiribati",2027,76,0.08770993,0.07201732,0.07774419
296,"Kiribati",2027,77,0.0962441,0.07996049,0.08594024
296,"Kiribati",2027,78,0.1056098,0.08893849,0.09507114
296,"Kiribati",2027,79,0.11590047,0.09901554,0.10512731
296,"Kiribati",2027,80,0.12722118,0.11019412,0.11620941
296,"Kiribati",2027,81,0.13968376,0.12235948,0.12833701
296,"Kiribati",2027,82,0.1534008,0.13537532,0.14146662
296,"Kiribati",2027,83,0.16844866,0.14914773,0.15559743
296,"Kiribati",2027,84,0.18486897,0.16363861,0.170646
296,"Kiribati",2027,85,0.20263359,0.17897907,0.1866249
296,"Kiribati",2027,86,0.22166983,0.19535488,0.20353074
296,"Kiribati",2027,87,0.24188328,0.21298817,0.22155415
296,"Kiribati",2027,88,0.26316053,0.23206331,0.24085464
296,"Kiribati",2027,89,0.28542288,0.25258344,0.26120812
296,"Kiribati",2027,90,0.30859812,0.27445417,0.28279913
296,"Kiribati",2027,91,0.33264544,0.2974259,0.30574548
296,"Kiribati",2027,92,0.35753468,0.32121905,0.32938597
296,"Kiribati",2027,93,0.38322921,0.34565848,0.35400389
296,"Kiribati",2027,94,0.40968577,0.37062363,0.37924302
296,"Kiribati",2027,95,0.43684218,0.39615035,0.40476197
296,"Kiribati",2027,96,0.46464538,0.42236235,0.43200928
296,"Kiribati",2027,97,0.49290103,0.44922312,0.45977307
296,"Kiribati",2027,98,0.52139304,0.47668945,0.48707117
296,"Kiribati",2027,99,0.54981303,0.50454372,0.51459416
296,"Kiribati",2027,100,0.60314801,0.56692536,0.5744455
296,"Kiribati",2028,0,0.04649467,0.03530686,0.04106951
296,"Kiribati",2028,1,0.0042422,0.00397101,0.0041105
296,"Kiribati",2028,2,0.00321282,0.00284671,0.00303498
296,"Kiribati",2028,3,0.00244816,0.00205902,0.00225909
296,"Kiribati",2028,4,0.00188982,0.00151739,0.00170887
296,"Kiribati",2028,5,0.00148919,0.00115155,0.00132516
296,"Kiribati",2028,6,0.00120819,0.00090998,0.00106334
296,"Kiribati",2028,7,0.00101686,0.00075556,0.0008898
296,"Kiribati",2028,8,0.00089212,0.00066154,0.0007799
296,"Kiribati",2028,9,0.00081867,0.00061139,0.00071762
296,"Kiribati",2028,10,0.00078632,0.00059418,0.00069225
296,"Kiribati",2028,11,0.00078994,0.00060402,0.00069855
296,"Kiribati",2028,12,0.00082694,0.00063729,0.00073339
296,"Kiribati",2028,13,0.00089736,0.00069206,0.00079579
296,"Kiribati",2028,14,0.00100089,0.00076626,0.00088437
296,"Kiribati",2028,15,0.00113644,0.00085687,0.0009969
296,"Kiribati",2028,16,0.00129903,0.0009591,0.00112836
296,"Kiribati",2028,17,0.00147861,0.00106568,0.00126986
296,"Kiribati",2028,18,0.00166219,0.00116982,0.0014115
296,"Kiribati",2028,19,0.00183324,0.00126481,0.00154255
296,"Kiribati",2028,20,0.00197814,0.00134817,0.00165597
296,"Kiribati",2028,21,0.00208633,0.00142016,0.00174659
296,"Kiribati",2028,22,0.00215417,0.00148258,0.00181377
296,"Kiribati",2028,23,0.002184,0.00153868,0.00185926
296,"Kiribati",2028,24,0.00218546,0.00159113,0.00188835
296,"Kiribati",2028,25,0.00217124,0.00164237,0.00190832
296,"Kiribati",2028,26,0.00215547,0.00169473,0.00192737
296,"Kiribati",2028,27,0.00215022,0.00174901,0.00195137
296,"Kiribati",2028,28,0.00216244,0.00180644,0.00198465
296,"Kiribati",2028,29,0.00219672,0.0018682,0.00203144
296,"Kiribati",2028,30,0.00225279,0.00193536,0.00209213
296,"Kiribati",2028,31,0.00232923,0.0020097,0.00216637
296,"Kiribati",2028,32,0.00242314,0.00209141,0.00225276
296,"Kiribati",2028,33,0.00253198,0.0021813,0.00235091
296,"Kiribati",2028,34,0.00265509,0.00227995,0.00246068
296,"Kiribati",2028,35,0.00279281,0.0023878,0.00258208
296,"Kiribati",2028,36,0.00294735,0.00250586,0.00271685
296,"Kiribati",2028,37,0.00312117,0.00263419,0.00286638
296,"Kiribati",2028,38,0.00331726,0.00277396,0.00303182
296,"Kiribati",2028,39,0.00353895,0.00292684,0.00321596
296,"Kiribati",2028,40,0.00378949,0.00309534,0.00342273
296,"Kiribati",2028,41,0.00407227,0.0032826,0.00365503
296,"Kiribati",2028,42,0.00439054,0.00349194,0.00391565
296,"Kiribati",2028,43,0.00474749,0.00372688,0.00420835
296,"Kiribati",2028,44,0.00514585,0.00399038,0.00453617
296,"Kiribati",2028,45,0.00558792,0.00428506,0.0049001
296,"Kiribati",2028,46,0.00607506,0.00461199,0.00530318
296,"Kiribati",2028,47,0.00660989,0.00497334,0.00574614
296,"Kiribati",2028,48,0.00719561,0.00537009,0.00623092
296,"Kiribati",2028,49,0.00783671,0.00580264,0.00675794
296,"Kiribati",2028,50,0.00853985,0.00627118,0.00733576
296,"Kiribati",2028,51,0.009312,0.0067734,0.00796932
296,"Kiribati",2028,52,0.01016418,0.00731284,0.0086454
296,"Kiribati",2028,53,0.01110627,0.00789322,0.00937806
296,"Kiribati",2028,54,0.01214661,0.00852254,0.01017961
296,"Kiribati",2028,55,0.01329159,0.00921381,0.01105609
296,"Kiribati",2028,56,0.01454269,0.00997942,0.01201954
296,"Kiribati",2028,57,0.01590623,0.01084262,0.01309056
296,"Kiribati",2028,58,0.01738689,0.01182195,0.01429131
296,"Kiribati",2028,59,0.01899137,0.01293358,0.01563069
296,"Kiribati",2028,60,0.02072974,0.01418988,0.01712103
296,"Kiribati",2028,61,0.02261131,0.01559177,0.01874509
296,"Kiribati",2028,62,0.02465813,0.01715201,0.02050701
296,"Kiribati",2028,63,0.02689168,0.01888147,0.02243723
296,"Kiribati",2028,64,0.02933672,0.02079986,0.02454936
296,"Kiribati",2028,65,0.03202174,0.02294055,0.02688542
296,"Kiribati",2028,66,0.03497218,0.02533792,0.02949808
296,"Kiribati",2028,67,0.03822789,0.02804871,0.03240512
296,"Kiribati",2028,68,0.04182552,0.03112106,0.03565549
296,"Kiribati",2028,69,0.04580245,0.03459179,0.03929142
296,"Kiribati",2028,70,0.050197,0.03848608,0.04333952
296,"Kiribati",2028,71,0.05504045,0.04279965,0.0478157
296,"Kiribati",2028,72,0.0603776,0.04754373,0.05266167
296,"Kiribati",2028,73,0.06625032,0.05273791,0.05794973
296,"Kiribati",2028,74,0.07270411,0.05843034,0.06381725
296,"Kiribati",2028,75,0.07978952,0.06472658,0.07031627
296,"Kiribati",2028,76,0.08755803,0.07175249,0.07750989
296,"Kiribati",2028,77,0.09608017,0.0796702,0.08559802
296,"Kiribati",2028,78,0.10543298,0.0886198,0.09472956
296,"Kiribati",2028,79,0.11570985,0.09866539,0.10486867
296,"Kiribati",2028,80,0.12701574,0.10980961,0.11597008
296,"Kiribati",2028,81,0.1394622,0.12193799,0.12805992
296,"Kiribati",2028,82,0.15316186,0.13491498,0.14113773
296,"Kiribati",2028,83,0.16819105,0.14864708,0.15516969
296,"Kiribati",2028,84,0.18459144,0.16309638,0.17018218
296,"Kiribati",2028,85,0.20233501,0.17839367,0.18617686
296,"Kiribati",2028,86,0.22135015,0.19472533,0.20318548
296,"Kiribati",2028,87,0.24154201,0.21231202,0.22122031
296,"Kiribati",2028,88,0.26279745,0.23133772,0.24046631
296,"Kiribati",2028,89,0.28503799,0.25180579,0.26098382
296,"Kiribati",2028,90,0.30819159,0.27362228,0.28247502
296,"Kiribati",2028,91,0.33221933,0.29654088,0.30502959
296,"Kiribati",2028,92,0.35708966,0.32028094,0.3287347
296,"Kiribati",2028,93,0.38276605,0.34466788,0.35298589
296,"Kiribati",2028,94,0.40920535,0.36958155,0.37811483
296,"Kiribati",2028,95,0.43634544,0.39505772,0.40387772
296,"Kiribati",2028,96,0.46414784,0.4212395,0.43001388
296,"Kiribati",2028,97,0.49240574,0.44807336,0.45783918
296,"Kiribati",2028,98,0.52090334,0.47551636,0.48609453
296,"Kiribati",2028,99,0.5493326,0.50335156,0.51364086
296,"Kiribati",2028,100,0.60271554,0.56570823,0.57336026
296,"Kiribati",2029,0,0.04584669,0.03447847,0.04033353
296,"Kiribati",2029,1,0.00418382,0.00387931,0.00403592
296,"Kiribati",2029,2,0.00316956,0.00278232,0.00298143
296,"Kiribati",2029,3,0.00241591,0.00201342,0.00222033
296,"Kiribati",2029,4,0.00186547,0.0014845,0.0016803
296,"Kiribati",2029,5,0.00147041,0.0011271,0.00130355
296,"Kiribati",2029,6,0.00119323,0.000891,0.00104636
296,"Kiribati",2029,7,0.00100447,0.00074006,0.00087601
296,"Kiribati",2029,8,0.00088142,0.00064818,0.00076797
296,"Kiribati",2029,9,0.00080899,0.00059924,0.00070688
296,"Kiribati",2029,10,0.00077715,0.00058254,0.00068226
296,"Kiribati",2029,11,0.00078086,0.00059235,0.00068855
296,"Kiribati",2029,12,0.00081757,0.00062516,0.00072297
296,"Kiribati",2029,13,0.00088736,0.00067908,0.0007846
296,"Kiribati",2029,14,0.00098993,0.00075212,0.00087225
296,"Kiribati",2029,15,0.00112421,0.00084132,0.00098369
296,"Kiribati",2029,16,0.0012853,0.00094198,0.0011139
296,"Kiribati",2029,17,0.00146323,0.00104696,0.00125415
296,"Kiribati",2029,18,0.00164517,0.00114961,0.00139452
296,"Kiribati",2029,19,0.00181474,0.00124332,0.00152359
296,"Kiribati",2029,20,0.00195845,0.00132565,0.00163454
296,"Kiribati",2029,21,0.00206584,0.00139683,0.00172335
296,"Kiribati",2029,22,0.00213329,0.00145863,0.00178883
296,"Kiribati",2029,23,0.00216312,0.00151426,0.00183387
296,"Kiribati",2029,24,0.00216488,0.00156632,0.00186334
296,"Kiribati",2029,25,0.0021511,0.00161722,0.00188394
296,"Kiribati",2029,26,0.00213583,0.0016693,0.0019037
296,"Kiribati",2029,27,0.00213099,0.00172331,0.001929
296,"Kiribati",2029,28,0.00214346,0.00178044,0.00196343
296,"Kiribati",2029,29,0.0021778,0.00184189,0.00200994
296,"Kiribati",2029,30,0.00223377,0.0019087,0.00207013
296,"Kiribati",2029,31,0.00231,0.00198272,0.00214426
296,"Kiribati",2029,32,0.00240358,0.00206407,0.00223043
296,"Kiribati",2029,33,0.00251202,0.00215357,0.00232781
296,"Kiribati",2029,34,0.00263466,0.00225179,0.00243685
296,"Kiribati",2029,35,0.00277185,0.00235919,0.00255787
296,"Kiribati",2029,36,0.00292583,0.00247681,0.00269207
296,"Kiribati",2029,37,0.00309902,0.00260468,0.00284078
296,"Kiribati",2029,38,0.00329441,0.00274397,0.00300625
296,"Kiribati",2029,39,0.00351531,0.00289634,0.00318991
296,"Kiribati",2029,40,0.00376499,0.00306428,0.00339501
296,"Kiribati",2029,41,0.0040468,0.00325091,0.003626
296,"Kiribati",2029,42,0.00436403,0.00345956,0.0038858
296,"Kiribati",2029,43,0.00471985,0.00369376,0.00417718
296,"Kiribati",2029,44,0.00511702,0.00395647,0.00450348
296,"Kiribati",2029,45,0.00555784,0.0042503,0.00486734
296,"Kiribati",2029,46,0.00604355,0.00457617,0.00526818
296,"Kiribati",2029,47,0.00657689,0.00493643,0.00571058
296,"Kiribati",2029,48,0.00716106,0.00533203,0.00619469
296,"Kiribati",2029,49,0.00780056,0.00576344,0.0067228
296,"Kiribati",2029,50,0.00850204,0.00623086,0.00729599
296,"Kiribati",2029,51,0.00927222,0.00673167,0.00792195
296,"Kiribati",2029,52,0.01012235,0.00726977,0.0086113
296,"Kiribati",2029,53,0.01106231,0.00784887,0.00934776
296,"Kiribati",2029,54,0.01210047,0.00847699,0.01014785
296,"Kiribati",2029,55,0.01324321,0.0091671,0.01102628
296,"Kiribati",2029,56,0.01449156,0.00993094,0.01198569
296,"Kiribati",2029,57,0.01585224,0.0107922,0.01304748
296,"Kiribati",2029,58,0.01732994,0.0117694,0.01422965
296,"Kiribati",2029,59,0.01893137,0.01287869,0.01555474
296,"Kiribati",2029,60,0.02066661,0.01413252,0.01703045
296,"Kiribati",2029,61,0.02254425,0.01553094,0.01866145
296,"Kiribati",2029,62,0.02458698,0.01708757,0.02044186
296,"Kiribati",2029,63,0.02681627,0.01881333,0.0223738
296,"Kiribati",2029,64,0.02925689,0.02072797,0.02449514
296,"Kiribati",2029,65,0.03193728,0.0228648,0.02682821
296,"Kiribati",2029,66,0.03488193,0.02525692,0.02941397
296,"Kiribati",2029,67,0.03813141,0.02796198,0.03232629
296,"Kiribati",2029,68,0.0417223,0.031028,0.03557487
296,"Kiribati",2029,69,0.04569193,0.03449178,0.03920302
296,"Kiribati",2029,70,0.05007858,0.03837854,0.04324678
296,"Kiribati",2029,71,0.05491248,0.04268269,0.04771088
296,"Kiribati",2029,72,0.06023923,0.04741671,0.05262648
296,"Kiribati",2029,73,0.06610067,0.05260027,0.05793406
296,"Kiribati",2029,74,0.07254226,0.05828153,0.06372557
296,"Kiribati",2029,75,0.07961454,0.06456588,0.07018163
296,"Kiribati",2029,76,0.08736816,0.07157784,0.07737397
296,"Kiribati",2029,77,0.09587423,0.0794802,0.08539104
296,"Kiribati",2029,78,0.10520972,0.08841283,0.09441626
296,"Kiribati",2029,79,0.11546788,0.09843984,0.1045612
296,"Kiribati",2029,80,0.12675352,0.10956399,0.1157521
296,"Kiribati",2029,81,0.1391779,0.12167096,0.12786945
296,"Kiribati",2029,82,0.15285358,0.13462579,0.14091965
296,"Kiribati",2029,83,0.16785679,0.14833525,0.15491015
296,"Kiribati",2029,84,0.18422922,0.16276158,0.16982874
296,"Kiribati",2029,85,0.201943,0.17803541,0.18579711
296,"Kiribati",2029,86,0.22092743,0.19434397,0.20283937
296,"Kiribati",2029,87,0.24108737,0.21190674,0.22100305
296,"Kiribati",2029,88,0.26231001,0.23090757,0.24027654
296,"Kiribati",2029,89,0.28451709,0.25135001,0.2607531
296,"Kiribati",2029,90,0.3076368,0.27314049,0.28243335
296,"Kiribati",2029,91,0.33163182,0.29603557,0.30491206
296,"Kiribati",2029,92,0.35646945,0.31975323,0.32824587
296,"Kiribati",2029,93,0.38211327,0.34411922,0.35259094
296,"Kiribati",2029,94,0.4085202,0.36901361,0.37737379
296,"Kiribati",2029,95,0.43562823,0.39447213,0.40304918
296,"Kiribati",2029,96,0.46341074,0.42065711,0.42948142
296,"Kiribati",2029,97,0.49165087,0.44749824,0.45620526
296,"Kiribati",2029,98,0.52013322,0.47495279,0.4845448
296,"Kiribati",2029,99,0.54855029,0.50280421,0.51307624
296,"Kiribati",2029,100,0.60196075,0.56517054,0.57279356
296,"Kiribati",2030,0,0.04513084,0.03359401,0.03953508
296,"Kiribati",2030,1,0.00411942,0.00378074,0.00395491
296,"Kiribati",2030,2,0.00312187,0.00271314,0.00292328
296,"Kiribati",2030,3,0.00238039,0.00196444,0.00217824
296,"Kiribati",2030,4,0.00183867,0.00144917,0.00164933
296,"Kiribati",2030,5,0.00144976,0.00110085,0.00128012
296,"Kiribati",2030,6,0.00117679,0.00087062,0.00102794
296,"Kiribati",2030,7,0.00099088,0.00072343,0.00086088
296,"Kiribati",2030,8,0.00086968,0.00063384,0.00075508
296,"Kiribati",2030,9,0.00079838,0.00058618,0.00069515
296,"Kiribati",2030,10,0.00076711,0.00057003,0.00067116
296,"Kiribati",2030,11,0.00077092,0.00057981,0.00067772
296,"Kiribati",2030,12,0.00080733,0.00061212,0.00071172
296,"Kiribati",2030,13,0.00087644,0.00066512,0.00077252
296,"Kiribati",2030,14,0.00097797,0.00073691,0.00085901
296,"Kiribati",2030,15,0.0011109,0.00082459,0.00096919
296,"Kiribati",2030,16,0.00127035,0.00092355,0.00109804
296,"Kiribati",2030,17,0.00144652,0.00102682,0.00123691
296,"Kiribati",2030,18,0.0016267,0.00112786,0.00137602
296,"Kiribati",2030,19,0.00179468,0.00122019,0.0015039
296,"Kiribati",2030,20,0.00193712,0.00130139,0.00161293
296,"Kiribati",2030,21,0.00204366,0.00137171,0.00169936
296,"Kiribati",2030,22,0.00211072,0.00143285,0.00176331
296,"Kiribati",2030,23,0.00214058,0.00148796,0.001807
296,"Kiribati",2030,24,0.00214268,0.0015396,0.00183632
296,"Kiribati",2030,25,0.00212942,0.00159014,0.00185747
296,"Kiribati",2030,26,0.00211472,0.00164191,0.00187791
296,"Kiribati",2030,27,0.00211035,0.00169562,0.00190383
296,"Kiribati",2030,28,0.00212313,0.00175244,0.00193935
296,"Kiribati",2030,29,0.00215758,0.00181354,0.00198686
296,"Kiribati",2030,30,0.00221347,0.00187997,0.00204672
296,"Kiribati",2030,31,0.00228952,0.00195364,0.00212034
296,"Kiribati",2030,32,0.00238282,0.0020346,0.00220638
296,"Kiribati",2030,33,0.00249088,0.00212369,0.00230351
296,"Kiribati",2030,34,0.00261307,0.00222145,0.0024117
296,"Kiribati",2030,35,0.00274976,0.00232837,0.00253193
296,"Kiribati",2030,36,0.00290322,0.00244553,0.00266576
296,"Kiribati",2030,37,0.00307582,0.00257292,0.00281386
296,"Kiribati",2030,38,0.00327057,0.00271169,0.00297844
296,"Kiribati",2030,39,0.00349076,0.00286352,0.0031622
296,"Kiribati",2030,40,0.00373966,0.00303088,0.00336682
296,"Kiribati",2030,41,0.0040206,0.00321685,0.00359593
296,"Kiribati",2030,42,0.00433689,0.00342479,0.00385432
296,"Kiribati",2030,43,0.00469173,0.00365822,0.00414487
296,"Kiribati",2030,44,0.00508787,0.0039201,0.0044698
296,"Kiribati",2030,45,0.00552762,0.00421307,0.00483209
296,"Kiribati",2030,46,0.00601212,0.00453786,0.00523288
296,"Kiribati",2030,47,0.0065442,0.00489697,0.00567295
296,"Kiribati",2030,48,0.0071271,0.0052914,0.00615667
296,"Kiribati",2030,49,0.00776532,0.00572163,0.00668429
296,"Kiribati",2030,50,0.00846552,0.0061879,0.00725903
296,"Kiribati",2030,51,0.00923412,0.00668727,0.00787983
296,"Kiribati",2030,52,0.01008265,0.00722399,0.00856101
296,"Kiribati",2030,53,0.011021,0.00780182,0.0093129
296,"Kiribati",2030,54,0.01205758,0.00842875,0.01011779
296,"Kiribati",2030,55,0.01319879,0.00911771,0.01099506
296,"Kiribati",2030,56,0.01444509,0.00987976,0.01195646
296,"Kiribati",2030,57,0.01580371,0.01073907,0.01301402
296,"Kiribati",2030,58,0.01727934,0.01171413,0.0141863
296,"Kiribati",2030,59,0.01887872,0.01282109,0.01549154
296,"Kiribati",2030,60,0.02061194,0.01407244,0.01695247
296,"Kiribati",2030,61,0.02248677,0.01546736,0.01856766
296,"Kiribati",2030,62,0.02452665,0.01702035,0.0203563
296,"Kiribati",2030,63,0.02675308,0.01874242,0.02230883
296,"Kiribati",2030,64,0.02919084,0.02065335,0.02443287
296,"Kiribati",2030,65,0.03186838,0.02278642,0.02677663
296,"Kiribati",2030,66,0.03480906,0.02517334,0.02935888
296,"Kiribati",2030,67,0.03805434,0.02787271,0.03224338
296,"Kiribati",2030,68,0.04164077,0.03093248,0.03549827
296,"Kiribati",2030,69,0.04560564,0.03438942,0.03912533
296,"Kiribati",2030,70,0.04998723,0.03826877,0.04316186
296,"Kiribati",2030,71,0.05481455,0.04256355,0.0476212
296,"Kiribati",2030,72,0.0601342,0.04728761,0.05252525
296,"Kiribati",2030,73,0.06598804,0.05246071,0.05790753
296,"Kiribati",2030,74,0.07242151,0.058131,0.0637214
296,"Kiribati",2030,75,0.07948517,0.06440375,0.07009836
296,"Kiribati",2030,76,0.08722877,0.07140204,0.07724489
296,"Kiribati",2030,77,0.09572416,0.07928942,0.08526078
296,"Kiribati",2030,78,0.1050483,0.08820556,0.09421385
296,"Kiribati",2030,79,0.11529437,0.09821458,0.10425285
296,"Kiribati",2030,80,0.12656713,0.10931936,0.1154518
296,"Kiribati",2030,81,0.13897756,0.12140576,0.12766128
296,"Kiribati",2030,82,0.15263827,0.1343394,0.14074357
296,"Kiribati",2030,83,0.16762549,0.14802735,0.15471088
296,"Kiribati",2030,84,0.18398092,0.16243201,0.16959133
296,"Kiribati",2030,85,0.20167684,0.17768385,0.18546248
296,"Kiribati",2030,86,0.22064357,0.19397106,0.20248314
296,"Kiribati",2030,87,0.24078556,0.21151191,0.22068981
296,"Kiribati",2030,88,0.26199024,0.23049017,0.24010471
296,"Kiribati",2030,89,0.28417957,0.25090958,0.26061032
296,"Kiribati",2030,90,0.30728192,0.27267695,0.28224864
296,"Kiribati",2030,91,0.33126182,0.29555197,0.30492349
296,"Kiribati",2030,92,0.35608523,0.319251,0.32818437
296,"Kiribati",2030,93,0.38171579,0.34360015,0.35216005
296,"Kiribati",2030,94,0.40811049,0.36847966,0.37704597
296,"Kiribati",2030,95,0.43520733,0.39392525,0.40237796
296,"Kiribati",2030,96,0.46299375,0.42012034,0.42875117
296,"Kiribati",2030,97,0.49124075,0.44697622,0.45578776
296,"Kiribati",2030,98,0.51973318,0.47445037,0.4830481
296,"Kiribati",2030,99,0.54816392,0.50232662,0.51169325
296,"Kiribati",2030,100,0.60162322,0.56470953,0.57238172
296,"Kiribati",2031,0,0.04445097,0.03278618,0.03879249
296,"Kiribati",2031,1,0.00405786,0.00368922,0.00387878
296,"Kiribati",2031,2,0.00307634,0.00264892,0.00286865
296,"Kiribati",2031,3,0.00234653,0.00191898,0.00213871
296,"Kiribati",2031,4,0.00181315,0.00141638,0.00162025
296,"Kiribati",2031,5,0.00143012,0.00107648,0.00125816
296,"Kiribati",2031,6,0.00116117,0.0008517,0.00101066
296,"Kiribati",2031,7,0.00097797,0.00070797,0.00084667
296,"Kiribati",2031,8,0.00085854,0.0006205,0.00074281
296,"Kiribati",2031,9,0.00078831,0.00057402,0.00068415
296,"Kiribati",2031,10,0.00075759,0.00055836,0.00066065
296,"Kiribati",2031,11,0.0007615,0.00056809,0.00066731
296,"Kiribati",2031,12,0.00079762,0.0005999,0.00070118
296,"Kiribati",2031,13,0.00086609,0.00065204,0.00076123
296,"Kiribati",2031,14,0.00096665,0.00072263,0.00084662
296,"Kiribati",2031,15,0.0010983,0.00080887,0.00095544
296,"Kiribati",2031,16,0.00125623,0.00090621,0.00108293
296,"Kiribati",2031,17,0.00143074,0.00100783,0.00122054
296,"Kiribati",2031,18,0.00160926,0.00110733,0.00135846
296,"Kiribati",2031,19,0.00177575,0.00119833,0.00148539
296,"Kiribati",2031,20,0.00191699,0.00127845,0.00159353
296,"Kiribati",2031,21,0.00202273,0.00134791,0.00167826
296,"Kiribati",2031,22,0.00208942,0.00140839,0.00174009
296,"Kiribati",2031,23,0.00211931,0.00146298,0.00178256
296,"Kiribati",2031,24,0.00212173,0.00151417,0.00181084
296,"Kiribati",2031,25,0.00210896,0.00156432,0.001832
296,"Kiribati",2031,26,0.00209482,0.00161576,0.00185301
296,"Kiribati",2031,27,0.00209091,0.00166913,0.00187948
296,"Kiribati",2031,28,0.002104,0.00172559,0.00191543
296,"Kiribati",2031,29,0.00213856,0.00178631,0.00196382
296,"Kiribati",2031,30,0.0021944,0.00185231,0.00202455
296,"Kiribati",2031,31,0.0022703,0.00192557,0.00209784
296,"Kiribati",2031,32,0.00236333,0.00200609,0.0021833
296,"Kiribati",2031,33,0.00247105,0.0020947,0.00228026
296,"Kiribati",2031,34,0.00259285,0.00219195,0.00238817
296,"Kiribati",2031,35,0.00272909,0.00229832,0.00250747
296,"Kiribati",2031,36,0.00288208,0.00241493,0.00264047
296,"Kiribati",2031,37,0.00305418,0.00254174,0.00278817
296,"Kiribati",2031,38,0.00324835,0.0026799,0.00295208
296,"Kiribati",2031,39,0.00346793,0.00283108,0.00313485
296,"Kiribati",2031,40,0.00371616,0.00299773,0.00333961
296,"Kiribati",2031,41,0.00399636,0.00318291,0.00356818
296,"Kiribati",2031,42,0.00431186,0.00338999,0.00382445
296,"Kiribati",2031,43,0.00466588,0.00362248,0.00411345
296,"Kiribati",2031,44,0.00506118,0.00388336,0.00443749
296,"Kiribati",2031,45,0.00550008,0.00417524,0.00479829
296,"Kiribati",2031,46,0.00598358,0.00449872,0.00519724
296,"Kiribati",2031,47,0.00651467,0.00485644,0.00563735
296,"Kiribati",2031,48,0.00709656,0.00524939,0.00611854
296,"Kiribati",2031,49,0.00773379,0.00567809,0.00664582
296,"Kiribati",2031,50,0.00843304,0.00614282,0.0072201
296,"Kiribati",2031,51,0.0092004,0.00664034,0.00784245
296,"Kiribati",2031,52,0.01004772,0.00717524,0.00851797
296,"Kiribati",2031,53,0.01098491,0.00775128,0.0092608
296,"Kiribati",2031,54,0.01202039,0.00837646,0.01008334
296,"Kiribati",2031,55,0.0131606,0.00906365,0.01096607
296,"Kiribati",2031,56,0.01440545,0.00982328,0.01192552
296,"Kiribati",2031,57,0.01576265,0.01067992,0.01298509
296,"Kiribati",2031,58,0.0172369,0.01165199,0.01415234
296,"Kiribati",2031,59,0.01883497,0.01275564,0.0154464
296,"Kiribati",2031,60,0.02056697,0.01400338,0.01688552
296,"Kiribati",2031,61,0.02243985,0.01539363,0.01848381
296,"Kiribati",2031,62,0.02447783,0.01694168,0.02025545
296,"Kiribati",2031,63,0.02670243,0.0186586,0.02221675
296,"Kiribati",2031,64,0.02913848,0.02056418,0.02436265
296,"Kiribati",2031,65,0.03181443,0.02269166,0.02670894
296,"Kiribati",2031,66,0.03475254,0.02507146,0.02930085
296,"Kiribati",2031,67,0.03799518,0.02776296,0.03218069
296,"Kiribati",2031,68,0.04157886,0.03081397,0.03540512
296,"Kiribati",2031,69,0.04554087,0.03426118,0.03903764
296,"Kiribati",2031,70,0.04991948,0.03812985,0.04307163
296,"Kiribati",2031,71,0.05474253,0.04241176,0.04752061
296,"Kiribati",2031,72,0.06005763,0.04712198,0.05241805
296,"Kiribati",2031,73,0.06590665,0.05228035,0.05778644
296,"Kiribati",2031,74,0.07233507,0.05793499,0.06367756
296,"Kiribati",2031,75,0.07939349,0.06419093,0.07007531
296,"Kiribati",2031,76,0.08713079,0.07116988,0.07713263
296,"Kiribati",2031,77,0.09561961,0.07903588,0.08509582
296,"Kiribati",2031,78,0.10493693,0.08792829,0.09404259
296,"Kiribati",2031,79,0.11517591,0.09791115,0.10400263
296,"Kiribati",2031,80,0.12644129,0.10898749,0.1150893
296,"Kiribati",2031,81,0.13884386,0.12104344,0.12730108
296,"Kiribati",2031,82,0.15249633,0.13394526,0.1404728
296,"Kiribati",2031,83,0.16747494,0.14760039,0.15447003
296,"Kiribati",2031,84,0.18382143,0.1619714,0.16932159
296,"Kiribati",2031,85,0.20150823,0.1771885,0.18514525
296,"Kiribati",2031,86,0.22046663,0.19344055,0.20205216
296,"Kiribati",2031,87,0.24060061,0.21094455,0.22022792
296,"Kiribati",2031,88,0.26179781,0.22988397,0.23967979
296,"Kiribati",2031,89,0.28398037,0.2502628,0.26032077
296,"Kiribati",2031,90,0.30707683,0.27198826,0.28197063
296,"Kiribati",2031,91,0.33105353,0.29482301,0.30458591
296,"Kiribati",2031,92,0.35587508,0.31848231,0.32802856
296,"Kiribati",2031,93,0.38150518,0.3427927,0.3519099
296,"Kiribati",2031,94,0.40790082,0.36763472,0.37639884
296,"Kiribati",2031,95,0.43499998,0.39304399,0.40181763
296,"Kiribati",2031,96,0.46280389,0.4192223,0.42783798
296,"Kiribati",2031,97,0.49107149,0.44606483,0.45479805
296,"Kiribati",2031,98,0.51958775,0.47352929,0.48235453
296,"Kiribati",2031,99,0.54804584,0.50140004,0.50991231
296,"Kiribati",2031,100,0.60156514,0.56376983,0.5712785
296,"Kiribati",2032,0,0.04384501,0.03196718,0.03808276
296,"Kiribati",2032,1,0.0040021,0.00359688,0.00380522
296,"Kiribati",2032,2,0.00303508,0.00258411,0.00281592
296,"Kiribati",2032,3,0.00231583,0.00187311,0.00210062
296,"Kiribati",2032,4,0.00179,0.0013833,0.00159225
296,"Kiribati",2032,5,0.0014123,0.0010519,0.00123702
296,"Kiribati",2032,6,0.00114698,0.00083263,0.00099407
296,"Kiribati",2032,7,0.00096623,0.00069239,0.00083301
296,"Kiribati",2032,8,0.0008484,0.00060707,0.00073101
296,"Kiribati",2032,9,0.00077913,0.00056177,0.00067343
296,"Kiribati",2032,10,0.00074888,0.00054662,0.00065055
296,"Kiribati",2032,11,0.00075286,0.00055631,0.0006572
296,"Kiribati",2032,12,0.0007887,0.00058764,0.00069077
296,"Kiribati",2032,13,0.00085657,0.00063891,0.00075038
296,"Kiribati",2032,14,0.00095621,0.0007083,0.00083475
296,"Kiribati",2032,15,0.00108668,0.00079311,0.00094225
296,"Kiribati",2032,16,0.00124318,0.00088884,0.00106823
296,"Kiribati",2032,17,0.00141614,0.00098883,0.00120451
296,"Kiribati",2032,18,0.0015931,0.00108681,0.00134133
296,"Kiribati",2032,19,0.00175816,0.00117649,0.00146733
296,"Kiribati",2032,20,0.00189824,0.00125555,0.00157481
296,"Kiribati",2032,21,0.00200317,0.00132417,0.0016589
296,"Kiribati",2032,22,0.00206945,0.00138401,0.0017192
296,"Kiribati",2032,23,0.00209931,0.0014381,0.00175978
296,"Kiribati",2032,24,0.00210198,0.00148889,0.00178708
296,"Kiribati",2032,25,0.00208962,0.00153868,0.00180741
296,"Kiribati",2032,26,0.00207595,0.00158982,0.0018285
296,"Kiribati",2032,27,0.00207241,0.00164288,0.00185541
296,"Kiribati",2032,28,0.00208573,0.00169903,0.00189173
296,"Kiribati",2032,29,0.00212035,0.0017594,0.00194035
296,"Kiribati",2032,30,0.00217606,0.00182502,0.00200181
296,"Kiribati",2032,31,0.00225173,0.00189793,0.00207597
296,"Kiribati",2032,32,0.00234443,0.00197807,0.00216105
296,"Kiribati",2032,33,0.00245173,0.00206626,0.00225737
296,"Kiribati",2032,34,0.00257303,0.00216307,0.00236509
296,"Kiribati",2032,35,0.00270872,0.00226897,0.00248409
296,"Kiribati",2032,36,0.00286114,0.00238513,0.00261611
296,"Kiribati",2032,37,0.00303258,0.00251147,0.00276291
296,"Kiribati",2032,38,0.00322605,0.00264913,0.0029264
296,"Kiribati",2032,39,0.00344484,0.00279978,0.00310844
296,"Kiribati",2032,40,0.00369223,0.00296587,0.00331211
296,"Kiribati",2032,41,0.00397148,0.00315041,0.00354086
296,"Kiribati",2032,42,0.00428598,0.00335681,0.00379656
296,"Kiribati",2032,43,0.00463892,0.00358856,0.00408317
296,"Kiribati",2032,44,0.00503307,0.00384866,0.00440549
296,"Kiribati",2032,45,0.00547077,0.00413972,0.00476535
296,"Kiribati",2032,46,0.00595291,0.00446217,0.00516254
296,"Kiribati",2032,47,0.00648257,0.00481881,0.00560064
296,"Kiribati",2032,48,0.00706297,0.00521065,0.00608194
296,"Kiribati",2032,49,0.00769865,0.00563822,0.00660647
296,"Kiribati",2032,50,0.00839629,0.00610186,0.00718047
296,"Kiribati",2032,51,0.00916175,0.00659801,0.00780212
296,"Kiribati",2032,52,0.0100071,0.0071316,0.00847955
296,"Kiribati",2032,53,0.01094226,0.00770644,0.00921616
296,"Kiribati",2032,54,0.01197568,0.00833049,0.01002855
296,"Kiribati",2032,55,0.01311379,0.00901663,0.01093134
296,"Kiribati",2032,56,0.01435606,0.00977459,0.01189643
296,"Kiribati",2032,57,0.01571057,0.0106294,0.01295373
296,"Kiribati",2032,58,0.01718202,0.01159947,0.01412307
296,"Kiribati",2032,59,0.01877719,0.01270093,0.01541148
296,"Kiribati",2032,60,0.02050619,0.01394635,0.01683843
296,"Kiribati",2032,61,0.02237534,0.0153333,0.01841249
296,"Kiribati",2032,62,0.02440942,0.01687795,0.02016613
296,"Kiribati",2032,63,0.02663,0.01859145,0.02210938
296,"Kiribati",2032,64,0.0290619,0.02049363,0.02426485
296,"Kiribati",2032,65,0.03173355,0.02261768,0.02663475
296,"Kiribati",2032,66,0.0346663,0.02499271,0.02922855
296,"Kiribati",2032,67,0.03790319,0.02767902,0.03211881
296,"Kiribati",2032,68,0.04148064,0.0307243,0.0353385
296,"Kiribati",2032,69,0.0454359,0.03416525,0.03893927
296,"Kiribati",2032,70,0.0498072,0.03802716,0.04297946
296,"Kiribati",2032,71,0.05462138,0.04230046,0.04742532
296,"Kiribati",2032,72,0.05992682,0.04700155,0.05231284
296,"Kiribati",2032,73,0.06576537,0.05215034,0.05767555
296,"Kiribati",2032,74,0.07218249,0.05779501,0.0635535
296,"Kiribati",2032,75,0.07922878,0.06404047,0.07003519
296,"Kiribati",2032,76,0.08695236,0.07100703,0.07711499
296,"Kiribati",2032,77,0.09542645,0.0788595,0.0849858
296,"Kiribati",2032,78,0.10472797,0.08773707,0.09387985
296,"Kiribati",2032,79,0.11494997,0.09770379,0.10383566
296,"Kiribati",2032,80,0.12619708,0.10876284,0.11484523
296,"Kiribati",2032,81,0.1385798,0.12080046,0.12694503
296,"Kiribati",2032,82,0.15221078,0.13368352,0.14012016
296,"Kiribati",2032,83,0.16716618,0.14731967,0.15421643
296,"Kiribati",2032,84,0.18348777,0.16167168,0.16910999
296,"Kiribati",2032,85,0.20114809,0.1768696,0.18491227
296,"Kiribati",2032,86,0.22007933,0.19310326,0.20177744
296,"Kiribati",2032,87,0.24018519,0.21058853,0.21983789
296,"Kiribati",2032,88,0.26135363,0.2295088,0.239267
296,"Kiribati",2032,89,0.28350702,0.24986828,0.25995872
296,"Kiribati",2032,90,0.30657414,0.27157456,0.28176226
296,"Kiribati",2032,91,0.33052285,0.29439327,0.30440822
296,"Kiribati",2032,92,0.35531672,0.31803807,0.32781122
296,"Kiribati",2032,93,0.3809195,0.34233581,0.35190415
296,"Kiribati",2032,94,0.40728823,0.36716719,0.37632731
296,"Kiribati",2032,95,0.43436084,0.39256779,0.40136703
296,"Kiribati",2032,96,0.46214973,0.41875981,0.42752009
296,"Kiribati",2032,97,0.49040427,0.44562064,0.45415128
296,"Kiribati",2032,98,0.5189098,0.47310818,0.48165874
296,"Kiribati",2032,99,0.54736009,0.50100716,0.5095426
296,"Kiribati",2032,100,0.60090842,0.56339996,0.57028955
296,"Kiribati",2033,0,0.04316193,0.03118935,0.03735346
296,"Kiribati",2033,1,0.00393942,0.00350678,0.0037292
296,"Kiribati",2033,2,0.00298871,0.00252093,0.00276134
296,"Kiribati",2033,3,0.00228133,0.00182842,0.00206113
296,"Kiribati",2033,4,0.001764,0.00135108,0.00156321
296,"Kiribati",2033,5,0.00139227,0.00102797,0.00121507
296,"Kiribati",2033,6,0.00113105,0.00081404,0.00097683
296,"Kiribati",2033,7,0.00095305,0.0006772,0.00081884
296,"Kiribati",2033,8,0.00083701,0.00059395,0.00071874
296,"Kiribati",2033,9,0.00076882,0.00054979,0.00066226
296,"Kiribati",2033,10,0.00073911,0.0005351,0.00063988
296,"Kiribati",2033,11,0.00074318,0.00054472,0.00064668
296,"Kiribati",2033,12,0.00077872,0.00057554,0.00067982
296,"Kiribati",2033,13,0.00084591,0.00062593,0.00073875
296,"Kiribati",2033,14,0.00094455,0.00069412,0.00082235
296,"Kiribati",2033,15,0.00107369,0.00077747,0.00092852
296,"Kiribati",2033,16,0.00122861,0.00087158,0.00105291
296,"Kiribati",2033,17,0.00139984,0.00096993,0.0011875
296,"Kiribati",2033,18,0.00157507,0.00106635,0.00132299
296,"Kiribati",2033,19,0.00173855,0.00115468,0.00144802
296,"Kiribati",2033,20,0.00187735,0.00123263,0.00155474
296,"Kiribati",2033,21,0.00198139,0.00130037,0.00163835
296,"Kiribati",2033,22,0.00204723,0.00135951,0.00169819
296,"Kiribati",2033,23,0.00207707,0.00141305,0.00173741
296,"Kiribati",2033,24,0.00208004,0.00146337,0.00176305
296,"Kiribati",2033,25,0.00206815,0.00151273,0.00178258
296,"Kiribati",2033,26,0.00205502,0.00156349,0.00180299
296,"Kiribati",2033,27,0.00205192,0.00161618,0.00182992
296,"Kiribati",2033,28,0.00206552,0.00167192,0.00186651
296,"Kiribati",2033,29,0.00210022,0.00173185,0.00191528
296,"Kiribati",2033,30,0.00215583,0.001797,0.00197678
296,"Kiribati",2033,31,0.00223129,0.00186944,0.00205158
296,"Kiribati",2033,32,0.00232364,0.00194908,0.00213747
296,"Kiribati",2033,33,0.00243051,0.00203673,0.0022333
296,"Kiribati",2033,34,0.00255131,0.00213296,0.00234026
296,"Kiribati",2033,35,0.00268643,0.00223825,0.00245899
296,"Kiribati",2033,36,0.00283826,0.0023538,0.00259066
296,"Kiribati",2033,37,0.00300905,0.00247949,0.00273631
296,"Kiribati",2033,38,0.0032018,0.00261646,0.00289872
296,"Kiribati",2033,39,0.00341981,0.00276636,0.00308021
296,"Kiribati",2033,40,0.00366635,0.00293164,0.00328297
296,"Kiribati",2033,41,0.00394466,0.00311528,0.00351036
296,"Kiribati",2033,42,0.00425816,0.0033207,0.00376617
296,"Kiribati",2033,43,0.00461004,0.0035514,0.00405202
296,"Kiribati",2033,44,0.00500309,0.00381036,0.00437152
296,"Kiribati",2033,45,0.00543965,0.00410019,0.00472931
296,"Kiribati",2033,46,0.00592047,0.00442117,0.00512517
296,"Kiribati",2033,47,0.00644877,0.00477623,0.00556114
296,"Kiribati",2033,48,0.00702776,0.00516637,0.00604004
296,"Kiribati",2033,49,0.00766201,0.00559216,0.00656453
296,"Kiribati",2033,50,0.0083582,0.00605397,0.00713528
296,"Kiribati",2033,51,0.0091219,0.00654799,0.00775613
296,"Kiribati",2033,52,0.00996545,0.00707944,0.00843261
296,"Kiribati",2033,53,0.01089881,0.00765215,0.00917123
296,"Kiribati",2033,54,0.01193042,0.00827409,0.00997642
296,"Kiribati",2033,55,0.01306676,0.00895805,0.01086754
296,"Kiribati",2033,56,0.01430676,0.00971318,0.01185431
296,"Kiribati",2033,57,0.01565895,0.01056484,0.01291725
296,"Kiribati",2033,58,0.01712802,0.01153135,0.01408321
296,"Kiribati",2033,59,0.01872076,0.01262884,0.01537289
296,"Kiribati",2033,60,0.02044733,0.01386991,0.0167926
296,"Kiribati",2033,61,0.02231324,0.0152514,0.01835165
296,"Kiribati",2033,62,0.02434402,0.01679024,0.02007822
296,"Kiribati",2033,63,0.02656125,0.01849765,0.02200121
296,"Kiribati",2033,64,0.02898978,0.02039346,0.02413638
296,"Kiribati",2033,65,0.03165805,0.0225108,0.02651534
296,"Kiribati",2033,66,0.03458631,0.02487753,0.02913171
296,"Kiribati",2033,67,0.03781842,0.02755463,0.03202189
296,"Kiribati",2033,68,0.04139077,0.03058961,0.03524995
296,"Kiribati",2033,69,0.04534055,0.03401906,0.03884265
296,"Kiribati",2033,70,0.04970596,0.03786828,0.04284622
296,"Kiribati",2033,71,0.05451269,0.04212652,0.04729381
296,"Kiribati",2033,72,0.05981007,0.04681138,0.0521741
296,"Kiribati",2033,73,0.06563993,0.05194283,0.05752207
296,"Kiribati",2033,74,0.07204776,0.05756901,0.06338931
296,"Kiribati",2033,75,0.07908416,0.06379458,0.06985159
296,"Kiribati",2033,76,0.0867964,0.07073844,0.07701176
296,"Kiribati",2033,77,0.09525842,0.07856579,0.08489584
296,"Kiribati",2033,78,0.1045471,0.08741541,0.09368348
296,"Kiribati",2033,79,0.11475546,0.09735128,0.1035746
296,"Kiribati",2033,80,0.12598802,0.10837672,0.11456828
296,"Kiribati",2033,81,0.13835502,0.1203783,0.12657785
296,"Kiribati",2033,82,0.15196914,0.13322359,0.13962489
296,"Kiribati",2033,83,0.16690649,0.14682066,0.15371117
296,"Kiribati",2033,84,0.18320886,0.16113244,0.16869961
296,"Kiribati",2033,85,0.20084895,0.17628868,0.18453526
296,"Kiribati",2033,86,0.21975993,0.19247976,0.20136168
296,"Kiribati",2033,87,0.23984514,0.2099202,0.21935751
296,"Kiribati",2033,88,0.26099282,0.22879307,0.2386425
296,"Kiribati",2033,89,0.28312559,0.24910277,0.25929004
296,"Kiribati",2033,90,0.30617244,0.27075737,0.28112294
296,"Kiribati",2033,91,0.33010304,0.2935255,0.30390061
296,"Kiribati",2033,92,0.35487968,0.3171199,0.32730467
296,"Kiribati",2033,93,0.38046618,0.34136791,0.35132583
296,"Kiribati",2033,94,0.40681958,0.36615054,0.37593103
296,"Kiribati",2033,95,0.43387775,0.39150327,0.40086439
296,"Kiribati",2033,96,0.4616664,0.4176658,0.42660903
296,"Kiribati",2033,97,0.48992334,0.44450009,0.45333665
296,"Kiribati",2033,98,0.5184342,0.47196429,0.48047788
296,"Kiribati",2033,99,0.54689328,0.49984375,0.50828127
296,"Kiribati",2033,100,0.60049077,0.56221166,0.56897429
296,"Kiribati",2034,0,0.04257786,0.03040253,0.03667086
296,"Kiribati",2034,1,0.00388488,0.00341507,0.00365658
296,"Kiribati",2034,2,0.00294839,0.00245671,0.00270938
296,"Kiribati",2034,3,0.00225136,0.00178306,0.00202364
296,"Kiribati",2034,4,0.00174143,0.00131843,0.0015357
296,"Kiribati",2034,5,0.0013749,0.00100374,0.00119435
296,"Kiribati",2034,6,0.00111723,0.00079526,0.00096057
296,"Kiribati",2034,7,0.00094162,0.00066186,0.00080548
296,"Kiribati",2034,8,0.00082713,0.00058071,0.00070721
296,"Kiribati",2034,9,0.00075987,0.00053771,0.00065175
296,"Kiribati",2034,10,0.00073062,0.00052349,0.00062983
296,"Kiribati",2034,11,0.00073475,0.00053305,0.00063662
296,"Kiribati",2034,12,0.00077001,0.00056337,0.00066951
296,"Kiribati",2034,13,0.00083661,0.00061287,0.00072768
296,"Kiribati",2034,14,0.00093436,0.00067987,0.00081036
296,"Kiribati",2034,15,0.00106235,0.00076177,0.00091565
296,"Kiribati",2034,16,0.00121588,0.00085425,0.00103861
296,"Kiribati",2034,17,0.0013856,0.00095097,0.00117164
296,"Kiribati",2034,18,0.0015593,0.00104586,0.00130558
296,"Kiribati",2034,19,0.00172138,0.00113287,0.00142957
296,"Kiribati",2034,20,0.00185901,0.00120973,0.00153567
296,"Kiribati",2034,21,0.00196223,0.0012766,0.00161885
296,"Kiribati",2034,22,0.00202764,0.00133509,0.00167845
296,"Kiribati",2034,23,0.00205742,0.0013881,0.00171737
296,"Kiribati",2034,24,0.00206062,0.00143798,0.00174179
296,"Kiribati",2034,25,0.00204912,0.00148696,0.00175984
296,"Kiribati",2034,26,0.00203643,0.00153739,0.00177958
296,"Kiribati",2034,27,0.00203369,0.00158973,0.00180584
296,"Kiribati",2034,28,0.00204751,0.00164512,0.00184232
296,"Kiribati",2034,29,0.00208224,0.00170466,0.00189118
296,"Kiribati",2034,30,0.00213772,0.00176939,0.00195267
296,"Kiribati",2034,31,0.00221294,0.00184143,0.00202744
296,"Kiribati",2034,32,0.00230493,0.00192063,0.00211396
296,"Kiribati",2034,33,0.00241136,0.00200782,0.00221068
296,"Kiribati",2034,34,0.00253165,0.00210357,0.00231716
296,"Kiribati",2034,35,0.0026662,0.00220835,0.0024351
296,"Kiribati",2034,36,0.00281741,0.00232342,0.00256659
296,"Kiribati",2034,37,0.00298754,0.00244859,0.00271195
296,"Kiribati",2034,38,0.00317956,0.00258501,0.00287318
296,"Kiribati",2034,39,0.00339677,0.00273433,0.00305357
296,"Kiribati",2034,40,0.00364244,0.002899,0.00325583
296,"Kiribati",2034,41,0.00391981,0.00308194,0.00348231
296,"Kiribati",2034,42,0.00423228,0.00328662,0.00373675
296,"Kiribati",2034,43,0.00458309,0.00351653,0.00402293
296,"Kiribati",2034,44,0.00497499,0.00377465,0.00434178
296,"Kiribati",2034,45,0.00541034,0.00406359,0.00469661
296,"Kiribati",2034,46,0.00588981,0.00438349,0.00509026
296,"Kiribati",2034,47,0.00641667,0.00473737,0.00552501
296,"Kiribati",2034,48,0.00699416,0.00512629,0.00600183
296,"Kiribati",2034,49,0.00762684,0.00555082,0.00652396
296,"Kiribati",2034,50,0.00832139,0.00601136,0.00709504
296,"Kiribati",2034,51,0.00908318,0.00650383,0.00771238
296,"Kiribati",2034,52,0.00992474,0.00703379,0.00838845
296,"Kiribati",2034,53,0.01085605,0.0076051,0.00912652
296,"Kiribati",2034,54,0.01188559,0.00822573,0.00993455
296,"Kiribati",2034,55,0.01301981,0.00890841,0.01081812
296,"Kiribati",2034,56,0.01425724,0.00966165,0.01179181
296,"Kiribati",2034,57,0.01560673,0.01051123,0.01287948
296,"Kiribati",2034,58,0.01707299,0.01147542,0.01405206
296,"Kiribati",2034,59,0.01866279,0.01257034,0.01533842
296,"Kiribati",2034,60,0.02038631,0.01380864,0.01676002
296,"Kiribati",2034,61,0.02224843,0.01518638,0.0183112
296,"Kiribati",2034,62,0.02427528,0.01672135,0.02002256
296,"Kiribati",2034,63,0.02648845,0.01842487,0.02191766
296,"Kiribati",2034,64,0.0289128,0.0203168,0.02403238
296,"Kiribati",2034,65,0.03157674,0.02243023,0.02639099
296,"Kiribati",2034,66,0.03449967,0.02479171,0.02901739
296,"Kiribati",2034,67,0.03772606,0.02746308,0.03193296
296,"Kiribati",2034,68,0.04129222,0.03049172,0.03516248
296,"Kiribati",2034,69,0.04523527,0.03391416,0.03876567
296,"Kiribati",2034,70,0.04959336,0.03775573,0.04276284
296,"Kiribati",2034,71,0.05439126,0.04200443,0.04717338
296,"Kiribati",2034,72,0.059679,0.04667913,0.05205833
296,"Kiribati",2034,73,0.06549842,0.05179995,0.05740217
296,"Kiribati",2034,74,0.07189499,0.05741506,0.06325776
296,"Kiribati",2034,75,0.07891929,0.06362898,0.06971299
296,"Kiribati",2034,76,0.08661792,0.07055931,0.07685615
296,"Kiribati",2034,77,0.09506535,0.0783719,0.0848286
296,"Kiribati",2034,78,0.10433842,0.08720536,0.09363442
296,"Kiribati",2034,79,0.11453007,0.09712368,0.10342272
296,"Kiribati",2034,80,0.12574468,0.10813032,0.11435812
296,"Kiribati",2034,81,0.13809221,0.12011202,0.12636051
296,"Kiribati",2034,82,0.1516853,0.13293694,0.13932505
296,"Kiribati",2034,83,0.16659999,0.14651341,0.15328526
296,"Kiribati",2034,84,0.18287804,0.16080454,0.1682725
296,"Kiribati",2034,85,0.20049231,0.17593993,0.1842274
296,"Kiribati",2034,86,0.21937683,0.19211086,0.20110901
296,"Kiribati",2034,87,0.23943469,0.20953073,0.21907975
296,"Kiribati",2034,88,0.26055443,0.22838256,0.2383131
296,"Kiribati",2034,89,0.28265894,0.24867098,0.25882835
296,"Kiribati",2034,90,0.30567745,0.27030445,0.28063755
296,"Kiribati",2034,91,0.32958112,0.29305448,0.30347156
296,"Kiribati",2034,92,0.35433124,0.31663232,0.32703834
296,"Kiribati",2034,93,0.37989168,0.3408656,0.35109325
296,"Kiribati",2034,94,0.40621946,0.36563547,0.37566025
296,"Kiribati",2034,95,0.43325238,0.39097733,0.40081791
296,"Kiribati",2034,96,0.46102683,0.41715049,0.42651037
296,"Kiribati",2034,97,0.48927138,0.44399978,0.45286491
296,"Kiribati",2034,98,0.51777203,0.47148352,0.48014415
296,"Kiribati",2034,99,0.54622374,0.49938742,0.50762723
296,"Kiribati",2034,100,0.59985139,0.56177549,0.56828205
296,"Kiribati",2035,0,0.04196521,0.0296382,0.03598481
296,"Kiribati",2035,1,0.0038278,0.00332484,0.00358338
296,"Kiribati",2035,2,0.00290629,0.00239357,0.00265703
296,"Kiribati",2035,3,0.00222013,0.0017385,0.00198591
296,"Kiribati",2035,4,0.00171796,0.00128638,0.00150802
296,"Kiribati",2035,5,0.00135689,0.00097997,0.0011735
296,"Kiribati",2035,6,0.00110293,0.00077683,0.00094425
296,"Kiribati",2035,7,0.00092981,0.00064681,0.00079208
296,"Kiribati",2035,8,0.00081694,0.00056772,0.00069563
296,"Kiribati",2035,9,0.00075065,0.00052585,0.00064122
296,"Kiribati",2035,10,0.00072188,0.00051209,0.00061976
296,"Kiribati",2035,11,0.0007261,0.00052157,0.00062655
296,"Kiribati",2035,12,0.0007611,0.00055139,0.00065906
296,"Kiribati",2035,13,0.00082712,0.00060001,0.00071665
296,"Kiribati",2035,14,0.00092398,0.00066582,0.00079827
296,"Kiribati",2035,15,0.00105082,0.00074629,0.00090241
296,"Kiribati",2035,16,0.00120298,0.00083718,0.0010244
296,"Kiribati",2035,17,0.00137121,0.00093228,0.00115597
296,"Kiribati",2035,18,0.0015434,0.00102565,0.00128839
296,"Kiribati",2035,19,0.00170409,0.00111134,0.00141099
296,"Kiribati",2035,20,0.00184058,0.00118712,0.00151632
296,"Kiribati",2035,21,0.00194303,0.00125314,0.00159916
296,"Kiribati",2035,22,0.00200804,0.00131096,0.00165859
296,"Kiribati",2035,23,0.00203781,0.00136344,0.00169746
296,"Kiribati",2035,24,0.00204128,0.00141289,0.0017217
296,"Kiribati",2035,25,0.00203022,0.00146147,0.00173869
296,"Kiribati",2035,26,0.00201803,0.00151155,0.00175715
296,"Kiribati",2035,27,0.00201571,0.00156355,0.00178278
296,"Kiribati",2035,28,0.00202981,0.00161857,0.00181856
296,"Kiribati",2035,29,0.00206465,0.00167771,0.00186718
296,"Kiribati",2035,30,0.00212006,0.001742,0.00192862
296,"Kiribati",2035,31,0.00219513,0.00181363,0.00200334
296,"Kiribati",2035,32,0.00228686,0.00189239,0.00208979
296,"Kiribati",2035,33,0.00239295,0.00197912,0.0021872
296,"Kiribati",2035,34,0.00251284,0.00207438,0.00229468
296,"Kiribati",2035,35,0.00264695,0.00217865,0.00241218
296,"Kiribati",2035,36,0.0027977,0.00229322,0.00254293
296,"Kiribati",2035,37,0.00296734,0.00241787,0.0026882
296,"Kiribati",2035,38,0.00315882,0.00255374,0.00284924
296,"Kiribati",2035,39,0.00337546,0.00270246,0.00302845
296,"Kiribati",2035,40,0.00362054,0.0028665,0.00322964
296,"Kiribati",2035,41,0.00389726,0.00304874,0.00345573
296,"Kiribati",2035,42,0.00420907,0.00325267,0.00370934
296,"Kiribati",2035,43,0.00455919,0.00348178,0.00399421
296,"Kiribati",2035,44,0.00495041,0.00373906,0.00431371
296,"Kiribati",2035,45,0.00538508,0.00402711,0.00466811
296,"Kiribati",2035,46,0.00586374,0.00434591,0.00505861
296,"Kiribati",2035,47,0.0063898,0.00469863,0.00549125
296,"Kiribati",2035,48,0.00696651,0.0050863,0.00596712
296,"Kiribati",2035,49,0.00759841,0.00550954,0.00648739
296,"Kiribati",2035,50,0.00829222,0.00596878,0.00705637
296,"Kiribati",2035,51,0.00905304,0.00645968,0.0076744
296,"Kiribati",2035,52,0.0098937,0.00698812,0.00834722
296,"Kiribati",2035,53,0.01082418,0.00755799,0.00908561
296,"Kiribati",2035,54,0.01185301,0.00817727,0.00989389
296,"Kiribati",2035,55,0.01298667,0.00885864,0.01078157
296,"Kiribati",2035,56,0.01422316,0.00960997,0.01174716
296,"Kiribati",2035,57,0.01557177,0.01045743,0.01282118
296,"Kiribati",2035,58,0.01703721,0.01141925,0.01402207
296,"Kiribati",2035,59,0.01862625,0.01251153,0.01531642
296,"Kiribati",2035,60,0.02034913,0.01374698,0.01673517
296,"Kiribati",2035,61,0.02220997,0.01512091,0.01828852
296,"Kiribati",2035,62,0.02423564,0.01665195,0.01999245
296,"Kiribati",2035,63,0.02644781,0.0183515,0.02187254
296,"Kiribati",2035,64,0.02887137,0.0202395,0.02395898
296,"Kiribati",2035,65,0.03153477,0.02234898,0.02629758
296,"Kiribati",2035,66,0.03445637,0.0247052,0.02890324
296,"Kiribati",2035,67,0.03768149,0.02737082,0.03183149
296,"Kiribati",2035,68,0.0412464,0.03039308,0.0350898
296,"Kiribati",2035,69,0.04518823,0.03380846,0.03869639
296,"Kiribati",2035,70,0.04954512,0.03764231,0.04270654
296,"Kiribati",2035,71,0.05434075,0.04188139,0.04711136
296,"Kiribati",2035,72,0.05962614,0.04654587,0.05195991
296,"Kiribati",2035,73,0.06544315,0.051656,0.05731164
296,"Kiribati",2035,74,0.07183733,0.05725999,0.0631662
296,"Kiribati",2035,75,0.07885933,0.06346225,0.06961253
296,"Kiribati",2035,76,0.08655499,0.07037905,0.07675026
296,"Kiribati",2035,77,0.09499956,0.07817692,0.08470763
296,"Kiribati",2035,78,0.10426997,0.08699428,0.09360678
296,"Kiribati",2035,79,0.11445918,0.09689513,0.10341468
296,"Kiribati",2035,80,0.12567161,0.10788308,0.11424831
296,"Kiribati",2035,81,0.1380171,0.11984506,0.12619592
296,"Kiribati",2035,82,0.15160839,0.13264977,0.13915914
296,"Kiribati",2035,83,0.16652158,0.14620586,0.15303923
296,"Kiribati",2035,84,0.1827985,0.16047657,0.16789674
296,"Kiribati",2035,85,0.20041213,0.17559135,0.1838591
296,"Kiribati",2035,86,0.21929739,0.1917424,0.20088352
296,"Kiribati",2035,87,0.2393569,0.20914202,0.21892195
296,"Kiribati",2035,88,0.26047941,0.22797317,0.23813299
296,"Kiribati",2035,89,0.28258795,0.24824073,0.25859877
296,"Kiribati",2035,90,0.30561193,0.26985351,0.28027777
296,"Kiribati",2035,91,0.32952423,0.29258591,0.30309836
296,"Kiribati",2035,92,0.35428488,0.31614769,0.32673117
296,"Kiribati",2035,93,0.37985775,0.34036675,0.35095912
296,"Kiribati",2035,94,0.40619978,0.36512436,0.3755661
296,"Kiribati",2035,95,0.43324861,0.39045585,0.40068817
296,"Kiribati",2035,96,0.46105345,0.41663976,0.42662632
296,"Kiribati",2035,97,0.48933139,0.44350408,0.45292536
296,"Kiribati",2035,98,0.51786849,0.47100732,0.4798319
296,"Kiribati",2035,99,0.54635996,0.49893554,0.50745624
296,"Kiribati",2035,100,0.60005435,0.56133948,0.56778132
296,"Kiribati",2036,0,0.04136888,0.02887909,0.03530898
296,"Kiribati",2036,1,0.00377227,0.00323797,0.00351262
296,"Kiribati",2036,2,0.00286537,0.00233281,0.00260645
296,"Kiribati",2036,3,0.00218982,0.00169565,0.00194948
296,"Kiribati",2036,4,0.00169522,0.00125559,0.00148134
296,"Kiribati",2036,5,0.00133945,0.00095717,0.00115343
296,"Kiribati",2036,6,0.00108908,0.00075916,0.00092851
296,"Kiribati",2036,7,0.00091837,0.00063239,0.00077918
296,"Kiribati",2036,8,0.00080706,0.00055529,0.0006845
296,"Kiribati",2036,9,0.00074171,0.00051452,0.0006311
296,"Kiribati",2036,10,0.0007134,0.00050122,0.0006101
296,"Kiribati",2036,11,0.00071767,0.00051064,0.00061687
296,"Kiribati",2036,12,0.0007524,0.00053998,0.00064899
296,"Kiribati",2036,13,0.00081782,0.00058778,0.00070587
296,"Kiribati",2036,14,0.0009138,0.00065246,0.00078665
296,"Kiribati",2036,15,0.00103949,0.00073156,0.00088951
296,"Kiribati",2036,16,0.00119025,0.0008209,0.00101019
296,"Kiribati",2036,17,0.00135693,0.00091442,0.00114083
296,"Kiribati",2036,18,0.00152755,0.00100628,0.00127182
296,"Kiribati",2036,19,0.00168678,0.00109065,0.00139299
296,"Kiribati",2036,20,0.00182204,0.00116533,0.00149707
296,"Kiribati",2036,21,0.00192357,0.00123045,0.00157933
296,"Kiribati",2036,22,0.00198806,0.00128754,0.00163857
296,"Kiribati",2036,23,0.00201768,0.00133942,0.00167734
296,"Kiribati",2036,24,0.00202129,0.00138836,0.00170155
296,"Kiribati",2036,25,0.00201055,0.00143647,0.00171832
296,"Kiribati",2036,26,0.00199874,0.00148613,0.00173575
296,"Kiribati",2036,27,0.00199672,0.0015377,0.00176008
296,"Kiribati",2036,28,0.00201097,0.00159227,0.00179509
296,"Kiribati",2036,29,0.00204576,0.00165092,0.00184278
296,"Kiribati",2036,30,0.00210095,0.00171468,0.00190368
296,"Kiribati",2036,31,0.00217567,0.00178578,0.00197811
296,"Kiribati",2036,32,0.00226693,0.00186399,0.00206423
296,"Kiribati",2036,33,0.00237245,0.00195011,0.00216133
296,"Kiribati",2036,34,0.00249167,0.00204473,0.00226934
296,"Kiribati",2036,35,0.00262504,0.00214832,0.00238773
296,"Kiribati",2036,36,0.00277501,0.00226221,0.0025178
296,"Kiribati",2036,37,0.00294377,0.00238614,0.00266202
296,"Kiribati",2036,38,0.00313431,0.00252124,0.00282269
296,"Kiribati",2036,39,0.00334991,0.00266915,0.00300142
296,"Kiribati",2036,40,0.00359386,0.0028323,0.00320095
296,"Kiribati",2036,41,0.00386933,0.00301355,0.00342541
296,"Kiribati",2036,42,0.00417979,0.00321641,0.00367816
296,"Kiribati",2036,43,0.00452845,0.00344437,0.00396161
296,"Kiribati",2036,44,0.0049181,0.0037004,0.00427906
296,"Kiribati",2036,45,0.00535109,0.0039871,0.00463357
296,"Kiribati",2036,46,0.00582785,0.00430428,0.00502273
296,"Kiribati",2036,47,0.00635186,0.00465522,0.005451
296,"Kiribati",2036,48,0.00692636,0.00504097,0.00592356
296,"Kiribati",2036,49,0.0075559,0.00546215,0.00644174
296,"Kiribati",2036,50,0.0082472,0.00591925,0.00700749
296,"Kiribati",2036,51,0.00900511,0.00640761,0.00762162
296,"Kiribati",2036,52,0.00984266,0.00693348,0.00829384
296,"Kiribati",2036,53,0.01076986,0.00750076,0.00902704
296,"Kiribati",2036,54,0.01179521,0.0081174,0.00983397
296,"Kiribati",2036,55,0.0129252,0.00879603,0.01071995
296,"Kiribati",2036,56,0.0141574,0.00954386,0.01168742
296,"Kiribati",2036,57,0.01550142,0.01038739,0.01274981
296,"Kiribati",2036,58,0.01696191,0.01134473,0.01393267
296,"Kiribati",2036,59,0.01854566,0.01243194,0.01525474
296,"Kiribati",2036,60,0.02026286,0.01366176,0.01667839
296,"Kiribati",2036,61,0.02211717,0.01502889,0.01822397
296,"Kiribati",2036,62,0.02413589,0.01655262,0.01992601
296,"Kiribati",2036,63,0.02634066,0.01824443,0.02179358
296,"Kiribati",2036,64,0.02875637,0.02012426,0.02385891
296,"Kiribati",2036,65,0.03141138,0.02222502,0.02616155
296,"Kiribati",2036,66,0.03432348,0.02457107,0.02873868
296,"Kiribati",2036,67,0.03753826,0.02722535,0.03163786
296,"Kiribati",2036,68,0.04109184,0.03023481,0.03490158
296,"Kiribati",2036,69,0.04502121,0.0336358,0.03852952
296,"Kiribati",2036,70,0.0493644,0.03745361,0.04253319
296,"Kiribati",2036,71,0.05414475,0.04167476,0.04694031
296,"Kiribati",2036,72,0.05941341,0.04631988,0.05177195
296,"Kiribati",2036,73,0.06521218,0.05140936,0.05707344
296,"Kiribati",2036,74,0.07158652,0.05699138,0.06292348
296,"Kiribati",2036,75,0.07858706,0.06317004,0.06935466
296,"Kiribati",2036,76,0.08625969,0.07006142,0.07646676
296,"Kiribati",2036,77,0.09467948,0.07783134,0.0844011
296,"Kiribati",2036,78,0.10392323,0.08661782,0.09326599
296,"Kiribati",2036,79,0.11408372,0.09648482,0.10314872
296,"Kiribati",2036,80,0.12526516,0.10743616,0.11398061
296,"Kiribati",2036,81,0.13757775,0.11936056,0.12580402
296,"Kiribati",2036,82,0.15113347,0.13212658,0.13868913
296,"Kiribati",2036,83,0.1660083,0.14564339,0.15254566
296,"Kiribati",2036,84,0.18224408,0.15987455,0.16729265
296,"Kiribati",2036,85,0.19981404,0.17494923,0.1830851
296,"Kiribati",2036,86,0.21865453,0.19106108,0.2000924
296,"Kiribati",2036,87,0.23866775,0.20842048,0.2182615
296,"Kiribati",2036,88,0.25974295,0.22721018,0.23751721
296,"Kiribati",2036,89,0.2818036,0.24743551,0.25793009
296,"Kiribati",2036,90,0.30477947,0.26900594,0.279529
296,"Kiribati",2036,91,0.32864483,0.29169885,0.30219012
296,"Kiribati",2036,92,0.35335899,0.31522335,0.32578237
296,"Kiribati",2036,93,0.37888594,0.33940792,0.35005255
296,"Kiribati",2036,94,0.40518265,0.36413419,0.37481489
296,"Kiribati",2036,95,0.43218674,0.38943739,0.39995863
296,"Kiribati",2036,96,0.45996106,0.4156209,0.42586356
296,"Kiribati",2036,97,0.48821111,0.44249111,0.45240199
296,"Kiribati",2036,98,0.51672353,0.47000684,0.47924567
296,"Kiribati",2036,99,0.54519459,0.49795482,0.5064965
296,"Kiribati",2036,100,0.59891437,0.56031713,0.5667178
296,"Kiribati",2037,0,0.04077009,0.02817694,0.03465963
296,"Kiribati",2037,1,0.0037167,0.0031584,0.00344538
296,"Kiribati",2037,2,0.00282458,0.00227709,0.0025584
296,"Kiribati",2037,3,0.00215973,0.0016563,0.00191487
296,"Kiribati",2037,4,0.00167274,0.00122729,0.001456
296,"Kiribati",2037,5,0.00132228,0.00093621,0.00113439
296,"Kiribati",2037,6,0.0010755,0.0007429,0.0009136
296,"Kiribati",2037,7,0.00090719,0.00061912,0.00076695
296,"Kiribati",2037,8,0.00079743,0.00054385,0.00067397
296,"Kiribati",2037,9,0.00073302,0.0005041,0.00062155
296,"Kiribati",2037,10,0.00070518,0.00049123,0.000601
296,"Kiribati",2037,11,0.00070953,0.00050059,0.00060778
296,"Kiribati",2037,12,0.00074401,0.00052951,0.00063955
296,"Kiribati",2037,13,0.00080889,0.00057655,0.00069576
296,"Kiribati",2037,14,0.00090406,0.00064019,0.00077562
296,"Kiribati",2037,15,0.0010287,0.00071805,0.00087753
296,"Kiribati",2037,16,0.00117816,0.00080595,0.00099683
296,"Kiribati",2037,17,0.00134343,0.00089801,0.00112622
296,"Kiribati",2037,18,0.00151261,0.0009885,0.00125654
296,"Kiribati",2037,19,0.0016705,0.00107166,0.00137653
296,"Kiribati",2037,20,0.00180464,0.00114534,0.00147948
296,"Kiribati",2037,21,0.00190535,0.00120962,0.00156079
296,"Kiribati",2037,22,0.00196938,0.00126605,0.00161976
296,"Kiribati",2037,23,0.00199891,0.00131738,0.00165859
296,"Kiribati",2037,24,0.00200271,0.00136585,0.00168286
296,"Kiribati",2037,25,0.00199232,0.00141354,0.00169968
296,"Kiribati",2037,26,0.00198093,0.00146283,0.00171698
296,"Kiribati",2037,27,0.00197926,0.00151402,0.00174037
296,"Kiribati",2037,28,0.00199371,0.00156818,0.00177415
296,"Kiribati",2037,29,0.00202854,0.00162639,0.00182104
296,"Kiribati",2037,30,0.0020836,0.00168967,0.00188094
296,"Kiribati",2037,31,0.0021581,0.00176032,0.00195481
296,"Kiribati",2037,32,0.00224903,0.00183802,0.00204063
296,"Kiribati",2037,33,0.00235413,0.00192361,0.00213743
296,"Kiribati",2037,34,0.00247287,0.00201766,0.00224519
296,"Kiribati",2037,35,0.00260569,0.00212064,0.00236428
296,"Kiribati",2037,36,0.0027551,0.00223393,0.00249553
296,"Kiribati",2037,37,0.00292326,0.00235722,0.00263921
296,"Kiribati",2037,38,0.00311315,0.00249165,0.00279896
296,"Kiribati",2037,39,0.00332806,0.00263883,0.00297754
296,"Kiribati",2037,40,0.00357127,0.0028012,0.00317684
296,"Kiribati",2037,41,0.00384594,0.00298159,0.00339973
296,"Kiribati",2037,42,0.00415555,0.00318352,0.003651
296,"Kiribati",2037,43,0.00450334,0.00341048,0.00393389
296,"Kiribati",2037,44,0.00489208,0.00366543,0.0042502
296,"Kiribati",2037,45,0.00532413,0.00395097,0.00460292
296,"Kiribati",2037,46,0.00579978,0.00426674,0.00499262
296,"Kiribati",2037,47,0.00632263,0.00461614,0.00541998
296,"Kiribati",2037,48,0.00689592,0.00500024,0.00588834
296,"Kiribati",2037,49,0.00752421,0.00541966,0.00640359
296,"Kiribati",2037,50,0.00821423,0.00587493,0.00696788
296,"Kiribati",2037,51,0.00897054,0.00636113,0.00757909
296,"Kiribati",2037,52,0.00980647,0.0068848,0.00824803
296,"Kiribati",2037,53,0.01073203,0.00744989,0.00898181
296,"Kiribati",2037,54,0.01175576,0.00806433,0.00978424
296,"Kiribati",2037,55,0.01288414,0.00874067,0.01067014
296,"Kiribati",2037,56,0.01411426,0.00948554,0.0116367
296,"Kiribati",2037,57,0.01545611,0.01032574,0.01270267
296,"Kiribati",2037,58,0.01691431,0.0112793,0.01387422
296,"Kiribati",2037,59,0.01849564,0.01236223,0.0151783
296,"Kiribati",2037,60,0.02021033,0.01358729,0.01663394
296,"Kiribati",2037,61,0.02206145,0.01494862,0.01818604
296,"Kiribati",2037,62,0.02407686,0.01646614,0.01988172
296,"Kiribati",2037,63,0.02627826,0.01815142,0.02174953
296,"Kiribati",2037,64,0.02869056,0.02002439,0.02380398
296,"Kiribati",2037,65,0.03134209,0.02211785,0.02608676
296,"Kiribati",2037,66,0.03425002,0.02445534,0.0286279
296,"Kiribati",2037,67,0.03746034,0.02710007,0.03149996
296,"Kiribati",2037,68,0.04100912,0.0300988,0.03473651
296,"Kiribati",2037,69,0.04493328,0.03348772,0.03837406
296,"Kiribati",2037,70,0.04927081,0.03729212,0.04240428
296,"Kiribati",2037,71,0.05404468,0.04149822,0.0468088
296,"Kiribati",2037,72,0.05930633,0.04612718,0.05164794
296,"Kiribati",2037,73,0.06509757,0.05119945,0.05693739
296,"Kiribati",2037,74,0.07146392,0.05676327,0.06274076
296,"Kiribati",2037,75,0.07845603,0.06292245,0.06917425
296,"Kiribati",2037,76,0.08612001,0.06979297,0.07627735
296,"Kiribati",2037,77,0.09453084,0.07754005,0.08419157
296,"Kiribati",2037,78,0.10376538,0.08630138,0.09304021
296,"Kiribati",2037,79,0.11391642,0.09614092,0.10289611
296,"Kiribati",2037,80,0.12508816,0.10706271,0.11381277
296,"Kiribati",2037,81,0.13739148,0.11895714,0.12564634
296,"Kiribati",2037,82,0.15093775,0.13169255,0.13841748
296,"Kiribati",2037,83,0.165803,0.1451786,0.1522076
296,"Kiribati",2037,84,0.18202919,0.1593791,0.16694725
296,"Kiribati",2037,85,0.19958975,0.17442306,0.18263683
296,"Kiribati",2037,86,0.21842257,0.19050565,0.19947873
296,"Kiribati",2037,87,0.23842913,0.20783546,0.21765342
296,"Kiribati",2037,88,0.259499,0.22659518,0.23707276
296,"Kiribati",2037,89,0.28155596,0.24679054,0.25755147
296,"Kiribati",2037,90,0.30453006,0.26833163,0.27911326
296,"Kiribati",2037,91,0.32839713,0.2909986,0.30171384
296,"Kiribati",2037,92,0.35311553,0.31449979,0.32516592
296,"Kiribati",2037,93,0.37864932,0.33866414,0.34941886
296,"Kiribati",2037,94,0.40495542,0.36337358,0.37424858
296,"Kiribati",2037,95,0.43197128,0.38866329,0.39957365
296,"Kiribati",2037,96,0.45977624,0.41486119,0.42554157
296,"Kiribati",2037,97,0.48806125,0.44175236,0.45206612
296,"Kiribati",2037,98,0.51661312,0.46929597,0.47916605
296,"Kiribati",2037,99,0.54512861,0.49727927,0.50636774
296,"Kiribati",2037,100,0.59891368,0.55961321,0.56614107
296,"Kiribati",2038,0,0.04022952,0.02748592,0.03404498
296,"Kiribati",2038,1,0.00366542,0.00307916,0.00338049
296,"Kiribati",2038,2,0.00278691,0.00222157,0.00251204
296,"Kiribati",2038,3,0.00213191,0.00161709,0.0018815
296,"Kiribati",2038,4,0.00165193,0.00119907,0.00143158
296,"Kiribati",2038,5,0.00130638,0.00091529,0.00111603
296,"Kiribati",2038,6,0.0010629,0.00072668,0.00089922
296,"Kiribati",2038,7,0.0008968,0.00060588,0.00075514
296,"Kiribati",2038,8,0.00078846,0.00053243,0.00066379
296,"Kiribati",2038,9,0.0007249,0.00049368,0.0006123
296,"Kiribati",2038,10,0.00069749,0.00048123,0.00059216
296,"Kiribati",2038,11,0.00070189,0.00049053,0.00059895
296,"Kiribati",2038,12,0.00073612,0.00051901,0.00063037
296,"Kiribati",2038,13,0.00080048,0.00056529,0.00068592
296,"Kiribati",2038,14,0.00089487,0.00062788,0.00076485
296,"Kiribati",2038,15,0.00101849,0.00070448,0.00086561
296,"Kiribati",2038,16,0.00116671,0.00079094,0.0009838
296,"Kiribati",2038,17,0.00133062,0.00088153,0.00111175
296,"Kiribati",2038,18,0.00149841,0.00097061,0.00124091
296,"Kiribati",2038,19,0.00165498,0.00105254,0.00136047
296,"Kiribati",2038,20,0.00178801,0.00112519,0.00146241
296,"Kiribati",2038,21,0.00188788,0.00118862,0.00154274
296,"Kiribati",2038,22,0.00195142,0.00124436,0.00160094
296,"Kiribati",2038,23,0.00198081,0.00129514,0.00163966
296,"Kiribati",2038,24,0.00198474,0.00134313,0.00166407
296,"Kiribati",2038,25,0.00197464,0.00139039,0.00168096
296,"Kiribati",2038,26,0.00196361,0.0014393,0.0016983
296,"Kiribati",2038,27,0.00196222,0.0014901,0.0017215
296,"Kiribati",2038,28,0.00197682,0.00154385,0.00175433
296,"Kiribati",2038,29,0.00201164,0.00160161,0.00179992
296,"Kiribati",2038,30,0.00206651,0.00166439,0.00185887
296,"Kiribati",2038,31,0.00214072,0.00173456,0.00193162
296,"Kiribati",2038,32,0.00223124,0.00181174,0.00201671
296,"Kiribati",2038,33,0.00233584,0.00189677,0.00211307
296,"Kiribati",2038,34,0.002454,0.00199023,0.00222042
296,"Kiribati",2038,35,0.00258618,0.00209258,0.00233916
296,"Kiribati",2038,36,0.00273491,0.00220524,0.00247115
296,"Kiribati",2038,37,0.00290233,0.00232787,0.00261607
296,"Kiribati",2038,38,0.00309141,0.0024616,0.00277519
296,"Kiribati",2038,39,0.00330546,0.00260803,0.0029527
296,"Kiribati",2038,40,0.00354775,0.00276961,0.00315179
296,"Kiribati",2038,41,0.00382141,0.00294911,0.00337434
296,"Kiribati",2038,42,0.00412995,0.0031501,0.00362378
296,"Kiribati",2038,43,0.00447658,0.00337604,0.00390492
296,"Kiribati",2038,44,0.00486411,0.0036299,0.00422052
296,"Kiribati",2038,45,0.00529487,0.00391427,0.00457184
296,"Kiribati",2038,46,0.00576904,0.00422862,0.00495926
296,"Kiribati",2038,47,0.0062903,0.00457647,0.00538709
296,"Kiribati",2038,48,0.0068619,0.00495888,0.00585425
296,"Kiribati",2038,49,0.00748838,0.00537649,0.0063646
296,"Kiribati",2038,50,0.00817647,0.00582988,0.00692543
296,"Kiribati",2038,51,0.00893054,0.00631384,0.00753452
296,"Kiribati",2038,52,0.0097641,0.00683525,0.00820001
296,"Kiribati",2038,53,0.0106872,0.0073981,0.00892992
296,"Kiribati",2038,54,0.01170837,0.0080103,0.00973278
296,"Kiribati",2038,55,0.01283409,0.00868433,0.01061333
296,"Kiribati",2038,56,0.01406106,0.00942621,0.01157897
296,"Kiribati",2038,57,0.01539952,0.01026303,0.0126434
296,"Kiribati",2038,58,0.0168541,0.01121272,0.01381824
296,"Kiribati",2038,59,0.01843152,0.01229126,0.01510914
296,"Kiribati",2038,60,0.02014204,0.01351142,0.01654442
296,"Kiribati",2038,61,0.02198828,0.01486681,0.01812966
296,"Kiribati",2038,62,0.02399853,0.01637801,0.01983148
296,"Kiribati",2038,63,0.02619451,0.01805667,0.02169166
296,"Kiribati",2038,64,0.02860112,0.01992276,0.02374554
296,"Kiribati",2038,65,0.03124667,0.02200896,0.02601576
296,"Kiribati",2038,66,0.03414777,0.02433798,0.028534
296,"Kiribati",2038,67,0.0373507,0.02697328,0.03136635
296,"Kiribati",2038,68,0.0408914,0.02996136,0.03457251
296,"Kiribati",2038,69,0.04480669,0.03333829,0.03817949
296,"Kiribati",2038,70,0.04913447,0.03712929,0.04221765
296,"Kiribati",2038,71,0.05389741,0.04132039,0.0466475
296,"Kiribati",2038,72,0.05914712,0.04593323,0.05148176
296,"Kiribati",2038,73,0.06492538,0.05098844,0.0567771
296,"Kiribati",2038,74,0.07127769,0.05653427,0.06256576
296,"Kiribati",2038,75,0.07825471,0.06267433,0.06894742
296,"Kiribati",2038,76,0.08590266,0.06952448,0.07605043
296,"Kiribati",2038,77,0.09429642,0.07724934,0.08395178
296,"Kiribati",2038,78,0.1035128,0.08598629,0.09277567
296,"Kiribati",2038,79,0.1136445,0.0957993,0.10261076
296,"Kiribati",2038,80,0.12479561,0.10669265,0.11349594
296,"Kiribati",2038,81,0.13707744,0.11855835,0.12541419
296,"Kiribati",2038,82,0.15060072,0.13126459,0.13819686
296,"Kiribati",2038,83,0.16544143,0.14472147,0.15186796
296,"Kiribati",2038,84,0.18164157,0.15889312,0.16653568
296,"Kiribati",2038,85,0.1991748,0.17390836,0.18221668
296,"Kiribati",2038,86,0.21798032,0.1899639,0.1989447
296,"Kiribati",2038,87,0.23795914,0.20726664,0.21693633
296,"Kiribati",2038,88,0.25900127,0.22599925,0.23636168
296,"Kiribati",2038,89,0.28103081,0.24616788,0.25701264
296,"Kiribati",2038,90,0.30397818,0.26768327,0.27864103
296,"Kiribati",2038,91,0.3278205,0.29032827,0.30120452
296,"Kiribati",2038,92,0.35251544,0.31381041,0.32459621
296,"Kiribati",2038,93,0.37802711,0.33795906,0.34870745
296,"Kiribati",2038,94,0.40431242,0.36265639,0.37352113
296,"Kiribati",2038,95,0.43130865,0.38793753,0.39891796
296,"Kiribati",2038,96,0.45910824,0.41415443,0.42509668
296,"Kiribati",2038,97,0.48739073,0.44107133,0.45169158
296,"Kiribati",2038,98,0.51594336,0.46864768,0.47878436
296,"Kiribati",2038,99,0.54446368,0.49667123,0.50624906
296,"Kiribati",2038,100,0.59829093,0.55898447,0.56568388
296,"Kiribati",2039,0,0.03960933,0.02678243,0.03338394
296,"Kiribati",2039,1,0.00360704,0.00299801,0.003311
296,"Kiribati",2039,2,0.00274399,0.00216462,0.00246227
296,"Kiribati",2039,3,0.00210019,0.00157679,0.00184559
296,"Kiribati",2039,4,0.00162819,0.00117002,0.00140524
296,"Kiribati",2039,5,0.00128822,0.00089372,0.00109619
296,"Kiribati",2039,6,0.00104851,0.00070992,0.00088366
296,"Kiribati",2039,7,0.00088492,0.00059218,0.00074236
296,"Kiribati",2039,8,0.00077822,0.00052059,0.00065274
296,"Kiribati",2039,9,0.00071563,0.00048287,0.00060226
296,"Kiribati",2039,10,0.0006887,0.00047084,0.00058258
296,"Kiribati",2039,11,0.00069317,0.00048007,0.00058936
296,"Kiribati",2039,12,0.00072712,0.00050807,0.00062041
296,"Kiribati",2039,13,0.00079088,0.00055354,0.00067526
296,"Kiribati",2039,14,0.00088438,0.00061503,0.00075315
296,"Kiribati",2039,15,0.00100684,0.00069028,0.00085264
296,"Kiribati",2039,16,0.00115364,0.00077522,0.00096935
296,"Kiribati",2039,17,0.001316,0.00086424,0.00109602
296,"Kiribati",2039,18,0.0014822,0.00095183,0.0012236
296,"Kiribati",2039,19,0.00163728,0.00103244,0.00134202
296,"Kiribati",2039,20,0.00176905,0.00110397,0.00144369
296,"Kiribati",2039,21,0.00186798,0.00116647,0.00152309
296,"Kiribati",2039,22,0.00193098,0.00122146,0.00158047
296,"Kiribati",2039,23,0.00196022,0.00127162,0.00161859
296,"Kiribati",2039,24,0.00196431,0.00131907,0.001643
296,"Kiribati",2039,25,0.00195455,0.00136585,0.00166008
296,"Kiribati",2039,26,0.00194394,0.00141431,0.00167751
296,"Kiribati",2039,27,0.00194288,0.00146465,0.00170071
296,"Kiribati",2039,28,0.00195767,0.00151792,0.0017333
296,"Kiribati",2039,29,0.00199247,0.00157516,0.00177787
296,"Kiribati",2039,30,0.00204715,0.00163737,0.00183541
296,"Kiribati",2039,31,0.00212105,0.00170696,0.00190709
296,"Kiribati",2039,32,0.00221112,0.00178353,0.00199084
296,"Kiribati",2039,33,0.00231517,0.00186789,0.00208629
296,"Kiribati",2039,34,0.0024327,0.00196063,0.00219304
296,"Kiribati",2039,35,0.00256418,0.00206222,0.00231122
296,"Kiribati",2039,36,0.00271217,0.00217411,0.00244275
296,"Kiribati",2039,37,0.00287878,0.00229592,0.00258838
296,"Kiribati",2039,38,0.00306699,0.00242877,0.00274879
296,"Kiribati",2039,39,0.0032801,0.00257427,0.00292552
296,"Kiribati",2039,40,0.00352138,0.00273484,0.00312331
296,"Kiribati",2039,41,0.00379394,0.00291323,0.00334552
296,"Kiribati",2039,42,0.00410131,0.00311301,0.00359446
296,"Kiribati",2039,43,0.0044467,0.00333766,0.0038734
296,"Kiribati",2039,44,0.0048329,0.00359012,0.00418687
296,"Kiribati",2039,45,0.00526226,0.00387297,0.0045372
296,"Kiribati",2039,46,0.00573483,0.00418551,0.00492272
296,"Kiribati",2039,47,0.00625439,0.00453137,0.00534775
296,"Kiribati",2039,48,0.00682416,0.00491162,0.00581518
296,"Kiribati",2039,49,0.00744871,0.00532689,0.00632393
296,"Kiribati",2039,50,0.00813477,0.00577781,0.00687904
296,"Kiribati",2039,51,0.00888643,0.00625893,0.00748374
296,"Kiribati",2039,52,0.00971747,0.00677743,0.00814664
296,"Kiribati",2039,53,0.01063795,0.00733733,0.00887245
296,"Kiribati",2039,54,0.01165641,0.00794651,0.00967073
296,"Kiribati",2039,55,0.01277934,0.00861739,0.01055148
296,"Kiribati",2039,56,0.01400295,0.00935536,0.01151024
296,"Kiribati",2039,57,0.01533784,0.01018777,0.01257305
296,"Kiribati",2039,58,0.01678859,0.01113241,0.01374543
296,"Kiribati",2039,59,0.01836191,0.01220519,0.01503903
296,"Kiribati",2039,60,0.02006807,0.0134189,0.01645898
296,"Kiribati",2039,61,0.02190915,0.01476666,0.01802068
296,"Kiribati",2039,62,0.02391395,0.01626965,0.01975702
296,"Kiribati",2039,63,0.02610423,0.01793962,0.0216225
296,"Kiribati",2039,64,0.02850489,0.01979653,0.02366681
296,"Kiribati",2039,65,0.03114419,0.02187293,0.02593474
296,"Kiribati",2039,66,0.0340381,0.02419066,0.02843695
296,"Kiribati",2039,67,0.03723327,0.02681335,0.03124241
296,"Kiribati",2039,68,0.0407655,0.02978717,0.03440365
296,"Kiribati",2039,69,0.0446715,0.03314798,0.03797546
296,"Kiribati",2039,70,0.04898911,0.03692096,0.04197808
296,"Kiribati",2039,71,0.0537406,0.04109193,0.04641224
296,"Kiribati",2039,72,0.05897781,0.04568303,0.05126921
296,"Kiribati",2039,73,0.06474252,0.05071502,0.05655524
296,"Kiribati",2039,74,0.0710802,0.05623615,0.06234564
296,"Kiribati",2039,75,0.07804151,0.06234967,0.06870651
296,"Kiribati",2039,76,0.08567285,0.06917118,0.07574879
296,"Kiribati",2039,77,0.09404894,0.07686453,0.08364281
296,"Kiribati",2039,78,0.10324659,0.08556662,0.09244487
296,"Kiribati",2039,79,0.11335841,0.09534133,0.10224495
296,"Kiribati",2039,80,0.12448836,0.10619317,0.11309855
296,"Kiribati",2039,81,0.13674833,0.11801592,0.12497504
296,"Kiribati",2039,82,0.1502483,0.13067776,0.1378362
296,"Kiribati",2039,83,0.16506423,0.14408936,0.15151228
296,"Kiribati",2039,84,0.18123818,0.15821519,0.16604275
296,"Kiribati",2039,85,0.19874406,0.17318376,0.18163393
296,"Kiribati",2039,86,0.21752262,0.18919303,0.19834183
296,"Kiribati",2039,87,0.23747429,0.20644801,0.21619489
296,"Kiribati",2039,88,0.2584895,0.22513113,0.23541055
296,"Kiribati",2039,89,0.28049277,0.24524897,0.25605605
296,"Kiribati",2039,90,0.30341488,0.26671302,0.27784735
296,"Kiribati",2039,91,0.3272345,0.28930904,0.30046061
296,"Kiribati",2039,92,0.35190846,0.31274414,0.32379359
296,"Kiribati",2039,93,0.37740091,0.3368483,0.3478222
296,"Kiribati",2039,94,0.40366875,0.36150406,0.37246958
296,"Kiribati",2039,95,0.43064911,0.38674646,0.39782841
296,"Kiribati",2039,96,0.45845017,0.41295054,0.42407865
296,"Kiribati",2039,97,0.48673774,0.43986042,0.45086295
296,"Kiribati",2039,98,0.51529945,0.46743587,0.47799769
296,"Kiribati",2039,99,0.54383374,0.49546542,0.50542552
296,"Kiribati",2039,100,0.59770857,0.55773112,0.56482568
296,"Kiribati",2040,0,0.03902106,0.02612237,0.03276079
296,"Kiribati",2040,1,0.00355112,0.00292123,0.0032449
296,"Kiribati",2040,2,0.00270294,0.00211077,0.00241495
296,"Kiribati",2040,3,0.00206991,0.0015387,0.00181149
296,"Kiribati",2040,4,0.00160556,0.00114259,0.00138027
296,"Kiribati",2040,5,0.00127094,0.00087336,0.00107741
296,"Kiribati",2040,6,0.00103483,0.00069412,0.00086893
296,"Kiribati",2040,7,0.00087365,0.00057926,0.00073027
296,"Kiribati",2040,8,0.0007685,0.00050944,0.00064231
296,"Kiribati",2040,9,0.00070684,0.00047268,0.00059277
296,"Kiribati",2040,10,0.00068037,0.00046105,0.00057352
296,"Kiribati",2040,11,0.0006849,0.0004702,0.0005803
296,"Kiribati",2040,12,0.00071859,0.00049776,0.000611
296,"Kiribati",2040,13,0.00078179,0.00054246,0.00066518
296,"Kiribati",2040,14,0.00087445,0.00060291,0.00074214
296,"Kiribati",2040,15,0.00099583,0.0006769,0.00084042
296,"Kiribati",2040,16,0.00114132,0.0007604,0.00095572
296,"Kiribati",2040,17,0.00130222,0.00084795,0.00108091
296,"Kiribati",2040,18,0.00146693,0.00093413,0.00120738
296,"Kiribati",2040,19,0.00162061,0.0010135,0.00132443
296,"Kiribati",2040,20,0.00175119,0.00108399,0.00142526
296,"Kiribati",2040,21,0.00184922,0.00114562,0.00150475
296,"Kiribati",2040,22,0.0019117,0.00119991,0.00156147
296,"Kiribati",2040,23,0.0019408,0.00124948,0.00159899
296,"Kiribati",2040,24,0.00194504,0.00129645,0.00162298
296,"Kiribati",2040,25,0.00193561,0.00134277,0.00164016
296,"Kiribati",2040,26,0.00192541,0.00139083,0.0016578
296,"Kiribati",2040,27,0.00192468,0.00144076,0.00168106
296,"Kiribati",2040,28,0.00193965,0.00149359,0.00171361
296,"Kiribati",2040,29,0.00197445,0.00155036,0.00175792
296,"Kiribati",2040,30,0.00202896,0.00161204,0.00181441
296,"Kiribati",2040,31,0.00210258,0.00168111,0.00188465
296,"Kiribati",2040,32,0.00219224,0.00175711,0.00196726
296,"Kiribati",2040,33,0.00229579,0.00184087,0.00206128
296,"Kiribati",2040,34,0.00241274,0.00193297,0.00216708
296,"Kiribati",2040,35,0.00254356,0.00203388,0.00228465
296,"Kiribati",2040,36,0.00269087,0.00214508,0.00241567
296,"Kiribati",2040,37,0.00285675,0.00226617,0.00256087
296,"Kiribati",2040,38,0.00304418,0.00239825,0.00272218
296,"Kiribati",2040,39,0.00325646,0.00254293,0.00290052
296,"Kiribati",2040,40,0.00349685,0.00270263,0.00309763
296,"Kiribati",2040,41,0.00376844,0.00288005,0.00331855
296,"Kiribati",2040,42,0.0040748,0.00307879,0.00356734
296,"Kiribati",2040,43,0.00441912,0.00330233,0.00384597
296,"Kiribati",2040,44,0.00480421,0.0035536,0.00415724
296,"Kiribati",2040,45,0.0052324,0.00383516,0.00450548
296,"Kiribati",2040,46,0.0057036,0.00414617,0.00489007
296,"Kiribati",2040,47,0.00622172,0.00449034,0.00531331
296,"Kiribati",2040,48,0.00678996,0.00486873,0.00577798
296,"Kiribati",2040,49,0.00741289,0.00528201,0.00628745
296,"Kiribati",2040,50,0.00809726,0.00573082,0.00684127
296,"Kiribati",2040,51,0.00884691,0.00620948,0.00743986
296,"Kiribati",2040,52,0.00967585,0.0067255,0.00809848
296,"Kiribati",2040,53,0.01059418,0.00728291,0.00882212
296,"Kiribati",2040,54,0.01161047,0.00788959,0.00961657
296,"Kiribati",2040,55,0.01273119,0.00855786,0.01049297
296,"Kiribati",2040,56,0.01395209,0.00929255,0.01145232
296,"Kiribati",2040,57,0.0152841,0.01012124,0.01250823
296,"Kiribati",2040,58,0.01673177,0.01106161,0.01367958
296,"Kiribati",2040,59,0.0183018,0.01212951,0.01497125
296,"Kiribati",2040,60,0.02000447,0.01333777,0.01639499
296,"Kiribati",2040,61,0.02184133,0.01467901,0.01794058
296,"Kiribati",2040,62,0.02384172,0.01617504,0.01965279
296,"Kiribati",2040,63,0.02602743,0.01783772,0.02155671
296,"Kiribati",2040,64,0.02842339,0.01968704,0.02360823
296,"Kiribati",2040,65,0.03105782,0.02175544,0.02586747
296,"Kiribati",2040,66,0.03394608,0.0240639,0.02836825
296,"Kiribati",2040,67,0.03713517,0.02667626,0.03115809
296,"Kiribati",2040,68,0.0406608,0.02963839,0.03429231
296,"Kiribati",2040,69,0.04455959,0.03298599,0.0378184
296,"Kiribati",2040,70,0.04886928,0.03674419,0.04178602
296,"Kiribati",2040,71,0.05361183,0.04089862,0.0461848
296,"Kiribati",2040,72,0.0588393,0.04547192,0.05104909
296,"Kiribati",2040,73,0.06459347,0.05048504,0.05636265
296,"Kiribati",2040,74,0.07091985,0.05598625,0.06214726
296,"Kiribati",2040,75,0.07786912,0.06207856,0.06851435
296,"Kiribati",2040,76,0.08548786,0.06887741,0.07553912
296,"Kiribati",2040,77,0.09385072,0.076546,0.0833738
296,"Kiribati",2040,78,0.10303452,0.08522088,0.09217311
296,"Kiribati",2040,79,0.11313184,0.09496591,0.10195603
296,"Kiribati",2040,80,0.12424657,0.1057858,0.11278004
296,"Kiribati",2040,81,0.13649121,0.11757602,0.12463293
296,"Kiribati",2040,82,0.14997508,0.13020461,0.13746074
296,"Kiribati",2040,83,0.16477416,0.14358277,0.15123424
296,"Kiribati",2040,84,0.18093058,0.15767526,0.16578816
296,"Kiribati",2040,85,0.19841848,0.17261039,0.18124415
296,"Kiribati",2040,86,0.2171801,0.18858753,0.19786962
296,"Kiribati",2040,87,0.23711526,0.20581,0.21571641
296,"Kiribati",2040,88,0.25811477,0.22446017,0.23479868
296,"Kiribati",2040,89,0.28010351,0.24454507,0.25524111
296,"Kiribati",2040,90,0.30301261,0.26597683,0.27704788
296,"Kiribati",2040,91,0.32682226,0.28854393,0.29985135
296,"Kiribati",2040,92,0.35148843,0.31195279,0.32325715
296,"Kiribati",2040,93,0.37697532,0.33603386,0.34724873
296,"Kiribati",2040,94,0.40323976,0.36066992,0.37183543
296,"Kiribati",2040,95,0.43021864,0.38589594,0.39704712
296,"Kiribati",2040,96,0.45803563,0.41210987,0.42330427
296,"Kiribati",2040,97,0.48634289,0.43903592,0.45018878
296,"Kiribati",2040,98,0.51492835,0.46663419,0.47754176
296,"Kiribati",2040,99,0.54349117,0.49469373,0.5050385
296,"Kiribati",2040,100,0.59742313,0.55693336,0.56436561
296,"Kiribati",2041,0,0.03848109,0.02549747,0.03217883
296,"Kiribati",2041,1,0.00350035,0.00284791,0.00318315
296,"Kiribati",2041,2,0.00266565,0.00205936,0.00237075
296,"Kiribati",2041,3,0.00204239,0.00150237,0.00177964
296,"Kiribati",2041,4,0.00158498,0.00111643,0.00135694
296,"Kiribati",2041,5,0.00125521,0.00085396,0.00105988
296,"Kiribati",2041,6,0.00102238,0.00067905,0.0008552
296,"Kiribati",2041,7,0.00086339,0.00056695,0.000719
296,"Kiribati",2041,8,0.00075965,0.00049881,0.00063258
296,"Kiribati",2041,9,0.00069884,0.00046297,0.00058392
296,"Kiribati",2041,10,0.00067279,0.00045172,0.00056507
296,"Kiribati",2041,11,0.00067739,0.0004608,0.00057185
296,"Kiribati",2041,12,0.00071084,0.00048794,0.00060223
296,"Kiribati",2041,13,0.00077354,0.0005319,0.00065578
296,"Kiribati",2041,14,0.00086544,0.00059135,0.00073186
296,"Kiribati",2041,15,0.00098583,0.00066415,0.00082905
296,"Kiribati",2041,16,0.00113012,0.00074628,0.00094302
296,"Kiribati",2041,17,0.0012897,0.00083243,0.00106682
296,"Kiribati",2041,18,0.00145306,0.00091727,0.00119191
296,"Kiribati",2041,19,0.00160549,0.00099546,0.00130813
296,"Kiribati",2041,20,0.001735,0.00106494,0.00140787
296,"Kiribati",2041,21,0.00183225,0.00112574,0.00148685
296,"Kiribati",2041,22,0.00189428,0.00117937,0.00154398
296,"Kiribati",2041,23,0.00192327,0.0012284,0.00158106
296,"Kiribati",2041,24,0.00192766,0.00127489,0.00160463
296,"Kiribati",2041,25,0.00191854,0.0013208,0.00162149
296,"Kiribati",2041,26,0.00190871,0.00136848,0.00163926
296,"Kiribati",2041,27,0.00190828,0.00141803,0.00166269
296,"Kiribati",2041,28,0.00192343,0.00147046,0.00169523
296,"Kiribati",2041,29,0.00195824,0.00152677,0.00173945
296,"Kiribati",2041,30,0.00201261,0.00158796,0.00179565
296,"Kiribati",2041,31,0.00208599,0.00165655,0.00186486
296,"Kiribati",2041,32,0.00217532,0.00173203,0.00194596
296,"Kiribati",2041,33,0.00227844,0.00181523,0.00203878
296,"Kiribati",2041,34,0.00239489,0.00190674,0.00214309
296,"Kiribati",2041,35,0.00252517,0.00200703,0.00225969
296,"Kiribati",2041,36,0.00267191,0.00211761,0.00239016
296,"Kiribati",2041,37,0.00283718,0.00223804,0.00253489
296,"Kiribati",2041,38,0.00302394,0.00236942,0.00269583
296,"Kiribati",2041,39,0.00323551,0.00251336,0.00287531
296,"Kiribati",2041,40,0.00347514,0.00267227,0.0030744
296,"Kiribati",2041,41,0.00374592,0.00284882,0.00329472
296,"Kiribati",2041,42,0.00405141,0.00304665,0.00354225
296,"Kiribati",2041,43,0.00439483,0.00326921,0.00382093
296,"Kiribati",2041,44,0.00477897,0.00351944,0.00413208
296,"Kiribati",2041,45,0.00520618,0.0037999,0.00447808
296,"Kiribati",2041,46,0.00567625,0.00410956,0.00486044
296,"Kiribati",2041,47,0.00619316,0.00445225,0.0052829
296,"Kiribati",2041,48,0.00676014,0.00482902,0.00574586
296,"Kiribati",2041,49,0.00738174,0.00524053,0.00625259
296,"Kiribati",2041,50,0.00806474,0.00568749,0.00680762
296,"Kiribati",2041,51,0.00881272,0.00616398,0.00740498
296,"Kiribati",2041,52,0.00963994,0.00667781,0.0080573
296,"Kiribati",2041,53,0.01055653,0.00723306,0.00877676
296,"Kiribati",2041,54,0.01157106,0.00783759,0.00956942
296,"Kiribati",2041,55,0.01269002,0.00850366,0.01044216
296,"Kiribati",2041,56,0.01390871,0.00923552,0.01139681
296,"Kiribati",2041,57,0.01523839,0.01006099,0.01245395
296,"Kiribati",2041,58,0.01668358,0.01099766,0.01361823
296,"Kiribati",2041,59,0.018251,0.01206131,0.01490937
296,"Kiribati",2041,60,0.01995091,0.01326481,0.01633167
296,"Kiribati",2041,61,0.02178437,0.01460033,0.01788159
296,"Kiribati",2041,62,0.0237812,0.0160903,0.0195774
296,"Kiribati",2041,63,0.02596326,0.01774672,0.02145654
296,"Kiribati",2041,64,0.02835549,0.0195896,0.0235505
296,"Kiribati",2041,65,0.03098608,0.02165127,0.02581864
296,"Kiribati",2041,66,0.03386981,0.02395196,0.02831068
296,"Kiribati",2041,67,0.03705404,0.02655566,0.03109992
296,"Kiribati",2041,68,0.0405744,0.02950799,0.03421848
296,"Kiribati",2041,69,0.04446746,0.03284449,0.03771705
296,"Kiribati",2041,70,0.0487709,0.03659026,0.04163782
296,"Kiribati",2041,71,0.05350635,0.04073076,0.04600108
296,"Kiribati",2041,72,0.05872611,0.04528914,0.05083001
296,"Kiribati",2041,73,0.06447198,0.05028655,0.05615371
296,"Kiribati",2041,74,0.07078949,0.05577134,0.06197058
296,"Kiribati",2041,75,0.07772935,0.06184634,0.06833478
296,"Kiribati",2041,76,0.08533832,0.06862691,0.07536971
296,"Kiribati",2041,77,0.09369099,0.07627572,0.08318926
296,"Kiribati",2041,78,0.1028642,0.08492901,0.09193029
296,"Kiribati",2041,79,0.11295051,0.09465068,0.10171422
296,"Kiribati",2041,80,0.12405378,0.10544568,0.11252515
296,"Kiribati",2041,81,0.13628716,0.11721104,0.12435436
296,"Kiribati",2041,82,0.14975934,0.12981461,0.13716524
296,"Kiribati",2041,83,0.16454632,0.14316807,0.15091245
296,"Kiribati",2041,84,0.18069034,0.15723644,0.16558454
296,"Kiribati",2041,85,0.19816576,0.17214792,0.18107964
296,"Kiribati",2041,86,0.21691626,0.18810338,0.19756796
296,"Kiribati",2041,87,0.23684098,0.20530463,0.21533525
296,"Kiribati",2041,88,0.25783111,0.22393411,0.23442208
296,"Kiribati",2041,89,0.2798118,0.24399929,0.25473591
296,"Kiribati",2041,90,0.30271447,0.26541292,0.27634663
296,"Kiribati",2041,91,0.32652078,0.28796598,0.29918388
296,"Kiribati",2041,92,0.35118582,0.31136405,0.32280086
296,"Kiribati",2041,93,0.37667387,0.33543793,0.34688448
296,"Kiribati",2041,94,0.40294171,0.36007057,0.3714515
296,"Kiribati",2041,95,0.42992608,0.38529685,0.39661918
296,"Kiribati",2041,96,0.45776596,0.4115374,0.42276492
296,"Kiribati",2041,97,0.48610004,0.4384968,0.44967798
296,"Kiribati",2041,98,0.51471649,0.46613541,0.47715409
296,"Kiribati",2041,99,0.54331499,0.49424269,0.50489019
296,"Kiribati",2041,100,0.59730676,0.5564723,0.56420689
296,"Kiribati",2042,0,0.03796348,0.02488442,0.03161463
296,"Kiribati",2042,1,0.0034496,0.00277605,0.00312212
296,"Kiribati",2042,2,0.00262841,0.00200891,0.00232707
296,"Kiribati",2042,3,0.00201491,0.00146666,0.00174812
296,"Kiribati",2042,4,0.00156445,0.00109068,0.00133384
296,"Kiribati",2042,5,0.00123952,0.00083483,0.00104249
296,"Kiribati",2042,6,0.00100996,0.00066419,0.00084158
296,"Kiribati",2042,7,0.00085314,0.00055479,0.00070782
296,"Kiribati",2042,8,0.00075079,0.00048829,0.00062291
296,"Kiribati",2042,9,0.00069081,0.00045336,0.00057511
296,"Kiribati",2042,10,0.00066516,0.00044247,0.00055663
296,"Kiribati",2042,11,0.00066979,0.00045147,0.00056339
296,"Kiribati",2042,12,0.00070299,0.00047818,0.00059342
296,"Kiribati",2042,13,0.00076515,0.00052141,0.00064636
296,"Kiribati",2042,14,0.00085627,0.00057986,0.00072154
296,"Kiribati",2042,15,0.00097566,0.00065145,0.00081762
296,"Kiribati",2042,16,0.00111871,0.0007322,0.00093028
296,"Kiribati",2042,17,0.00127694,0.00081694,0.00105264
296,"Kiribati",2042,18,0.00143889,0.00090044,0.00117632
296,"Kiribati",2042,19,0.00158998,0.00097742,0.00129124
296,"Kiribati",2042,20,0.00171832,0.0010459,0.00139033
296,"Kiribati",2042,21,0.00181468,0.00110586,0.00146836
296,"Kiribati",2042,22,0.00187616,0.00115879,0.00152517
296,"Kiribati",2042,23,0.00190496,0.00120725,0.0015628
296,"Kiribati",2042,24,0.00190944,0.00125326,0.00158602
296,"Kiribati",2042,25,0.00190059,0.00129872,0.00160251
296,"Kiribati",2042,26,0.00189108,0.00134599,0.00161999
296,"Kiribati",2042,27,0.00189092,0.00139512,0.00164345
296,"Kiribati",2042,28,0.00190619,0.0014471,0.00167605
296,"Kiribati",2042,29,0.00194096,0.00150293,0.00172015
296,"Kiribati",2042,30,0.0019951,0.00156359,0.00177615
296,"Kiribati",2042,31,0.00206814,0.00163165,0.001845
296,"Kiribati",2042,32,0.002157,0.00170656,0.00192491
296,"Kiribati",2042,33,0.00225954,0.00178914,0.002016
296,"Kiribati",2042,34,0.00237534,0.00187999,0.0021189
296,"Kiribati",2042,35,0.00250488,0.00197958,0.00223375
296,"Kiribati",2042,36,0.00265085,0.00208945,0.00236304
296,"Kiribati",2042,37,0.00281527,0.00220913,0.00250699
296,"Kiribati",2042,38,0.00300113,0.00233972,0.00266723
296,"Kiribati",2042,39,0.00321172,0.00248281,0.00284611
296,"Kiribati",2042,40,0.00345033,0.0026408,0.00304631
296,"Kiribati",2042,41,0.00371999,0.00281635,0.00326868
296,"Kiribati",2042,42,0.00402428,0.0030131,0.00351536
296,"Kiribati",2042,43,0.00436643,0.0032345,0.00379243
296,"Kiribati",2042,44,0.00474922,0.00348348,0.0041034
296,"Kiribati",2042,45,0.00517498,0.00376258,0.00444898
296,"Kiribati",2042,46,0.0056434,0.00407064,0.00482838
296,"Kiribati",2042,47,0.00615854,0.00441157,0.00524798
296,"Kiribati",2042,48,0.00672361,0.0047864,0.00570966
296,"Kiribati",2042,49,0.00734315,0.00519582,0.00621403
296,"Kiribati",2042,50,0.00802394,0.00564057,0.00676554
296,"Kiribati",2042,51,0.00876938,0.00611452,0.00736356
296,"Kiribati",2042,52,0.00959392,0.00662575,0.00801407
296,"Kiribati",2042,53,0.01050771,0.00717838,0.00872598
296,"Kiribati",2042,54,0.01151932,0.00778026,0.00951336
296,"Kiribati",2042,55,0.01263521,0.00844354,0.0103834
296,"Kiribati",2042,56,0.01385034,0.00917196,0.01133271
296,"Kiribati",2042,57,0.01517619,0.00999352,0.01238362
296,"Kiribati",2042,58,0.01661724,0.01092571,0.01354809
296,"Kiribati",2042,59,0.01818016,0.01198426,0.01483013
296,"Kiribati",2042,60,0.01987522,0.01318203,0.01625039
296,"Kiribati",2042,61,0.02170311,0.01451078,0.01779669
296,"Kiribati",2042,62,0.02369403,0.01599348,0.01949557
296,"Kiribati",2042,63,0.02586987,0.01764224,0.02135545
296,"Kiribati",2042,64,0.02825557,0.01947708,0.02342096
296,"Kiribati",2042,65,0.03087928,0.02153021,0.02573232
296,"Kiribati",2042,66,0.03375525,0.02382106,0.02823078
296,"Kiribati",2042,67,0.03693108,0.02641377,0.0310076
296,"Kiribati",2042,68,0.04044224,0.02935367,0.03412184
296,"Kiribati",2042,69,0.04432516,0.03267613,0.03759976
296,"Kiribati",2042,70,0.04861742,0.03640617,0.04148708
296,"Kiribati",2042,71,0.05334037,0.04052911,0.04579598
296,"Kiribati",2042,72,0.05854644,0.04506854,0.05058228
296,"Kiribati",2042,73,0.0642774,0.05004577,0.05586294
296,"Kiribati",2042,74,0.07057875,0.05550917,0.0616846
296,"Kiribati",2042,75,0.07750121,0.06156126,0.06807678
296,"Kiribati",2042,76,0.08509166,0.06831724,0.07510128
296,"Kiribati",2042,77,0.09342457,0.07593906,0.08292244
296,"Kiribati",2042,78,0.10257672,0.08456256,0.09163768
296,"Kiribati",2042,79,0.11264058,0.09425162,0.10135077
296,"Kiribati",2042,80,0.12371986,0.10501137,0.1121508
296,"Kiribati",2042,81,0.13592804,0.11674046,0.12395514
296,"Kiribati",2042,82,0.14937319,0.12930672,0.13672915
296,"Kiribati",2042,83,0.16413121,0.14262232,0.15044604
296,"Kiribati",2042,84,0.18024438,0.1566526,0.1650768
296,"Kiribati",2042,85,0.19768725,0.17152552,0.18068932
296,"Kiribati",2042,86,0.21640477,0.18744317,0.19720677
296,"Kiribati",2042,87,0.23629574,0.20460569,0.21480466
296,"Kiribati",2042,88,0.25725176,0.22319535,0.2337857
296,"Kiribati",2042,89,0.27919841,0.24322006,0.25408337
296,"Kiribati",2042,90,0.30206749,0.26459322,0.275539
296,"Kiribati",2042,91,0.32584192,0.28710848,0.29815506
296,"Kiribati",2042,92,0.35047619,0.31047093,0.32178387
296,"Kiribati",2042,93,0.37593461,0.33451188,0.34606
296,"Kiribati",2042,94,0.40217386,0.35911457,0.37069803
296,"Kiribati",2042,95,0.42913046,0.38431379,0.39582109
296,"Kiribati",2042,96,0.45695523,0.41055194,0.42191533
296,"Kiribati",2042,97,0.48527649,0.43751469,0.44869009
296,"Kiribati",2042,98,0.5138829,0.46516273,0.47616967
296,"Kiribati",2042,99,0.54247518,0.49328615,0.50400279
296,"Kiribati",2042,100,0.59650442,0.55547844,0.56346359
296,"Kiribati",2043,0,0.03743539,0.02429209,0.03105519
296,"Kiribati",2043,1,0.00339796,0.00270549,0.00306126
296,"Kiribati",2043,2,0.00259063,0.0019594,0.00228356
296,"Kiribati",2043,3,0.00198714,0.00143163,0.0017168
296,"Kiribati",2043,4,0.00154377,0.00106544,0.0013109
296,"Kiribati",2043,5,0.00122379,0.00081609,0.00102526
296,"Kiribati",2043,6,0.00099754,0.00064964,0.00082811
296,"Kiribati",2043,7,0.00084292,0.00054289,0.00069677
296,"Kiribati",2043,8,0.00074199,0.00047801,0.00061337
296,"Kiribati",2043,9,0.00068284,0.00044396,0.00056643
296,"Kiribati",2043,10,0.0006576,0.00043341,0.00054834
296,"Kiribati",2043,11,0.00066229,0.00044234,0.00055508
296,"Kiribati",2043,12,0.00069525,0.00046862,0.00058478
296,"Kiribati",2043,13,0.00075692,0.00051113,0.0006371
296,"Kiribati",2043,14,0.00084731,0.00056859,0.00071144
296,"Kiribati",2043,15,0.00096574,0.000639,0.00080644
296,"Kiribati",2043,16,0.00110764,0.00071841,0.00091785
296,"Kiribati",2043,17,0.00126459,0.00080177,0.00103888
296,"Kiribati",2043,18,0.00142522,0.00088394,0.00116117
296,"Kiribati",2043,19,0.00157505,0.00095975,0.00127482
296,"Kiribati",2043,20,0.0017023,0.00102723,0.00137285
296,"Kiribati",2043,21,0.00179782,0.00108635,0.00145052
296,"Kiribati",2043,22,0.00185881,0.00113862,0.00150665
296,"Kiribati",2043,23,0.00188745,0.00118652,0.00154422
296,"Kiribati",2043,24,0.00189206,0.00123206,0.00156814
296,"Kiribati",2043,25,0.0018835,0.00127709,0.00158438
296,"Kiribati",2043,26,0.00187437,0.00132398,0.00160158
296,"Kiribati",2043,27,0.00187451,0.00137272,0.00162478
296,"Kiribati",2043,28,0.00188997,0.00142428,0.00165738
296,"Kiribati",2043,29,0.00192475,0.00147965,0.00170149
296,"Kiribati",2043,30,0.00197875,0.0015398,0.00175734
296,"Kiribati",2043,31,0.00205155,0.00160736,0.00182603
296,"Kiribati",2043,32,0.00214004,0.00168172,0.0019056
296,"Kiribati",2043,33,0.00224214,0.00176372,0.00199549
296,"Kiribati",2043,34,0.00235741,0.00185395,0.0020966
296,"Kiribati",2043,35,0.00248638,0.00195289,0.00221003
296,"Kiribati",2043,36,0.00263174,0.00206211,0.00233756
296,"Kiribati",2043,37,0.00279553,0.0021811,0.00248034
296,"Kiribati",2043,38,0.00298072,0.00231096,0.00263988
296,"Kiribati",2043,39,0.00319062,0.00245327,0.00281815
296,"Kiribati",2043,40,0.0034285,0.00261043,0.00301792
296,"Kiribati",2043,41,0.0036974,0.00278508,0.0032418
296,"Kiribati",2043,42,0.00400091,0.00298087,0.00349113
296,"Kiribati",2043,43,0.00434226,0.00320125,0.0037676
296,"Kiribati",2043,44,0.00472423,0.00344916,0.00407716
296,"Kiribati",2043,45,0.00514915,0.0037271,0.00442298
296,"Kiribati",2043,46,0.00561659,0.00403377,0.00480227
296,"Kiribati",2043,47,0.00613068,0.00437316,0.00521905
296,"Kiribati",2043,48,0.00669465,0.00474629,0.00567807
296,"Kiribati",2043,49,0.00731303,0.00515386,0.00618163
296,"Kiribati",2043,50,0.00799263,0.00559664,0.00673122
296,"Kiribati",2043,51,0.00873662,0.00606831,0.00732588
296,"Kiribati",2043,52,0.00955969,0.00657724,0.00797808
296,"Kiribati",2043,53,0.01047204,0.00712761,0.00868902
296,"Kiribati",2043,54,0.01148225,0.00772722,0.00946907
296,"Kiribati",2043,55,0.01259681,0.00838817,0.01033442
296,"Kiribati",2043,56,0.0138102,0.00911364,0.01128157
296,"Kiribati",2043,57,0.01513423,0.00993184,0.01232778
296,"Kiribati",2043,58,0.01657332,0.01086013,0.01348666
296,"Kiribati",2043,59,0.01813414,0.0119142,0.0147703
296,"Kiribati",2043,60,0.01982699,0.01310695,0.01618218
296,"Kiribati",2043,61,0.02165206,0.01442972,0.01772748
296,"Kiribati",2043,62,0.0236401,0.01590608,0.01942436
296,"Kiribati",2043,63,0.02581306,0.01754829,0.02128972
296,"Kiribati",2043,64,0.02819592,0.01937642,0.02333706
296,"Kiribati",2043,65,0.03081683,0.02142256,0.02562071
296,"Kiribati",2043,66,0.03368948,0.02370536,0.02816762
296,"Kiribati",2043,67,0.03686181,0.02628912,0.03095384
296,"Kiribati",2043,68,0.0403692,0.02921886,0.0340575
296,"Kiribati",2043,69,0.04424802,0.03252978,0.03753367
296,"Kiribati",2043,70,0.0485358,0.03624687,0.04140244
296,"Kiribati",2043,71,0.05325358,0.0403553,0.04567973
296,"Kiribati",2043,72,0.05845406,0.04487919,0.05041328
296,"Kiribati",2043,73,0.06417905,0.04984005,0.05565419
296,"Kiribati",2043,74,0.07047412,0.05528637,0.06143638
296,"Kiribati",2043,75,0.07739006,0.06132046,0.06784087
296,"Kiribati",2043,76,0.084974,0.06805743,0.07490279
296,"Kiribati",2043,77,0.09330039,0.07565866,0.08272057
296,"Kiribati",2043,78,0.10244611,0.08425972,0.09144544
296,"Kiribati",2043,79,0.11250368,0.09392448,0.10114066
296,"Kiribati",2043,80,0.12357683,0.1046583,0.11187846
296,"Kiribati",2043,81,0.13577971,0.11636139,0.12368456
296,"Kiribati",2043,82,0.14921981,0.12890143,0.1364474
296,"Kiribati",2043,83,0.16397313,0.14219108,0.15014223
296,"Kiribati",2043,84,0.18008203,0.15619594,0.1647594
296,"Kiribati",2043,85,0.19752128,0.17104386,0.18034696
296,"Kiribati",2043,86,0.21623721,0.18693835,0.19701686
296,"Kiribati",2043,87,0.23612796,0.20407809,0.21466507
296,"Kiribati",2043,88,0.25708546,0.22264541,0.23348136
296,"Kiribati",2043,89,0.27903558,0.2426487,0.25368911
296,"Kiribati",2043,90,0.30191046,0.26400195,0.27515209
296,"Kiribati",2043,91,0.32569444,0.28650127,0.29763681
296,"Kiribati",2043,92,0.3503412,0.30985097,0.32106897
296,"Kiribati",2043,93,0.37581503,0.33388271,0.34538827
296,"Kiribati",2043,94,0.40207248,0.35847989,0.37025496
296,"Kiribati",2043,95,0.4290497,0.3836772,0.39548129
296,"Kiribati",2043,96,0.45691215,0.40993868,0.42157899
296,"Kiribati",2043,97,0.48527495,0.43693127,0.44833439
296,"Kiribati",2043,98,0.51392688,0.46461591,0.47570981
296,"Kiribati",2043,99,0.54256925,0.49278311,0.5035837
296,"Kiribati",2043,100,0.59667042,0.55496501,0.56320668
296,"Kiribati",2044,0,0.03687646,0.02369222,0.03047642
296,"Kiribati",2044,1,0.0033431,0.00263367,0.00299814
296,"Kiribati",2044,2,0.0025504,0.00190892,0.00223832
296,"Kiribati",2044,3,0.0019575,0.00139587,0.00168416
296,"Kiribati",2044,4,0.00152164,0.00103964,0.00128697
296,"Kiribati",2044,5,0.0012069,0.0007969,0.00100722
296,"Kiribati",2044,6,0.00098418,0.00063472,0.00081396
296,"Kiribati",2044,7,0.0008319,0.00053067,0.00068515
296,"Kiribati",2044,8,0.00073248,0.00046743,0.00060334
296,"Kiribati",2044,9,0.00067422,0.00043427,0.00055729
296,"Kiribati",2044,10,0.00064941,0.00042408,0.00053958
296,"Kiribati",2044,11,0.00065414,0.00043291,0.0005463
296,"Kiribati",2044,12,0.00068684,0.00045875,0.00057564
296,"Kiribati",2044,13,0.00074795,0.00050049,0.0006273
296,"Kiribati",2044,14,0.00083751,0.00055693,0.00070071
296,"Kiribati",2044,15,0.00095489,0.0006261,0.00079457
296,"Kiribati",2044,16,0.00109549,0.00070409,0.00090462
296,"Kiribati",2044,17,0.00125101,0.00078601,0.00102419
296,"Kiribati",2044,18,0.00141016,0.00086678,0.00114504
296,"Kiribati",2044,19,0.00155856,0.00094134,0.00125729
296,"Kiribati",2044,20,0.00168459,0.00100776,0.00135412
296,"Kiribati",2044,21,0.00177917,0.00106599,0.00143086
296,"Kiribati",2044,22,0.00183958,0.00111753,0.00148683
296,"Kiribati",2044,23,0.00186802,0.00116483,0.00152391
296,"Kiribati",2044,24,0.00187274,0.00120986,0.00154789
296,"Kiribati",2044,25,0.00186448,0.00125442,0.00156485
296,"Kiribati",2044,26,0.00185573,0.00130087,0.00158185
296,"Kiribati",2044,27,0.00185617,0.00134917,0.00160472
296,"Kiribati",2044,28,0.00187179,0.00140025,0.00163696
296,"Kiribati",2044,29,0.00190655,0.00145511,0.00168094
296,"Kiribati",2044,30,0.00196034,0.00151469,0.00173667
296,"Kiribati",2044,31,0.00203281,0.00158167,0.00180513
296,"Kiribati",2044,32,0.00212084,0.0016554,0.00188441
296,"Kiribati",2044,33,0.00222237,0.00173674,0.00197382
296,"Kiribati",2044,34,0.00233698,0.00182626,0.00207353
296,"Kiribati",2044,35,0.00246522,0.00192444,0.00218492
296,"Kiribati",2044,36,0.00260981,0.00203289,0.00231079
296,"Kiribati",2044,37,0.00277277,0.00215106,0.00245151
296,"Kiribati",2044,38,0.00295708,0.00228004,0.00260957
296,"Kiribati",2044,39,0.00316604,0.00242142,0.00278688
296,"Kiribati",2044,40,0.00340295,0.0025776,0.00298578
296,"Kiribati",2044,41,0.00367079,0.00275116,0.00320894
296,"Kiribati",2044,42,0.00397319,0.00294579,0.00345978
296,"Kiribati",2044,43,0.00431337,0.00316493,0.00373902
296,"Kiribati",2044,44,0.0046941,0.00341151,0.00404765
296,"Kiribati",2044,45,0.00511773,0.00368801,0.00439159
296,"Kiribati",2044,46,0.00558367,0.00399298,0.00477068
296,"Kiribati",2044,47,0.00609617,0.00433049,0.00518692
296,"Kiribati",2044,48,0.00665843,0.00470153,0.00564233
296,"Kiribati",2044,49,0.00727498,0.00510682,0.00614245
296,"Kiribati",2044,50,0.00795264,0.00554718,0.00669064
296,"Kiribati",2044,51,0.00869435,0.00601608,0.00728243
296,"Kiribati",2044,52,0.00951507,0.00652218,0.0079304
296,"Kiribati",2044,53,0.01042498,0.0070697,0.00864276
296,"Kiribati",2044,54,0.01143272,0.00766642,0.00942117
296,"Kiribati",2044,55,0.01254473,0.00832437,0.01027755
296,"Kiribati",2044,56,0.01375509,0.00904615,0.01121816
296,"Kiribati",2044,57,0.01507586,0.00986015,0.01226088
296,"Kiribati",2044,58,0.01651144,0.01078359,0.01341329
296,"Kiribati",2044,59,0.01806847,0.01183209,0.01468939
296,"Kiribati",2044,60,0.01975726,0.01301856,0.01610146
296,"Kiribati",2044,61,0.02157753,0.01433398,0.01763559
296,"Kiribati",2044,62,0.02356053,0.01580249,0.01932973
296,"Kiribati",2044,63,0.02572825,0.01743647,0.02119119
296,"Kiribati",2044,64,0.02810571,0.01925605,0.02324257
296,"Kiribati",2044,65,0.03072101,0.02129315,0.02550462
296,"Kiribati",2044,66,0.03358727,0.02356565,0.02801882
296,"Kiribati",2044,67,0.0367527,0.0261379,0.03085357
296,"Kiribati",2044,68,0.04025258,0.02905458,0.03396342
296,"Kiribati",2044,69,0.04412314,0.03235066,0.03742409
296,"Kiribati",2044,70,0.04840184,0.03605107,0.04128633
296,"Kiribati",2044,71,0.05310938,0.04014089,0.04553894
296,"Kiribati",2044,72,0.05829869,0.04464472,0.05023403
296,"Kiribati",2044,73,0.06401157,0.04958427,0.05541355
296,"Kiribati",2044,74,0.07029359,0.05500809,0.06114752
296,"Kiribati",2044,75,0.0771956,0.06101822,0.06750356
296,"Kiribati",2044,76,0.0847649,0.06772955,0.07457172
296,"Kiribati",2044,77,0.09307586,0.07530275,0.08242068
296,"Kiribati",2044,78,0.10220539,0.08387293,0.0911324
296,"Kiribati",2044,79,0.11224594,0.09350393,0.1008267
296,"Kiribati",2044,80,0.12330118,0.10420134,0.11153449
296,"Kiribati",2044,81,0.13548576,0.11586698,0.12326541
296,"Kiribati",2044,82,0.14890652,0.12836857,0.13601789
296,"Kiribati",2044,83,0.16363945,0.14161928,0.14968883
296,"Kiribati",2044,84,0.17972696,0.15558508,0.16426968
296,"Kiribati",2044,85,0.19714405,0.17039355,0.17982887
296,"Kiribati",2044,86,0.21583848,0.18624938,0.19645752
296,"Kiribati",2044,87,0.23570785,0.20334966,0.21425616
296,"Kiribati",2044,88,0.25664453,0.22187661,0.23310496
296,"Kiribati",2044,89,0.27857479,0.24183905,0.25311534
296,"Kiribati",2044,90,0.30143113,0.26315171,0.27446352
296,"Kiribati",2044,91,0.32519938,0.28561326,0.29693674
296,"Kiribati",2044,92,0.34983246,0.3089276,0.32021368
296,"Kiribati",2044,93,0.37529468,0.33292685,0.34430968
296,"Kiribati",2044,94,0.40154244,0.35749467,0.36919831
296,"Kiribati",2044,95,0.42851159,0.38266562,0.39463788
296,"Kiribati",2044,96,0.45638177,0.40892445,0.42083734
296,"Kiribati",2044,97,0.48475549,0.4359201,0.44757346
296,"Kiribati",2044,98,0.5134219,0.4636138,0.47490648
296,"Kiribati",2044,99,0.54208328,0.49179667,0.50265485
296,"Kiribati",2044,100,0.59623768,0.55394707,0.56234366
296,"Kiribati",2045,0,0.03646655,0.02315973,0.03000625
296,"Kiribati",2045,1,0.00330057,0.00256964,0.00294515
296,"Kiribati",2045,2,0.00251932,0.00186399,0.00220049
296,"Kiribati",2045,3,0.00193468,0.00136409,0.00165695
296,"Kiribati",2045,4,0.00150467,0.00101673,0.00126709
296,"Kiribati",2045,5,0.00119398,0.00077989,0.0009923
296,"Kiribati",2045,6,0.00097399,0.00062151,0.00080227
296,"Kiribati",2045,7,0.0008235,0.00051987,0.00067556
296,"Kiribati",2045,8,0.00072521,0.00045808,0.00059504
296,"Kiribati",2045,9,0.00066761,0.00042572,0.00054972
296,"Kiribati",2045,10,0.00064311,0.00041584,0.00053233
296,"Kiribati",2045,11,0.00064786,0.00042459,0.00053902
296,"Kiribati",2045,12,0.00068034,0.00045004,0.00056805
296,"Kiribati",2045,13,0.00074102,0.00049112,0.00061916
296,"Kiribati",2045,14,0.00082994,0.00054666,0.00069179
296,"Kiribati",2045,15,0.00094651,0.00061474,0.00078471
296,"Kiribati",2045,16,0.00108613,0.0006915,0.00089366
296,"Kiribati",2045,17,0.00124055,0.00077215,0.00101204
296,"Kiribati",2045,18,0.00139854,0.00085171,0.00113169
296,"Kiribati",2045,19,0.00154581,0.00092519,0.00124283
296,"Kiribati",2045,20,0.00167082,0.0009907,0.00133862
296,"Kiribati",2045,21,0.00176459,0.00104817,0.00141452
296,"Kiribati",2045,22,0.00182447,0.00109908,0.00146991
296,"Kiribati",2045,23,0.0018527,0.00114587,0.00150712
296,"Kiribati",2045,24,0.00185745,0.00119046,0.00153079
296,"Kiribati",2045,25,0.00184938,0.00123463,0.00154789
296,"Kiribati",2045,26,0.00184088,0.00128072,0.00156556
296,"Kiribati",2045,27,0.00184152,0.00132864,0.00158819
296,"Kiribati",2045,28,0.00185723,0.00137934,0.00162006
296,"Kiribati",2045,29,0.00189193,0.00143376,0.00166362
296,"Kiribati",2045,30,0.00194551,0.00149288,0.00171917
296,"Kiribati",2045,31,0.00201765,0.00155938,0.00178752
296,"Kiribati",2045,32,0.00210523,0.00163261,0.00186658
296,"Kiribati",2045,33,0.00220621,0.0017134,0.00195574
296,"Kiribati",2045,34,0.00232021,0.00180235,0.00205502
296,"Kiribati",2045,35,0.00244775,0.00189993,0.002165
296,"Kiribati",2045,36,0.0025916,0.00200778,0.00228882
296,"Kiribati",2045,37,0.00275377,0.00212531,0.00242785
296,"Kiribati",2045,38,0.00293724,0.00225362,0.00258378
296,"Kiribati",2045,39,0.00314532,0.00239428,0.0027596
296,"Kiribati",2045,40,0.0033813,0.0025497,0.00295758
296,"Kiribati",2045,41,0.00364815,0.00272243,0.00317994
296,"Kiribati",2045,42,0.0039495,0.00291618,0.0034302
296,"Kiribati",2045,43,0.00428857,0.00313439,0.00371139
296,"Kiribati",2045,44,0.00466813,0.00337998,0.00402343
296,"Kiribati",2045,45,0.0050905,0.00365543,0.00436661
296,"Kiribati",2045,46,0.00555503,0.00395913,0.00474377
296,"Kiribati",2045,47,0.00606598,0.00429524,0.00516009
296,"Kiribati",2045,48,0.00662653,0.00466473,0.00561523
296,"Kiribati",2045,49,0.00724124,0.00506834,0.00611171
296,"Kiribati",2045,50,0.00791691,0.00550691,0.0066565
296,"Kiribati",2045,51,0.00865637,0.00597374,0.00724705
296,"Kiribati",2045,52,0.0094747,0.00647776,0.00789244
296,"Kiribati",2045,53,0.01038214,0.00702322,0.00860075
296,"Kiribati",2045,54,0.01138729,0.0076179,0.00938148
296,"Kiribati",2045,55,0.01249661,0.00827374,0.01023669
296,"Kiribati",2045,56,0.0137039,0.00899285,0.01116751
296,"Kiribati",2045,57,0.01502133,0.00980381,0.01220355
296,"Kiribati",2045,58,0.01645326,0.01072373,0.01335271
296,"Kiribati",2045,59,0.01800627,0.01176819,0.01462235
296,"Kiribati",2045,60,0.01969068,0.01295013,0.01602699
296,"Kiribati",2045,61,0.02150599,0.01426013,0.01756184
296,"Kiribati",2045,62,0.02348372,0.01572291,0.01924513
296,"Kiribati",2045,63,0.02564594,0.01735099,0.02110501
296,"Kiribati",2045,64,0.02801764,0.01916452,0.02315368
296,"Kiribati",2045,65,0.0306269,0.02119534,0.02542158
296,"Kiribati",2045,66,0.03348646,0.0234606,0.02791384
296,"Kiribati",2045,67,0.03664464,0.0260248,0.03071524
296,"Kiribati",2045,68,0.04013656,0.02893235,0.03387801
296,"Kiribati",2045,69,0.04399832,0.03221806,0.03734684
296,"Kiribati",2045,70,0.04826727,0.03590685,0.04119471
296,"Kiribati",2045,71,0.05296394,0.03998364,0.04544282
296,"Kiribati",2045,72,0.0581413,0.04447352,0.05011518
296,"Kiribati",2045,73,0.06384114,0.04939842,0.05525782
296,"Kiribati",2045,74,0.07010904,0.05480696,0.06093066
296,"Kiribati",2045,75,0.07699586,0.06080101,0.06723967
296,"Kiribati",2045,76,0.08454904,0.06749542,0.07426161
296,"Kiribati",2045,77,0.09284287,0.07505033,0.08212238
296,"Kiribati",2045,78,0.10195424,0.08360061,0.09087165
296,"Kiribati",2045,79,0.11197551,0.09321011,0.10055799
296,"Kiribati",2045,80,0.12301024,0.10388464,0.11127129
296,"Kiribati",2045,81,0.13517329,0.11552746,0.12298045
296,"Kiribati",2045,82,0.14857101,0.12800616,0.13566459
296,"Kiribati",2045,83,0.16327928,0.14123432,0.14933559
296,"Kiribati",2045,84,0.17934051,0.15517817,0.16390375
296,"Kiribati",2045,85,0.19672989,0.1699652,0.17943708
296,"Kiribati",2045,86,0.21539613,0.18580148,0.1960504
296,"Kiribati",2045,87,0.23523661,0.20288274,0.21381897
296,"Kiribati",2045,88,0.25614412,0.22139127,0.23284471
296,"Kiribati",2045,89,0.2780453,0.24133635,0.25290461
296,"Kiribati",2045,90,0.30087302,0.26263326,0.27406545
296,"Kiribati",2045,91,0.32461406,0.28508297,0.29644279
296,"Kiribati",2045,92,0.34922096,0.30838861,0.31973061
296,"Kiribati",2045,93,0.374658,0.33238261,0.34369184
296,"Kiribati",2045,94,0.40088143,0.35694875,0.36837435
296,"Kiribati",2045,95,0.42782673,0.38212153,0.39385824
296,"Kiribati",2045,96,0.45568173,0.40840648,0.42031758
296,"Kiribati",2045,97,0.48404158,0.43543457,0.44718469
296,"Kiribati",2045,98,0.51269585,0.46316731,0.47452804
296,"Kiribati",2045,99,0.54134788,0.49139618,0.50226597
296,"Kiribati",2045,100,0.59554037,0.5535372,0.56187506
296,"Kiribati",2046,0,0.03592597,0.0225978,0.02945552
296,"Kiribati",2046,1,0.0032466,0.00250126,0.00288415
296,"Kiribati",2046,2,0.00247979,0.00181592,0.0021568
296,"Kiribati",2046,3,0.00190559,0.00133002,0.00162543
296,"Kiribati",2046,4,0.00148298,0.00099214,0.00124397
296,"Kiribati",2046,5,0.00117745,0.0007616,0.0009749
296,"Kiribati",2046,6,0.00096092,0.00060729,0.00078863
296,"Kiribati",2046,7,0.00081273,0.00050821,0.00066433
296,"Kiribati",2046,8,0.00071591,0.00044799,0.00058533
296,"Kiribati",2046,9,0.00065917,0.00041647,0.00054088
296,"Kiribati",2046,10,0.00063509,0.00040691,0.00052386
296,"Kiribati",2046,11,0.00063988,0.00041557,0.00053052
296,"Kiribati",2046,12,0.00067209,0.00044057,0.0005592
296,"Kiribati",2046,13,0.00073222,0.00048092,0.00060967
296,"Kiribati",2046,14,0.00082035,0.00053547,0.0006814
296,"Kiribati",2046,15,0.00093587,0.00060235,0.00077319
296,"Kiribati",2046,16,0.00107424,0.00067775,0.00088082
296,"Kiribati",2046,17,0.00122726,0.00075699,0.00099781
296,"Kiribati",2046,18,0.00138381,0.00083521,0.00111605
296,"Kiribati",2046,19,0.00152968,0.00090747,0.00122586
296,"Kiribati",2046,20,0.00165346,0.00097194,0.00132051
296,"Kiribati",2046,21,0.00174628,0.00102854,0.00139543
296,"Kiribati",2046,22,0.00180557,0.00107874,0.00145013
296,"Kiribati",2046,23,0.00183358,0.00112494,0.00148693
296,"Kiribati",2046,24,0.00183842,0.00116902,0.00151088
296,"Kiribati",2046,25,0.00183064,0.00121273,0.0015278
296,"Kiribati",2046,26,0.0018225,0.0012584,0.00154566
296,"Kiribati",2046,27,0.00182344,0.00130589,0.0015689
296,"Kiribati",2046,28,0.0018393,0.00135612,0.00160049
296,"Kiribati",2046,29,0.00187397,0.00141004,0.0016436
296,"Kiribati",2046,30,0.00192734,0.00146859,0.00169861
296,"Kiribati",2046,31,0.00199914,0.00153452,0.00176668
296,"Kiribati",2046,32,0.00208625,0.00160713,0.00184551
296,"Kiribati",2046,33,0.00218665,0.00168726,0.00193434
296,"Kiribati",2046,34,0.00229997,0.0017755,0.00203327
296,"Kiribati",2046,35,0.00242677,0.00187234,0.0021427
296,"Kiribati",2046,36,0.00256984,0.00197943,0.00226494
296,"Kiribati",2046,37,0.00273117,0.00209616,0.00240165
296,"Kiribati",2046,38,0.00291375,0.00222361,0.00255563
296,"Kiribati",2046,39,0.0031209,0.00236336,0.00272898
296,"Kiribati",2046,40,0.00335589,0.0025178,0.00292519
296,"Kiribati",2046,41,0.0036217,0.00268948,0.0031464
296,"Kiribati",2046,42,0.00392196,0.0028821,0.00339565
296,"Kiribati",2046,43,0.00425988,0.00309912,0.00367611
296,"Kiribati",2046,44,0.00463824,0.00334343,0.00399024
296,"Kiribati",2046,45,0.00505933,0.00361749,0.00433711
296,"Kiribati",2046,46,0.00552241,0.00391957,0.00471316
296,"Kiribati",2046,47,0.00603179,0.00425386,0.00512713
296,"Kiribati",2046,48,0.00659067,0.00462134,0.00558213
296,"Kiribati",2046,49,0.00720357,0.00502273,0.00607808
296,"Kiribati",2046,50,0.00787732,0.00545892,0.00661862
296,"Kiribati",2046,51,0.00861455,0.00592305,0.00720502
296,"Kiribati",2046,52,0.00943057,0.00642432,0.0078489
296,"Kiribati",2046,53,0.01033563,0.00696702,0.00855424
296,"Kiribati",2046,54,0.01133837,0.00755893,0.00933033
296,"Kiribati",2046,55,0.01244523,0.00821187,0.010188
296,"Kiribati",2046,56,0.01364958,0.00892745,0.01111686
296,"Kiribati",2046,57,0.01496387,0.00973437,0.01214148
296,"Kiribati",2046,58,0.01639238,0.0106496,0.01328264
296,"Kiribati",2046,59,0.0179417,0.01168864,0.01454802
296,"Kiribati",2046,60,0.01962213,0.01286449,0.0159449
296,"Kiribati",2046,61,0.02143274,0.01416736,0.01747054
296,"Kiribati",2046,62,0.02340556,0.01562257,0.01915383
296,"Kiribati",2046,63,0.02556268,0.01724276,0.02100136
296,"Kiribati",2046,64,0.02792915,0.01904813,0.0230476
296,"Kiribati",2046,65,0.030533,0.02107038,0.02531171
296,"Kiribati",2046,66,0.03338642,0.02332594,0.02780859
296,"Kiribati",2046,67,0.036538,0.02587929,0.03058502
296,"Kiribati",2046,68,0.0400227,0.02877449,0.03371049
296,"Kiribati",2046,69,0.04387654,0.03204616,0.03723278
296,"Kiribati",2046,70,0.04813677,0.03571912,0.04108627
296,"Kiribati",2046,71,0.05282359,0.03977825,0.04531592
296,"Kiribati",2046,72,0.0579902,0.04424912,0.04998042
296,"Kiribati",2046,73,0.06367839,0.04915389,0.0550959
296,"Kiribati",2046,74,0.06993376,0.05454128,0.06072638
296,"Kiribati",2046,75,0.07680722,0.06051291,0.06696701
296,"Kiribati",2046,76,0.08434642,0.06718344,0.07393596
296,"Kiribati",2046,77,0.09262556,0.07471233,0.08174486
296,"Kiribati",2046,78,0.10172157,0.08323406,0.09050226
296,"Kiribati",2046,79,0.1117268,0.09281242,0.10022153
296,"Kiribati",2046,80,0.1227447,0.10345347,0.11092002
296,"Kiribati",2046,81,0.13489068,0.11506202,0.12262889
296,"Kiribati",2046,82,0.14827042,0.12750567,0.13528466
296,"Kiribati",2046,83,0.1629598,0.14069856,0.14887772
296,"Kiribati",2046,84,0.17900128,0.15460722,0.16344064
296,"Kiribati",2046,85,0.1963703,0.16935892,0.1789546
296,"Kiribati",2046,86,0.21501691,0.18516091,0.1955343
296,"Kiribati",2046,87,0.23483801,0.20220747,0.21327865
296,"Kiribati",2046,88,0.25572681,0.22068081,0.23226314
296,"Kiribati",2046,89,0.27761035,0.2405907,0.25249749
296,"Kiribati",2046,90,0.30042189,0.26185308,0.27369328
296,"Kiribati",2046,91,0.32414964,0.2842714,0.29586529
296,"Kiribati",2046,92,0.34874544,0.3075483,0.31904371
296,"Kiribati",2046,93,0.37417355,0.33151661,0.34300446
296,"Kiribati",2046,94,0.40039006,0.35606034,0.36753793
296,"Kiribati",2046,95,0.42733005,0.38121382,0.39280084
296,"Kiribati",2046,96,0.45519494,0.40750245,0.41931489
296,"Kiribati",2046,97,0.48356773,0.43453995,0.4464351
296,"Kiribati",2046,98,0.51223832,0.46228811,0.47389603
296,"Kiribati",2046,99,0.54091105,0.49053898,0.50162954
296,"Kiribati",2046,100,0.59515887,0.55265659,0.56112194
296,"Kiribati",2047,0,0.03544332,0.02208879,0.02896008
296,"Kiribati",2047,1,0.00319909,0.00243915,0.00282952
296,"Kiribati",2047,2,0.00244496,0.00177229,0.00211766
296,"Kiribati",2047,3,0.00187993,0.00129912,0.00159721
296,"Kiribati",2047,4,0.00146384,0.00096985,0.00122328
296,"Kiribati",2047,5,0.00116285,0.00074503,0.00095932
296,"Kiribati",2047,6,0.00094938,0.00059441,0.00077642
296,"Kiribati",2047,7,0.00080321,0.00049766,0.0006543
296,"Kiribati",2047,8,0.00070769,0.00043885,0.00057665
296,"Kiribati",2047,9,0.00065173,0.0004081,0.00053296
296,"Kiribati",2047,10,0.00062802,0.00039884,0.00051629
296,"Kiribati",2047,11,0.00063285,0.00040741,0.00052293
296,"Kiribati",2047,12,0.00066483,0.00043202,0.0005513
296,"Kiribati",2047,13,0.00072448,0.0004717,0.00060119
296,"Kiribati",2047,14,0.00081189,0.00052535,0.00067212
296,"Kiribati",2047,15,0.00092651,0.00059115,0.0007629
296,"Kiribati",2047,16,0.00106376,0.00066532,0.00086935
296,"Kiribati",2047,17,0.00121555,0.0007433,0.00098509
296,"Kiribati",2047,18,0.00137083,0.0008203,0.00110209
296,"Kiribati",2047,19,0.00151548,0.00089148,0.00121074
296,"Kiribati",2047,20,0.00163821,0.00095502,0.00130438
296,"Kiribati",2047,21,0.00173021,0.00101083,0.0013785
296,"Kiribati",2047,22,0.00178901,0.0010604,0.00143257
296,"Kiribati",2047,23,0.00181686,0.00110607,0.00146899
296,"Kiribati",2047,24,0.0018218,0.0011497,0.00149277
296,"Kiribati",2047,25,0.00181428,0.001193,0.00151006
296,"Kiribati",2047,26,0.00180647,0.00123829,0.0015278
296,"Kiribati",2047,27,0.00180767,0.0012854,0.00155119
296,"Kiribati",2047,28,0.00182367,0.00133521,0.0015833
296,"Kiribati",2047,29,0.00185833,0.00138868,0.00162607
296,"Kiribati",2047,30,0.00191152,0.00144673,0.00168059
296,"Kiribati",2047,31,0.00198305,0.00151216,0.00174814
296,"Kiribati",2047,32,0.00206978,0.00158422,0.00182671
296,"Kiribati",2047,33,0.0021697,0.00166377,0.00191536
296,"Kiribati",2047,34,0.00228247,0.0017514,0.00201402
296,"Kiribati",2047,35,0.00240866,0.0018476,0.0021232
296,"Kiribati",2047,36,0.0025511,0.00195402,0.00224502
296,"Kiribati",2047,37,0.00271174,0.00207006,0.00238018
296,"Kiribati",2047,38,0.0028936,0.00219678,0.0025318
296,"Kiribati",2047,39,0.00309998,0.00233574,0.00270318
296,"Kiribati",2047,40,0.00333418,0.00248935,0.00289683
296,"Kiribati",2047,41,0.00359912,0.00266012,0.00311624
296,"Kiribati",2047,42,0.00389848,0.00285178,0.00336444
296,"Kiribati",2047,43,0.00423547,0.00306778,0.00364403
296,"Kiribati",2047,44,0.00461285,0.00331101,0.00395762
296,"Kiribati",2047,45,0.00503292,0.00358391,0.00430714
296,"Kiribati",2047,46,0.00549481,0.0038846,0.00468752
296,"Kiribati",2047,47,0.00600294,0.00421735,0.00510056
296,"Kiribati",2047,48,0.00656047,0.00458313,0.00555329
296,"Kiribati",2047,49,0.00717195,0.00498265,0.00604949
296,"Kiribati",2047,50,0.0078442,0.00541685,0.00658995
296,"Kiribati",2047,51,0.00857966,0.00587871,0.007172
296,"Kiribati",2047,52,0.00939385,0.00637767,0.00781193
296,"Kiribati",2047,53,0.01029705,0.00691808,0.00851636
296,"Kiribati",2047,54,0.01129792,0.00750767,0.00928992
296,"Kiribati",2047,55,0.01240289,0.00815823,0.01014315
296,"Kiribati",2047,56,0.01360494,0.00887086,0.01107511
296,"Kiribati",2047,57,0.01491678,0.00967441,0.01209815
296,"Kiribati",2047,58,0.01634266,0.01058572,0.01322731
296,"Kiribati",2047,59,0.01788914,0.01162026,0.01448468
296,"Kiribati",2047,60,0.01956654,0.01279103,0.01587783
296,"Kiribati",2047,61,0.02137351,0.01408793,0.01739572
296,"Kiribati",2047,62,0.02334251,0.0155368,0.01907041
296,"Kiribati",2047,63,0.02549572,0.01715042,0.02091942
296,"Kiribati",2047,64,0.0278582,0.01894904,0.02295402
296,"Kiribati",2047,65,0.03045795,0.02096425,0.02521713
296,"Kiribati",2047,66,0.03330664,0.02321175,0.027711
296,"Kiribati",2047,67,0.03645315,0.02575613,0.03049376
296,"Kiribati",2047,68,0.03993236,0.02864114,0.03359411
296,"Kiribati",2047,69,0.04378017,0.03190122,0.03707846
296,"Kiribati",2047,70,0.04803377,0.03556114,0.04099007
296,"Kiribati",2047,71,0.0527131,0.0396057,0.04522759
296,"Kiribati",2047,72,0.05787155,0.04406092,0.04987535
296,"Kiribati",2047,73,0.06355091,0.04894918,0.05498582
296,"Kiribati",2047,74,0.06979684,0.0543193,0.06059114
296,"Kiribati",2047,75,0.07666029,0.06027269,0.06679045
296,"Kiribati",2047,76,0.08418908,0.0669239,0.07369084
296,"Kiribati",2047,77,0.09245738,0.07443184,0.08144829
296,"Kiribati",2047,78,0.10154216,0.08293066,0.09015651
296,"Kiribati",2047,79,0.11153573,0.09248416,0.09988904
296,"Kiribati",2047,80,0.12254154,0.10309861,0.11062615
296,"Kiribati",2047,81,0.13467552,0.11468025,0.12232635
296,"Kiribati",2047,82,0.14804279,0.12709664,0.13498949
296,"Kiribati",2047,83,0.16271922,0.14026235,0.14856197
296,"Kiribati",2047,84,0.17874738,0.1541442,0.1630504
296,"Kiribati",2047,85,0.19610289,0.16886931,0.17856929
296,"Kiribati",2047,86,0.21473711,0.18464619,0.1951399
296,"Kiribati",2047,87,0.23454642,0.20166774,0.21285825
296,"Kiribati",2047,88,0.25542437,0.22011622,0.23182742
296,"Kiribati",2047,89,0.27729831,0.24000182,0.25202922
296,"Kiribati",2047,90,0.30010184,0.26124109,0.27341738
296,"Kiribati",2047,91,0.32382451,0.28363975,0.29563759
296,"Kiribati",2047,92,0.34841744,0.30689983,0.31861923
296,"Kiribati",2047,93,0.37384488,0.33085451,0.34248247
296,"Kiribati",2047,94,0.40006283,0.35538793,0.36703022
296,"Kiribati",2047,95,0.42700609,0.38053435,0.39215486
296,"Kiribati",2047,96,0.45488957,0.40683878,0.41847693
296,"Kiribati",2047,97,0.48328427,0.43389798,0.44567085
296,"Kiribati",2047,98,0.51198034,0.46167401,0.47340428
296,"Kiribati",2047,99,0.54068284,0.48995933,0.50127215
296,"Kiribati",2047,100,0.594989,0.55206112,0.56067265
296,"Kiribati",2048,0,0.03491162,0.02155099,0.02842519
296,"Kiribati",2048,1,0.00314519,0.00237272,0.00276953
296,"Kiribati",2048,2,0.00240549,0.00172555,0.00207464
296,"Kiribati",2048,3,0.00185089,0.00126598,0.00156615
296,"Kiribati",2048,4,0.00144219,0.00094591,0.00120051
296,"Kiribati",2048,5,0.00114634,0.00072721,0.00094216
296,"Kiribati",2048,6,0.00093633,0.00058053,0.00076295
296,"Kiribati",2048,7,0.00079246,0.00048629,0.00064323
296,"Kiribati",2048,8,0.00069839,0.00042899,0.00056706
296,"Kiribati",2048,9,0.00064328,0.00039905,0.0005242
296,"Kiribati",2048,10,0.00061998,0.00039009,0.00050789
296,"Kiribati",2048,11,0.00062484,0.00039856,0.0005145
296,"Kiribati",2048,12,0.00065655,0.00042273,0.00054252
296,"Kiribati",2048,13,0.00071565,0.00046167,0.00059177
296,"Kiribati",2048,14,0.00080225,0.00051433,0.0006618
296,"Kiribati",2048,15,0.00091582,0.00057894,0.00075146
296,"Kiribati",2048,16,0.00105182,0.00065176,0.00085659
296,"Kiribati",2048,17,0.0012022,0.00072835,0.00097091
296,"Kiribati",2048,18,0.00135601,0.00080399,0.00108649
296,"Kiribati",2048,19,0.00149924,0.00087396,0.00119383
296,"Kiribati",2048,20,0.0016207,0.00093645,0.0012863
296,"Kiribati",2048,21,0.00171172,0.00099139,0.00135947
296,"Kiribati",2048,22,0.0017699,0.00104023,0.00141286
296,"Kiribati",2048,23,0.00179751,0.0010853,0.0014488
296,"Kiribati",2048,24,0.00180252,0.00112841,0.00147233
296,"Kiribati",2048,25,0.00179526,0.00117125,0.00148954
296,"Kiribati",2048,26,0.0017878,0.0012161,0.00150766
296,"Kiribati",2048,27,0.00178928,0.00126276,0.00153088
296,"Kiribati",2048,28,0.00180542,0.00131209,0.00156301
296,"Kiribati",2048,29,0.00184003,0.00136503,0.00160615
296,"Kiribati",2048,30,0.001893,0.00142251,0.00166019
296,"Kiribati",2048,31,0.00196416,0.00148733,0.00172711
296,"Kiribati",2048,32,0.00205037,0.00155874,0.00180498
296,"Kiribati",2048,33,0.00214966,0.0016376,0.00189319
296,"Kiribati",2048,34,0.00226171,0.0017245,0.00199151
296,"Kiribati",2048,35,0.0023871,0.00181991,0.00210024
296,"Kiribati",2048,36,0.00252869,0.00192554,0.00222165
296,"Kiribati",2048,37,0.00268843,0.00204072,0.00235621
296,"Kiribati",2048,38,0.00286933,0.00216654,0.00250599
296,"Kiribati",2048,39,0.0030747,0.00230454,0.00267459
296,"Kiribati",2048,40,0.00330784,0.00245713,0.00286586
296,"Kiribati",2048,41,0.00357166,0.00262678,0.00308219
296,"Kiribati",2048,42,0.00386983,0.00281725,0.00332817
296,"Kiribati",2048,43,0.00420557,0.003032,0.00360636
296,"Kiribati",2048,44,0.00458164,0.00327388,0.00391873
296,"Kiribati",2048,45,0.00500032,0.00354531,0.00426737
296,"Kiribati",2048,46,0.00546062,0.0038443,0.0046503
296,"Kiribati",2048,47,0.00596704,0.00417515,0.00506779
296,"Kiribati",2048,48,0.00652272,0.00453879,0.00551904
296,"Kiribati",2048,49,0.0071322,0.00493596,0.00601223
296,"Kiribati",2048,50,0.00780232,0.00536762,0.00655248
296,"Kiribati",2048,51,0.00853532,0.00582663,0.00713378
296,"Kiribati",2048,52,0.00934695,0.00632267,0.00776842
296,"Kiribati",2048,53,0.01024751,0.00686015,0.00846798
296,"Kiribati",2048,54,0.01124567,0.00744678,0.00924002
296,"Kiribati",2048,55,0.01234785,0.00809424,0.0100898
296,"Kiribati",2048,56,0.01354663,0.00880313,0.01101566
296,"Kiribati",2048,57,0.01485496,0.0096024,0.01204114
296,"Kiribati",2048,58,0.01627701,0.01050873,0.01316728
296,"Kiribati",2048,59,0.01781931,0.01153751,0.01441003
296,"Kiribati",2048,60,0.0194922,0.01270178,0.01579294
296,"Kiribati",2048,61,0.02129394,0.01399115,0.01730479
296,"Kiribati",2048,62,0.02325743,0.01543199,0.01896954
296,"Kiribati",2048,63,0.0254049,0.01703725,0.02080771
296,"Kiribati",2048,64,0.02776146,0.01882723,0.02284224
296,"Kiribati",2048,65,0.03035505,0.02083336,0.02509102
296,"Kiribati",2048,66,0.03319683,0.02307062,0.02758117
296,"Kiribati",2048,67,0.03633587,0.02560355,0.03035801
296,"Kiribati",2048,68,0.0398069,0.02847552,0.03346184
296,"Kiribati",2048,69,0.04364572,0.03172072,0.03691588
296,"Kiribati",2048,70,0.0478894,0.03536387,0.04078325
296,"Kiribati",2048,71,0.05255757,0.03938971,0.04507738
296,"Kiribati",2048,72,0.05770381,0.04382477,0.0497289
296,"Kiribati",2048,73,0.06336991,0.04869167,0.05481692
296,"Kiribati",2048,74,0.06960154,0.05403932,0.06041194
296,"Kiribati",2048,75,0.07644969,0.05996888,0.0665788
296,"Kiribati",2048,76,0.08396238,0.06659468,0.07342935
296,"Kiribati",2048,77,0.0922137,0.07407491,0.08110799
296,"Kiribati",2048,78,0.10128062,0.08254328,0.08975518
296,"Kiribati",2048,79,0.11125544,0.09206355,0.09942884
296,"Kiribati",2048,80,0.12224147,0.1026422,0.11017021
296,"Kiribati",2048,81,0.1343551,0.11418703,0.1219008
296,"Kiribati",2048,82,0.1477008,0.12656567,0.13454531
296,"Kiribati",2048,83,0.16235442,0.13969325,0.14811673
296,"Kiribati",2048,84,0.17835854,0.15353691,0.16257438
296,"Kiribati",2048,85,0.19568903,0.16822355,0.17800149
296,"Kiribati",2048,86,0.21429859,0.18396274,0.19456825
296,"Kiribati",2048,87,0.23408315,0.20094593,0.21226481
296,"Kiribati",2048,88,0.25493672,0.21935531,0.23119267
296,"Kiribati",2048,89,0.2767871,0.23920155,0.25136432
296,"Kiribati",2048,90,0.29956829,0.2604019,0.27270417
296,"Kiribati",2048,91,0.32327126,0.28276448,0.29510877
296,"Kiribati",2048,92,0.34784644,0.30599097,0.31812528
296,"Kiribati",2048,93,0.37325811,0.32991496,0.34177324
296,"Kiribati",2048,94,0.39946205,0.35442081,0.36620712
296,"Kiribati",2048,95,0.42639265,0.37954261,0.39133169
296,"Kiribati",2048,96,0.45427768,0.4058441,0.41751492
296,"Kiribati",2048,97,0.48267663,0.43290575,0.44450152
296,"Kiribati",2048,98,0.51138005,0.46068991,0.47229727
296,"Kiribati",2048,99,0.54009413,0.48898962,0.50042307
296,"Kiribati",2048,100,0.59445083,0.55106512,0.55985342
296,"Kiribati",2049,0,0.0343963,0.02099197,0.02788839
296,"Kiribati",2049,1,0.00309238,0.00230465,0.00270929
296,"Kiribati",2049,2,0.00236686,0.00167768,0.00203151
296,"Kiribati",2049,3,0.0018225,0.00123204,0.00153505
296,"Kiribati",2049,4,0.00142106,0.00092139,0.00117771
296,"Kiribati",2049,5,0.00113025,0.00070897,0.00092501
296,"Kiribati",2049,6,0.00092362,0.00056634,0.00074951
296,"Kiribati",2049,7,0.00078198,0.00047466,0.00063218
296,"Kiribati",2049,8,0.00068934,0.00041892,0.0005575
296,"Kiribati",2049,9,0.00063506,0.00038982,0.00051548
296,"Kiribati",2049,10,0.00061215,0.00038118,0.00049951
296,"Kiribati",2049,11,0.00061704,0.00038955,0.00050609
296,"Kiribati",2049,12,0.00064848,0.00041328,0.00053377
296,"Kiribati",2049,13,0.00070704,0.00045149,0.00058239
296,"Kiribati",2049,14,0.00079287,0.00050316,0.00065153
296,"Kiribati",2049,15,0.00090543,0.00056657,0.00074009
296,"Kiribati",2049,16,0.00104021,0.00063803,0.00084393
296,"Kiribati",2049,17,0.00118924,0.00071322,0.00095686
296,"Kiribati",2049,18,0.00134162,0.00078752,0.00107104
296,"Kiribati",2049,19,0.00148346,0.00085628,0.00117707
296,"Kiribati",2049,20,0.0016037,0.00091774,0.00126843
296,"Kiribati",2049,21,0.00169374,0.00097181,0.00134067
296,"Kiribati",2049,22,0.00175129,0.00101995,0.00139338
296,"Kiribati",2049,23,0.00177866,0.00106444,0.0014289
296,"Kiribati",2049,24,0.00178373,0.00110705,0.00145216
296,"Kiribati",2049,25,0.00177674,0.00114943,0.00146924
296,"Kiribati",2049,26,0.00176962,0.00119386,0.00148734
296,"Kiribati",2049,27,0.00177137,0.0012401,0.00151087
296,"Kiribati",2049,28,0.00178765,0.00128898,0.00154277
296,"Kiribati",2049,29,0.00182222,0.00134142,0.00158583
296,"Kiribati",2049,30,0.00187496,0.00139835,0.00164015
296,"Kiribati",2049,31,0.00194576,0.00146261,0.00170656
296,"Kiribati",2049,32,0.00203147,0.00153342,0.00178375
296,"Kiribati",2049,33,0.00213015,0.00161165,0.00187121
296,"Kiribati",2049,34,0.00224149,0.00169787,0.00196908
296,"Kiribati",2049,35,0.00236609,0.00179258,0.00207748
296,"Kiribati",2049,36,0.00250685,0.00189749,0.0021985
296,"Kiribati",2049,37,0.00266571,0.00201191,0.00233272
296,"Kiribati",2049,38,0.00284568,0.00213693,0.00248196
296,"Kiribati",2049,39,0.00305008,0.00227408,0.00264867
296,"Kiribati",2049,40,0.00328221,0.00242576,0.002837
296,"Kiribati",2049,41,0.00354495,0.00259443,0.00305081
296,"Kiribati",2049,42,0.00384201,0.00278387,0.0032935
296,"Kiribati",2049,43,0.00417658,0.00299752,0.00356939
296,"Kiribati",2049,44,0.00455141,0.00323825,0.00388039
296,"Kiribati",2049,45,0.00496879,0.00350844,0.0042279
296,"Kiribati",2049,46,0.00542761,0.00380595,0.00460997
296,"Kiribati",2049,47,0.00593243,0.00413516,0.0050305
296,"Kiribati",2049,48,0.00648637,0.00449698,0.00548695
296,"Kiribati",2049,49,0.00709398,0.00489218,0.00597879
296,"Kiribati",2049,50,0.00776211,0.00532175,0.0065161
296,"Kiribati",2049,51,0.00849281,0.00577835,0.00709745
296,"Kiribati",2049,52,0.00930204,0.00627196,0.00773186
296,"Kiribati",2049,53,0.01020015,0.00680702,0.00842618
296,"Kiribati",2049,54,0.01119582,0.00739127,0.00919349
296,"Kiribati",2049,55,0.01229546,0.00803627,0.01004226
296,"Kiribati",2049,56,0.01349125,0.00874207,0.0109645
296,"Kiribati",2049,57,0.01479634,0.00953782,0.0119837
296,"Kiribati",2049,58,0.01621487,0.01044007,0.013113
296,"Kiribati",2049,59,0.01775333,0.01146415,0.01435293
296,"Kiribati",2049,60,0.01942207,0.01262315,0.01572061
296,"Kiribati",2049,61,0.02121895,0.01390624,0.01722183
296,"Kiribati",2049,62,0.02317735,0.01534046,0.01888116
296,"Kiribati",2049,63,0.02531956,0.01693889,0.02070997
296,"Kiribati",2049,64,0.02767072,0.01872187,0.02273432
296,"Kiribati",2049,65,0.03025874,0.02072075,0.0249845
296,"Kiribati",2049,66,0.03309424,0.02294968,0.02746029
296,"Kiribati",2049,67,0.03622653,0.02547335,0.03023441
296,"Kiribati",2049,68,0.0396902,0.0283348,0.03333315
296,"Kiribati",2049,69,0.0435209,0.03156805,0.03679219
296,"Kiribati",2049,70,0.04775561,0.03519777,0.0406292
296,"Kiribati",2049,71,0.05241368,0.03920857,0.04487833
296,"Kiribati",2049,72,0.05754887,0.04362754,0.04959215
296,"Kiribati",2049,73,0.06320298,0.04847752,0.0546875
296,"Kiribati",2049,74,0.06942171,0.05380755,0.0602625
296,"Kiribati",2049,75,0.07625612,0.05971858,0.06642238
296,"Kiribati",2049,76,0.08375441,0.06632487,0.07324214
296,"Kiribati",2049,77,0.09199063,0.07378403,0.0808718
296,"Kiribati",2049,78,0.1010418,0.08222946,0.08944144
296,"Kiribati",2049,79,0.11100017,0.09172495,0.09905739
296,"Kiribati",2049,80,0.12196899,0.10227722,0.10974406
296,"Kiribati",2049,81,0.13406511,0.11379569,0.12148577
296,"Kiribati",2049,82,0.14739238,0.12614788,0.13416977
296,"Kiribati",2049,83,0.16202661,0.13924939,0.1477319
296,"Kiribati",2049,84,0.17801047,0.15306767,0.1622012
296,"Kiribati",2049,85,0.19532002,0.16772953,0.17760847
296,"Kiribati",2049,86,0.21390926,0.18344603,0.19408974
296,"Kiribati",2049,87,0.2336737,0.20040716,0.21179746
296,"Kiribati",2049,88,0.25450777,0.21879518,0.23071769
296,"Kiribati",2049,89,0.2763397,0.23862127,0.25086252
296,"Kiribati",2049,90,0.2991039,0.25980335,0.27218945
296,"Kiribati",2049,91,0.32279271,0.28215212,0.29456613
296,"Kiribati",2049,92,0.34735594,0.30536842,0.31779406
296,"Kiribati",2049,93,0.37275781,0.32928619,0.34150325
296,"Kiribati",2049,94,0.3989539,0.35378993,0.3657439
296,"Kiribati",2049,95,0.42587813,0.37891365,0.39077883
296,"Kiribati",2049,96,0.45377088,0.40524461,0.41701032
296,"Kiribati",2049,97,0.48218024,0.43234303,0.44389209
296,"Kiribati",2049,98,0.51089712,0.46017157,0.47151882
296,"Kiribati",2049,99,0.53962883,0.48852372,0.49974758
296,"Kiribati",2049,100,0.59404476,0.55059196,0.55945046
296,"Kiribati",2050,0,0.03391207,0.02049729,0.02739911
296,"Kiribati",2050,1,0.00304198,0.00224228,0.00265306
296,"Kiribati",2050,2,0.00233008,0.00163381,0.00199127
296,"Kiribati",2050,3,0.00179555,0.00120093,0.00150607
296,"Kiribati",2050,4,0.00140104,0.00089893,0.00115649
296,"Kiribati",2050,5,0.00111505,0.00069225,0.00090906
296,"Kiribati",2050,6,0.00091165,0.00055334,0.00073703
296,"Kiribati",2050,7,0.00077213,0.000464,0.00062192
296,"Kiribati",2050,8,0.00068083,0.00040967,0.00054862
296,"Kiribati",2050,9,0.00062733,0.00038132,0.00050737
296,"Kiribati",2050,10,0.00060479,0.00037297,0.00049173
296,"Kiribati",2050,11,0.00060971,0.00038123,0.00049826
296,"Kiribati",2050,12,0.00064091,0.00040454,0.0005256
296,"Kiribati",2050,13,0.00069898,0.00044205,0.00057364
296,"Kiribati",2050,14,0.00078408,0.00049279,0.00064196
296,"Kiribati",2050,15,0.00089574,0.00055507,0.0007295
296,"Kiribati",2050,16,0.0010294,0.00062525,0.00083214
296,"Kiribati",2050,17,0.00117719,0.00069911,0.00094378
296,"Kiribati",2050,18,0.00132826,0.00077213,0.00105665
296,"Kiribati",2050,19,0.00146881,0.00083974,0.00116144
296,"Kiribati",2050,20,0.00158789,0.00090021,0.00125172
296,"Kiribati",2050,21,0.00167702,0.00095343,0.00132309
296,"Kiribati",2050,22,0.00173397,0.00100088,0.00137515
296,"Kiribati",2050,23,0.0017611,0.0010448,0.00141026
296,"Kiribati",2050,24,0.00176623,0.00108692,0.00143331
296,"Kiribati",2050,25,0.00175949,0.00112886,0.00145025
296,"Kiribati",2050,26,0.00175269,0.00117289,0.00146828
296,"Kiribati",2050,27,0.00175472,0.0012187,0.00149175
296,"Kiribati",2050,28,0.00177115,0.00126713,0.00152386
296,"Kiribati",2050,29,0.00180569,0.00131907,0.00156659
296,"Kiribati",2050,30,0.00185823,0.00137545,0.00162074
296,"Kiribati",2050,31,0.00192871,0.00143914,0.00168739
296,"Kiribati",2050,32,0.00201397,0.00150934,0.00176401
296,"Kiribati",2050,33,0.0021121,0.00158691,0.00185074
296,"Kiribati",2050,34,0.00222279,0.00167244,0.00194781
296,"Kiribati",2050,35,0.00234668,0.00176642,0.00205576
296,"Kiribati",2050,36,0.0024867,0.00187058,0.00217649
296,"Kiribati",2050,37,0.00264477,0.00198422,0.00231035
296,"Kiribati",2050,38,0.00282392,0.00210839,0.00245929
296,"Kiribati",2050,39,0.00302748,0.00224465,0.00262552
296,"Kiribati",2050,40,0.00325873,0.00239539,0.00281187
296,"Kiribati",2050,41,0.00352058,0.00256304,0.00302251
296,"Kiribati",2050,42,0.00381671,0.0027514,0.00326252
296,"Kiribati",2050,43,0.00415033,0.00296392,0.00353489
296,"Kiribati",2050,44,0.00452419,0.00320344,0.0038435
296,"Kiribati",2050,45,0.00494055,0.00347234,0.00418967
296,"Kiribati",2050,46,0.0053982,0.00376833,0.00457055
296,"Kiribati",2050,47,0.00590175,0.00409583,0.00499029
296,"Kiribati",2050,48,0.00645433,0.00445573,0.00545029
296,"Kiribati",2050,49,0.00706046,0.00484878,0.00594806
296,"Kiribati",2050,50,0.00772702,0.00527604,0.00648406
296,"Kiribati",2050,51,0.00845591,0.00573003,0.00706221
296,"Kiribati",2050,52,0.00926328,0.006221,0.00769705
296,"Kiribati",2050,53,0.01015954,0.00675343,0.00839158
296,"Kiribati",2050,54,0.01115339,0.00733504,0.00915346
296,"Kiribati",2050,55,0.01225121,0.00797731,0.0099973
296,"Kiribati",2050,56,0.01344482,0.0086798,0.01091838
296,"Kiribati",2050,57,0.01474757,0.00947173,0.01193371
296,"Kiribati",2050,58,0.01616354,0.01036951,0.01305614
296,"Kiribati",2050,59,0.01769917,0.0113884,0.01429952
296,"Kiribati",2050,60,0.01936485,0.01254151,0.01566407
296,"Kiribati",2050,61,0.02115808,0.0138178,0.01714849
296,"Kiribati",2050,62,0.02311268,0.01524481,0.01879672
296,"Kiribati",2050,63,0.02525107,0.01683583,0.02062024
296,"Kiribati",2050,64,0.0275984,0.01861126,0.0226352
296,"Kiribati",2050,65,0.03018259,0.02060232,0.02487513
296,"Kiribati",2050,66,0.03301374,0.02282245,0.02735249
296,"Kiribati",2050,67,0.03614142,0.0253363,0.03011164
296,"Kiribati",2050,68,0.03960007,0.02818654,0.03320759
296,"Kiribati",2050,69,0.04342525,0.03140696,0.03666113
296,"Kiribati",2050,70,0.04765385,0.03502216,0.04050323
296,"Kiribati",2050,71,0.05230498,0.03901675,0.04472006
296,"Kiribati",2050,72,0.05743259,0.04341832,0.0493865
296,"Kiribati",2050,73,0.06307853,0.04825,0.05454847
296,"Kiribati",2050,74,0.06928857,0.05356097,0.06013195
296,"Kiribati",2050,75,0.07611385,0.05945199,0.06627089
296,"Kiribati",2050,76,0.08360283,0.06603719,0.07308339
296,"Kiribati",2050,77,0.09182955,0.07347355,0.08068015
296,"Kiribati",2050,78,0.10087113,0.08189412,0.0891982
296,"Kiribati",2050,79,0.11081986,0.09136267,0.09873414
296,"Kiribati",2050,80,0.12177899,0.10188616,0.10936201
296,"Kiribati",2050,81,0.13386588,0.11337546,0.12104852
296,"Kiribati",2050,82,0.14718386,0.12569811,0.13374438
296,"Kiribati",2050,83,0.16180876,0.13877022,0.1473501
296,"Kiribati",2050,84,0.17778332,0.15255953,0.16181229
296,"Kiribati",2050,85,0.19508381,0.16719273,0.17723562
296,"Kiribati",2050,86,0.21366547,0.182882,0.19369858
296,"Kiribati",2050,87,0.23342333,0.1998161,0.21131438
296,"Kiribati",2050,88,0.25425219,0.21817734,0.23024803
296,"Kiribati",2050,89,0.27608064,0.23797741,0.25038514
296,"Kiribati",2050,90,0.29884349,0.25913485,0.27168404
296,"Kiribati",2050,91,0.32253441,0.28146258,0.29404876
296,"Kiribati",2050,92,0.34710255,0.3046609,0.31724801
296,"Kiribati",2050,93,0.3725121,0.32856407,0.34117224
296,"Kiribati",2050,94,0.39871835,0.35305668,0.36547255
296,"Kiribati",2050,95,0.4256547,0.37817259,0.3903049
296,"Kiribati",2050,96,0.45357394,0.40451712,0.41645671
296,"Kiribati",2050,97,0.48201273,0.43163485,0.44337964
296,"Kiribati",2050,98,0.51076222,0.45948865,0.47089363
296,"Kiribati",2050,99,0.53953063,0.48787249,0.49895012
296,"Kiribati",2050,100,0.59401366,0.54993112,0.55886095
296,"Kiribati",2051,0,0.03342414,0.02002844,0.02692026
296,"Kiribati",2051,1,0.00299086,0.0021834,0.00259816
296,"Kiribati",2051,2,0.00229277,0.00159234,0.00195192
296,"Kiribati",2051,3,0.00176819,0.0011715,0.00147769
296,"Kiribati",2051,4,0.00138072,0.00087765,0.0011357
296,"Kiribati",2051,5,0.0010996,0.00067639,0.0008934
296,"Kiribati",2051,6,0.00089947,0.00054099,0.00072476
296,"Kiribati",2051,7,0.0007621,0.00045386,0.00061184
296,"Kiribati",2051,8,0.00067217,0.00040086,0.00053988
296,"Kiribati",2051,9,0.00061946,0.00037323,0.00049938
296,"Kiribati",2051,10,0.00059729,0.00036514,0.00048406
296,"Kiribati",2051,11,0.00060224,0.0003733,0.00049056
296,"Kiribati",2051,12,0.00063318,0.0003962,0.00051756
296,"Kiribati",2051,13,0.00069074,0.00043304,0.000565
296,"Kiribati",2051,14,0.00077511,0.00048287,0.00063251
296,"Kiribati",2051,15,0.00088581,0.00054406,0.00071904
296,"Kiribati",2051,16,0.00101833,0.00061301,0.00082049
296,"Kiribati",2051,17,0.00116485,0.00068561,0.00093085
296,"Kiribati",2051,18,0.00131457,0.00075739,0.00104242
296,"Kiribati",2051,19,0.00145379,0.00082388,0.00114596
296,"Kiribati",2051,20,0.00157167,0.00088339,0.00123513
296,"Kiribati",2051,21,0.00165984,0.0009358,0.00130562
296,"Kiribati",2051,22,0.00171617,0.00098258,0.00135705
296,"Kiribati",2051,23,0.00174304,0.00102593,0.00139175
296,"Kiribati",2051,24,0.00174822,0.00106757,0.00141457
296,"Kiribati",2051,25,0.00174172,0.00110906,0.00143142
296,"Kiribati",2051,26,0.00173525,0.00115266,0.00144936
296,"Kiribati",2051,27,0.00173755,0.00119804,0.00147272
296,"Kiribati",2051,28,0.00175411,0.00124601,0.00150468
296,"Kiribati",2051,29,0.00178861,0.00129744,0.00154749
296,"Kiribati",2051,30,0.00184094,0.00135327,0.00160119
296,"Kiribati",2051,31,0.00191107,0.00141638,0.00166759
296,"Kiribati",2051,32,0.00199584,0.00148594,0.00174437
296,"Kiribati",2051,33,0.00209336,0.00156284,0.00183044
296,"Kiribati",2051,34,0.00220337,0.00164767,0.00192669
296,"Kiribati",2051,35,0.00232649,0.00174089,0.00203375
296,"Kiribati",2051,36,0.0024657,0.00184427,0.00215398
296,"Kiribati",2051,37,0.00262292,0.00195709,0.0022875
296,"Kiribati",2051,38,0.00280118,0.00208038,0.00243605
296,"Kiribati",2051,39,0.00300382,0.0022157,0.00260197
296,"Kiribati",2051,40,0.00323413,0.00236543,0.00278781
296,"Kiribati",2051,41,0.00349498,0.00253199,0.00299623
296,"Kiribati",2051,42,0.00379009,0.0027192,0.00323268
296,"Kiribati",2051,43,0.00412265,0.00293048,0.00350201
296,"Kiribati",2051,44,0.0044954,0.00316867,0.00380662
296,"Kiribati",2051,45,0.0049106,0.00343613,0.00415003
296,"Kiribati",2051,46,0.00536693,0.00373045,0.00452922
296,"Kiribati",2051,47,0.00586905,0.00405608,0.00494749
296,"Kiribati",2051,48,0.00642007,0.0044139,0.00540644
296,"Kiribati",2051,49,0.00702451,0.00480464,0.00590801
296,"Kiribati",2051,50,0.00768929,0.00522941,0.00645048
296,"Kiribati",2051,51,0.0084161,0.00568063,0.00702694
296,"Kiribati",2051,52,0.00922134,0.00616874,0.00765821
296,"Kiribati",2051,53,0.01011545,0.0066983,0.00835328
296,"Kiribati",2051,54,0.01110714,0.00727698,0.00911539
296,"Kiribati",2051,55,0.01220279,0.00791616,0.00995299
296,"Kiribati",2051,56,0.01339382,0.00861499,0.01086793
296,"Kiribati",2051,57,0.0146938,0.00940272,0.01188147
296,"Kiribati",2051,58,0.01610672,0.01029562,0.01299897
296,"Kiribati",2051,59,0.01763902,0.01130888,0.01423411
296,"Kiribati",2051,60,0.01930107,0.01245563,0.01560171
296,"Kiribati",2051,61,0.02109003,0.01372457,0.01708168
296,"Kiribati",2051,62,0.02304018,0.01514373,0.01871124
296,"Kiribati",2051,63,0.025174,0.01672655,0.02052233
296,"Kiribati",2051,64,0.02751673,0.01849346,0.02253106
296,"Kiribati",2051,65,0.03009624,0.02047552,0.02476014
296,"Kiribati",2051,66,0.03292214,0.02268553,0.02722504
296,"Kiribati",2051,67,0.03604419,0.02518805,0.02998433
296,"Kiribati",2051,68,0.03949671,0.02802539,0.03306241
296,"Kiribati",2051,69,0.04331511,0.0312311,0.03651071
296,"Kiribati",2051,70,0.04753624,0.0348297,0.04034446
296,"Kiribati",2051,71,0.0521789,0.03880581,0.04456397
296,"Kiribati",2051,72,0.05729725,0.04318743,0.04919369
296,"Kiribati",2051,73,0.06293317,0.04799792,0.05430262
296,"Kiribati",2051,74,0.06913247,0.05328654,0.05995445
296,"Kiribati",2051,75,0.0759464,0.05915376,0.06609918
296,"Kiribati",2051,76,0.08342363,0.06571349,0.07288551
296,"Kiribati",2051,77,0.09163819,0.073122,0.08046952
296,"Kiribati",2051,78,0.10066727,0.08151189,0.08894694
296,"Kiribati",2051,79,0.11060318,0.09094687,0.09842282
296,"Kiribati",2051,80,0.12154913,0.10143411,0.10896144
296,"Kiribati",2051,81,0.13362295,0.11288589,0.12058051
296,"Kiribati",2051,82,0.14692741,0.12516992,0.13321018
296,"Kiribati",2051,83,0.16153834,0.13820282,0.1468198
296,"Kiribati",2051,84,0.17749854,0.15195265,0.16132191
296,"Kiribati",2051,85,0.19478449,0.16654582,0.17672999
296,"Kiribati",2051,86,0.21335268,0.18219546,0.19320335
296,"Kiribati",2051,87,0.23309769,0.19908891,0.21078855
296,"Kiribati",2051,88,0.25391472,0.21740839,0.22961103
296,"Kiribati",2051,89,0.27573277,0.23716599,0.24974992
296,"Kiribati",2051,90,0.29848705,0.25828097,0.27102684
296,"Kiribati",2051,91,0.32217258,0.28056847,0.29334913
296,"Kiribati",2051,92,0.3467379,0.30372859,0.31652122
296,"Kiribati",2051,93,0.37214711,0.32759603,0.34040021
296,"Kiribati",2051,94,0.39835527,0.35205561,0.36490528
296,"Kiribati",2051,95,0.4252952,0.37714103,0.38977999
296,"Kiribati",2051,96,0.45323174,0.40347468,0.41571834
296,"Kiribati",2051,97,0.48169052,0.43058633,0.4425404
296,"Kiribati",2051,98,0.51046294,0.45843914,0.47007564
296,"Kiribati",2051,99,0.53925831,0.48682766,0.49800061
296,"Kiribati",2051,100,0.59380287,0.54885257,0.5578134
296,"Kiribati",2052,0,0.03306692,0.01957572,0.0265167
296,"Kiribati",2052,1,0.00295271,0.002125,0.00255015
296,"Kiribati",2052,2,0.00226484,0.00155129,0.00191761
296,"Kiribati",2052,3,0.00174765,0.00114243,0.00145298
296,"Kiribati",2052,4,0.00136542,0.00085668,0.00111762
296,"Kiribati",2052,5,0.00108794,0.00066079,0.00087981
296,"Kiribati",2052,6,0.00089025,0.00052886,0.00071411
296,"Kiribati",2052,7,0.00075448,0.00044392,0.00060308
296,"Kiribati",2052,8,0.00066556,0.00039224,0.00053228
296,"Kiribati",2052,9,0.00061343,0.00036531,0.00049242
296,"Kiribati",2052,10,0.00059152,0.00035748,0.00047735
296,"Kiribati",2052,11,0.00059647,0.00036553,0.0004838
296,"Kiribati",2052,12,0.00062719,0.00038803,0.0005105
296,"Kiribati",2052,13,0.00068433,0.00042422,0.0005574
296,"Kiribati",2052,14,0.0007681,0.00047317,0.00062417
296,"Kiribati",2052,15,0.00087804,0.00053331,0.00070979
296,"Kiribati",2052,16,0.00100963,0.00060107,0.00081019
296,"Kiribati",2052,17,0.0011551,0.00067242,0.00091941
296,"Kiribati",2052,18,0.00130372,0.00074301,0.00102981
296,"Kiribati",2052,19,0.00144185,0.00080841,0.00113226
296,"Kiribati",2052,20,0.00155874,0.00086698,0.00122044
296,"Kiribati",2052,21,0.00164611,0.0009186,0.0012901
296,"Kiribati",2052,22,0.0017019,0.00096473,0.00134095
296,"Kiribati",2052,23,0.00172853,0.00100754,0.00137528
296,"Kiribati",2052,24,0.0017337,0.00104873,0.00139787
296,"Kiribati",2052,25,0.00172734,0.00108983,0.00141459
296,"Kiribati",2052,26,0.00172108,0.00113305,0.00143246
296,"Kiribati",2052,27,0.00172353,0.00117805,0.00145566
296,"Kiribati",2052,28,0.00174013,0.00122561,0.00148742
296,"Kiribati",2052,29,0.00177454,0.00127659,0.00152995
296,"Kiribati",2052,30,0.00182661,0.00133191,0.00158362
296,"Kiribati",2052,31,0.00189637,0.00139449,0.00164951
296,"Kiribati",2052,32,0.00198065,0.0014635,0.00172598
296,"Kiribati",2052,33,0.00207759,0.0015398,0.00181223
296,"Kiribati",2052,34,0.00218692,0.001624,0.0019078
296,"Kiribati",2052,35,0.0023093,0.00171657,0.00201403
296,"Kiribati",2052,36,0.0024477,0.00181929,0.00213339
296,"Kiribati",2052,37,0.00260406,0.00193139,0.00226645
296,"Kiribati",2052,38,0.00278139,0.00205394,0.00241473
296,"Kiribati",2052,39,0.00298305,0.00218848,0.00258033
296,"Kiribati",2052,40,0.00321232,0.00233738,0.00276594
296,"Kiribati",2052,41,0.00347205,0.00250306,0.00297389
296,"Kiribati",2052,42,0.00376597,0.00268935,0.00320798
296,"Kiribati",2052,43,0.00409726,0.00289968,0.00347344
296,"Kiribati",2052,44,0.00446863,0.00313688,0.00377478
296,"Kiribati",2052,45,0.00488235,0.00340327,0.00411382
296,"Kiribati",2052,46,0.00533702,0.00369634,0.00448993
296,"Kiribati",2052,47,0.00583731,0.00402054,0.00490636
296,"Kiribati",2052,48,0.00638633,0.00437673,0.0053637
296,"Kiribati",2052,49,0.00698859,0.00476564,0.0058641
296,"Kiribati",2052,50,0.00765097,0.00518844,0.00641082
296,"Kiribati",2052,51,0.00837513,0.00563742,0.00699446
296,"Kiribati",2052,52,0.00917753,0.00612328,0.00762409
296,"Kiribati",2052,53,0.01006863,0.00665064,0.00831543
296,"Kiribati",2052,54,0.01105715,0.00722716,0.00907839
296,"Kiribati",2052,55,0.01214943,0.00786415,0.00991641
296,"Kiribati",2052,56,0.0133367,0.00856027,0.01082413
296,"Kiribati",2052,57,0.01463257,0.00934486,0.01183072
296,"Kiribati",2052,58,0.01604098,0.01023403,0.01294602
296,"Kiribati",2052,59,0.01756832,0.01124291,0.01417551
296,"Kiribati",2052,60,0.01922497,0.0123847,0.01553396
296,"Kiribati",2052,61,0.02100791,0.01364788,0.0170169
296,"Kiribati",2052,62,0.02295163,0.01506103,0.01864191
296,"Kiribati",2052,63,0.02507865,0.01663779,0.02043342
296,"Kiribati",2052,64,0.02741418,0.0183987,0.02242939
296,"Kiribati",2052,65,0.02998604,0.0203747,0.02465236
296,"Kiribati",2052,66,0.03280354,0.02257794,0.02710583
296,"Kiribati",2052,67,0.03591644,0.02507293,0.0298522
296,"Kiribati",2052,68,0.03935888,0.02790163,0.03293064
296,"Kiribati",2052,69,0.04316614,0.03109738,0.03636024
296,"Kiribati",2052,70,0.04737489,0.03468465,0.04018871
296,"Kiribati",2052,71,0.05200383,0.03864809,0.0443998
296,"Kiribati",2052,72,0.05710707,0.04301621,0.04903358
296,"Kiribati",2052,73,0.06272645,0.0478127,0.05410533
296,"Kiribati",2052,74,0.06890776,0.05308705,0.05970255
296,"Kiribati",2052,75,0.07570221,0.05893963,0.06592234
296,"Kiribati",2052,76,0.08315857,0.0654843,0.07271806
296,"Kiribati",2052,77,0.09135075,0.07287687,0.08027788
296,"Kiribati",2052,78,0.10035585,0.08124969,0.08874555
296,"Kiribati",2052,79,0.11026602,0.09066652,0.09818402
296,"Kiribati",2052,80,0.1211843,0.10113476,0.10866672
296,"Kiribati",2052,81,0.13322857,0.11256804,0.12020115
296,"Kiribati",2052,82,0.14650108,0.124834,0.13276683
296,"Kiribati",2052,83,0.1610775,0.13784969,0.146312
296,"Kiribati",2052,84,0.17700059,0.15158344,0.16082535
296,"Kiribati",2052,85,0.19424701,0.16616165,0.17628812
296,"Kiribati",2052,86,0.21277407,0.18179873,0.19275925
296,"Kiribati",2052,87,0.23247632,0.19868101,0.21037094
296,"Kiribati",2052,88,0.25324939,0.21699096,0.22917751
296,"Kiribati",2052,89,0.27502271,0.2367412,0.24921854
296,"Kiribati",2052,90,0.29773186,0.25785154,0.27051924
296,"Kiribati",2052,91,0.32137267,0.28013906,0.29284523
296,"Kiribati",2052,92,0.34589346,0.30330312,0.31600219
296,"Kiribati",2052,93,0.3712583,0.32717855,0.33988427
296,"Kiribati",2052,94,0.39742211,0.35165011,0.36437614
296,"Kiribati",2052,95,0.4243174,0.37675139,0.38949728
296,"Kiribati",2052,96,0.45221534,0.40312247,0.41553585
296,"Kiribati",2052,97,0.480636,0.43027783,0.44218926
296,"Kiribati",2052,98,0.50937135,0.45818085,0.46967027
296,"Kiribati",2052,99,0.53813197,0.4866263,0.49766489
296,"Kiribati",2052,100,0.59269858,0.54866368,0.5573419
296,"Kiribati",2053,0,0.03259903,0.01913476,0.02606123
296,"Kiribati",2053,1,0.00290396,0.00206865,0.0024977
296,"Kiribati",2053,2,0.00222914,0.00151161,0.00187996
296,"Kiribati",2053,3,0.0017214,0.00111425,0.00142579
296,"Kiribati",2053,4,0.00134587,0.0008363,0.00109766
296,"Kiribati",2053,5,0.00107305,0.0006456,0.00086477
296,"Kiribati",2053,6,0.0008785,0.00051703,0.00070232
296,"Kiribati",2053,7,0.0007448,0.0004342,0.00059337
296,"Kiribati",2053,8,0.00065719,0.0003838,0.00052387
296,"Kiribati",2053,9,0.00060583,0.00035755,0.00048473
296,"Kiribati",2053,10,0.00058427,0.00034995,0.00046996
296,"Kiribati",2053,11,0.00058924,0.0003579,0.00047636
296,"Kiribati",2053,12,0.0006197,0.00038,0.00050273
296,"Kiribati",2053,13,0.00067634,0.00041553,0.00054906
296,"Kiribati",2053,14,0.00075937,0.00046361,0.00061501
296,"Kiribati",2053,15,0.00086837,0.00052269,0.00069963
296,"Kiribati",2053,16,0.00099883,0.00058925,0.00079887
296,"Kiribati",2053,17,0.00114304,0.00065937,0.00090685
296,"Kiribati",2053,18,0.00129034,0.00072876,0.00101599
296,"Kiribati",2053,19,0.00142717,0.00079307,0.00111722
296,"Kiribati",2053,20,0.0015429,0.00085069,0.00120435
296,"Kiribati",2053,21,0.00162935,0.00090151,0.00127313
296,"Kiribati",2053,22,0.00168455,0.00094698,0.00132332
296,"Kiribati",2053,23,0.00171092,0.00098924,0.00135725
296,"Kiribati",2053,24,0.00171612,0.00102994,0.00137965
296,"Kiribati",2053,25,0.00170998,0.0010706,0.00139626
296,"Kiribati",2053,26,0.001704,0.00111342,0.00141406
296,"Kiribati",2053,27,0.00170667,0.00115799,0.00143717
296,"Kiribati",2053,28,0.00172338,0.00120509,0.0014687
296,"Kiribati",2053,29,0.00175771,0.00125556,0.00151092
296,"Kiribati",2053,30,0.00180954,0.00131033,0.0015642
296,"Kiribati",2053,31,0.00187893,0.00137233,0.00162997
296,"Kiribati",2053,32,0.00196272,0.00144071,0.00170582
296,"Kiribati",2053,33,0.00205906,0.00151634,0.00179167
296,"Kiribati",2053,34,0.00216772,0.00159984,0.00188737
296,"Kiribati",2053,35,0.00228934,0.00169167,0.00199284
296,"Kiribati",2053,36,0.00242696,0.00179361,0.00211129
296,"Kiribati",2053,37,0.00258246,0.00190489,0.00224338
296,"Kiribati",2053,38,0.0027589,0.00202657,0.00239115
296,"Kiribati",2053,39,0.00295961,0.00216017,0.00255644
296,"Kiribati",2053,40,0.00318789,0.00230807,0.0027417
296,"Kiribati",2053,41,0.00344658,0.00247268,0.0029494
296,"Kiribati",2053,42,0.00373942,0.00265782,0.003183
296,"Kiribati",2053,43,0.00406958,0.00286694,0.00344583
296,"Kiribati",2053,44,0.00443979,0.00310284,0.00374284
296,"Kiribati",2053,45,0.00485228,0.00336783,0.00407822
296,"Kiribati",2053,46,0.00530558,0.00365926,0.00444937
296,"Kiribati",2053,47,0.00580439,0.00398163,0.00486235
296,"Kiribati",2053,48,0.0063518,0.00433576,0.00531762
296,"Kiribati",2053,49,0.0069523,0.00472239,0.00581621
296,"Kiribati",2053,50,0.00761282,0.00514272,0.00636169
296,"Kiribati",2053,51,0.00833485,0.00558895,0.00695003
296,"Kiribati",2053,52,0.00913505,0.00607199,0.00758791
296,"Kiribati",2053,53,0.01002394,0.0065965,0.00827772
296,"Kiribati",2053,54,0.01101025,0.00717014,0.00903683
296,"Kiribati",2053,55,0.01210032,0.0078041,0.00987609
296,"Kiribati",2053,56,0.01328501,0.00849662,0.01078412
296,"Kiribati",2053,57,0.01457808,0.00927708,0.01178259
296,"Kiribati",2053,58,0.01598341,0.01016144,0.01289005
296,"Kiribati",2053,59,0.01750733,0.01116475,0.01411689
296,"Kiribati",2053,60,0.01916024,0.01230023,0.01546897
296,"Kiribati",2053,61,0.0209388,0.01355616,0.01694157
296,"Kiribati",2053,62,0.02287796,0.01496159,0.01856968
296,"Kiribati",2053,63,0.02500032,0.0165303,0.02035629
296,"Kiribati",2053,64,0.02733116,0.01828288,0.02233131
296,"Kiribati",2053,65,0.02989826,0.02025013,0.02454057
296,"Kiribati",2053,66,0.03271049,0.02244356,0.02698686
296,"Kiribati",2053,67,0.03581776,0.02492758,0.02972033
296,"Kiribati",2053,68,0.03925405,0.02774376,0.03278403
296,"Kiribati",2053,69,0.04305452,0.03092521,0.03621267
296,"Kiribati",2053,70,0.04725574,0.03449633,0.0400199
296,"Kiribati",2053,71,0.05187615,0.03844176,0.04422372
296,"Kiribati",2053,72,0.05697002,0.04279047,0.04884703
296,"Kiribati",2053,73,0.06257925,0.04756638,0.05392159
296,"Kiribati",2053,74,0.06874968,0.05281908,0.0594778
296,"Kiribati",2053,75,0.07553262,0.05864867,0.06563784
296,"Kiribati",2053,76,0.08297711,0.06516882,0.07251031
296,"Kiribati",2053,77,0.09115705,0.07253463,0.080075
296,"Kiribati",2053,78,0.10014968,0.08087802,0.08851158
296,"Kiribati",2053,79,0.11004715,0.09026271,0.09793325
296,"Kiribati",2053,80,0.12095245,0.10069628,0.1083705
296,"Kiribati",2053,81,0.13298388,0.11209377,0.11984154
296,"Kiribati",2053,82,0.14624311,0.12432295,0.13231311
296,"Kiribati",2053,83,0.1608058,0.13730139,0.14578422
296,"Kiribati",2053,84,0.17671475,0.15099772,0.16022183
296,"Kiribati",2053,85,0.19394691,0.16553813,0.17569175
296,"Kiribati",2053,86,0.21246086,0.18113788,0.19221813
296,"Kiribati",2053,87,0.23215082,0.19798205,0.20981895
296,"Kiribati",2053,88,0.25291289,0.21625299,0.22864213
296,"Kiribati",2053,89,0.2746768,0.23596377,0.24865147
296,"Kiribati",2053,90,0.29737849,0.25703487,0.26983501
296,"Kiribati",2053,91,0.32101491,0.27928552,0.29216961
296,"Kiribati",2053,92,0.34553368,0.30241485,0.31531127
296,"Kiribati",2053,93,0.37089881,0.3262581,0.33915682
296,"Kiribati",2053,94,0.39706506,0.35070022,0.3636287
296,"Kiribati",2053,95,0.42396461,0.37577463,0.38871076
296,"Kiribati",2053,96,0.45188043,0.4021376,0.41498177
296,"Kiribati",2053,97,0.48032207,0.42928958,0.44169779
296,"Kiribati",2053,98,0.50908176,0.4571942,0.46897243
296,"Kiribati",2053,99,0.53787075,0.4856468,0.49687893
296,"Kiribati",2053,100,0.59250061,0.54765518,0.55646426
296,"Kiribati",2054,0,0.03213725,0.01863251,0.02557958
296,"Kiribati",2054,1,0.00285673,0.00200422,0.00244208
296,"Kiribati",2054,2,0.00219438,0.00146626,0.00184003
296,"Kiribati",2054,3,0.00169572,0.00108208,0.00139694
296,"Kiribati",2054,4,0.00132667,0.00081306,0.00107648
296,"Kiribati",2054,5,0.00105837,0.0006283,0.0008488
296,"Kiribati",2054,6,0.00086689,0.00050357,0.00068979
296,"Kiribati",2054,7,0.00073522,0.00042316,0.00058307
296,"Kiribati",2054,8,0.0006489,0.00037421,0.00051494
296,"Kiribati",2054,9,0.00059829,0.00034874,0.00047656
296,"Kiribati",2054,10,0.00057708,0.00034143,0.00046212
296,"Kiribati",2054,11,0.00058206,0.00034925,0.00046847
296,"Kiribati",2054,12,0.00061226,0.00037091,0.00049448
296,"Kiribati",2054,13,0.00066838,0.00040572,0.00054018
296,"Kiribati",2054,14,0.00075065,0.00045281,0.00060527
296,"Kiribati",2054,15,0.00085868,0.00051071,0.00068879
296,"Kiribati",2054,16,0.00098797,0.00057594,0.00078678
296,"Kiribati",2054,17,0.00113089,0.00064468,0.00089343
296,"Kiribati",2054,18,0.00127684,0.00071272,0.00100123
296,"Kiribati",2054,19,0.00141238,0.00077581,0.00110121
296,"Kiribati",2054,20,0.00152696,0.00083239,0.00118721
296,"Kiribati",2054,21,0.00161252,0.00088232,0.00125509
296,"Kiribati",2054,22,0.00166714,0.00092706,0.00130461
296,"Kiribati",2054,23,0.00169326,0.00096872,0.00133811
296,"Kiribati",2054,24,0.00169849,0.00100892,0.00136027
296,"Kiribati",2054,25,0.00169254,0.00104913,0.00137678
296,"Kiribati",2054,26,0.00168681,0.00109152,0.0013945
296,"Kiribati",2054,27,0.00168966,0.00113566,0.00141749
296,"Kiribati",2054,28,0.00170642,0.0011823,0.00144882
296,"Kiribati",2054,29,0.00174064,0.00123226,0.00149068
296,"Kiribati",2054,30,0.00179219,0.00128646,0.0015435
296,"Kiribati",2054,31,0.00186118,0.00134787,0.00160877
296,"Kiribati",2054,32,0.00194445,0.00141561,0.00168442
296,"Kiribati",2054,33,0.00204019,0.00149058,0.00176957
296,"Kiribati",2054,34,0.00214816,0.00157337,0.00186482
296,"Kiribati",2054,35,0.00226904,0.00166446,0.00197042
296,"Kiribati",2054,36,0.00240585,0.00176564,0.00208808
296,"Kiribati",2054,37,0.00256048,0.00187614,0.00221922
296,"Kiribati",2054,38,0.00273597,0.00199697,0.00236595
296,"Kiribati",2054,39,0.00293567,0.00212969,0.0025307
296,"Kiribati",2054,40,0.00316287,0.00227666,0.00271567
296,"Kiribati",2054,41,0.00342039,0.00244028,0.00292303
296,"Kiribati",2054,42,0.00371201,0.00262439,0.0031564
296,"Kiribati",2054,43,0.0040409,0.00283243,0.00341876
296,"Kiribati",2054,44,0.00440978,0.00306721,0.00371291
296,"Kiribati",2054,45,0.00482089,0.003331,0.00404354
296,"Kiribati",2054,46,0.00527264,0.00362102,0.00441061
296,"Kiribati",2054,47,0.00576978,0.00394178,0.00481812
296,"Kiribati",2054,48,0.00631538,0.0042941,0.00526959
296,"Kiribati",2054,49,0.00691392,0.0046787,0.00576594
296,"Kiribati",2054,50,0.00757234,0.00509684,0.00630948
296,"Kiribati",2054,51,0.00829199,0.0055406,0.00689639
296,"Kiribati",2054,52,0.00908973,0.00602115,0.00753976
296,"Kiribati",2054,53,0.00997613,0.00654324,0.0082392
296,"Kiribati",2054,54,0.01095994,0.0071145,0.00899704
296,"Kiribati",2054,55,0.01204749,0.00774604,0.00983236
296,"Kiribati",2054,56,0.01322926,0.00843558,0.01074175
296,"Kiribati",2054,57,0.01451919,0.00921257,0.01174063
296,"Kiribati",2054,58,0.01592103,0.01009283,0.01283905
296,"Kiribati",2054,59,0.01744108,0.01109134,0.01405723
296,"Kiribati",2054,60,0.01908973,0.01222138,0.01540645
296,"Kiribati",2054,61,0.02086338,0.01347097,0.01687197
296,"Kiribati",2054,62,0.02279736,0.01486977,0.01848937
296,"Kiribati",2054,63,0.02491442,0.01643181,0.02028002
296,"Kiribati",2054,64,0.02723989,0.01817777,0.02225073
296,"Kiribati",2054,65,0.02980153,0.02013834,0.0244386
296,"Kiribati",2054,66,0.03260773,0.02232426,0.02687087
296,"Kiribati",2054,67,0.03570856,0.02479994,0.02959754
296,"Kiribati",2054,68,0.03913782,0.02760656,0.03264828
296,"Kiribati",2054,69,0.04293051,0.03077701,0.03606207
296,"Kiribati",2054,70,0.04712308,0.03433565,0.03986916
296,"Kiribati",2054,71,0.0517337,0.03826709,0.04405153
296,"Kiribati",2054,72,0.05681681,0.04260092,0.04866878
296,"Kiribati",2054,73,0.06241431,0.04736141,0.05373447
296,"Kiribati",2054,74,0.06857212,0.05259838,0.0592967
296,"Kiribati",2054,75,0.07534166,0.05841183,0.06541651
296,"Kiribati",2054,76,0.08277224,0.06491537,0.07222975
296,"Kiribati",2054,77,0.09093779,0.07226361,0.07987978
296,"Kiribati",2054,78,0.09991566,0.08058819,0.08832593
296,"Kiribati",2054,79,0.109798,0.0899529,0.09772102
296,"Kiribati",2054,80,0.1206877,0.10036558,0.10814812
296,"Kiribati",2054,81,0.13270341,0.11174279,0.11958256
296,"Kiribati",2054,82,0.14594617,0.12395223,0.13199974
296,"Kiribati",2054,83,0.16049156,0.13691193,0.14538323
296,"Kiribati",2054,84,0.17638247,0.15059086,0.15975319
296,"Kiribati",2054,85,0.19359618,0.16511518,0.17515395
296,"Kiribati",2054,86,0.21209262,0.18070166,0.19170649
296,"Kiribati",2054,87,0.23176581,0.19753422,0.2093877
296,"Kiribati",2054,88,0.25251237,0.21579548,0.22822097
296,"Kiribati",2054,89,0.27426236,0.2354991,0.24827191
296,"Kiribati",2054,90,0.29695189,0.25656621,0.26944929
296,"Kiribati",2054,91,0.3205789,0.27881831,0.29169479
296,"Kiribati",2054,92,0.34509016,0.30195362,0.31487852
296,"Kiribati",2054,93,0.37044967,0.32580754,0.33874467
296,"Kiribati",2054,94,0.39661214,0.35026501,0.36321782
296,"Kiribati",2054,95,0.42350978,0.3753593,0.38832043
296,"Kiribati",2054,96,0.45143727,0.40176793,0.4146136
296,"Kiribati",2054,97,0.47989417,0.42897309,0.44161727
296,"Kiribati",2054,98,0.50867292,0.45693866,0.46901194
296,"Kiribati",2054,99,0.5374851,0.48546027,0.49677597
296,"Kiribati",2054,100,0.59218006,0.54748576,0.55626526
296,"Kiribati",2055,0,0.03162882,0.01817598,0.02509621
296,"Kiribati",2055,1,0.00280528,0.00194853,0.00238855
296,"Kiribati",2055,2,0.00215648,0.00142687,0.00180139
296,"Kiribati",2055,3,0.00166769,0.001054,0.00136887
296,"Kiribati",2055,4,0.00130569,0.00079266,0.00105578
296,"Kiribati",2055,5,0.00104233,0.00061303,0.00083313
296,"Kiribati",2055,6,0.0008542,0.00049163,0.00067746
296,"Kiribati",2055,7,0.00072474,0.00041333,0.0005729
296,"Kiribati",2055,8,0.00063984,0.00036566,0.00050612
296,"Kiribati",2055,9,0.00059005,0.00034087,0.0004685
296,"Kiribati",2055,10,0.00056923,0.00033381,0.00045437
296,"Kiribati",2055,11,0.00057423,0.00034153,0.00046068
296,"Kiribati",2055,12,0.00060415,0.00036279,0.00048635
296,"Kiribati",2055,13,0.00065969,0.00039693,0.00053143
296,"Kiribati",2055,14,0.00074114,0.00044314,0.00059566
296,"Kiribati",2055,15,0.00084811,0.00049996,0.00067812
296,"Kiribati",2055,16,0.00097612,0.00056398,0.00077484
296,"Kiribati",2055,17,0.00111763,0.00063146,0.00088015
296,"Kiribati",2055,18,0.00126212,0.00069829,0.00098662
296,"Kiribati",2055,19,0.00139625,0.0007603,0.00108536
296,"Kiribati",2055,20,0.0015096,0.00081593,0.00117028
296,"Kiribati",2055,21,0.00159419,0.00086506,0.00123726
296,"Kiribati",2055,22,0.0016482,0.00090913,0.00128613
296,"Kiribati",2055,23,0.00167408,0.00095022,0.0013192
296,"Kiribati",2055,24,0.00167935,0.00098991,0.00134112
296,"Kiribati",2055,25,0.00167362,0.00102964,0.00135751
296,"Kiribati",2055,26,0.00166817,0.00107157,0.00137517
296,"Kiribati",2055,27,0.00167124,0.00111523,0.00139803
296,"Kiribati",2055,28,0.00168806,0.00116137,0.00142914
296,"Kiribati",2055,29,0.00172217,0.00121079,0.00147068
296,"Kiribati",2055,30,0.00177344,0.00126441,0.00152301
296,"Kiribati",2055,31,0.00184202,0.0013252,0.00158774
296,"Kiribati",2055,32,0.00192475,0.00139228,0.00166278
296,"Kiribati",2055,33,0.00201986,0.00146653,0.00174765
296,"Kiribati",2055,34,0.00212712,0.00154857,0.0018421
296,"Kiribati",2055,35,0.00224721,0.00163885,0.00194718
296,"Kiribati",2055,36,0.00238319,0.0017392,0.00206495
296,"Kiribati",2055,37,0.00253692,0.0018488,0.0021952
296,"Kiribati",2055,38,0.00271144,0.00196869,0.00234085
296,"Kiribati",2055,39,0.00291008,0.00210039,0.00250444
296,"Kiribati",2055,40,0.00313616,0.00224627,0.00268877
296,"Kiribati",2055,41,0.00339248,0.0024087,0.00289574
296,"Kiribati",2055,42,0.00368283,0.00259154,0.00312868
296,"Kiribati",2055,43,0.00401041,0.00279823,0.00339073
296,"Kiribati",2055,44,0.00437793,0.00303155,0.00368426
296,"Kiribati",2055,45,0.00478763,0.00329375,0.00401157
296,"Kiribati",2055,46,0.0052378,0.00358194,0.00437308
296,"Kiribati",2055,47,0.00573325,0.00390069,0.00477584
296,"Kiribati",2055,48,0.00627702,0.00425077,0.00522102
296,"Kiribati",2055,49,0.00687359,0.00463293,0.00571294
296,"Kiribati",2055,50,0.00752991,0.00504846,0.00625382
296,"Kiribati",2055,51,0.00824716,0.0054893,0.00683826
296,"Kiribati",2055,52,0.00904244,0.00596686,0.00747996
296,"Kiribati",2055,53,0.00992636,0.00648592,0.00818556
296,"Kiribati",2055,54,0.01090772,0.00705409,0.00895419
296,"Kiribati",2055,55,0.01199281,0.00768239,0.00978793
296,"Kiribati",2055,56,0.01317171,0.00836803,0.01069223
296,"Kiribati",2055,57,0.01445854,0.00914059,0.01169198
296,"Kiribati",2055,58,0.01585698,0.01001572,0.01279002
296,"Kiribati",2055,59,0.01737325,0.01100832,0.01399739
296,"Kiribati",2055,60,0.01901777,0.01213171,0.01533633
296,"Kiribati",2055,61,0.02078654,0.01337359,0.01679754
296,"Kiribati",2055,62,0.02271545,0.01476415,0.01840657
296,"Kiribati",2055,63,0.02482734,0.01631756,0.020185
296,"Kiribati",2055,64,0.02714761,0.01805455,0.02215919
296,"Kiribati",2055,65,0.02970401,0.02000564,0.02434124
296,"Kiribati",2055,66,0.03250437,0.02218088,0.02674857
296,"Kiribati",2055,67,0.035599,0.02464462,0.02945813
296,"Kiribati",2055,68,0.03902151,0.02743769,0.03249899
296,"Kiribati",2055,69,0.04280675,0.03059273,0.03589599
296,"Kiribati",2055,70,0.04699104,0.034134,0.03968403
296,"Kiribati",2055,71,0.05159224,0.03804609,0.04386248
296,"Kiribati",2055,72,0.05666501,0.04235902,0.04845338
296,"Kiribati",2055,73,0.06225128,0.0470973,0.05350883
296,"Kiribati",2055,74,0.06839705,0.05231084,0.05905747
296,"Kiribati",2055,75,0.07515387,0.05809933,0.06517896
296,"Kiribati",2055,76,0.08257134,0.06457619,0.07194357
296,"Kiribati",2055,77,0.09072346,0.0718953,0.07952427
296,"Kiribati",2055,78,0.0996877,0.08018785,0.08805113
296,"Kiribati",2055,79,0.10955621,0.08951758,0.09744564
296,"Kiribati",2055,80,0.12043185,0.09989259,0.10783393
296,"Kiribati",2055,81,0.1324337,0.11123097,0.11924707
296,"Kiribati",2055,82,0.14566211,0.12340054,0.13161467
296,"Kiribati",2055,83,0.16019265,0.13631988,0.14492837
296,"Kiribati",2055,84,0.17606827,0.14995827,0.15919004
296,"Kiribati",2055,85,0.19326664,0.16444169,0.17450222
296,"Kiribati",2055,86,0.21174923,0.17998804,0.19096567
296,"Kiribati",2055,87,0.23140975,0.19677985,0.20866085
296,"Kiribati",2055,88,0.25214536,0.21499979,0.22756281
296,"Kiribati",2055,89,0.27388643,0.23466217,0.24760272
296,"Kiribati",2055,90,0.29656929,0.25568901,0.26879887
296,"Kiribati",2055,91,0.32019301,0.27790449,0.29101301
296,"Kiribati",2055,92,0.34470339,0.30100659,0.31407895
296,"Kiribati",2055,93,0.37006441,0.32483122,0.33796064
296,"Kiribati",2055,94,0.39623074,0.34926358,0.3624259
296,"Kiribati",2055,95,0.42313463,0.37433682,0.38749921
296,"Kiribati",2055,96,0.45108479,0.40074827,0.41379974
296,"Kiribati",2055,97,0.47956876,0.42796311,0.44079493
296,"Kiribati",2055,98,0.50837918,0.45594561,0.46844259
296,"Kiribati",2055,99,0.53722787,0.48449216,0.49628611
296,"Kiribati",2055,100,0.59199564,0.5465104,0.55549257
296,"Kiribati",2056,0,0.03111776,0.01771985,0.02461191
296,"Kiribati",2056,1,0.0027534,0.00189315,0.00233495
296,"Kiribati",2056,2,0.00211822,0.00138763,0.00176263
296,"Kiribati",2056,3,0.00163936,0.00102597,0.00134067
296,"Kiribati",2056,4,0.00128446,0.00077227,0.00103495
296,"Kiribati",2056,5,0.00102609,0.00059774,0.00081735
296,"Kiribati",2056,6,0.00084133,0.00047967,0.00066503
296,"Kiribati",2056,7,0.00071411,0.00040348,0.00056264
296,"Kiribati",2056,8,0.00063063,0.00035709,0.00049722
296,"Kiribati",2056,9,0.00058168,0.00033298,0.00046036
296,"Kiribati",2056,10,0.00056125,0.00032616,0.00044654
296,"Kiribati",2056,11,0.00056626,0.00033376,0.0004528
296,"Kiribati",2056,12,0.00059588,0.00035461,0.00047812
296,"Kiribati",2056,13,0.00065084,0.00038809,0.00052258
296,"Kiribati",2056,14,0.00073143,0.0004334,0.00058592
296,"Kiribati",2056,15,0.0008373,0.00048915,0.00066729
296,"Kiribati",2056,16,0.000964,0.00055193,0.00076274
296,"Kiribati",2056,17,0.00110405,0.00061816,0.00086667
296,"Kiribati",2056,18,0.00124704,0.00068376,0.00097176
296,"Kiribati",2056,19,0.00137972,0.00074466,0.00106923
296,"Kiribati",2056,20,0.0014918,0.00079934,0.00115305
296,"Kiribati",2056,21,0.0015754,0.00084766,0.00121913
296,"Kiribati",2056,22,0.00162877,0.00089104,0.00126732
296,"Kiribati",2056,23,0.00165439,0.00093154,0.00129997
296,"Kiribati",2056,24,0.00165968,0.00097071,0.00132163
296,"Kiribati",2056,25,0.00165416,0.00100995,0.00133787
296,"Kiribati",2056,26,0.00164899,0.0010514,0.00135544
296,"Kiribati",2056,27,0.00165225,0.00109458,0.00137818
296,"Kiribati",2056,28,0.00166913,0.0011402,0.00140905
296,"Kiribati",2056,29,0.00170311,0.00118906,0.00145024
296,"Kiribati",2056,30,0.00175406,0.00124206,0.00150212
296,"Kiribati",2056,31,0.00182219,0.00130222,0.00156624
296,"Kiribati",2056,32,0.00190435,0.0013686,0.00164061
296,"Kiribati",2056,33,0.00199878,0.00144212,0.00172477
296,"Kiribati",2056,34,0.00210528,0.00152337,0.00181886
296,"Kiribati",2056,35,0.00222453,0.00161282,0.00192302
296,"Kiribati",2056,36,0.00235962,0.00171229,0.0020402
296,"Kiribati",2056,37,0.00251238,0.00182096,0.00217052
296,"Kiribati",2056,38,0.00268583,0.00193985,0.00231517
296,"Kiribati",2056,39,0.00288333,0.00207049,0.00247754
296,"Kiribati",2056,40,0.00310818,0.00221523,0.00266056
296,"Kiribati",2056,41,0.00336318,0.00237644,0.00286679
296,"Kiribati",2056,42,0.00365214,0.00255796,0.00309929
296,"Kiribati",2056,43,0.00397826,0.00276325,0.00336084
296,"Kiribati",2056,44,0.00434427,0.00299506,0.00365401
296,"Kiribati",2056,45,0.00475237,0.00325562,0.00398058
296,"Kiribati",2056,46,0.00520077,0.00354194,0.00433824
296,"Kiribati",2056,47,0.00569431,0.0038586,0.00473473
296,"Kiribati",2056,48,0.00623601,0.00420637,0.0051745
296,"Kiribati",2056,49,0.00683034,0.00458599,0.00565931
296,"Kiribati",2056,50,0.00748427,0.0049988,0.00619516
296,"Kiribati",2056,51,0.00819881,0.00543662,0.00677634
296,"Kiribati",2056,52,0.00899128,0.00591108,0.00741525
296,"Kiribati",2056,53,0.00987235,0.00642701,0.008119
296,"Kiribati",2056,54,0.01085083,0.00699201,0.00889459
296,"Kiribati",2056,55,0.01193301,0.00761697,0.00974043
296,"Kiribati",2056,56,0.01310856,0.00829864,0.01064243
296,"Kiribati",2056,57,0.01439176,0.00906663,0.01163609
296,"Kiribati",2056,58,0.01578619,0.00993645,0.01273449
296,"Kiribati",2056,59,0.01729803,0.01092292,0.01394069
296,"Kiribati",2056,60,0.01893769,0.01203938,0.01526712
296,"Kiribati",2056,61,0.02070085,0.01327326,0.01671618
296,"Kiribati",2056,62,0.02262384,0.01465532,0.0183201
296,"Kiribati",2056,63,0.02472965,0.01619989,0.02008923
296,"Kiribati",2056,64,0.02704375,0.01792775,0.02205009
296,"Kiribati",2056,65,0.02959383,0.0198693,0.02423556
296,"Kiribati",2056,66,0.03238721,0.02203384,0.02663571
296,"Kiribati",2056,67,0.03547437,0.02448567,0.02931777
296,"Kiribati",2056,68,0.03888872,0.02726518,0.03233925
296,"Kiribati",2056,69,0.04266493,0.03040475,0.03572432
296,"Kiribati",2056,70,0.0468392,0.03392856,0.03949299
296,"Kiribati",2056,71,0.05142909,0.03782113,0.04364948
296,"Kiribati",2056,72,0.0564894,0.04211304,0.04823484
296,"Kiribati",2056,73,0.06206211,0.04682907,0.05326112
296,"Kiribati",2056,74,0.06819326,0.05201925,0.05879785
296,"Kiribati",2056,75,0.07493455,0.05778305,0.06490383
296,"Kiribati",2056,76,0.08233584,0.06423367,0.0716692
296,"Kiribati",2056,77,0.09047116,0.07152429,0.07919695
296,"Kiribati",2056,78,0.09941808,0.07978568,0.0876498
296,"Kiribati",2056,79,0.10926875,0.08908156,0.0971259
296,"Kiribati",2056,80,0.12012592,0.09942028,0.10751166
296,"Kiribati",2056,81,0.13210904,0.11072148,0.11888481
296,"Kiribati",2056,82,0.14531775,0.12285311,0.13123138
296,"Kiribati",2056,83,0.15982753,0.13573432,0.14449482
296,"Kiribati",2056,84,0.17568143,0.14933473,0.15868353
296,"Kiribati",2056,85,0.19285748,0.16378018,0.17387866
296,"Kiribati",2056,86,0.21131872,0.17928978,0.19024821
296,"Kiribati",2056,87,0.2309586,0.19604484,0.20784984
296,"Kiribati",2056,88,0.25167488,0.21422825,0.22677211
296,"Kiribati",2056,89,0.27339828,0.23385513,0.24688969
296,"Kiribati",2056,90,0.29606536,0.25484852,0.26807912
296,"Kiribati",2056,91,0.31967626,0.27703529,0.29032
296,"Kiribati",2056,92,0.34417585,0.30011318,0.31336181
296,"Kiribati",2056,93,0.36952811,0.32391859,0.33713192
296,"Kiribati",2056,94,0.39568768,0.34833691,0.36162354
296,"Kiribati",2056,95,0.42258687,0.37340111,0.38670034
296,"Kiribati",2056,96,0.45054799,0.39982815,0.41300125
296,"Kiribati",2056,97,0.47904706,0.42706639,0.44001976
296,"Kiribati",2056,98,0.50787703,0.45508055,0.46767636
296,"Kiribati",2056,99,0.53675,0.48366771,0.49579003
296,"Kiribati",2056,100,0.59158347,0.54570534,0.55491398
296,"Kiribati",2057,0,0.03061268,0.01728366,0.02414044
296,"Kiribati",2057,1,0.00270184,0.00183962,0.00228245
296,"Kiribati",2057,2,0.00208019,0.00134969,0.00172464
296,"Kiribati",2057,3,0.00161119,0.00099886,0.001313
296,"Kiribati",2057,4,0.00126335,0.00075253,0.00101449
296,"Kiribati",2057,5,0.00100992,0.00058294,0.00080183
296,"Kiribati",2057,6,0.00082852,0.00046808,0.0006528
296,"Kiribati",2057,7,0.00070353,0.00039392,0.00055255
296,"Kiribati",2057,8,0.00062147,0.00034875,0.00048845
296,"Kiribati",2057,9,0.00057334,0.00032529,0.00045233
296,"Kiribati",2057,10,0.00055329,0.00031871,0.00043883
296,"Kiribati",2057,11,0.00055831,0.00032619,0.00044503
296,"Kiribati",2057,12,0.00058762,0.00034664,0.00047
296,"Kiribati",2057,13,0.00064199,0.00037946,0.00051383
296,"Kiribati",2057,14,0.00072173,0.00042388,0.0005763
296,"Kiribati",2057,15,0.00082651,0.00047855,0.00065658
296,"Kiribati",2057,16,0.00095188,0.00054013,0.00075076
296,"Kiribati",2057,17,0.00109048,0.0006051,0.00085333
296,"Kiribati",2057,18,0.00123196,0.0006695,0.00095703
296,"Kiribati",2057,19,0.00136318,0.00072929,0.00105321
296,"Kiribati",2057,20,0.00147398,0.00078302,0.00113593
296,"Kiribati",2057,21,0.00155658,0.00083052,0.00120111
296,"Kiribati",2057,22,0.0016093,0.00087322,0.00124865
296,"Kiribati",2057,23,0.00163464,0.00091313,0.00128084
296,"Kiribati",2057,24,0.00163995,0.00095176,0.00130225
296,"Kiribati",2057,25,0.00163464,0.0009905,0.00131833
296,"Kiribati",2057,26,0.00162973,0.00103146,0.00133577
296,"Kiribati",2057,27,0.00163318,0.00107413,0.00135836
296,"Kiribati",2057,28,0.0016501,0.00111921,0.00138901
296,"Kiribati",2057,29,0.00168392,0.00116749,0.00142984
296,"Kiribati",2057,30,0.00173455,0.00121987,0.00148122
296,"Kiribati",2057,31,0.00180222,0.00127936,0.00154479
296,"Kiribati",2057,32,0.00188378,0.00134503,0.00161845
296,"Kiribati",2057,33,0.00197751,0.00141777,0.00170182
296,"Kiribati",2057,34,0.00208323,0.0014982,0.0017951
296,"Kiribati",2057,35,0.00220162,0.00158677,0.00189883
296,"Kiribati",2057,36,0.00233579,0.00168532,0.00201501
296,"Kiribati",2057,37,0.00248754,0.001793,0.00214465
296,"Kiribati",2057,38,0.0026599,0.00191084,0.00228935
296,"Kiribati",2057,39,0.00285622,0.00204035,0.00245061
296,"Kiribati",2057,40,0.0030798,0.00218388,0.00263227
296,"Kiribati",2057,41,0.00333343,0.00234376,0.00283702
296,"Kiribati",2057,42,0.00362095,0.00252387,0.00306869
296,"Kiribati",2057,43,0.00394556,0.00272762,0.00332974
296,"Kiribati",2057,44,0.00430998,0.00295778,0.00362233
296,"Kiribati",2057,45,0.00471643,0.00321654,0.00394845
296,"Kiribati",2057,46,0.00516299,0.0035008,0.00430513
296,"Kiribati",2057,47,0.00565454,0.00381518,0.00469722
296,"Kiribati",2057,48,0.00619409,0.00416041,0.0051299
296,"Kiribati",2057,49,0.00678608,0.00453727,0.00560859
296,"Kiribati",2057,50,0.0074375,0.0049471,0.00613644
296,"Kiribati",2057,51,0.00814921,0.00538164,0.00671178
296,"Kiribati",2057,52,0.00893875,0.0058527,0.00734703
296,"Kiribati",2057,53,0.00981682,0.00636516,0.00804768
296,"Kiribati",2057,54,0.01079228,0.00692658,0.00882124
296,"Kiribati",2057,55,0.01187139,0.00754775,0.00967485
296,"Kiribati",2057,56,0.01304341,0.00822497,0.01058986
296,"Kiribati",2057,57,0.0143228,0.00898788,0.01158046
296,"Kiribati",2057,58,0.01571302,0.00985183,0.01267145
296,"Kiribati",2057,59,0.01722018,0.01083154,0.01387726
296,"Kiribati",2057,60,0.01885473,0.01194038,0.01520158
296,"Kiribati",2057,61,0.02061198,0.01316551,0.016636
296,"Kiribati",2057,62,0.02252876,0.01453817,0.01822625
296,"Kiribati",2057,63,0.02462817,0.01607282,0.01998937
296,"Kiribati",2057,64,0.02693574,0.01779028,0.02193968
296,"Kiribati",2057,65,0.02947914,0.01972078,0.02411008
296,"Kiribati",2057,66,0.03226515,0.02187291,0.02651231
296,"Kiribati",2057,67,0.03534441,0.02431085,0.02918499
296,"Kiribati",2057,68,0.03875012,0.02707459,0.03217505
296,"Kiribati",2057,69,0.04251679,0.03019621,0.03553709
296,"Kiribati",2057,70,0.04668045,0.03369979,0.03929041
296,"Kiribati",2057,71,0.05125836,0.03756984,0.04342338
296,"Kiribati",2057,72,0.05630549,0.04183736,0.04798268
296,"Kiribati",2057,73,0.06186382,0.04652735,0.0530003
296,"Kiribati",2057,74,0.06797948,0.0516899,0.05850307
296,"Kiribati",2057,75,0.07470426,0.0574241,0.06459307
296,"Kiribati",2057,76,0.08208831,0.06384286,0.07133788
296,"Kiribati",2057,77,0.09020568,0.07109851,0.07886108
296,"Kiribati",2057,78,0.09913406,0.07932128,0.08725236
296,"Kiribati",2057,79,0.10896556,0.08857478,0.09664499
296,"Kiribati",2057,80,0.11980281,0.09886758,0.10710712
296,"Kiribati",2057,81,0.13176562,0.1101209,0.11847049
296,"Kiribati",2057,82,0.14495286,0.12220293,0.13076819
296,"Kiribati",2057,83,0.15943997,0.13503342,0.14400275
296,"Kiribati",2057,84,0.17527002,0.14858237,0.15813021
296,"Kiribati",2057,85,0.19242148,0.16297529,0.17323686
296,"Kiribati",2057,86,0.21085889,0.17843221,0.18946902
296,"Kiribati",2057,87,0.23047553,0.19513298,0.20695829
296,"Kiribati",2057,88,0.25116976,0.21326043,0.22577017
296,"Kiribati",2057,89,0.27287265,0.23283032,0.24589823
296,"Kiribati",2057,90,0.29552099,0.2537667,0.26715433
296,"Kiribati",2057,91,0.31911597,0.27589914,0.28937228
296,"Kiribati",2057,92,0.34360154,0.29892546,0.31242291
296,"Kiribati",2057,93,0.36894164,0.32268272,0.33614822
296,"Kiribati",2057,94,0.39509093,0.34705662,0.36050379
296,"Kiribati",2057,95,0.42198179,0.37207999,0.38558465
296,"Kiribati",2057,96,0.44994975,0.39848787,0.41188092
296,"Kiribati",2057,97,0.47845969,0.42571307,0.43887398
296,"Kiribati",2057,98,0.50730488,0.45372072,0.46652702
296,"Kiribati",2057,99,0.53619775,0.48230883,0.49462177
296,"Kiribati",2057,100,0.59109463,0.54432604,0.55388681
296,"Kiribati",2058,0,0.03017773,0.01690525,0.02373325
296,"Kiribati",2058,1,0.00265622,0.00179281,0.00223627
296,"Kiribati",2058,2,0.00204658,0.00131645,0.00169122
296,"Kiribati",2058,3,0.00158635,0.00097507,0.00128866
296,"Kiribati",2058,4,0.00124476,0.00073519,0.00099649
296,"Kiribati",2058,5,0.00099572,0.00056991,0.00078819
296,"Kiribati",2058,6,0.00081728,0.00045787,0.00064206
296,"Kiribati",2058,7,0.00069426,0.00038549,0.00054369
296,"Kiribati",2058,8,0.00061344,0.0003414,0.00048075
296,"Kiribati",2058,9,0.00056602,0.00031851,0.00044527
296,"Kiribati",2058,10,0.00054629,0.00031211,0.00043202
296,"Kiribati",2058,11,0.00055132,0.00031949,0.00043818
296,"Kiribati",2058,12,0.00058036,0.00033957,0.00046282
296,"Kiribati",2058,13,0.00063421,0.00037179,0.00050609
296,"Kiribati",2058,14,0.0007132,0.00041542,0.00056779
296,"Kiribati",2058,15,0.00081701,0.00046913,0.00064711
296,"Kiribati",2058,16,0.00094124,0.00052963,0.00074017
296,"Kiribati",2058,17,0.00107857,0.00059348,0.00084154
296,"Kiribati",2058,18,0.00121871,0.00065678,0.00094403
296,"Kiribati",2058,19,0.00134865,0.00071558,0.00103903
296,"Kiribati",2058,20,0.00145829,0.00076844,0.00112073
296,"Kiribati",2058,21,0.00153997,0.0008152,0.0011851
296,"Kiribati",2058,22,0.00159209,0.00085727,0.00123204
296,"Kiribati",2058,23,0.00161715,0.00089663,0.00126383
296,"Kiribati",2058,24,0.00162245,0.00093477,0.00128497
296,"Kiribati",2058,25,0.00161729,0.00097304,0.00130089
296,"Kiribati",2058,26,0.00161259,0.00101354,0.0013182
296,"Kiribati",2058,27,0.00161618,0.00105573,0.00134061
296,"Kiribati",2058,28,0.00163312,0.00110031,0.00137103
296,"Kiribati",2058,29,0.00166679,0.00114804,0.00141152
296,"Kiribati",2058,30,0.0017171,0.00119982,0.00146245
296,"Kiribati",2058,31,0.00178433,0.00125868,0.00152546
296,"Kiribati",2058,32,0.00186533,0.00132366,0.00159849
296,"Kiribati",2058,33,0.00195841,0.00139567,0.00168111
296,"Kiribati",2058,34,0.00206339,0.00147531,0.00177359
296,"Kiribati",2058,35,0.00218098,0.00156304,0.00187649
296,"Kiribati",2058,36,0.00231428,0.0016607,0.00199226
296,"Kiribati",2058,37,0.0024651,0.00176744,0.00212087
296,"Kiribati",2058,38,0.00263644,0.00188426,0.00226489
296,"Kiribati",2058,39,0.00283166,0.00201267,0.00242629
296,"Kiribati",2058,40,0.00305406,0.00215503,0.00260685
296,"Kiribati",2058,41,0.00330643,0.00231364,0.00281021
296,"Kiribati",2058,42,0.00359262,0.00249239,0.00304038
296,"Kiribati",2058,43,0.00391584,0.00269467,0.00330068
296,"Kiribati",2058,44,0.00427883,0.00292324,0.00359289
296,"Kiribati",2058,45,0.00468376,0.00318028,0.00391854
296,"Kiribati",2058,46,0.00512864,0.00346259,0.00427482
296,"Kiribati",2058,47,0.00561838,0.00377477,0.00466596
296,"Kiribati",2058,48,0.00615595,0.00411756,0.00509391
296,"Kiribati",2058,49,0.00674578,0.00449171,0.0055649
296,"Kiribati",2058,50,0.00739487,0.00489861,0.00608617
296,"Kiribati",2058,51,0.00810398,0.00532994,0.00665272
296,"Kiribati",2058,52,0.00889081,0.00579768,0.00728181
296,"Kiribati",2058,53,0.00976614,0.00630676,0.00797881
296,"Kiribati",2058,54,0.01073885,0.00686469,0.00874936
296,"Kiribati",2058,55,0.01181515,0.00748217,0.00960115
296,"Kiribati",2058,56,0.01298401,0.0081551,0.01052498
296,"Kiribati",2058,57,0.01425994,0.00891308,0.01153024
296,"Kiribati",2058,58,0.01564632,0.00977128,0.0126178
296,"Kiribati",2058,59,0.01714919,0.01074433,0.01381534
296,"Kiribati",2058,60,0.01877898,0.0118456,0.01513911
296,"Kiribati",2058,61,0.02053079,0.01306217,0.01657098
296,"Kiribati",2058,62,0.02244185,0.01442565,0.01814576
296,"Kiribati",2058,63,0.02453539,0.0159507,0.01989475
296,"Kiribati",2058,64,0.026837,0.01765818,0.02183931
296,"Kiribati",2058,65,0.02937432,0.01957815,0.02399907
296,"Kiribati",2058,66,0.03215371,0.02171862,0.02638544
296,"Kiribati",2058,67,0.03522589,0.02414353,0.02906071
296,"Kiribati",2058,68,0.03862386,0.0268924,0.03204087
296,"Kiribati",2058,69,0.04238193,0.02999702,0.03536951
296,"Kiribati",2058,70,0.046536,0.03348135,0.0390984
296,"Kiribati",2058,71,0.05110309,0.03732998,0.04321518
296,"Kiribati",2058,72,0.05613828,0.0415743,0.0477501
296,"Kiribati",2058,73,0.06168358,0.04623961,0.05274095
296,"Kiribati",2058,74,0.06778518,0.05137609,0.05823585
296,"Kiribati",2058,75,0.074495,0.05708254,0.06429112
296,"Kiribati",2058,76,0.08186348,0.0634716,0.07102064
296,"Kiribati",2058,77,0.08996473,0.0706948,0.07852346
296,"Kiribati",2058,78,0.09887653,0.07888186,0.08691099
296,"Kiribati",2058,79,0.10869099,0.08809632,0.0962408
296,"Kiribati",2058,80,0.11951066,0.09834694,0.10661822
296,"Kiribati",2058,81,0.13145554,0.10955634,0.11806366
296,"Kiribati",2058,82,0.14462391,0.12159298,0.13035585
296,"Kiribati",2058,83,0.15909107,0.13437722,0.14354478
296,"Kiribati",2058,84,0.17490018,0.14787938,0.15764872
296,"Kiribati",2058,85,0.19203006,0.16222474,0.17269554
296,"Kiribati",2058,86,0.21044657,0.17763405,0.18883801
296,"Kiribati",2058,87,0.23004292,0.19428612,0.20618387
296,"Kiribati",2058,88,0.25071805,0.21236387,0.22488307
296,"Kiribati",2058,89,0.27240334,0.23188385,0.24490388
296,"Kiribati",2058,90,0.29503576,0.25277113,0.26618126
296,"Kiribati",2058,91,0.3186173,0.27485763,0.28847895
296,"Kiribati",2058,92,0.34309111,0.29784144,0.31151594
296,"Kiribati",2058,93,0.3684211,0.32156014,0.33526118
296,"Kiribati",2058,94,0.3945619,0.34589966,0.35958231
296,"Kiribati",2058,95,0.42144595,0.37089261,0.3845347
296,"Kiribati",2058,96,0.44941926,0.39728774,0.41085999
296,"Kiribati",2058,97,0.47793791,0.42450603,0.43785819
296,"Kiribati",2058,98,0.50679543,0.45251301,0.46549534
296,"Kiribati",2058,99,0.53570451,0.4811075,0.49359711
296,"Kiribati",2058,100,0.59065933,0.54313157,0.55293441
296,"Kiribati",2059,0,0.02972091,0.01651733,0.02330962
296,"Kiribati",2059,1,0.00260853,0.00174445,0.00218828
296,"Kiribati",2059,2,0.00201149,0.00128219,0.00165654
296,"Kiribati",2059,3,0.00156043,0.00095059,0.00126345
296,"Kiribati",2059,4,0.0012254,0.00071737,0.00097788
296,"Kiribati",2059,5,0.00098093,0.00055655,0.00077409
296,"Kiribati",2059,6,0.0008056,0.00044741,0.00063097
296,"Kiribati",2059,7,0.00068462,0.00037687,0.00053454
296,"Kiribati",2059,8,0.0006051,0.00033388,0.00047281
296,"Kiribati",2059,9,0.00055844,0.00031158,0.000438
296,"Kiribati",2059,10,0.00053906,0.00030538,0.00042502
296,"Kiribati",2059,11,0.00054409,0.00031265,0.00043113
296,"Kiribati",2059,12,0.00057286,0.00033236,0.00045546
296,"Kiribati",2059,13,0.00062618,0.00036398,0.00049816
296,"Kiribati",2059,14,0.00070441,0.0004068,0.00055908
296,"Kiribati",2059,15,0.00080725,0.00045954,0.00063743
296,"Kiribati",2059,16,0.00093031,0.00051894,0.00072935
296,"Kiribati",2059,17,0.00106635,0.00058166,0.00082949
296,"Kiribati",2059,18,0.00120515,0.00064386,0.00093076
296,"Kiribati",2059,19,0.00133378,0.00070167,0.00102461
296,"Kiribati",2059,20,0.00144226,0.00075366,0.00110525
296,"Kiribati",2059,21,0.00152302,0.00079968,0.00116879
296,"Kiribati",2059,22,0.00157453,0.00084112,0.00121514
296,"Kiribati",2059,23,0.00159933,0.00087994,0.00124655
296,"Kiribati",2059,24,0.00160463,0.0009176,0.00126746
296,"Kiribati",2059,25,0.00159965,0.00095542,0.00128324
296,"Kiribati",2059,26,0.00159519,0.00099547,0.00130044
296,"Kiribati",2059,27,0.00159895,0.00103721,0.00132271
296,"Kiribati",2059,28,0.00161593,0.0010813,0.00135289
296,"Kiribati",2059,29,0.00164948,0.00112852,0.00139305
296,"Kiribati",2059,30,0.00169949,0.00117973,0.00144357
296,"Kiribati",2059,31,0.00176631,0.00123798,0.00150607
296,"Kiribati",2059,32,0.00184679,0.00130232,0.0015785
296,"Kiribati",2059,33,0.00193925,0.00137364,0.00166047
296,"Kiribati",2059,34,0.00204355,0.00145254,0.00175217
296,"Kiribati",2059,35,0.00216038,0.00153949,0.00185425
296,"Kiribati",2059,36,0.00229288,0.00163633,0.0019692
296,"Kiribati",2059,37,0.00244282,0.0017422,0.00209744
296,"Kiribati",2059,38,0.00261323,0.00185809,0.00224044
296,"Kiribati",2059,39,0.00280744,0.00198551,0.00240122
296,"Kiribati",2059,40,0.00302877,0.00212681,0.00258207
296,"Kiribati",2059,41,0.00328001,0.00228427,0.00278438
296,"Kiribati",2059,42,0.00356503,0.00246178,0.00301323
296,"Kiribati",2059,43,0.00388705,0.00266275,0.00327211
296,"Kiribati",2059,44,0.0042488,0.00288992,0.00356373
296,"Kiribati",2059,45,0.00465246,0.00314543,0.00388925
296,"Kiribati",2059,46,0.00509594,0.00342598,0.00424523
296,"Kiribati",2059,47,0.00558417,0.00373622,0.00463621
296,"Kiribati",2059,48,0.0061201,0.00407685,0.00506343
296,"Kiribati",2059,49,0.00670815,0.00444863,0.00552955
296,"Kiribati",2059,50,0.00735535,0.00485298,0.00604274
296,"Kiribati",2059,51,0.00806231,0.00528148,0.0066024
296,"Kiribati",2059,52,0.00884697,0.00574632,0.00722236
296,"Kiribati",2059,53,0.00972016,0.00625246,0.00791325
296,"Kiribati",2059,54,0.01069081,0.00680741,0.00868059
296,"Kiribati",2059,55,0.0117651,0.00742175,0.00952994
296,"Kiribati",2059,56,0.01293161,0.00809096,0.01045237
296,"Kiribati",2059,57,0.01420501,0.00884467,0.01146825
296,"Kiribati",2059,58,0.01558856,0.00969791,0.01257266
296,"Kiribati",2059,59,0.01708822,0.01066523,0.01376704
296,"Kiribati",2059,60,0.01871446,0.01176003,0.01508259
296,"Kiribati",2059,61,0.02046208,0.01296915,0.01651457
296,"Kiribati",2059,62,0.0223688,0.0143247,0.01808787
296,"Kiribati",2059,63,0.02445799,0.01584148,0.01982182
296,"Kiribati",2059,64,0.02675535,0.01754042,0.02175304
296,"Kiribati",2059,65,0.02928852,0.01945143,0.02390853
296,"Kiribati",2059,66,0.03206336,0.02158188,0.02628498
296,"Kiribati",2059,67,0.03513076,0.02399561,0.02894494
296,"Kiribati",2059,68,0.03852355,0.02673176,0.03192942
296,"Kiribati",2059,69,0.04227587,0.02982186,0.03524919
296,"Kiribati",2059,70,0.04642352,0.03328979,0.03894461
296,"Kiribati",2059,71,0.05098323,0.03712013,0.04303778
296,"Kiribati",2059,72,0.05601029,0.04134473,0.04755852
296,"Kiribati",2059,73,0.06154677,0.04598914,0.05252707
296,"Kiribati",2059,74,0.06763898,0.05110366,0.05799765
296,"Kiribati",2059,75,0.07433903,0.05678683,0.06404922
296,"Kiribati",2059,76,0.08169769,0.06315112,0.07074687
296,"Kiribati",2059,77,0.08978919,0.07034739,0.07823866
296,"Kiribati",2059,78,0.09869151,0.07850494,0.08661024
296,"Kiribati",2059,79,0.10849685,0.0876873,0.09594194
296,"Kiribati",2059,80,0.11930771,0.09790344,0.10626094
296,"Kiribati",2059,81,0.13124454,0.10907741,0.11762686
296,"Kiribati",2059,82,0.14440497,0.12107783,0.13001499
296,"Kiribati",2059,83,0.15886432,0.13382554,0.14321109
296,"Kiribati",2059,84,0.17466583,0.14729121,0.1572802
296,"Kiribati",2059,85,0.19178871,0.16159996,0.17231638
296,"Kiribati",2059,86,0.21020029,0.17697359,0.18840891
296,"Kiribati",2059,87,0.22979355,0.19358978,0.20567201
296,"Kiribati",2059,88,0.25046794,0.21163161,0.22423342
296,"Kiribati",2059,89,0.27215513,0.23111629,0.24415403
296,"Kiribati",2059,90,0.29479223,0.25196986,0.26534026
296,"Kiribati",2059,91,0.3183822,0.27402667,0.28768249
296,"Kiribati",2059,92,0.34286721,0.29698462,0.31082302
296,"Kiribati",2059,93,0.3682111,0.32068176,0.33457595
296,"Kiribati",2059,94,0.39436846,0.34500422,0.35893982
296,"Kiribati",2059,95,0.42127175,0.36998443,0.38387912
296,"Kiribati",2059,96,0.44927994,0.39638903,0.41011202
296,"Kiribati",2059,97,0.477838,0.42362371,0.43716878
296,"Kiribati",2059,98,0.50673954,0.45165442,0.46484136
296,"Kiribati",2059,99,0.53569725,0.48028066,0.49295903
296,"Kiribati",2059,100,0.59073425,0.54231272,0.55234283
296,"Kiribati",2060,0,0.02931518,0.01614745,0.02292223
296,"Kiribati",2060,1,0.00256513,0.00169802,0.00214341
296,"Kiribati",2060,2,0.00197955,0.00124928,0.00162416
296,"Kiribati",2060,3,0.00153686,0.00092708,0.00123992
296,"Kiribati",2060,4,0.0012078,0.00070026,0.00096052
296,"Kiribati",2060,5,0.00096751,0.00054371,0.00076095
296,"Kiribati",2060,6,0.000795,0.00043736,0.00062062
296,"Kiribati",2060,7,0.00067589,0.00036858,0.00052601
296,"Kiribati",2060,8,0.00059754,0.00032665,0.0004654
296,"Kiribati",2060,9,0.00055155,0.0003049,0.00043121
296,"Kiribati",2060,10,0.00053247,0.0002989,0.00041848
296,"Kiribati",2060,11,0.0005375,0.00030606,0.00042453
296,"Kiribati",2060,12,0.00056601,0.00032541,0.00044855
296,"Kiribati",2060,13,0.00061884,0.00035644,0.00049072
296,"Kiribati",2060,14,0.00069637,0.00039849,0.00055089
296,"Kiribati",2060,15,0.00079832,0.00045029,0.00062832
296,"Kiribati",2060,16,0.00092032,0.00050863,0.00071919
296,"Kiribati",2060,17,0.00105518,0.00057025,0.00081819
296,"Kiribati",2060,18,0.00119274,0.00063139,0.00091828
296,"Kiribati",2060,19,0.00132015,0.00068823,0.00101104
296,"Kiribati",2060,20,0.00142754,0.00073938,0.00109072
296,"Kiribati",2060,21,0.00150741,0.00078468,0.00115342
296,"Kiribati",2060,22,0.00155834,0.00082551,0.00119917
296,"Kiribati",2060,23,0.00158286,0.0008638,0.0012302
296,"Kiribati",2060,24,0.00158814,0.00090099,0.00125089
296,"Kiribati",2060,25,0.00158328,0.00093837,0.00126653
296,"Kiribati",2060,26,0.00157901,0.00097799,0.0012836
296,"Kiribati",2060,27,0.00158291,0.00101928,0.0013057
296,"Kiribati",2060,28,0.0015999,0.0010629,0.00133564
296,"Kiribati",2060,29,0.00163329,0.0011096,0.00137547
296,"Kiribati",2060,30,0.00168301,0.00116025,0.00142555
296,"Kiribati",2060,31,0.0017494,0.00121791,0.00148755
296,"Kiribati",2060,32,0.00182934,0.00128162,0.0015594
296,"Kiribati",2060,33,0.00192119,0.00135226,0.0016407
296,"Kiribati",2060,34,0.00202479,0.00143045,0.00173169
296,"Kiribati",2060,35,0.00214087,0.00151663,0.00183295
296,"Kiribati",2060,36,0.00227255,0.00161267,0.00194703
296,"Kiribati",2060,37,0.00242162,0.00171768,0.00207439
296,"Kiribati",2060,38,0.00259107,0.00183267,0.002217
296,"Kiribati",2060,39,0.00278426,0.00195912,0.00237669
296,"Kiribati",2060,40,0.0030045,0.00209937,0.0025569
296,"Kiribati",2060,41,0.00325459,0.00225571,0.00275959
296,"Kiribati",2060,42,0.0035384,0.00243203,0.00298734
296,"Kiribati",2060,43,0.00385918,0.00263173,0.00324482
296,"Kiribati",2060,44,0.00421965,0.00285752,0.00353495
296,"Kiribati",2060,45,0.00462199,0.00311155,0.00385989
296,"Kiribati",2060,46,0.005064,0.00339042,0.00421568
296,"Kiribati",2060,47,0.00555065,0.00369877,0.00460634
296,"Kiribati",2060,48,0.00608484,0.0040373,0.00503338
296,"Kiribati",2060,49,0.006671,0.00440676,0.00549869
296,"Kiribati",2060,50,0.00731615,0.00480863,0.00600654
296,"Kiribati",2060,51,0.00802083,0.00523438,0.00655719
296,"Kiribati",2060,52,0.00880315,0.00569641,0.00716966
296,"Kiribati",2060,53,0.00967402,0.0061997,0.00785055
296,"Kiribati",2060,54,0.01064237,0.00675176,0.00861126
296,"Kiribati",2060,55,0.0117144,0.00736306,0.0094572
296,"Kiribati",2060,56,0.01287833,0.00802868,0.01037674
296,"Kiribati",2060,57,0.01414892,0.00877826,0.01139105
296,"Kiribati",2060,58,0.0155293,0.00962669,0.01250704
296,"Kiribati",2060,59,0.01702538,0.01058844,0.01371954
296,"Kiribati",2060,60,0.01864762,0.01167695,0.01503121
296,"Kiribati",2060,61,0.02039062,0.01287884,0.01645371
296,"Kiribati",2060,62,0.02229253,0.01422669,0.0180271
296,"Kiribati",2060,63,0.02437685,0.01573549,0.01975962
296,"Kiribati",2060,64,0.02666937,0.01742621,0.02167493
296,"Kiribati",2060,65,0.02919773,0.01932863,0.02381626
296,"Kiribati",2060,66,0.03196738,0.02144949,0.02618777
296,"Kiribati",2060,67,0.03502927,0.02385253,0.0288368
296,"Kiribati",2060,68,0.03841606,0.0265765,0.03180438
296,"Kiribati",2060,69,0.0421617,0.0296527,0.03512794
296,"Kiribati",2060,70,0.04630185,0.0331049,0.03881309
296,"Kiribati",2060,71,0.05085305,0.03691769,0.04286992
296,"Kiribati",2060,72,0.05587069,0.04112339,0.04736515
296,"Kiribati",2060,73,0.06139691,0.0457478,0.05231844
296,"Kiribati",2060,74,0.06747812,0.05084135,0.05776525
296,"Kiribati",2060,75,0.07416658,0.05650237,0.06379093
296,"Kiribati",2060,76,0.0815134,0.06284315,0.07048475
296,"Kiribati",2060,77,0.0895929,0.07001393,0.07794254
296,"Kiribati",2060,78,0.09848326,0.07814361,0.08630206
296,"Kiribati",2060,79,0.10827669,0.0872957,0.09561651
296,"Kiribati",2060,80,0.11907566,0.09747942,0.10593688
296,"Kiribati",2060,81,0.13100087,0.10862019,0.1172427
296,"Kiribati",2060,82,0.14414937,0.12058676,0.12954722
296,"Kiribati",2060,83,0.15859642,0.13330048,0.14284717
296,"Kiribati",2060,84,0.17438533,0.14673231,0.15692786
296,"Kiribati",2060,85,0.19149569,0.16100727,0.1719291
296,"Kiribati",2060,86,0.20989609,0.17634823,0.18801349
296,"Kiribati",2060,87,0.22947945,0.19293179,0.2052235
296,"Kiribati",2060,88,0.25014577,0.21094123,0.22369723
296,"Kiribati",2060,89,0.27182698,0.23039448,0.2434747
296,"Kiribati",2060,90,0.29446033,0.25121851,0.26456074
296,"Kiribati",2060,91,0.3180495,0.27325002,0.28681478
296,"Kiribati",2060,92,0.34253583,0.29618673,0.31000563
296,"Kiribati",2060,93,0.36788312,0.3198671,0.33386985
296,"Kiribati",2060,94,0.39404587,0.34417741,0.35824701
296,"Kiribati",2060,95,0.42095661,0.36914997,0.38323593
296,"Kiribati",2060,96,0.44898442,0.39556887,0.40947676
296,"Kiribati",2060,97,0.47756569,0.4228249,0.43644745
296,"Kiribati",2060,98,0.50649419,0.45088439,0.46418748
296,"Kiribati",2060,99,0.53548265,0.47954749,0.49235019
296,"Kiribati",2060,100,0.59059231,0.54159316,0.55175798
296,"Kiribati",2061,0,0.02884995,0.01575942,0.0224945
296,"Kiribati",2061,1,0.00251633,0.00164999,0.00209501
296,"Kiribati",2061,2,0.00194357,0.00121513,0.00158907
296,"Kiribati",2061,3,0.00151022,0.00090261,0.00121436
296,"Kiribati",2061,4,0.00118786,0.0006824,0.0009416
296,"Kiribati",2061,5,0.00095225,0.00053029,0.00074658
296,"Kiribati",2061,6,0.00078293,0.00042683,0.0006093
296,"Kiribati",2061,7,0.00066591,0.00035988,0.00051665
296,"Kiribati",2061,8,0.0005889,0.00031905,0.00045726
296,"Kiribati",2061,9,0.00054368,0.00029789,0.00042375
296,"Kiribati",2061,10,0.00052494,0.00029208,0.0004113
296,"Kiribati",2061,11,0.00052997,0.00029912,0.00041729
296,"Kiribati",2061,12,0.00055818,0.00031809,0.00044097
296,"Kiribati",2061,13,0.00061045,0.00034851,0.00048255
296,"Kiribati",2061,14,0.00068716,0.00038972,0.0005419
296,"Kiribati",2061,15,0.00078807,0.00044053,0.0006183
296,"Kiribati",2061,16,0.00090883,0.00049775,0.00070798
296,"Kiribati",2061,17,0.00104231,0.0005582,0.00080571
296,"Kiribati",2061,18,0.00117843,0.00061821,0.00090451
296,"Kiribati",2061,19,0.00130445,0.00067402,0.00099603
296,"Kiribati",2061,20,0.00141059,0.00072427,0.00107463
296,"Kiribati",2061,21,0.00148948,0.00076879,0.00113646
296,"Kiribati",2061,22,0.00153975,0.00080897,0.00118152
296,"Kiribati",2061,23,0.00156396,0.00084669,0.00121212
296,"Kiribati",2061,24,0.00156923,0.00088337,0.00123257
296,"Kiribati",2061,25,0.00156454,0.00092025,0.00124808
296,"Kiribati",2061,26,0.00156049,0.0009594,0.00126504
296,"Kiribati",2061,27,0.00156453,0.00100019,0.00128696
296,"Kiribati",2061,28,0.00158154,0.00104329,0.00131664
296,"Kiribati",2061,29,0.00161476,0.00108942,0.00135608
296,"Kiribati",2061,30,0.00166413,0.00113946,0.00140567
296,"Kiribati",2061,31,0.00173005,0.00119646,0.0014671
296,"Kiribati",2061,32,0.00180938,0.00125946,0.0015383
296,"Kiribati",2061,33,0.00190052,0.00132934,0.00161886
296,"Kiribati",2061,34,0.00200333,0.00140672,0.00170904
296,"Kiribati",2061,35,0.00211855,0.00149204,0.00180942
296,"Kiribati",2061,36,0.0022493,0.00158717,0.00192252
296,"Kiribati",2061,37,0.00239736,0.00169121,0.00204882
296,"Kiribati",2061,38,0.00256571,0.00180516,0.00219035
296,"Kiribati",2061,39,0.00275771,0.0019305,0.00234948
296,"Kiribati",2061,40,0.00297669,0.00206956,0.00252837
296,"Kiribati",2061,41,0.00322541,0.00222462,0.0027302
296,"Kiribati",2061,42,0.00350779,0.00239956,0.00295824
296,"Kiribati",2061,43,0.00382708,0.00259779,0.00321436
296,"Kiribati",2061,44,0.004186,0.00282201,0.00350278
296,"Kiribati",2061,45,0.00458671,0.00307433,0.00382585
296,"Kiribati",2061,46,0.00502693,0.00335125,0.00418068
296,"Kiribati",2061,47,0.00551165,0.00365743,0.00457084
296,"Kiribati",2061,48,0.00604373,0.00399354,0.00499718
296,"Kiribati",2061,49,0.00662759,0.00436032,0.00546194
296,"Kiribati",2061,50,0.00727027,0.0047593,0.00596857
296,"Kiribati",2061,51,0.00797218,0.00518188,0.00651285
296,"Kiribati",2061,52,0.00875164,0.00564064,0.00711503
296,"Kiribati",2061,53,0.00961962,0.00614063,0.00778731
296,"Kiribati",2061,54,0.01058508,0.00668932,0.00853657
296,"Kiribati",2061,55,0.01165418,0.00729707,0.00937475
296,"Kiribati",2061,56,0.01281481,0.00795852,0.01028976
296,"Kiribati",2061,57,0.0140818,0.00870332,0.01130019
296,"Kiribati",2061,58,0.01545816,0.00954614,0.01241358
296,"Kiribati",2061,59,0.01694974,0.0105014,0.01363772
296,"Kiribati",2061,60,0.01856701,0.01158253,0.01496786
296,"Kiribati",2061,61,0.02030431,0.01277603,0.01638455
296,"Kiribati",2061,62,0.02220022,0.01411495,0.01794653
296,"Kiribati",2061,63,0.0242784,0.01561447,0.01967808
296,"Kiribati",2061,64,0.02656473,0.01729563,0.02159082
296,"Kiribati",2061,65,0.0290868,0.01918807,0.02371388
296,"Kiribati",2061,66,0.0318496,0.02129787,0.02606838
296,"Kiribati",2061,67,0.0349042,0.02368857,0.02871008
296,"Kiribati",2061,68,0.038283,0.02639847,0.03166345
296,"Kiribati",2061,69,0.04201979,0.02945856,0.0349661
296,"Kiribati",2061,70,0.04615005,0.0328925,0.03865198
296,"Kiribati",2061,71,0.05069007,0.03668495,0.04269435
296,"Kiribati",2061,72,0.05569538,0.0408687,0.04714757
296,"Kiribati",2061,73,0.06120813,0.04546985,0.05207029
296,"Kiribati",2061,74,0.06727484,0.05053902,0.0574974
296,"Kiribati",2061,75,0.07394793,0.05617428,0.06349405
296,"Kiribati",2061,76,0.0812788,0.0624877,0.07015668
296,"Kiribati",2061,77,0.08934186,0.06962879,0.07760604
296,"Kiribati",2061,78,0.09821542,0.07772602,0.08592471
296,"Kiribati",2061,79,0.10799171,0.08684284,0.09522081
296,"Kiribati",2061,80,0.11877309,0.09698872,0.10551702
296,"Kiribati",2061,81,0.13068055,0.10809056,0.11681867
296,"Kiribati",2061,82,0.14381044,0.12001732,0.12905436
296,"Kiribati",2061,83,0.15823794,0.13269092,0.14225877
296,"Kiribati",2061,84,0.1740064,0.14608269,0.1564473
296,"Kiribati",2061,85,0.19109587,0.16031748,0.17145708
296,"Kiribati",2061,86,0.20947638,0.17561922,0.18749861
296,"Kiribati",2061,87,0.22904077,0.19216348,0.20469319
296,"Kiribati",2061,88,0.24968966,0.21013381,0.22310228
296,"Kiribati",2061,89,0.2713553,0.22954905,0.24278039
296,"Kiribati",2061,90,0.29397514,0.25033725,0.26371241
296,"Kiribati",2061,91,0.31755371,0.27233766,0.28586103
296,"Kiribati",2061,92,0.34203147,0.29524799,0.30895863
296,"Kiribati",2061,93,0.36737215,0.31890719,0.33287199
296,"Kiribati",2061,94,0.39353023,0.34320171,0.35736165
296,"Kiribati",2061,95,0.42043838,0.36816363,0.38236319
296,"Kiribati",2061,96,0.44847767,0.39459392,0.40866973
296,"Kiribati",2061,97,0.47707446,0.42186896,0.43565101
296,"Kiribati",2061,98,0.50602273,0.44995554,0.46330915
296,"Kiribati",2061,99,0.53503542,0.47865457,0.49154496
296,"Kiribati",2061,100,0.59021292,0.54073044,0.55099939
296,"Kiribati",2062,0,0.02846691,0.01544111,0.02214262
296,"Kiribati",2062,1,0.00247584,0.00160944,0.00205453
296,"Kiribati",2062,2,0.00191369,0.0011863,0.00155972
296,"Kiribati",2062,3,0.00148809,0.00088194,0.00119294
296,"Kiribati",2062,4,0.00117126,0.00066731,0.00092576
296,"Kiribati",2062,5,0.00093954,0.00051893,0.00073454
296,"Kiribati",2062,6,0.00077284,0.00041791,0.00059978
296,"Kiribati",2062,7,0.00065756,0.0003525,0.00050877
296,"Kiribati",2062,8,0.00058165,0.0003126,0.00045039
296,"Kiribati",2062,9,0.00053706,0.00029192,0.00041744
296,"Kiribati",2062,10,0.0005186,0.00028626,0.00040521
296,"Kiribati",2062,11,0.00052362,0.00029319,0.00041114
296,"Kiribati",2062,12,0.00055158,0.00031182,0.00043452
296,"Kiribati",2062,13,0.00060336,0.00034169,0.00047559
296,"Kiribati",2062,14,0.00067937,0.00038218,0.00053422
296,"Kiribati",2062,15,0.00077939,0.00043211,0.00060975
296,"Kiribati",2062,16,0.00089907,0.00048835,0.00069838
296,"Kiribati",2062,17,0.00103136,0.00054778,0.000795
296,"Kiribati",2062,18,0.00116624,0.00060678,0.00089268
296,"Kiribati",2062,19,0.00129104,0.00066168,0.00098313
296,"Kiribati",2062,20,0.0013961,0.00071113,0.00106076
296,"Kiribati",2062,21,0.00147412,0.00075496,0.0011218
296,"Kiribati",2062,22,0.00152381,0.00079454,0.00116628
296,"Kiribati",2062,23,0.00154775,0.00083174,0.00119645
296,"Kiribati",2062,24,0.00155299,0.00086794,0.00121666
296,"Kiribati",2062,25,0.00154842,0.00090438,0.00123204
296,"Kiribati",2062,26,0.00154455,0.00094306,0.00124888
296,"Kiribati",2062,27,0.00154871,0.00098339,0.00127064
296,"Kiribati",2062,28,0.0015657,0.00102599,0.00130006
296,"Kiribati",2062,29,0.00159877,0.00107158,0.00133915
296,"Kiribati",2062,30,0.00164781,0.00112103,0.00138827
296,"Kiribati",2062,31,0.00171328,0.0011774,0.00144914
296,"Kiribati",2062,32,0.00179205,0.00123972,0.00151971
296,"Kiribati",2062,33,0.00188253,0.00130887,0.00159959
296,"Kiribati",2062,34,0.0019846,0.00138547,0.001689
296,"Kiribati",2062,35,0.002099,0.00146995,0.00178854
296,"Kiribati",2062,36,0.00222888,0.00156419,0.00190074
296,"Kiribati",2062,37,0.00237596,0.00166727,0.00202601
296,"Kiribati",2062,38,0.00254327,0.00178019,0.00216643
296,"Kiribati",2062,39,0.00273414,0.00190442,0.00232442
296,"Kiribati",2062,40,0.00295189,0.00204229,0.00250274
296,"Kiribati",2062,41,0.00319929,0.00219605,0.00270316
296,"Kiribati",2062,42,0.00348027,0.0023696,0.00293032
296,"Kiribati",2062,43,0.00379806,0.00256632,0.00318682
296,"Kiribati",2062,44,0.00415539,0.00278891,0.00347376
296,"Kiribati",2062,45,0.00455441,0.00303944,0.00379493
296,"Kiribati",2062,46,0.00499277,0.00331434,0.0041476
296,"Kiribati",2062,47,0.00547544,0.00361827,0.00453661
296,"Kiribati",2062,48,0.0060053,0.00395185,0.00496228
296,"Kiribati",2062,49,0.00658672,0.00431584,0.00542616
296,"Kiribati",2062,50,0.00722677,0.00471178,0.00593211
296,"Kiribati",2062,51,0.00792575,0.00513106,0.00647495
296,"Kiribati",2062,52,0.00870211,0.00558639,0.0070701
296,"Kiribati",2062,53,0.00956687,0.00608285,0.00773092
296,"Kiribati",2062,54,0.01052898,0.00662786,0.00847049
296,"Kiribati",2062,55,0.01159459,0.00723169,0.00929565
296,"Kiribati",2062,56,0.01275132,0.00788866,0.01020147
296,"Kiribati",2062,57,0.01401405,0.00862831,0.01120644
296,"Kiribati",2062,58,0.01538572,0.00946516,0.012315
296,"Kiribati",2062,59,0.0168721,0.01041349,0.01353563
296,"Kiribati",2062,60,0.01848366,0.01148677,0.01487772
296,"Kiribati",2062,61,0.02021456,0.01267142,0.0163134
296,"Kiribati",2062,62,0.02210366,0.01400083,0.01786845
296,"Kiribati",2062,63,0.0241747,0.01549029,0.0195871
296,"Kiribati",2062,64,0.0264536,0.01716089,0.02149803
296,"Kiribati",2062,65,0.02896788,0.01904209,0.0236172
296,"Kiribati",2062,66,0.03172218,0.02113947,0.02595031
296,"Kiribati",2062,67,0.03476757,0.02351624,0.02857173
296,"Kiribati",2062,68,0.03813625,0.02621026,0.03151462
296,"Kiribati",2062,69,0.04186183,0.02925221,0.03479909
296,"Kiribati",2062,70,0.04597964,0.03266562,0.03845944
296,"Kiribati",2062,71,0.05050574,0.03643527,0.04249907
296,"Kiribati",2062,72,0.05549571,0.04059425,0.04693362
296,"Kiribati",2062,73,0.06099167,0.04516892,0.05180817
296,"Kiribati",2062,74,0.06704015,0.05020992,0.05719896
296,"Kiribati",2062,75,0.07369361,0.05581499,0.0631703
296,"Kiribati",2062,76,0.08100364,0.06209583,0.06979711
296,"Kiribati",2062,77,0.0890446,0.06920112,0.07720731
296,"Kiribati",2062,78,0.09789483,0.07725874,0.08550953
296,"Kiribati",2062,79,0.10764641,0.086332,0.09475422
296,"Kiribati",2062,80,0.11840155,0.09643054,0.10502124
296,"Kiribati",2062,81,0.13028132,0.10748256,0.11628731
296,"Kiribati",2062,82,0.14338144,0.11935741,0.12850732
296,"Kiribati",2062,83,0.15777692,0.13197761,0.14162655
296,"Kiribati",2062,84,0.17351113,0.14531481,0.15569819
296,"Kiribati",2062,85,0.19056442,0.15949354,0.17081342
296,"Kiribati",2062,86,0.208908,0.17473812,0.18685019
296,"Kiribati",2062,87,0.2284347,0.19122304,0.20397951
296,"Kiribati",2062,88,0.24904571,0.20913177,0.2223505
296,"Kiribati",2062,89,0.27067366,0.2284838,0.24193638
296,"Kiribati",2062,90,0.29325624,0.24920817,0.26273976
296,"Kiribati",2062,91,0.31679874,0.27114633,0.28470448
296,"Kiribati",2062,92,0.34124103,0.29399651,0.30766625
296,"Kiribati",2062,93,0.36654685,0.31759831,0.33145409
296,"Kiribati",2062,94,0.39267067,0.34183845,0.35596187
296,"Kiribati",2062,95,0.41954519,0.36674879,0.3810445
296,"Kiribati",2062,96,0.44756037,0.39314135,0.4073378
296,"Kiribati",2062,97,0.47613527,0.42038296,0.43434242
296,"Kiribati",2062,98,0.50506436,0.44844078,0.46196528
296,"Kiribati",2062,99,0.53406121,0.47711666,0.49007277
296,"Kiribati",2062,100,0.58927318,0.53917421,0.54956018
296,"Kiribati",2063,0,0.02809046,0.01511789,0.02179201
296,"Kiribati",2063,1,0.00243453,0.00156804,0.00201317
296,"Kiribati",2063,2,0.00188333,0.00115694,0.00152988
296,"Kiribati",2063,3,0.00146572,0.00086094,0.00117125
296,"Kiribati",2063,4,0.00115459,0.00065201,0.00090975
296,"Kiribati",2063,5,0.00092684,0.00050744,0.00072244
296,"Kiribati",2063,6,0.00076283,0.00040891,0.00059028
296,"Kiribati",2063,7,0.00064932,0.00034508,0.00050093
296,"Kiribati",2063,8,0.00057451,0.00030612,0.00044357
296,"Kiribati",2063,9,0.00053055,0.00028592,0.00041117
296,"Kiribati",2063,10,0.00051237,0.00028043,0.00039917
296,"Kiribati",2063,11,0.00051738,0.00028725,0.00040504
296,"Kiribati",2063,12,0.00054509,0.00030555,0.00042814
296,"Kiribati",2063,13,0.00059641,0.00033489,0.0004687
296,"Kiribati",2063,14,0.00067176,0.00037467,0.00052665
296,"Kiribati",2063,15,0.00077094,0.00042374,0.00060132
296,"Kiribati",2063,16,0.00088963,0.00047901,0.00068898
296,"Kiribati",2063,17,0.00102082,0.00053744,0.00078454
296,"Kiribati",2063,18,0.00115453,0.00059547,0.00088114
296,"Kiribati",2063,19,0.00127817,0.00064948,0.00097057
296,"Kiribati",2063,20,0.00138218,0.00069815,0.00104727
296,"Kiribati",2063,21,0.00145935,0.00074132,0.00110753
296,"Kiribati",2063,22,0.00150845,0.00078033,0.00115144
296,"Kiribati",2063,23,0.0015321,0.00081705,0.00118124
296,"Kiribati",2063,24,0.00153729,0.00085281,0.00120118
296,"Kiribati",2063,25,0.00153284,0.00088883,0.00121641
296,"Kiribati",2063,26,0.00152913,0.00092711,0.00123316
296,"Kiribati",2063,27,0.00153339,0.00096702,0.00125479
296,"Kiribati",2063,28,0.00155038,0.00100917,0.00128399
296,"Kiribati",2063,29,0.00158329,0.00105428,0.00132275
296,"Kiribati",2063,30,0.00163203,0.00110321,0.00137145
296,"Kiribati",2063,31,0.00169708,0.00115902,0.00143182
296,"Kiribati",2063,32,0.00177532,0.00122073,0.00150181
296,"Kiribati",2063,33,0.0018652,0.00128925,0.00158106
296,"Kiribati",2063,34,0.00196659,0.00136517,0.0016698
296,"Kiribati",2063,35,0.00208025,0.00144894,0.0017686
296,"Kiribati",2063,36,0.00220934,0.00154242,0.00188001
296,"Kiribati",2063,37,0.00235557,0.0016447,0.00200445
296,"Kiribati",2063,38,0.00252196,0.00175677,0.0021439
296,"Kiribati",2063,39,0.00271184,0.00188008,0.00230086
296,"Kiribati",2063,40,0.00292855,0.00201699,0.00247814
296,"Kiribati",2063,41,0.00317484,0.00216971,0.00267821
296,"Kiribati",2063,42,0.00345468,0.00234215,0.00290414
296,"Kiribati",2063,43,0.0037713,0.0025377,0.00316005
296,"Kiribati",2063,44,0.00412745,0.00275903,0.00344786
296,"Kiribati",2063,45,0.00452525,0.00300821,0.00376789
296,"Kiribati",2063,46,0.00496226,0.00328158,0.00411893
296,"Kiribati",2063,47,0.00544349,0.00358378,0.0045061
296,"Kiribati",2063,48,0.00597175,0.00391543,0.00493112
296,"Kiribati",2063,49,0.00655142,0.00427728,0.00539495
296,"Kiribati",2063,50,0.00718957,0.00467092,0.00590073
296,"Kiribati",2063,51,0.00788646,0.00508766,0.00644368
296,"Kiribati",2063,52,0.00866069,0.0055404,0.00703837
296,"Kiribati",2063,53,0.00952337,0.00603425,0.00769267
296,"Kiribati",2063,54,0.01048348,0.00657664,0.00842086
296,"Kiribati",2063,55,0.01154714,0.00717773,0.00923673
296,"Kiribati",2063,56,0.01270167,0.00783145,0.01012945
296,"Kiribati",2063,57,0.01396199,0.00856735,0.01112589
296,"Kiribati",2063,58,0.01533091,0.0093998,0.01223019
296,"Kiribati",2063,59,0.01681412,0.01034302,0.01344739
296,"Kiribati",2063,60,0.01842211,0.0114105,0.01478769
296,"Kiribati",2063,61,0.02014888,0.01258852,0.01623832
296,"Kiribati",2063,62,0.02203369,0.01391091,0.01781635
296,"Kiribati",2063,63,0.02410047,0.01539316,0.01953049
296,"Kiribati",2063,64,0.02637522,0.01705644,0.02143098
296,"Kiribati",2063,65,0.02888546,0.01893008,0.02355196
296,"Kiribati",2063,66,0.03163549,0.02101907,0.02588463
296,"Kiribati",2063,67,0.0346764,0.02338653,0.0284873
296,"Kiribati",2063,68,0.03804021,0.0260699,0.03141299
296,"Kiribati",2063,69,0.04176033,0.02909964,0.03469112
296,"Kiribati",2063,70,0.04587198,0.0324992,0.03833758
296,"Kiribati",2063,71,0.05039103,0.03625338,0.04235631
296,"Kiribati",2063,72,0.05537318,0.04039575,0.04679521
296,"Kiribati",2063,73,0.06086061,0.04495295,0.05165826
296,"Kiribati",2063,74,0.0669,0.04997581,0.05700707
296,"Kiribati",2063,75,0.07354399,0.05556189,0.06295012
296,"Kiribati",2063,76,0.08084455,0.06182281,0.06956182
296,"Kiribati",2063,77,0.08887618,0.06890668,0.07694699
296,"Kiribati",2063,78,0.09771743,0.07694108,0.08522242
296,"Kiribati",2063,79,0.10746048,0.08598932,0.09446587
296,"Kiribati",2063,80,0.11820751,0.0960613,0.10469755
296,"Kiribati",2063,81,0.13007983,0.10708647,0.11595422
296,"Kiribati",2063,82,0.14317264,0.11893429,0.12816036
296,"Kiribati",2063,83,0.1575609,0.13152772,0.14128984
296,"Kiribati",2063,84,0.17328804,0.14483872,0.15529895
296,"Kiribati",2063,85,0.19033483,0.15899178,0.17031796
296,"Kiribati",2063,86,0.20867367,0.17421231,0.18650713
296,"Kiribati",2063,87,0.22819739,0.19067398,0.20366824
296,"Kiribati",2063,88,0.24880771,0.20856058,0.22200749
296,"Kiribati",2063,89,0.27043749,0.22789238,0.24159451
296,"Kiribati",2063,90,0.29302451,0.24859933,0.26234656
296,"Kiribati",2063,91,0.31657468,0.27052504,0.28422881
296,"Kiribati",2063,92,0.34102705,0.29336749,0.30705514
296,"Kiribati",2063,93,0.36634524,0.31696657,0.33075951
296,"Kiribati",2063,94,0.39248366,0.34120908,0.35519627
296,"Kiribati",2063,95,0.41937507,0.36612675,0.38035747
296,"Kiribati",2063,96,0.44741883,0.39254796,0.40681094
296,"Kiribati",2063,97,0.47602602,0.41982566,0.43387272
296,"Kiribati",2063,98,0.50499115,0.44792735,0.46159229
296,"Kiribati",2063,99,0.53402771,0.47665544,0.4897414
296,"Kiribati",2063,100,0.58931906,0.53874523,0.54919393
296,"Kiribati",2064,0,0.02765201,0.01476716,0.02139602
296,"Kiribati",2064,1,0.00238761,0.00152408,0.00196769
296,"Kiribati",2064,2,0.00184873,0.00112564,0.00149688
296,"Kiribati",2064,3,0.00144012,0.00083848,0.00114721
296,"Kiribati",2064,4,0.00113543,0.0006356,0.00089195
296,"Kiribati",2064,5,0.0009122,0.00049508,0.00070891
296,"Kiribati",2064,6,0.00075125,0.00039921,0.00057962
296,"Kiribati",2064,7,0.00063976,0.00033705,0.00049212
296,"Kiribati",2064,8,0.00056622,0.0002991,0.0004359
296,"Kiribati",2064,9,0.00052299,0.00027943,0.00040413
296,"Kiribati",2064,10,0.00050514,0.00027411,0.00039237
296,"Kiribati",2064,11,0.00051014,0.00028081,0.00039818
296,"Kiribati",2064,12,0.00053756,0.00029875,0.00042096
296,"Kiribati",2064,13,0.00058833,0.00032751,0.00046096
296,"Kiribati",2064,14,0.00066289,0.0003665,0.00051812
296,"Kiribati",2064,15,0.00076107,0.00041463,0.00059182
296,"Kiribati",2064,16,0.00087857,0.00046885,0.00067835
296,"Kiribati",2064,17,0.00100843,0.00052619,0.0007727
296,"Kiribati",2064,18,0.00114076,0.00058315,0.00086806
296,"Kiribati",2064,19,0.00126305,0.00063618,0.00095631
296,"Kiribati",2064,20,0.00136583,0.000684,0.00103199
296,"Kiribati",2064,21,0.00144202,0.00072642,0.00109138
296,"Kiribati",2064,22,0.00149047,0.00076481,0.00113462
296,"Kiribati",2064,23,0.00151381,0.00080097,0.00116399
296,"Kiribati",2064,24,0.00151896,0.00083623,0.00118368
296,"Kiribati",2064,25,0.00151464,0.00087179,0.00119871
296,"Kiribati",2064,26,0.00151112,0.0009096,0.00121534
296,"Kiribati",2064,27,0.00151551,0.00094902,0.00123681
296,"Kiribati",2064,28,0.00153249,0.00099065,0.00126577
296,"Kiribati",2064,29,0.00156521,0.0010352,0.00130417
296,"Kiribati",2064,30,0.0016136,0.00108353,0.00135238
296,"Kiribati",2064,31,0.00167816,0.00113869,0.00141218
296,"Kiribati",2064,32,0.00175578,0.00119971,0.00148149
296,"Kiribati",2064,33,0.00184495,0.00126748,0.00155999
296,"Kiribati",2064,34,0.00194555,0.0013426,0.00164793
296,"Kiribati",2064,35,0.00205834,0.00142552,0.00174589
296,"Kiribati",2064,36,0.0021865,0.0015181,0.00185637
296,"Kiribati",2064,37,0.00233172,0.00161943,0.0019798
296,"Kiribati",2064,38,0.002497,0.00173046,0.00211817
296,"Kiribati",2064,39,0.00268569,0.00185268,0.00227389
296,"Kiribati",2064,40,0.00290112,0.0019884,0.00244987
296,"Kiribati",2064,41,0.00314606,0.00213986,0.00264859
296,"Kiribati",2064,42,0.00342447,0.00231095,0.00287392
296,"Kiribati",2064,43,0.00373961,0.00250506,0.00312825
296,"Kiribati",2064,44,0.00409423,0.00272484,0.00341518
296,"Kiribati",2064,45,0.00449043,0.00297234,0.00373589
296,"Kiribati",2064,46,0.00492569,0.00324381,0.00408527
296,"Kiribati",2064,47,0.00540501,0.00354388,0.00447021
296,"Kiribati",2064,48,0.00593119,0.00387315,0.00489272
296,"Kiribati",2064,49,0.00650858,0.00423235,0.00535531
296,"Kiribati",2064,50,0.00714427,0.00462313,0.00586054
296,"Kiribati",2064,51,0.00783843,0.00503674,0.00640275
296,"Kiribati",2064,52,0.00860985,0.00548626,0.00699717
296,"Kiribati",2064,53,0.0094697,0.00597686,0.0076506
296,"Kiribati",2064,54,0.010427,0.00651593,0.00837107
296,"Kiribati",2064,55,0.01148784,0.00711352,0.00917363
296,"Kiribati",2064,56,0.01263919,0.00776318,0.01005499
296,"Kiribati",2064,57,0.01389605,0.00849438,0.01103587
296,"Kiribati",2064,58,0.01526107,0.00932131,0.0121296
296,"Kiribati",2064,59,0.01673989,0.01025811,0.01334082
296,"Kiribati",2064,60,0.01834299,0.0113183,0.01467594
296,"Kiribati",2064,61,0.02006417,0.01248805,0.01612285
296,"Kiribati",2064,62,0.02194312,0.01380166,0.01771553
296,"Kiribati",2064,63,0.02400392,0.01527483,0.01945291
296,"Kiribati",2064,64,0.02627268,0.01692881,0.021347
296,"Kiribati",2064,65,0.02877689,0.01879279,0.02345502
296,"Kiribati",2064,66,0.03152041,0.02087115,0.02578717
296,"Kiribati",2064,67,0.03455439,0.02322675,0.0283866
296,"Kiribati",2064,68,0.03791062,0.02589657,0.03128893
296,"Kiribati",2064,69,0.04162233,0.02891077,0.03454488
296,"Kiribati",2064,70,0.04572455,0.03229267,0.03818028
296,"Kiribati",2064,71,0.05023292,0.03602717,0.0421796
296,"Kiribati",2064,72,0.05520325,0.04014831,0.04659166
296,"Kiribati",2064,73,0.0606778,0.04468309,0.05145468
296,"Kiribati",2064,74,0.06670331,0.04968251,0.05678639
296,"Kiribati",2064,75,0.07333263,0.05524393,0.0626793
296,"Kiribati",2064,76,0.08061804,0.06147877,0.06925503
296,"Kiribati",2064,77,0.08863416,0.06853445,0.07661747
296,"Kiribati",2064,78,0.09745972,0.07653811,0.08485923
296,"Kiribati",2064,79,0.10718691,0.08555307,0.09406659
296,"Kiribati",2064,80,0.11791781,0.09558943,0.10428795
296,"Kiribati",2064,81,0.12977401,0.10657807,0.115499
296,"Kiribati",2064,82,0.14285,0.11838867,0.12768555
296,"Kiribati",2064,83,0.15722066,0.13094474,0.1407906
296,"Kiribati",2064,84,0.1729295,0.1442186,0.15480153
296,"Kiribati",2064,85,0.18995771,0.15833462,0.16974204
296,"Kiribati",2064,86,0.20827911,0.17351923,0.18581626
296,"Kiribati",2064,87,0.22778652,0.18994525,0.20313325
296,"Kiribati",2064,88,0.2483823,0.20779684,0.22149371
296,"Kiribati",2064,89,0.2699996,0.22709518,0.24103357
296,"Kiribati",2064,90,0.29257636,0.2477714,0.26177385
296,"Kiribati",2064,91,0.31611925,0.2696715,0.28359242
296,"Kiribati",2064,92,0.3405664,0.29249348,0.30632413
296,"Kiribati",2064,93,0.36588138,0.31607766,0.32988056
296,"Kiribati",2064,94,0.39201858,0.34031096,0.3542229
296,"Kiribati",2064,95,0.41891089,0.3652249,0.37930319
296,"Kiribati",2064,96,0.44696881,0.39166339,0.40584498
296,"Kiribati",2064,97,0.47559414,0.41896615,0.4330638
296,"Kiribati",2064,98,0.5045816,0.44710115,0.46083679
296,"Kiribati",2064,99,0.53364473,0.47587149,0.48907902
296,"Kiribati",2064,100,0.58900649,0.53800478,0.54853088
296,"Kiribati",2065,0,0.02722775,0.01444979,0.02102377
296,"Kiribati",2065,1,0.00234175,0.00148343,0.00192437
296,"Kiribati",2065,2,0.00181493,0.00109671,0.00146546
296,"Kiribati",2065,3,0.00141514,0.00081774,0.00112429
296,"Kiribati",2065,4,0.00111675,0.00062044,0.00087501
296,"Kiribati",2065,5,0.00089793,0.00048368,0.00069605
296,"Kiribati",2065,6,0.00073998,0.00039025,0.00056947
296,"Kiribati",2065,7,0.00063045,0.00032964,0.00048375
296,"Kiribati",2065,8,0.00055816,0.00029261,0.00042861
296,"Kiribati",2065,9,0.00051564,0.00027343,0.00039744
296,"Kiribati",2065,10,0.0004981,0.00026826,0.00038591
296,"Kiribati",2065,11,0.00050309,0.00027485,0.00039165
296,"Kiribati",2065,12,0.00053022,0.00029244,0.00041411
296,"Kiribati",2065,13,0.00058046,0.00032065,0.00045358
296,"Kiribati",2065,14,0.00065426,0.00035892,0.00051
296,"Kiribati",2065,15,0.00075147,0.00040617,0.00058277
296,"Kiribati",2065,16,0.00086782,0.0004594,0.00066822
296,"Kiribati",2065,17,0.0009964,0.00051571,0.00076141
296,"Kiribati",2065,18,0.00112738,0.00057166,0.0008556
296,"Kiribati",2065,19,0.00124835,0.00062378,0.00094272
296,"Kiribati",2065,20,0.00134995,0.00067079,0.00101739
296,"Kiribati",2065,21,0.00142518,0.00071251,0.00107596
296,"Kiribati",2065,22,0.00147298,0.00075031,0.00111858
296,"Kiribati",2065,23,0.00149599,0.00078594,0.00114751
296,"Kiribati",2065,24,0.0015011,0.00082074,0.00116694
296,"Kiribati",2065,25,0.00149691,0.00085584,0.00118183
296,"Kiribati",2065,26,0.00149357,0.0008932,0.0011983
296,"Kiribati",2065,27,0.00149808,0.00093215,0.0012196
296,"Kiribati",2065,28,0.00151505,0.0009733,0.00124834
296,"Kiribati",2065,29,0.00154758,0.00101732,0.0012864
296,"Kiribati",2065,30,0.00159562,0.00106507,0.00133415
296,"Kiribati",2065,31,0.00165969,0.0011196,0.00139338
296,"Kiribati",2065,32,0.00173672,0.00117995,0.00146205
296,"Kiribati",2065,33,0.00182518,0.00124701,0.00153983
296,"Kiribati",2065,34,0.00192502,0.00132136,0.00162698
296,"Kiribati",2065,35,0.00203696,0.00140347,0.0017241
296,"Kiribati",2065,36,0.00216421,0.00149519,0.0018337
296,"Kiribati",2065,37,0.00230843,0.00159559,0.00195616
296,"Kiribati",2065,38,0.00247265,0.00170563,0.00209348
296,"Kiribati",2065,39,0.00266018,0.00182679,0.00224808
296,"Kiribati",2065,40,0.00287438,0.00196138,0.00242277
296,"Kiribati",2065,41,0.003118,0.0021116,0.00262012
296,"Kiribati",2065,42,0.00339504,0.00228138,0.00284408
296,"Kiribati",2065,43,0.00370878,0.00247409,0.00309788
296,"Kiribati",2065,44,0.00406193,0.00269236,0.00338319
296,"Kiribati",2065,45,0.00445662,0.00293821,0.00370304
296,"Kiribati",2065,46,0.00489022,0.00320782,0.00405325
296,"Kiribati",2065,47,0.00536774,0.00350581,0.00443643
296,"Kiribati",2065,48,0.00589195,0.00383275,0.00485655
296,"Kiribati",2065,49,0.00646719,0.00418938,0.00531647
296,"Kiribati",2065,50,0.00710055,0.00457736,0.00582051
296,"Kiribati",2065,51,0.00779213,0.00498793,0.00636226
296,"Kiribati",2065,52,0.0085609,0.0054343,0.00695624
296,"Kiribati",2065,53,0.00941811,0.0059217,0.00760987
296,"Kiribati",2065,54,0.01037281,0.00645749,0.00832985
296,"Kiribati",2065,55,0.01143107,0.0070516,0.00912413
296,"Kiribati",2065,56,0.01257952,0.00769724,0.00999064
296,"Kiribati",2065,57,0.0138332,0.0084238,0.01095904
296,"Kiribati",2065,58,0.01519465,0.00924533,0.01203569
296,"Kiribati",2065,59,0.01666941,0.01017585,0.01323547
296,"Kiribati",2065,60,0.01826796,0.01122893,0.01456431
296,"Kiribati",2065,61,0.01998393,0.01239062,0.01600567
296,"Kiribati",2065,62,0.02185742,0.01369562,0.01759484
296,"Kiribati",2065,63,0.02391271,0.01515982,0.01934861
296,"Kiribati",2065,64,0.02617599,0.0168045,0.02126831
296,"Kiribati",2065,65,0.02867475,0.01865872,0.02336994
296,"Kiribati",2065,66,0.03141241,0.02072628,0.02568813
296,"Kiribati",2065,67,0.03444019,0.02306982,0.02828682
296,"Kiribati",2065,68,0.03778966,0.02572589,0.03118516
296,"Kiribati",2065,69,0.04149383,0.02872434,0.03441558
296,"Kiribati",2065,70,0.04558758,0.0320884,0.03802673
296,"Kiribati",2065,71,0.05008633,0.03580303,0.04201371
296,"Kiribati",2065,72,0.05504602,0.0399027,0.04640499
296,"Kiribati",2065,73,0.06050895,0.04441468,0.05123959
296,"Kiribati",2065,74,0.066522,0.0493901,0.05657163
296,"Kiribati",2065,75,0.07313819,0.05492604,0.06244643
296,"Kiribati",2065,76,0.08041017,0.06113369,0.0689687
296,"Kiribati",2065,77,0.08841269,0.06815977,0.07629262
296,"Kiribati",2065,78,0.09722468,0.07613094,0.0845096
296,"Kiribati",2065,79,0.10693838,0.08511045,0.09368066
296,"Kiribati",2065,80,0.1176558,0.09510864,0.10386311
296,"Kiribati",2065,81,0.12949877,0.1060577,0.11506257
296,"Kiribati",2065,82,0.14256116,0.11782759,0.12720013
296,"Kiribati",2065,83,0.15691776,0.13034235,0.14028362
296,"Kiribati",2065,84,0.17261215,0.14357462,0.15426803
296,"Kiribati",2065,85,0.18962597,0.15764861,0.1692109
296,"Kiribati",2065,86,0.20793443,0.17279153,0.18519944
296,"Kiribati",2065,87,0.22743035,0.18917524,0.20239083
296,"Kiribati",2065,88,0.24801669,0.20698405,0.2209179
296,"Kiribati",2065,89,0.26962689,0.22623993,0.24047552
296,"Kiribati",2065,90,0.29219901,0.246875,0.26116067
296,"Kiribati",2065,91,0.31574046,0.26873755,0.28296215
296,"Kiribati",2065,92,0.34018844,0.29152572,0.3056225
296,"Kiribati",2065,93,0.36550646,0.31508034,0.32907546
296,"Kiribati",2065,94,0.39164885,0.3392885,0.35325883
296,"Kiribati",2065,95,0.41854863,0.36418152,0.37823436
296,"Kiribati",2065,96,0.44662726,0.39061772,0.40470024
296,"Kiribati",2065,97,0.47527738,0.41792455,0.43200056
296,"Kiribati",2065,98,0.50429385,0.44607039,0.45992115
296,"Kiribati",2065,99,0.53339021,0.47485913,0.48820501
296,"Kiribati",2065,100,0.58882692,0.53700524,0.54769996
296,"Kiribati",2066,0,0.02680858,0.01413979,0.02065805
296,"Kiribati",2066,1,0.00229617,0.00144361,0.0018816
296,"Kiribati",2066,2,0.00178134,0.00106836,0.00143442
296,"Kiribati",2066,3,0.0013903,0.00079739,0.00110164
296,"Kiribati",2066,4,0.00109818,0.00060556,0.00085824
296,"Kiribati",2066,5,0.00088375,0.00047246,0.00068334
296,"Kiribati",2066,6,0.00072877,0.00038144,0.00055945
296,"Kiribati",2066,7,0.0006212,0.00032234,0.00047545
296,"Kiribati",2066,8,0.00055014,0.00028623,0.0004214
296,"Kiribati",2066,9,0.00050833,0.00026751,0.00039081
296,"Kiribati",2066,10,0.00049109,0.00026249,0.0003795
296,"Kiribati",2066,11,0.00049606,0.00026896,0.00038518
296,"Kiribati",2066,12,0.00052291,0.00028621,0.00040732
296,"Kiribati",2066,13,0.00057262,0.00031387,0.00044625
296,"Kiribati",2066,14,0.00064566,0.00035142,0.00050192
296,"Kiribati",2066,15,0.0007419,0.00039779,0.00057377
296,"Kiribati",2066,16,0.00085709,0.00045003,0.00065816
296,"Kiribati",2066,17,0.0009844,0.00050532,0.00075019
296,"Kiribati",2066,18,0.00111404,0.00056028,0.0008432
296,"Kiribati",2066,19,0.00123369,0.00061148,0.00092921
296,"Kiribati",2066,20,0.00133409,0.00065768,0.00100286
296,"Kiribati",2066,21,0.00140836,0.00069871,0.00106059
296,"Kiribati",2066,22,0.00145549,0.0007359,0.00110259
296,"Kiribati",2066,23,0.00147818,0.00077101,0.00113109
296,"Kiribati",2066,24,0.00148323,0.00080532,0.00115024
296,"Kiribati",2066,25,0.00147916,0.00083997,0.00116497
296,"Kiribati",2066,26,0.001476,0.00087687,0.00118131
296,"Kiribati",2066,27,0.00148061,0.00091536,0.00120241
296,"Kiribati",2066,28,0.00149756,0.000956,0.00123089
296,"Kiribati",2066,29,0.0015299,0.00099947,0.00126861
296,"Kiribati",2066,30,0.00157758,0.00104663,0.0013159
296,"Kiribati",2066,31,0.00164115,0.00110053,0.00137457
296,"Kiribati",2066,32,0.00171756,0.0011602,0.00144258
296,"Kiribati",2066,33,0.00180532,0.00122652,0.00151963
296,"Kiribati",2066,34,0.00190436,0.00130009,0.00160597
296,"Kiribati",2066,35,0.00201545,0.00138136,0.00170222
296,"Kiribati",2066,36,0.00214177,0.00147219,0.0018109
296,"Kiribati",2066,37,0.00228499,0.00157163,0.00193239
296,"Kiribati",2066,38,0.0024481,0.00168066,0.00206863
296,"Kiribati",2066,39,0.00263446,0.00180072,0.00222207
296,"Kiribati",2066,40,0.00284739,0.00193413,0.00239552
296,"Kiribati",2066,41,0.00308968,0.00208309,0.00259146
296,"Kiribati",2066,42,0.00336532,0.0022515,0.00281393
296,"Kiribati",2066,43,0.0036776,0.00244275,0.00306624
296,"Kiribati",2066,44,0.00402926,0.00265944,0.00335099
296,"Kiribati",2066,45,0.0044224,0.00290358,0.00366906
296,"Kiribati",2066,46,0.00485429,0.00317125,0.00401825
296,"Kiribati",2066,47,0.00532997,0.00346707,0.00440229
296,"Kiribati",2066,48,0.00585216,0.00379158,0.00482038
296,"Kiribati",2066,49,0.00642517,0.00414552,0.00527758
296,"Kiribati",2066,50,0.00705614,0.00453059,0.00577862
296,"Kiribati",2066,51,0.00774505,0.004938,0.006319
296,"Kiribati",2066,52,0.0085111,0.00538109,0.00691263
296,"Kiribati",2066,53,0.00936559,0.00586513,0.00756599
296,"Kiribati",2066,54,0.01031761,0.00639747,0.00828641
296,"Kiribati",2066,55,0.0113732,0.00698793,0.00908026
296,"Kiribati",2066,56,0.01251865,0.00762935,0.00993723
296,"Kiribati",2066,57,0.01376906,0.00835107,0.01088884
296,"Kiribati",2066,58,0.0151268,0.00916693,0.01195135
296,"Kiribati",2066,59,0.01659735,0.0100909,0.01313205
296,"Kiribati",2066,60,0.0181912,0.01113653,0.01444815
296,"Kiribati",2066,61,0.01990178,0.01228981,0.01588225
296,"Kiribati",2066,62,0.02176964,0.01358582,0.01746534
296,"Kiribati",2066,63,0.02381922,0.0150406,0.01921535
296,"Kiribati",2066,64,0.02607683,0.01667551,0.02115272
296,"Kiribati",2066,65,0.02856992,0.01851943,0.02328169
296,"Kiribati",2066,66,0.03130151,0.02057562,0.02559233
296,"Kiribati",2066,67,0.03432286,0.02290644,0.02817523
296,"Kiribati",2066,68,0.0376653,0.025548,0.03107152
296,"Kiribati",2066,69,0.04136163,0.02852985,0.03429613
296,"Kiribati",2066,70,0.04544659,0.03187509,0.03787849
296,"Kiribati",2066,71,0.04993536,0.03556879,0.04183806
296,"Kiribati",2066,72,0.05488399,0.03964581,0.04621488
296,"Kiribati",2066,73,0.06033484,0.04413369,0.05102619
296,"Kiribati",2066,74,0.06633492,0.04908367,0.05632686
296,"Kiribati",2066,75,0.07293743,0.05459256,0.06220085
296,"Kiribati",2066,76,0.08019538,0.06077127,0.06870222
296,"Kiribati",2066,77,0.08818368,0.06776575,0.07596728
296,"Kiribati",2066,78,0.09698143,0.07570217,0.08414134
296,"Kiribati",2066,79,0.10668092,0.08464371,0.09328374
296,"Kiribati",2066,80,0.1173841,0.09460091,0.10342542
296,"Kiribati",2066,81,0.129213,0.10550729,0.11458186
296,"Kiribati",2066,82,0.14226086,0.11723311,0.12670458
296,"Kiribati",2066,83,0.15660239,0.12970299,0.13973355
296,"Kiribati",2066,84,0.17228121,0.14288991,0.15369291
296,"Kiribati",2066,85,0.18927944,0.15691784,0.16860545
296,"Kiribati",2066,86,0.20757365,0.1720147,0.18459623
296,"Kiribati",2066,87,0.2270567,0.18835138,0.20169202
296,"Kiribati",2066,88,0.24763217,0.20611231,0.22008241
296,"Kiribati",2066,89,0.26923381,0.22532022,0.23981466
296,"Kiribati",2066,90,0.29179979,0.24590828,0.2605138
296,"Kiribati",2066,91,0.31533817,0.26772707,0.28225487
296,"Kiribati",2066,92,0.33978531,0.29047499,0.30489443
296,"Kiribati",2066,93,0.36510458,0.31399338,0.32827113
296,"Kiribati",2066,94,0.3912503,0.33816957,0.35234535
296,"Kiribati",2066,95,0.41815563,0.36303466,0.37715461
296,"Kiribati",2066,96,0.44625262,0.3894606,0.40352465
296,"Kiribati",2066,97,0.4749251,0.41676322,0.43074765
296,"Kiribati",2066,98,0.50396811,0.44491133,0.45875011
296,"Kiribati",2066,99,0.53309514,0.47370964,0.48718013
296,"Kiribati",2066,100,0.58860559,0.53586453,0.54672547
296,"Kiribati",2067,0,0.02639799,0.0138181,0.02029077
296,"Kiribati",2067,1,0.00225117,0.0014029,0.00183871
296,"Kiribati",2067,2,0.00174818,0.00103932,0.00140327
296,"Kiribati",2067,3,0.00136579,0.00077651,0.0010789
296,"Kiribati",2067,4,0.00107986,0.00059027,0.00084139
296,"Kiribati",2067,5,0.00086976,0.00046092,0.00067054
296,"Kiribati",2067,6,0.00071773,0.00037236,0.00054938
296,"Kiribati",2067,7,0.00061209,0.00031482,0.00046712
296,"Kiribati",2067,8,0.00054224,0.00027964,0.00041414
296,"Kiribati",2067,9,0.00050111,0.00026141,0.00038415
296,"Kiribati",2067,10,0.00048418,0.00025654,0.00037307
296,"Kiribati",2067,11,0.00048914,0.00026289,0.00037867
296,"Kiribati",2067,12,0.0005157,0.00027979,0.00040049
296,"Kiribati",2067,13,0.00056488,0.0003069,0.00043887
296,"Kiribati",2067,14,0.00063716,0.00034369,0.0004938
296,"Kiribati",2067,15,0.00073245,0.00038917,0.00056472
296,"Kiribati",2067,16,0.00084651,0.0004404,0.00064803
296,"Kiribati",2067,17,0.00097256,0.00049464,0.0007389
296,"Kiribati",2067,18,0.00110088,0.00054857,0.00083073
296,"Kiribati",2067,19,0.00121922,0.00059882,0.00091561
296,"Kiribati",2067,20,0.00131844,0.00064419,0.00098826
296,"Kiribati",2067,21,0.00139174,0.0006845,0.00104514
296,"Kiribati",2067,22,0.00143822,0.00072108,0.00108649
296,"Kiribati",2067,23,0.00146057,0.00075565,0.00111457
296,"Kiribati",2067,24,0.00146556,0.00078947,0.00113345
296,"Kiribati",2067,25,0.0014616,0.00082364,0.00114798
296,"Kiribati",2067,26,0.0014586,0.00086007,0.00116418
296,"Kiribati",2067,27,0.00146331,0.00089807,0.00118509
296,"Kiribati",2067,28,0.00148023,0.00093819,0.00121328
296,"Kiribati",2067,29,0.00151238,0.0009811,0.00125061
296,"Kiribati",2067,30,0.00155969,0.00102766,0.00129744
296,"Kiribati",2067,31,0.00162277,0.0010809,0.00135555
296,"Kiribati",2067,32,0.00169856,0.00113985,0.0014229
296,"Kiribati",2067,33,0.00178561,0.00120542,0.0014992
296,"Kiribati",2067,34,0.00188386,0.00127818,0.00158474
296,"Kiribati",2067,35,0.00199408,0.00135859,0.0016801
296,"Kiribati",2067,36,0.00211947,0.00144849,0.00178784
296,"Kiribati",2067,37,0.00226169,0.00154695,0.00190832
296,"Kiribati",2067,38,0.00242371,0.00165492,0.0020435
296,"Kiribati",2067,39,0.00260888,0.00177385,0.00219576
296,"Kiribati",2067,40,0.00282056,0.00190605,0.00236795
296,"Kiribati",2067,41,0.00306151,0.00205371,0.00256255
296,"Kiribati",2067,42,0.00333575,0.00222074,0.0027835
296,"Kiribati",2067,43,0.0036466,0.0024105,0.00303424
296,"Kiribati",2067,44,0.00399678,0.00262561,0.0033174
296,"Kiribati",2067,45,0.00438837,0.00286802,0.00363493
296,"Kiribati",2067,46,0.00481858,0.00313374,0.00398214
296,"Kiribati",2067,47,0.00529244,0.00342738,0.00436506
296,"Kiribati",2067,48,0.00581262,0.00374942,0.00478408
296,"Kiribati",2067,49,0.00638342,0.00410063,0.00523902
296,"Kiribati",2067,50,0.00701201,0.00448272,0.0057371
296,"Kiribati",2067,51,0.0076983,0.0048869,0.00627418
296,"Kiribati",2067,52,0.00846165,0.00532667,0.00686652
296,"Kiribati",2067,53,0.00931345,0.00580734,0.00751983
296,"Kiribati",2067,54,0.01026284,0.00633624,0.00824032
296,"Kiribati",2067,55,0.0113158,0.00692306,0.00903494
296,"Kiribati",2067,56,0.01245833,0.00756028,0.00989133
296,"Kiribati",2067,57,0.01370552,0.00827714,0.01083219
296,"Kiribati",2067,58,0.01505964,0.00908729,0.01187589
296,"Kiribati",2067,59,0.01652603,0.01000459,0.01304082
296,"Kiribati",2067,60,0.01811523,0.01104264,0.01433598
296,"Kiribati",2067,61,0.0198205,0.01218738,0.01575604
296,"Kiribati",2067,62,0.02168281,0.01347431,0.01733151
296,"Kiribati",2067,63,0.02372677,0.01491971,0.01907537
296,"Kiribati",2067,64,0.02597881,0.01654501,0.02100924
296,"Kiribati",2067,65,0.02846637,0.01837895,0.0231577
296,"Kiribati",2067,66,0.03119207,0.02042422,0.02549772
296,"Kiribati",2067,67,0.03420717,0.02274286,0.02807248
296,"Kiribati",2067,68,0.03754278,0.02537049,0.03095155
296,"Kiribati",2067,69,0.04123151,0.02833633,0.03417343
296,"Kiribati",2067,70,0.04530791,0.03166334,0.03774903
296,"Kiribati",2067,71,0.04978694,0.03533674,0.04167756
296,"Kiribati",2067,72,0.05472479,0.03939185,0.04602524
296,"Kiribati",2067,73,0.06016387,0.04385657,0.05082159
296,"Kiribati",2067,74,0.06615131,0.04878236,0.05609822
296,"Kiribati",2067,75,0.07274051,0.05426578,0.0619397
296,"Kiribati",2067,76,0.07998486,0.06041756,0.06844149
296,"Kiribati",2067,77,0.08795941,0.06738292,0.07568531
296,"Kiribati",2067,78,0.09674348,0.0752876,0.08379848
296,"Kiribati",2067,79,0.10642939,0.08419475,0.09289746
296,"Kiribati",2067,80,0.11711906,0.09411514,0.10301114
296,"Kiribati",2067,81,0.1289347,0.10498361,0.11412816
296,"Kiribati",2067,82,0.14196892,0.11667077,0.12620907
296,"Kiribati",2067,83,0.15629635,0.12910176,0.13922696
296,"Kiribati",2067,84,0.17196067,0.14224992,0.15313314
296,"Kiribati",2067,85,0.18894446,0.15623914,0.16802541
296,"Kiribati",2067,86,0.20722567,0.17129819,0.18399204
296,"Kiribati",2067,87,0.22669718,0.18759725,0.20109943
296,"Kiribati",2067,88,0.24726324,0.20532116,0.21939661
296,"Kiribati",2067,89,0.26885784,0.2244936,0.23899608
296,"Kiribati",2067,90,0.29141929,0.24504897,0.25989118
296,"Kiribati",2067,91,0.31495629,0.26684014,0.28166174
296,"Kiribati",2067,92,0.33940428,0.2895657,0.3042559
296,"Kiribati",2067,93,0.36472655,0.31306743,0.32763036
296,"Kiribati",2067,94,0.39087738,0.33723274,0.35164716
296,"Kiribati",2067,95,0.41779007,0.36209252,0.37636666
296,"Kiribati",2067,96,0.44590698,0.38853259,0.40260431
296,"Kiribati",2067,97,0.4746034,0.41585701,0.42975852
296,"Kiribati",2067,98,0.5036745,0.44403501,0.45771456
296,"Kiribati",2067,99,0.5328337,0.47287206,0.48625914
296,"Kiribati",2067,100,0.5884192,0.53507667,0.54601337
296,"Kiribati",2068,0,0.0259825,0.01351876,0.01993248
296,"Kiribati",2068,1,0.00220562,0.00136438,0.00179661
296,"Kiribati",2068,2,0.00171456,0.00101183,0.00137266
296,"Kiribati",2068,3,0.00134091,0.00075673,0.00105651
296,"Kiribati",2068,4,0.00106125,0.00057578,0.00082479
296,"Kiribati",2068,5,0.00085553,0.00044998,0.00065791
296,"Kiribati",2068,6,0.00070648,0.00036375,0.00053941
296,"Kiribati",2068,7,0.00060279,0.00030768,0.00045889
296,"Kiribati",2068,8,0.00053418,0.00027338,0.00040696
296,"Kiribati",2068,9,0.00049375,0.0002556,0.00037754
296,"Kiribati",2068,10,0.00047712,0.00025086,0.00036669
296,"Kiribati",2068,11,0.00048205,0.00025709,0.00037222
296,"Kiribati",2068,12,0.00050832,0.00027365,0.00039372
296,"Kiribati",2068,13,0.00055695,0.00030021,0.00043154
296,"Kiribati",2068,14,0.00062846,0.00033628,0.00048571
296,"Kiribati",2068,15,0.00072276,0.00038088,0.0005557
296,"Kiribati",2068,16,0.00083565,0.00043113,0.00063794
296,"Kiribati",2068,17,0.00096039,0.00048434,0.00072765
296,"Kiribati",2068,18,0.00108734,0.00053727,0.00081828
296,"Kiribati",2068,19,0.00120433,0.0005866,0.00090201
296,"Kiribati",2068,20,0.00130232,0.00063115,0.00097363
296,"Kiribati",2068,21,0.00137463,0.00067076,0.00102967
296,"Kiribati",2068,22,0.00142042,0.00070672,0.00107036
296,"Kiribati",2068,23,0.00144243,0.00074075,0.001098
296,"Kiribati",2068,24,0.00144735,0.00077407,0.00111661
296,"Kiribati",2068,25,0.00144348,0.00080777,0.00113096
296,"Kiribati",2068,26,0.00144064,0.00084372,0.00114698
296,"Kiribati",2068,27,0.00144544,0.00088122,0.0011677
296,"Kiribati",2068,28,0.00146232,0.00092081,0.00119561
296,"Kiribati",2068,29,0.00149425,0.00096316,0.00123252
296,"Kiribati",2068,30,0.00154117,0.00100909,0.00127885
296,"Kiribati",2068,31,0.00160371,0.00106166,0.00133637
296,"Kiribati",2068,32,0.00167885,0.00111989,0.00140305
296,"Kiribati",2068,33,0.00176514,0.00118467,0.00147859
296,"Kiribati",2068,34,0.00186256,0.00125659,0.00156327
296,"Kiribati",2068,35,0.00197187,0.00133611,0.00165772
296,"Kiribati",2068,36,0.00209626,0.00142506,0.00176446
296,"Kiribati",2068,37,0.0022374,0.00152249,0.00188386
296,"Kiribati",2068,38,0.00239824,0.00162936,0.00201789
296,"Kiribati",2068,39,0.00258215,0.0017471,0.00216894
296,"Kiribati",2068,40,0.00279246,0.00187802,0.00233978
296,"Kiribati",2068,41,0.00303195,0.0020243,0.00253294
296,"Kiribati",2068,42,0.00330467,0.00218985,0.00275236
296,"Kiribati",2068,43,0.00361393,0.002378,0.00300136
296,"Kiribati",2068,44,0.00396246,0.00259137,0.0032827
296,"Kiribati",2068,45,0.00435234,0.00283188,0.00359836
296,"Kiribati",2068,46,0.00478067,0.00309547,0.00394477
296,"Kiribati",2068,47,0.00525247,0.00338672,0.0043253
296,"Kiribati",2068,48,0.0057704,0.0037061,0.00474284
296,"Kiribati",2068,49,0.00633874,0.00405434,0.00519858
296,"Kiribati",2068,50,0.00696464,0.00443321,0.00569396
296,"Kiribati",2068,51,0.00764797,0.00483392,0.00622752
296,"Kiribati",2068,52,0.00840827,0.00527006,0.00681613
296,"Kiribati",2068,53,0.009257,0.00574701,0.00746798
296,"Kiribati",2068,54,0.01020331,0.00627204,0.00818836
296,"Kiribati",2068,55,0.01125317,0.00685474,0.00898285
296,"Kiribati",2068,56,0.01239227,0.00748727,0.00983951
296,"Kiribati",2068,57,0.0136357,0.00819874,0.01077899
296,"Kiribati",2068,58,0.01498556,0.0090026,0.01180985
296,"Kiribati",2068,59,0.01644714,0.00991262,0.01295315
296,"Kiribati",2068,60,0.01803094,0.0109424,0.01423022
296,"Kiribati",2068,61,0.01973011,0.01207784,0.01562659
296,"Kiribati",2068,62,0.02158601,0.01335478,0.01718627
296,"Kiribati",2068,63,0.02362341,0.01478967,0.01892131
296,"Kiribati",2068,64,0.02586886,0.01640398,0.02084782
296,"Kiribati",2068,65,0.02834977,0.01822626,0.02299149
296,"Kiribati",2068,66,0.03106835,0.02025867,0.0253507
296,"Kiribati",2068,67,0.03407588,0.02256293,0.02795478
296,"Kiribati",2068,68,0.03740319,0.02517413,0.03082239
296,"Kiribati",2068,69,0.04108267,0.02812119,0.03402273
296,"Kiribati",2068,70,0.04514869,0.03142692,0.0375919
296,"Kiribati",2068,71,0.049616,0.03507667,0.04150962
296,"Kiribati",2068,72,0.05454085,0.03910613,0.04582076
296,"Kiribati",2068,73,0.05996571,0.04354345,0.05058244
296,"Kiribati",2068,74,0.06593781,0.04844019,0.05583927
296,"Kiribati",2068,75,0.07251076,0.05389255,0.06165059
296,"Kiribati",2068,76,0.07973826,0.0600109,0.06811246
296,"Kiribati",2068,77,0.08769551,0.06693962,0.07535007
296,"Kiribati",2068,78,0.09646202,0.07480383,0.08343299
296,"Kiribati",2068,79,0.10613012,0.08366657,0.09245953
296,"Kiribati",2068,80,0.1168016,0.09353881,0.10251835
296,"Kiribati",2068,81,0.12859883,0.10435672,0.11359625
296,"Kiribati",2068,82,0.14161372,0.11599133,0.12562471
296,"Kiribati",2068,83,0.15592079,0.12836841,0.13858642
296,"Kiribati",2068,84,0.17156378,0.14146165,0.1524689
296,"Kiribati",2068,85,0.18852572,0.15539463,0.16729039
296,"Kiribati",2068,86,0.20678592,0.1703966,0.18322222
296,"Kiribati",2068,87,0.22623742,0.18663673,0.20028826
296,"Kiribati",2068,88,0.24678511,0.20429985,0.21858061
296,"Kiribati",2068,89,0.26836332,0.22341046,0.23806157
296,"Kiribati",2068,90,0.29091047,0.24390401,0.25879761
296,"Kiribati",2068,91,0.31443586,0.26563574,0.28074908
296,"Kiribati",2068,92,0.33887406,0.28830477,0.3033478
296,"Kiribati",2068,93,0.36418828,0.31175351,0.32664779
296,"Kiribati",2068,94,0.39033278,0.33586966,0.35063263
296,"Kiribati",2068,95,0.41724106,0.36068385,0.37526094
296,"Kiribati",2068,96,0.44536526,0.38709384,0.40138418
296,"Kiribati",2068,97,0.47407268,0.4143935,0.42836984
296,"Kiribati",2068,98,0.50315873,0.44255251,0.45622237
296,"Kiribati",2068,99,0.53233686,0.47137731,0.48468665
296,"Kiribati",2068,100,0.58798949,0.53358012,0.54461288
296,"Kiribati",2069,0,0.02554761,0.01320446,0.01955602
296,"Kiribati",2069,1,0.00215809,0.00132396,0.00175258
296,"Kiribati",2069,2,0.00167951,0.000983,0.00134065
296,"Kiribati",2069,3,0.00131498,0.000736,0.00103313
296,"Kiribati",2069,4,0.00104186,0.00056059,0.00080745
296,"Kiribati",2069,5,0.00084072,0.00043851,0.00064473
296,"Kiribati",2069,6,0.00069477,0.00035473,0.00052901
296,"Kiribati",2069,7,0.00059313,0.0003002,0.0004503
296,"Kiribati",2069,8,0.0005258,0.00026683,0.00039949
296,"Kiribati",2069,9,0.0004861,0.00024952,0.00037067
296,"Kiribati",2069,10,0.00046979,0.00024493,0.00036004
296,"Kiribati",2069,11,0.00047471,0.00025103,0.00036551
296,"Kiribati",2069,12,0.00050067,0.00026723,0.00038668
296,"Kiribati",2069,13,0.00054874,0.00029323,0.00042394
296,"Kiribati",2069,14,0.00061945,0.00032855,0.00047732
296,"Kiribati",2069,15,0.00071274,0.00037224,0.00054634
296,"Kiribati",2069,16,0.00082442,0.00042147,0.00062746
296,"Kiribati",2069,17,0.00094783,0.00047362,0.00071597
296,"Kiribati",2069,18,0.00107337,0.00052551,0.00080538
296,"Kiribati",2069,19,0.00118897,0.00057388,0.00088793
296,"Kiribati",2069,20,0.00128571,0.0006176,0.0009585
296,"Kiribati",2069,21,0.001357,0.00065647,0.00101366
296,"Kiribati",2069,22,0.0014021,0.0006918,0.00105371
296,"Kiribati",2069,23,0.00142376,0.00072528,0.00108088
296,"Kiribati",2069,24,0.00142862,0.0007581,0.00109921
296,"Kiribati",2069,25,0.00142487,0.00079132,0.0011134
296,"Kiribati",2069,26,0.00142221,0.00082679,0.00112927
296,"Kiribati",2069,27,0.00142712,0.00086378,0.00114978
296,"Kiribati",2069,28,0.00144396,0.00090284,0.00117741
296,"Kiribati",2069,29,0.00147568,0.00094462,0.00121395
296,"Kiribati",2069,30,0.00152222,0.00098993,0.00125975
296,"Kiribati",2069,31,0.00158425,0.00104182,0.00131667
296,"Kiribati",2069,32,0.00165873,0.00109933,0.00138268
296,"Kiribati",2069,33,0.00174429,0.00116333,0.00145748
296,"Kiribati",2069,34,0.00184088,0.00123443,0.00154134
296,"Kiribati",2069,35,0.00194928,0.00131306,0.00163488
296,"Kiribati",2069,36,0.00207272,0.00140107,0.00174066
296,"Kiribati",2069,37,0.0022128,0.0014975,0.00185901
296,"Kiribati",2069,38,0.0023725,0.00160329,0.0019919
296,"Kiribati",2069,39,0.00255518,0.00171988,0.00214174
296,"Kiribati",2069,40,0.00276417,0.00184957,0.00231132
296,"Kiribati",2069,41,0.00300227,0.00199451,0.00250309
296,"Kiribati",2069,42,0.00327354,0.00215863,0.00272104
296,"Kiribati",2069,43,0.00358131,0.00234526,0.0029685
296,"Kiribati",2069,44,0.00392831,0.00255698,0.0032481
296,"Kiribati",2069,45,0.00431659,0.00279569,0.00356192
296,"Kiribati",2069,46,0.00474319,0.00305727,0.00390641
296,"Kiribati",2069,47,0.00521312,0.00334627,0.0042862
296,"Kiribati",2069,48,0.00572899,0.00366312,0.00470126
296,"Kiribati",2069,49,0.00629507,0.00400858,0.00515557
296,"Kiribati",2069,50,0.00691854,0.00438444,0.00565212
296,"Kiribati",2069,51,0.00759919,0.00478186,0.00618299
296,"Kiribati",2069,52,0.00835674,0.00521461,0.00676821
296,"Kiribati",2069,53,0.00920276,0.00568811,0.00741655
296,"Kiribati",2069,54,0.01014642,0.00620961,0.00813601
296,"Kiribati",2069,55,0.01119368,0.00678856,0.00893107
296,"Kiribati",2069,56,0.01232985,0.00741676,0.00978793
296,"Kiribati",2069,57,0.01357007,0.00812324,0.01072801
296,"Kiribati",2069,58,0.01491631,0.0089213,0.01175753
296,"Kiribati",2069,59,0.01637374,0.00982457,0.01288689
296,"Kiribati",2069,60,0.0179529,0.0108467,0.01414074
296,"Kiribati",2069,61,0.01964672,0.01197349,0.01551792
296,"Kiribati",2069,62,0.02149704,0.01324119,0.01705296
296,"Kiribati",2069,63,0.02352885,0.01466644,0.01877224
296,"Kiribati",2069,64,0.02576879,0.01627077,0.02069072
296,"Kiribati",2069,65,0.02824426,0.01808258,0.02282796
296,"Kiribati",2069,66,0.03095704,0.02010343,0.02518314
296,"Kiribati",2069,67,0.03395846,0.02239476,0.0278089
296,"Kiribati",2069,68,0.0372791,0.02499123,0.0307087
296,"Kiribati",2069,69,0.04095115,0.02792142,0.0338976
296,"Kiribati",2069,70,0.0450088,0.03120804,0.03744481
296,"Kiribati",2069,71,0.04946656,0.03483651,0.04135701
296,"Kiribati",2069,72,0.05438083,0.03884297,0.04565864
296,"Kiribati",2069,73,0.05979416,0.04325586,0.05038389
296,"Kiribati",2069,74,0.06575391,0.04812689,0.05560673
296,"Kiribati",2069,75,0.07231392,0.05355199,0.06140024
296,"Kiribati",2069,76,0.07952829,0.05964125,0.06783372
296,"Kiribati",2069,77,0.08747239,0.06653832,0.0750328
296,"Kiribati",2069,78,0.09622598,0.0743678,0.08311306
296,"Kiribati",2069,79,0.10588145,0.08319268,0.0921123
296,"Kiribati",2069,80,0.11654055,0.09302417,0.10210093
296,"Kiribati",2069,81,0.12832591,0.10379984,0.11312867
296,"Kiribati",2069,82,0.14132878,0.11539104,0.12512399
296,"Kiribati",2069,83,0.15562359,0.1277241,0.13803928
296,"Kiribati",2069,84,0.17125419,0.14077308,0.15187195
296,"Kiribati",2069,85,0.18820409,0.15466137,0.16668049
296,"Kiribati",2069,86,0.20645411,0.16961911,0.1825498
296,"Kiribati",2069,87,0.22589729,0.18581444,0.1995937
296,"Kiribati",2069,88,0.24643918,0.20343241,0.21785828
296,"Kiribati",2069,89,0.26801441,0.22249838,0.23735188
296,"Kiribati",2069,90,0.29056149,0.24294892,0.25798275
296,"Kiribati",2069,91,0.31409046,0.26464176,0.2797919
296,"Kiribati",2069,92,0.33853488,0.28727617,0.30260027
296,"Kiribati",2069,93,0.36385786,0.3106951,0.32592955
296,"Kiribati",2069,94,0.39001364,0.33478645,0.34986378
296,"Kiribati",2069,95,0.41693587,0.35958066,0.37448625
296,"Kiribati",2069,96,0.44508862,0.38599133,0.40055858
296,"Kiribati",2069,97,0.47382928,0.41329894,0.42746347
296,"Kiribati",2069,98,0.50295336,0.44147362,0.45518523
296,"Kiribati",2069,99,0.53217416,0.4703227,0.48358874
296,"Kiribati",2069,100,0.58791287,0.53254599,0.54357524
296,"Kiribati",2070,0,0.02510811,0.01288659,0.0191762
296,"Kiribati",2070,1,0.00211004,0.00128344,0.00170822
296,"Kiribati",2070,2,0.00164402,0.00095406,0.00130839
296,"Kiribati",2070,3,0.0012887,0.00071517,0.00100952
296,"Kiribati",2070,4,0.00102217,0.00054533,0.00078993
296,"Kiribati",2070,5,0.00082566,0.00042699,0.0006314
296,"Kiribati",2070,6,0.00068286,0.00034566,0.00051849
296,"Kiribati",2070,7,0.00058329,0.00029269,0.00044159
296,"Kiribati",2070,8,0.00051726,0.00026024,0.0003919
296,"Kiribati",2070,9,0.0004783,0.00024342,0.00036371
296,"Kiribati",2070,10,0.00046231,0.00023897,0.00035331
296,"Kiribati",2070,11,0.0004672,0.00024495,0.0003587
296,"Kiribati",2070,12,0.00049286,0.0002608,0.00037954
296,"Kiribati",2070,13,0.00054034,0.00028623,0.00041623
296,"Kiribati",2070,14,0.00061022,0.0003208,0.00046882
296,"Kiribati",2070,15,0.00070246,0.00036358,0.00053685
296,"Kiribati",2070,16,0.00081289,0.0004118,0.00061683
296,"Kiribati",2070,17,0.00093491,0.00046289,0.00070411
296,"Kiribati",2070,18,0.00105899,0.00051375,0.00079227
296,"Kiribati",2070,19,0.00117317,0.00056117,0.00087362
296,"Kiribati",2070,20,0.00126861,0.00060405,0.00094311
296,"Kiribati",2070,21,0.00133885,0.0006422,0.00099738
296,"Kiribati",2070,22,0.00138323,0.00067691,0.00103675
296,"Kiribati",2070,23,0.00140453,0.00070984,0.00106349
296,"Kiribati",2070,24,0.00140931,0.00074216,0.00108153
296,"Kiribati",2070,25,0.00140567,0.00077491,0.00109554
296,"Kiribati",2070,26,0.00140317,0.00080989,0.00111127
296,"Kiribati",2070,27,0.00140818,0.0008464,0.00113159
296,"Kiribati",2070,28,0.00142498,0.00088494,0.00115893
296,"Kiribati",2070,29,0.00145647,0.00092615,0.00119507
296,"Kiribati",2070,30,0.00150259,0.00097085,0.00124036
296,"Kiribati",2070,31,0.00156406,0.00102208,0.00129665
296,"Kiribati",2070,32,0.00163785,0.00107887,0.00136196
296,"Kiribati",2070,33,0.00172261,0.00114212,0.001436
296,"Kiribati",2070,34,0.00181833,0.00121241,0.00151903
296,"Kiribati",2070,35,0.00192577,0.00129019,0.00161167
296,"Kiribati",2070,36,0.00204817,0.00137728,0.00171645
296,"Kiribati",2070,37,0.00218711,0.00147273,0.00183374
296,"Kiribati",2070,38,0.00234559,0.00157748,0.00196547
296,"Kiribati",2070,39,0.00252693,0.00169296,0.00211405
296,"Kiribati",2070,40,0.00273449,0.00182146,0.00228231
296,"Kiribati",2070,41,0.00297107,0.00196514,0.00247269
296,"Kiribati",2070,42,0.00324074,0.00212791,0.00268913
296,"Kiribati",2070,43,0.00354684,0.00231312,0.00293502
296,"Kiribati",2070,44,0.00389212,0.00252332,0.00321297
296,"Kiribati",2070,45,0.00427861,0.00276039,0.0035249
296,"Kiribati",2070,46,0.00470325,0.00302012,0.00386732
296,"Kiribati",2070,47,0.00517105,0.00330703,0.00424495
296,"Kiribati",2070,48,0.00568459,0.00362154,0.00465915
296,"Kiribati",2070,49,0.0062481,0.00396439,0.00511065
296,"Kiribati",2070,50,0.0068688,0.00433742,0.00560562
296,"Kiribati",2070,51,0.00754639,0.00473177,0.00613777
296,"Kiribati",2070,52,0.00830079,0.00516138,0.00672021
296,"Kiribati",2070,53,0.00914364,0.00563172,0.00736507
296,"Kiribati",2070,54,0.01008417,0.00615003,0.00808092
296,"Kiribati",2070,55,0.01112826,0.00672565,0.00887518
296,"Kiribati",2070,56,0.01226092,0.00734997,0.00973254
296,"Kiribati",2070,57,0.0134973,0.00805193,0.01067267
296,"Kiribati",2070,58,0.0148392,0.00884465,0.01170248
296,"Kiribati",2070,59,0.01629171,0.00974168,0.01282988
296,"Kiribati",2070,60,0.01786536,0.0107567,0.01406812
296,"Kiribati",2070,61,0.01955293,0.01187545,0.01541968
296,"Kiribati",2070,62,0.0213967,0.01313468,0.01693413
296,"Kiribati",2070,63,0.02342182,0.01455128,0.0186273
296,"Kiribati",2070,64,0.02565507,0.01614691,0.02052941
296,"Kiribati",2070,65,0.02812382,0.01794983,0.02265861
296,"Kiribati",2070,66,0.0308294,0.01996096,0.02500702
296,"Kiribati",2070,67,0.03382316,0.02224151,0.02762862
296,"Kiribati",2070,68,0.03713543,0.02482562,0.03055149
296,"Kiribati",2070,69,0.04079815,0.02774156,0.03377447
296,"Kiribati",2070,70,0.04484533,0.03101192,0.03730938
296,"Kiribati",2070,71,0.04929123,0.03462225,0.04119831
296,"Kiribati",2070,72,0.05419237,0.03860921,0.0454948
296,"Kiribati",2070,73,0.05959134,0.04300169,0.05021131
296,"Kiribati",2070,74,0.06553564,0.04785166,0.05539711
296,"Kiribati",2070,75,0.07207929,0.05325489,0.0611564
296,"Kiribati",2070,76,0.07927679,0.05932137,0.06757353
296,"Kiribati",2070,77,0.08720364,0.06619414,0.07474528
296,"Kiribati",2070,78,0.09593982,0.07399745,0.08278804
296,"Kiribati",2070,79,0.10557772,0.08279432,0.09178811
296,"Kiribati",2070,80,0.11621901,0.09259624,0.10175301
296,"Kiribati",2070,81,0.1279865,0.10334218,0.11271419
296,"Kiribati",2070,82,0.14097073,0.11490366,0.12466387
296,"Kiribati",2070,83,0.15524602,0.12720756,0.13755222
296,"Kiribati",2070,84,0.17085626,0.14022829,0.15134448
296,"Kiribati",2070,85,0.18778548,0.15408926,0.16610985
296,"Kiribati",2070,86,0.206016,0.16902185,0.1819793
296,"Kiribati",2070,87,0.22544095,0.18519357,0.19897045
296,"Kiribati",2070,88,0.24596661,0.20279012,0.21722884
296,"Kiribati",2070,89,0.2675279,0.22183793,0.23671305
296,"Kiribati",2070,90,0.29006349,0.24227485,0.25737993
296,"Kiribati",2070,91,0.31358407,0.26396102,0.27910742
296,"Kiribati",2070,92,0.33802225,0.28659557,0.30179819
296,"Kiribati",2070,93,0.36334107,0.31002177,0.32537366
296,"Kiribati",2070,94,0.38949472,0.33412753,0.34937377
296,"Kiribati",2070,95,0.41641711,0.35894309,0.3739831
296,"Kiribati",2070,96,0.44458359,0.38539883,0.40010559
296,"Kiribati",2070,97,0.47334231,0.41276112,0.42700633
296,"Kiribati",2070,98,0.50248901,0.44100058,0.45469832
296,"Kiribati",2070,99,0.53173694,0.46992516,0.48302748
296,"Kiribati",2070,100,0.58755235,0.53222699,0.54304562
296,"Kiribati",2071,0,0.02474977,0.0126299,0.01886774
296,"Kiribati",2071,1,0.00207066,0.00124958,0.00167155
296,"Kiribati",2071,2,0.00161492,0.00092988,0.0012817
296,"Kiribati",2071,3,0.00126711,0.00069777,0.00099001
296,"Kiribati",2071,4,0.00100597,0.00053257,0.00077543
296,"Kiribati",2071,5,0.00081323,0.00041735,0.00062035
296,"Kiribati",2071,6,0.000673,0.00033808,0.00050975
296,"Kiribati",2071,7,0.00057512,0.00028639,0.00043434
296,"Kiribati",2071,8,0.00051016,0.00025471,0.00038556
296,"Kiribati",2071,9,0.0004718,0.00023828,0.00035787
296,"Kiribati",2071,10,0.00045606,0.00023395,0.00034767
296,"Kiribati",2071,11,0.00046093,0.00023981,0.00035299
296,"Kiribati",2071,12,0.00048631,0.00025535,0.00037353
296,"Kiribati",2071,13,0.0005333,0.00028029,0.00040972
296,"Kiribati",2071,14,0.00060246,0.0003142,0.00046164
296,"Kiribati",2071,15,0.0006938,0.0003562,0.00052882
296,"Kiribati",2071,16,0.00080316,0.00040354,0.00060781
296,"Kiribati",2071,17,0.00092398,0.00045371,0.00069402
296,"Kiribati",2071,18,0.0010468,0.00050366,0.00078109
296,"Kiribati",2071,19,0.00115973,0.00055026,0.00086141
296,"Kiribati",2071,20,0.00125405,0.0005924,0.00092996
296,"Kiribati",2071,21,0.00132337,0.0006299,0.00098344
296,"Kiribati",2071,22,0.00136713,0.00066406,0.00102222
296,"Kiribati",2071,23,0.0013881,0.00069649,0.00104855
296,"Kiribati",2071,24,0.00139281,0.00072836,0.00106634
296,"Kiribati",2071,25,0.00138925,0.00076067,0.00108018
296,"Kiribati",2071,26,0.00138688,0.00079522,0.00109576
296,"Kiribati",2071,27,0.00139196,0.00083127,0.00111589
296,"Kiribati",2071,28,0.0014087,0.00086932,0.00114296
296,"Kiribati",2071,29,0.00143997,0.00091001,0.00117872
296,"Kiribati",2071,30,0.00148572,0.00095414,0.00122354
296,"Kiribati",2071,31,0.00154667,0.00100475,0.00127927
296,"Kiribati",2071,32,0.00161983,0.00106087,0.00134389
296,"Kiribati",2071,33,0.00170386,0.0011234,0.0014172
296,"Kiribati",2071,34,0.00179875,0.00119293,0.00149946
296,"Kiribati",2071,35,0.0019053,0.00126988,0.00159126
296,"Kiribati",2071,36,0.00202671,0.0013561,0.00169512
296,"Kiribati",2071,37,0.00216459,0.00145062,0.00181138
296,"Kiribati",2071,38,0.0023219,0.00155436,0.00194201
296,"Kiribati",2071,39,0.00250197,0.00166875,0.00208939
296,"Kiribati",2071,40,0.00270817,0.00179609,0.00225635
296,"Kiribati",2071,41,0.00294327,0.00193852,0.00244535
296,"Kiribati",2071,42,0.00321136,0.00209995,0.00266035
296,"Kiribati",2071,43,0.0035158,0.00228372,0.00290465
296,"Kiribati",2071,44,0.00385932,0.00249238,0.0031809
296,"Kiribati",2071,45,0.00424393,0.00272776,0.00349102
296,"Kiribati",2071,46,0.0046665,0.0029856,0.00383127
296,"Kiribati",2071,47,0.00513205,0.00327039,0.00420654
296,"Kiribati",2071,48,0.00564312,0.00358251,0.00461824
296,"Kiribati",2071,49,0.00620392,0.00392269,0.00506868
296,"Kiribati",2071,50,0.00682166,0.00429281,0.00556048
296,"Kiribati",2071,51,0.007496,0.00468402,0.0060908
296,"Kiribati",2071,52,0.00824697,0.00511038,0.00667475
296,"Kiribati",2071,53,0.00908625,0.0055774,0.0073166
296,"Kiribati",2071,54,0.01002309,0.00609229,0.00802855
296,"Kiribati",2071,55,0.01106333,0.00666428,0.00881857
296,"Kiribati",2071,56,0.01219175,0.00728446,0.00967446
296,"Kiribati",2071,57,0.01342348,0.00798164,0.01061449
296,"Kiribati",2071,58,0.01476022,0.00876876,0.01164348
296,"Kiribati",2071,59,0.01620698,0.00965925,0.01277022
296,"Kiribati",2071,60,0.01777428,0.01066684,0.01400537
296,"Kiribati",2071,61,0.01945476,0.01177727,0.01533907
296,"Kiribati",2071,62,0.021291,0.01302761,0.01682541
296,"Kiribati",2071,63,0.02330824,0.01443495,0.01849601
296,"Kiribati",2071,64,0.02553331,0.01602102,0.02036951
296,"Kiribati",2071,65,0.02799352,0.01781391,0.02248019
296,"Kiribati",2071,66,0.03068987,0.01981407,0.02481832
296,"Kiribati",2071,67,0.03367364,0.02208236,0.02743066
296,"Kiribati",2071,68,0.03697493,0.02465245,0.03034646
296,"Kiribati",2071,69,0.04062546,0.0275523,0.03359087
296,"Kiribati",2071,70,0.04465905,0.03080435,0.03715854
296,"Kiribati",2071,71,0.04908977,0.03439433,0.04103094
296,"Kiribati",2071,72,0.05397414,0.03835927,0.04529943
296,"Kiribati",2071,73,0.05935473,0.04272836,0.05000718
296,"Kiribati",2071,74,0.06527904,0.04755372,0.05518017
296,"Kiribati",2071,75,0.07180121,0.05293087,0.06089577
296,"Kiribati",2071,76,0.07897592,0.05896955,0.06727137
296,"Kiribati",2071,77,0.08687868,0.06581206,0.07441929
296,"Kiribati",2071,78,0.09558948,0.07358218,0.08242559
296,"Kiribati",2071,79,0.10520063,0.08234285,0.09137766
296,"Kiribati",2071,80,0.11581357,0.09210578,0.10133327
296,"Kiribati",2071,81,0.12755112,0.10281112,0.11225949
296,"Kiribati",2071,82,0.14050316,0.11433077,0.12412783
296,"Kiribati",2071,83,0.1547438,0.12659213,0.13695496
296,"Kiribati",2071,84,0.17031693,0.13956995,0.1507046
296,"Kiribati",2071,85,0.18720698,0.15338747,0.16541143
296,"Kiribati",2071,86,0.20539741,0.16827663,0.18121888
296,"Kiribati",2071,87,0.22478153,0.18440423,0.19819288
296,"Kiribati",2071,88,0.24526626,0.20195619,0.21637558
296,"Kiribati",2071,89,0.2667869,0.22095975,0.23583192
296,"Kiribati",2071,90,0.28928234,0.24135387,0.25646531
296,"Kiribati",2071,91,0.31276388,0.26300073,0.27820426
296,"Kiribati",2071,92,0.33716351,0.28559986,0.3007832
296,"Kiribati",2071,93,0.36244426,0.308995,0.32420813
296,"Kiribati",2071,94,0.38856033,0.33307421,0.34842538
296,"Kiribati",2071,95,0.41544576,0.35786749,0.37306583
296,"Kiribati",2071,96,0.443584,0.38431634,0.3991463
296,"Kiribati",2071,97,0.4723168,0.41167771,0.4260529
296,"Kiribati",2071,98,0.50144037,0.43992265,0.45369407
296,"Kiribati",2071,99,0.53066853,0.46885991,0.48194638
296,"Kiribati",2071,100,0.58652142,0.5311859,0.54183843
296,"Kiribati",2072,0,0.02436588,0.012384,0.01855084
296,"Kiribati",2072,1,0.00202729,0.0012169,0.00163342
296,"Kiribati",2072,2,0.00158292,0.00090655,0.00125394
296,"Kiribati",2072,3,0.00124346,0.00068098,0.00096971
296,"Kiribati",2072,4,0.00098829,0.00052026,0.00076038
296,"Kiribati",2072,5,0.00079973,0.00040805,0.00060891
296,"Kiribati",2072,6,0.00066234,0.00033075,0.00050072
296,"Kiribati",2072,7,0.00056632,0.00028031,0.00042687
296,"Kiribati",2072,8,0.00050252,0.00024937,0.00037905
296,"Kiribati",2072,9,0.00046481,0.00023332,0.00035187
296,"Kiribati",2072,10,0.00044935,0.00022909,0.00034186
296,"Kiribati",2072,11,0.00045419,0.00023484,0.00034712
296,"Kiribati",2072,12,0.00047928,0.00025006,0.00036736
296,"Kiribati",2072,13,0.00052574,0.00027453,0.00040305
296,"Kiribati",2072,14,0.00059417,0.00030781,0.00045428
296,"Kiribati",2072,15,0.00068456,0.00034904,0.0005206
296,"Kiribati",2072,16,0.00079281,0.00039553,0.0005986
296,"Kiribati",2072,17,0.00091239,0.00044482,0.00068374
296,"Kiribati",2072,18,0.00103391,0.00049389,0.0007697
296,"Kiribati",2072,19,0.00114554,0.00053968,0.00084896
296,"Kiribati",2072,20,0.00123865,0.00058109,0.00091656
296,"Kiribati",2072,21,0.001307,0.00061797,0.00096923
296,"Kiribati",2072,22,0.00135006,0.00065158,0.00100739
296,"Kiribati",2072,23,0.00137067,0.00068353,0.00103329
296,"Kiribati",2072,24,0.00137527,0.00071496,0.00105081
296,"Kiribati",2072,25,0.00137178,0.00074685,0.00106449
296,"Kiribati",2072,26,0.00136954,0.00078097,0.00107991
296,"Kiribati",2072,27,0.00137467,0.00081656,0.00109986
296,"Kiribati",2072,28,0.00139134,0.00085414,0.00112667
296,"Kiribati",2072,29,0.00142238,0.00089431,0.00116205
296,"Kiribati",2072,30,0.00146772,0.00093789,0.00120637
296,"Kiribati",2072,31,0.00152812,0.00098788,0.00126152
296,"Kiribati",2072,32,0.00160061,0.00104335,0.00132548
296,"Kiribati",2072,33,0.00168387,0.00110518,0.00139803
296,"Kiribati",2072,34,0.00177792,0.00117395,0.00147949
296,"Kiribati",2072,35,0.00188354,0.00125011,0.00157045
296,"Kiribati",2072,36,0.00200396,0.00133547,0.0016734
296,"Kiribati",2072,37,0.00214075,0.00142906,0.00178866
296,"Kiribati",2072,38,0.00229688,0.00153182,0.00191819
296,"Kiribati",2072,39,0.00247566,0.00164515,0.00206438
296,"Kiribati",2072,40,0.00268049,0.00177135,0.00223005
296,"Kiribati",2072,41,0.00291413,0.00191255,0.00241766
296,"Kiribati",2072,42,0.0031807,0.00207268,0.00263123
296,"Kiribati",2072,43,0.00348356,0.00225505,0.00287406
296,"Kiribati",2072,44,0.00382544,0.0024622,0.0031487
296,"Kiribati",2072,45,0.00420834,0.00269594,0.0034571
296,"Kiribati",2072,46,0.00462906,0.00295195,0.00379548
296,"Kiribati",2072,47,0.0050926,0.00323467,0.00416849
296,"Kiribati",2072,48,0.00560143,0.00354445,0.00457771
296,"Kiribati",2072,49,0.00615976,0.00388202,0.00502555
296,"Kiribati",2072,50,0.00677482,0.0042493,0.00551639
296,"Kiribati",2072,51,0.00744623,0.00463745,0.00604345
296,"Kiribati",2072,52,0.00819418,0.00506063,0.00662583
296,"Kiribati",2072,53,0.00903044,0.00552442,0.00726999
296,"Kiribati",2072,54,0.00996427,0.00603598,0.00797926
296,"Kiribati",2072,55,0.01100151,0.00660444,0.00876561
296,"Kiribati",2072,56,0.01212662,0.0072206,0.00961724
296,"Kiribati",2072,57,0.01335472,0.00791313,0.01055607
296,"Kiribati",2072,58,0.01468733,0.00869478,0.01158522
296,"Kiribati",2072,59,0.01612934,0.0095789,0.01271125
296,"Kiribati",2072,60,0.01769129,0.01057922,0.01394585
296,"Kiribati",2072,61,0.01936577,0.01168152,0.01527641
296,"Kiribati",2072,62,0.02119568,0.01292321,0.01674414
296,"Kiribati",2072,63,0.02320651,0.01432155,0.01838551
296,"Kiribati",2072,64,0.02542517,0.01589836,0.02023609
296,"Kiribati",2072,65,0.02787895,0.01768157,0.02231754
296,"Kiribati",2072,66,0.03056853,0.01967117,0.02463709
296,"Kiribati",2072,67,0.03354512,0.02192767,0.02723973
296,"Kiribati",2072,68,0.03683852,0.02448425,0.03014675
296,"Kiribati",2072,69,0.04048023,0.02736858,0.03338463
296,"Kiribati",2072,70,0.04450388,0.03060296,0.03697607
296,"Kiribati",2072,71,0.04892336,0.03417328,0.04088445
296,"Kiribati",2072,72,0.05379524,0.03811697,0.04513702
296,"Kiribati",2072,73,0.05916215,0.04246353,0.04981709
296,"Kiribati",2072,74,0.06507172,0.04726524,0.05498332
296,"Kiribati",2072,75,0.0715783,0.05261738,0.06068794
296,"Kiribati",2072,76,0.07873694,0.05862946,0.06701981
296,"Kiribati",2072,77,0.08662333,0.06544309,0.07412649
296,"Kiribati",2072,78,0.09531769,0.0731816,0.08211064
296,"Kiribati",2072,79,0.10491233,0.08190785,0.09102797
296,"Kiribati",2072,80,0.11550861,0.09163376,0.10093772
296,"Kiribati",2072,81,0.12722941,0.10230065,0.11185981
296,"Kiribati",2072,82,0.14016397,0.11378078,0.12369819
296,"Kiribati",2072,83,0.15438628,0.12600207,0.13644662
296,"Kiribati",2072,84,0.16994027,0.13893957,0.15013904
296,"Kiribati",2072,85,0.18681085,0.1527164,0.16480942
296,"Kiribati",2072,86,0.20498279,0.16756508,0.18056466
296,"Kiribati",2072,87,0.22434961,0.18365176,0.19748337
296,"Kiribati",2072,88,0.24481895,0.20116262,0.21566015
296,"Kiribati",2072,89,0.26632639,0.22012576,0.23504941
296,"Kiribati",2072,90,0.2888109,0.2404812,0.25566699
296,"Kiribati",2072,91,0.3122842,0.26209314,0.27738555
296,"Kiribati",2072,92,0.33667746,0.28466145,0.29998953
296,"Kiribati",2072,93,0.36195358,0.30803032,0.32331394
296,"Kiribati",2072,94,0.38806673,0.33208792,0.34739188
296,"Kiribati",2072,95,0.41495119,0.35686403,0.37226667
296,"Kiribati",2072,96,0.44309892,0.38331093,0.39839977
296,"Kiribati",2072,97,0.47184482,0.41067646,0.42527627
296,"Kiribati",2072,98,0.50098528,0.43893208,0.45293526
296,"Kiribati",2072,99,0.53023403,0.4678873,0.48115037
296,"Kiribati",2072,100,0.58615629,0.53024371,0.54090987
296,"Kiribati",2073,0,0.02395237,0.01213526,0.01821829
296,"Kiribati",2073,1,0.00198109,0.00118409,0.00159375
296,"Kiribati",2073,2,0.00154881,0.00088307,0.00122505
296,"Kiribati",2073,3,0.00121821,0.00066404,0.00094853
296,"Kiribati",2073,4,0.00096939,0.00050782,0.00074465
296,"Kiribati",2073,5,0.00078529,0.00039863,0.00059694
296,"Kiribati",2073,6,0.00065093,0.00032332,0.00049126
296,"Kiribati",2073,7,0.0005569,0.00027414,0.00041903
296,"Kiribati",2073,8,0.00049434,0.00024394,0.00037221
296,"Kiribati",2073,9,0.00045733,0.00022827,0.00034558
296,"Kiribati",2073,10,0.00044217,0.00022414,0.00033577
296,"Kiribati",2073,11,0.00044697,0.00022977,0.00034096
296,"Kiribati",2073,12,0.00047176,0.00024469,0.0003609
296,"Kiribati",2073,13,0.00051766,0.00026866,0.00039605
296,"Kiribati",2073,14,0.00058528,0.00030129,0.00044655
296,"Kiribati",2073,15,0.00067467,0.00034174,0.00051198
296,"Kiribati",2073,16,0.00078172,0.00038735,0.00058894
296,"Kiribati",2073,17,0.00089998,0.00043572,0.00067294
296,"Kiribati",2073,18,0.00102009,0.00048389,0.00075774
296,"Kiribati",2073,19,0.00113033,0.00052884,0.00083586
296,"Kiribati",2073,20,0.00122217,0.00056951,0.00090245
296,"Kiribati",2073,21,0.00128948,0.00060573,0.00095429
296,"Kiribati",2073,22,0.00133182,0.00063878,0.00099179
296,"Kiribati",2073,23,0.00135205,0.00067022,0.00101725
296,"Kiribati",2073,24,0.00135656,0.00070118,0.0010345
296,"Kiribati",2073,25,0.00135315,0.00073263,0.001048
296,"Kiribati",2073,26,0.00135104,0.00076629,0.00106329
296,"Kiribati",2073,27,0.00135625,0.00080141,0.00108303
296,"Kiribati",2073,28,0.00137286,0.00083848,0.00110955
296,"Kiribati",2073,29,0.00140364,0.0008781,0.00114455
296,"Kiribati",2073,30,0.00144856,0.00092109,0.00118837
296,"Kiribati",2073,31,0.00150839,0.00097043,0.00124288
296,"Kiribati",2073,32,0.00158018,0.00102519,0.00130615
296,"Kiribati",2073,33,0.00166265,0.00108626,0.00137792
296,"Kiribati",2073,34,0.00175582,0.00115423,0.00145851
296,"Kiribati",2073,35,0.00186048,0.00122952,0.00154855
296,"Kiribati",2073,36,0.00197985,0.00131395,0.00165053
296,"Kiribati",2073,37,0.00211551,0.00140654,0.00176474
296,"Kiribati",2073,38,0.0022704,0.00150822,0.00189312
296,"Kiribati",2073,39,0.00244785,0.00162039,0.00203804
296,"Kiribati",2073,40,0.00265124,0.00174534,0.00220235
296,"Kiribati",2073,41,0.00288336,0.0018852,0.0023885
296,"Kiribati",2073,42,0.00314833,0.00204388,0.0026005
296,"Kiribati",2073,43,0.00344954,0.00222469,0.0028417
296,"Kiribati",2073,44,0.00378972,0.00243016,0.00311468
296,"Kiribati",2073,45,0.00417085,0.00266205,0.00342123
296,"Kiribati",2073,46,0.00458964,0.002916,0.00375756
296,"Kiribati",2073,47,0.00505108,0.0031964,0.00412833
296,"Kiribati",2073,48,0.0055576,0.00350358,0.00453485
296,"Kiribati",2073,49,0.00611338,0.00383825,0.00497975
296,"Kiribati",2073,50,0.00672568,0.00420235,0.00546755
296,"Kiribati",2073,51,0.00739407,0.0045871,0.00599341
296,"Kiribati",2073,52,0.00813891,0.00500673,0.00657215
296,"Kiribati",2073,53,0.00897205,0.00546686,0.00721463
296,"Kiribati",2073,54,0.00990281,0.00597464,0.00792658
296,"Kiribati",2073,55,0.01093697,0.00653906,0.00870989
296,"Kiribati",2073,56,0.01205869,0.00715066,0.00955704
296,"Kiribati",2073,57,0.01328306,0.00783793,0.01049063
296,"Kiribati",2073,58,0.01461143,0.00861342,0.01151775
296,"Kiribati",2073,59,0.0160486,0.00949037,0.01264307
296,"Kiribati",2073,60,0.01760512,0.01048253,0.01387596
296,"Kiribati",2073,61,0.01927344,0.01157572,0.01520496
296,"Kiribati",2073,62,0.0210969,0.01280765,0.01666861
296,"Kiribati",2073,63,0.02310117,0.01419576,0.01828945
296,"Kiribati",2073,64,0.02531331,0.01576192,0.02010818
296,"Kiribati",2073,65,0.02776058,0.01753389,0.02216446
296,"Kiribati",2073,66,0.03044326,0.01951122,0.02445164
296,"Kiribati",2073,67,0.03341252,0.02175396,0.02703311
296,"Kiribati",2073,68,0.03669791,0.02429482,0.02992799
296,"Kiribati",2073,69,0.04033067,0.0271611,0.03315427
296,"Kiribati",2073,70,0.04434424,0.03037498,0.03673618
296,"Kiribati",2073,71,0.04875229,0.03392254,0.04066715
296,"Kiribati",2073,72,0.05361149,0.03784153,0.04495549
296,"Kiribati",2073,73,0.05896452,0.04216176,0.04961604
296,"Kiribati",2073,74,0.06485916,0.04693562,0.05475009
296,"Kiribati",2073,75,0.07134998,0.05225809,0.06044444
296,"Kiribati",2073,76,0.07849242,0.05823835,0.06676106
296,"Kiribati",2073,77,0.08636237,0.06501719,0.07381679
296,"Kiribati",2073,78,0.09504024,0.07271736,0.08175217
296,"Kiribati",2073,79,0.10461843,0.08140162,0.09064035
296,"Kiribati",2073,80,0.11519817,0.09108208,0.10050747
296,"Kiribati",2073,81,0.12690249,0.10170125,0.11137562
296,"Kiribati",2073,82,0.13981994,0.11313187,0.12320353
296,"Kiribati",2073,83,0.15402439,0.12530245,0.13591426
296,"Kiribati",2073,84,0.16955984,0.13818837,0.14951537
296,"Kiribati",2073,85,0.18641171,0.1519125,0.16411669
296,"Kiribati",2073,86,0.20456621,0.16670773,0.17982589
296,"Kiribati",2073,87,0.22391703,0.18273946,0.19668034
296,"Kiribati",2073,88,0.24437255,0.20019395,0.21478965
296,"Kiribati",2073,89,0.26586863,0.21910016,0.23416343
296,"Kiribati",2073,90,0.28834435,0.23939924,0.25470065
296,"Kiribati",2073,91,0.31181199,0.26095747,0.27639245
296,"Kiribati",2073,92,0.33620175,0.28347538,0.29896349
296,"Kiribati",2073,93,0.36147643,0.30679771,0.32230068
296,"Kiribati",2073,94,0.3875902,0.33081286,0.3462617
296,"Kiribati",2073,95,0.41447757,0.35555034,0.37098
296,"Kiribati",2073,96,0.44264078,0.38197188,0.39734586
296,"Kiribati",2073,97,0.47140641,0.4093173,0.42425803
296,"Kiribati",2073,98,0.50057102,0.43755849,0.45186838
296,"Kiribati",2073,99,0.5298482,0.46650589,0.4800825
296,"Kiribati",2073,100,0.58584375,0.52887753,0.53971023
296,"Kiribati",2074,0,0.02355701,0.01186103,0.01788134
296,"Kiribati",2074,1,0.00193627,0.00114836,0.00155339
296,"Kiribati",2074,2,0.00151576,0.00085753,0.00119566
296,"Kiribati",2074,3,0.00119378,0.00064565,0.00092707
296,"Kiribati",2074,4,0.00095114,0.00049432,0.00072873
296,"Kiribati",2074,5,0.00077137,0.00038843,0.00058484
296,"Kiribati",2074,6,0.00063994,0.00031529,0.00048173
296,"Kiribati",2074,7,0.00054783,0.00026747,0.00041115
296,"Kiribati",2074,8,0.00048647,0.0002381,0.00036534
296,"Kiribati",2074,9,0.00045014,0.00022284,0.00033925
296,"Kiribati",2074,10,0.00043526,0.00021883,0.00032965
296,"Kiribati",2074,11,0.00044004,0.00022435,0.00033476
296,"Kiribati",2074,12,0.00046453,0.00023893,0.00035439
296,"Kiribati",2074,13,0.00050989,0.00026239,0.00038903
296,"Kiribati",2074,14,0.00057675,0.00029434,0.0004388
296,"Kiribati",2074,15,0.00066517,0.00033397,0.00050333
296,"Kiribati",2074,16,0.00077109,0.00037866,0.00057928
296,"Kiribati",2074,17,0.00088809,0.00042608,0.00066217
296,"Kiribati",2074,18,0.00100686,0.00047331,0.00074582
296,"Kiribati",2074,19,0.00111577,0.0005174,0.00082283
296,"Kiribati",2074,20,0.0012064,0.0005573,0.0008884
296,"Kiribati",2074,21,0.0012727,0.00059286,0.00093939
296,"Kiribati",2074,22,0.00131433,0.00062533,0.00097627
296,"Kiribati",2074,23,0.00133418,0.00065627,0.00100129
296,"Kiribati",2074,24,0.00133859,0.00068677,0.00101826
296,"Kiribati",2074,25,0.00133526,0.00071777,0.00103157
296,"Kiribati",2074,26,0.00133328,0.00075098,0.00104671
296,"Kiribati",2074,27,0.00133855,0.00078564,0.00106627
296,"Kiribati",2074,28,0.00135509,0.00082222,0.00109251
296,"Kiribati",2074,29,0.00138564,0.00086132,0.00112713
296,"Kiribati",2074,30,0.00143015,0.00090373,0.00117046
296,"Kiribati",2074,31,0.00148943,0.00095245,0.00122439
296,"Kiribati",2074,32,0.00156055,0.00100654,0.00128697
296,"Kiribati",2074,33,0.00164225,0.0010669,0.001358
296,"Kiribati",2074,34,0.00173457,0.00113411,0.00143779
296,"Kiribati",2074,35,0.00183831,0.00120859,0.00152693
296,"Kiribati",2074,36,0.0019567,0.00129216,0.00162799
296,"Kiribati",2074,37,0.00209127,0.00138384,0.00174122
296,"Kiribati",2074,38,0.00224499,0.00148454,0.00186854
296,"Kiribati",2074,39,0.00242117,0.00159567,0.00201232
296,"Kiribati",2074,40,0.00262322,0.00171951,0.00217538
296,"Kiribati",2074,41,0.00285391,0.00185819,0.00236021
296,"Kiribati",2074,42,0.0031174,0.00201563,0.00257081
296,"Kiribati",2074,43,0.00341709,0.00219514,0.00281055
296,"Kiribati",2074,44,0.00375571,0.00239923,0.00308203
296,"Kiribati",2074,45,0.00413523,0.00262964,0.00338706
296,"Kiribati",2074,46,0.00455228,0.00288191,0.00372163
296,"Kiribati",2074,47,0.00501182,0.00316043,0.00409045
296,"Kiribati",2074,48,0.00551625,0.00346546,0.00449482
296,"Kiribati",2074,49,0.00606972,0.00379771,0.00493709
296,"Kiribati",2074,50,0.00667951,0.00415918,0.00542208
296,"Kiribati",2074,51,0.00734516,0.00454109,0.00594507
296,"Kiribati",2074,52,0.00808721,0.00495782,0.00652322
296,"Kiribati",2074,53,0.00891761,0.00541508,0.00716256
296,"Kiribati",2074,54,0.00984571,0.00591999,0.00787364
296,"Kiribati",2074,55,0.01087725,0.00648141,0.00866099
296,"Kiribati",2074,56,0.0119961,0.00708954,0.00950553
296,"Kiribati",2074,57,0.01321729,0.00777273,0.01043489
296,"Kiribati",2074,58,0.01454202,0.00854335,0.01145687
296,"Kiribati",2074,59,0.01597499,0.00941456,0.01258063
296,"Kiribati",2074,60,0.01752674,0.01040016,0.01381356
296,"Kiribati",2074,61,0.01918963,0.01148597,0.01514162
296,"Kiribati",2074,62,0.02100744,0.01271019,0.01660511
296,"Kiribati",2074,63,0.02300604,0.01409056,0.01822362
296,"Kiribati",2074,64,0.02521265,0.01564909,0.02002278
296,"Kiribati",2074,65,0.0276545,0.01741342,0.02204767
296,"Kiribati",2074,66,0.0303315,0.01938252,0.0243106
296,"Kiribati",2074,67,0.0332948,0.02161617,0.02686034
296,"Kiribati",2074,68,0.03657367,0.02414656,0.02973555
296,"Kiribati",2074,69,0.04019914,0.02700068,0.03295197
296,"Kiribati",2074,70,0.04420446,0.03020059,0.03652486
296,"Kiribati",2074,71,0.04860308,0.03373253,0.04044947
296,"Kiribati",2074,72,0.05345179,0.03763483,0.04476674
296,"Kiribati",2074,73,0.05879336,0.04193776,0.04947167
296,"Kiribati",2074,74,0.06467574,0.04669406,0.05459221
296,"Kiribati",2074,75,0.07115372,0.05199865,0.06026046
296,"Kiribati",2074,76,0.07828321,0.05796066,0.06657551
296,"Kiribati",2074,77,0.08614029,0.06472039,0.07362524
296,"Kiribati",2074,78,0.09480567,0.07240035,0.08151864
296,"Kiribati",2074,79,0.10437181,0.08106337,0.0903694
296,"Kiribati",2074,80,0.11493992,0.09072185,0.1002219
296,"Kiribati",2074,81,0.12663318,0.10131955,0.1110646
296,"Kiribati",2074,82,0.13953951,0.11272938,0.12285718
296,"Kiribati",2074,83,0.15373268,0.1248803,0.13558138
296,"Kiribati",2074,84,0.16925677,0.13774806,0.14916963
296,"Kiribati",2074,85,0.18609773,0.15145565,0.16370128
296,"Kiribati",2074,86,0.20424317,0.16623726,0.17936878
296,"Kiribati",2074,87,0.22358697,0.18225798,0.19621008
296,"Kiribati",2074,88,0.24403815,0.19970494,0.21429149
296,"Kiribati",2074,89,0.26553288,0.21860827,0.23363961
296,"Kiribati",2074,90,0.28801028,0.2389104,0.25421113
296,"Kiribati",2074,91,0.31148313,0.26047979,0.2758763
296,"Kiribati",2074,92,0.33588069,0.28301672,0.29848013
296,"Kiribati",2074,93,0.36116561,0.30636613,0.32184851
296,"Kiribati",2074,94,0.38729202,0.33041628,0.34589236
296,"Kiribati",2074,95,0.41419466,0.35519649,0.37056543
296,"Kiribati",2074,96,0.44238593,0.38168392,0.39686541
296,"Kiribati",2074,97,0.4711841,0.40910551,0.42410076
296,"Kiribati",2074,98,0.50038579,0.43743362,0.45184344
296,"Kiribati",2074,99,0.52970432,0.4664792,0.48011306
296,"Kiribati",2074,100,0.58578666,0.52895735,0.53978577
296,"Kiribati",2075,0,0.02316732,0.01163269,0.01757013
296,"Kiribati",2075,1,0.00189179,0.00111781,0.0015157
296,"Kiribati",2075,2,0.00148296,0.00083566,0.00116821
296,"Kiribati",2075,3,0.00116954,0.00062987,0.00090696
296,"Kiribati",2075,4,0.00093304,0.00048273,0.00071382
296,"Kiribati",2075,5,0.00075756,0.00037965,0.00057349
296,"Kiribati",2075,6,0.00062904,0.00030836,0.00047278
296,"Kiribati",2075,7,0.00053884,0.00026171,0.00040375
296,"Kiribati",2075,8,0.00047867,0.00023303,0.00035888
296,"Kiribati",2075,9,0.00044301,0.00021812,0.0003333
296,"Kiribati",2075,10,0.0004284,0.0002142,0.00032388
296,"Kiribati",2075,11,0.00043315,0.0002196,0.00032892
296,"Kiribati",2075,12,0.00045734,0.00023389,0.00034825
296,"Kiribati",2075,13,0.00050216,0.00025689,0.00038239
296,"Kiribati",2075,14,0.00056827,0.00028822,0.00043148
296,"Kiribati",2075,15,0.00065574,0.00032711,0.00049517
296,"Kiribati",2075,16,0.00076052,0.00037098,0.00057012
296,"Kiribati",2075,17,0.00087627,0.00041753,0.00065196
296,"Kiribati",2075,18,0.00099371,0.00046391,0.00073451
296,"Kiribati",2075,19,0.00110129,0.0005072,0.00081045
296,"Kiribati",2075,20,0.0011907,0.0005464,0.00087504
296,"Kiribati",2075,21,0.00125599,0.00058134,0.00092521
296,"Kiribati",2075,22,0.00129691,0.00061327,0.00096146
296,"Kiribati",2075,23,0.00131638,0.00064372,0.00098606
296,"Kiribati",2075,24,0.00132067,0.00067378,0.00100275
296,"Kiribati",2075,25,0.00131741,0.00070436,0.00101589
296,"Kiribati",2075,26,0.00131555,0.00073713,0.00103086
296,"Kiribati",2075,27,0.00132087,0.00077133,0.00105023
296,"Kiribati",2075,28,0.00133734,0.00080743,0.00107621
296,"Kiribati",2075,29,0.00136764,0.000846,0.00111044
296,"Kiribati",2075,30,0.00141174,0.00088784,0.00115328
296,"Kiribati",2075,31,0.00147046,0.00093593,0.00120662
296,"Kiribati",2075,32,0.0015409,0.00098934,0.00126852
296,"Kiribati",2075,33,0.00162183,0.00104898,0.00133879
296,"Kiribati",2075,34,0.0017133,0.00111541,0.00141776
296,"Kiribati",2075,35,0.00181611,0.00118907,0.00150603
296,"Kiribati",2075,36,0.00193348,0.00127174,0.00160609
296,"Kiribati",2075,37,0.00206696,0.00136246,0.0017183
296,"Kiribati",2075,38,0.00221949,0.00146213,0.00184453
296,"Kiribati",2075,39,0.0023944,0.00157215,0.00198713
296,"Kiribati",2075,40,0.00259507,0.00169479,0.00214892
296,"Kiribati",2075,41,0.00282431,0.00183219,0.00233235
296,"Kiribati",2075,42,0.0030863,0.00198825,0.0025415
296,"Kiribati",2075,43,0.00338445,0.00216629,0.00277969
296,"Kiribati",2075,44,0.00372149,0.00236878,0.00304952
296,"Kiribati",2075,45,0.00409937,0.00259744,0.00335283
296,"Kiribati",2075,46,0.00451465,0.00284778,0.00368558
296,"Kiribati",2075,47,0.00497226,0.00312409,0.00405229
296,"Kiribati",2075,48,0.00547457,0.00342665,0.0044543
296,"Kiribati",2075,49,0.00602569,0.00375613,0.00489397
296,"Kiribati",2075,50,0.00663293,0.00411457,0.00537587
296,"Kiribati",2075,51,0.0072958,0.00449322,0.00589557
296,"Kiribati",2075,52,0.00803501,0.00490658,0.00647051
296,"Kiribati",2075,53,0.0088626,0.00536038,0.00710923
296,"Kiribati",2075,54,0.00978799,0.00586171,0.0078168
296,"Kiribati",2075,55,0.01081686,0.00641932,0.00860303
296,"Kiribati",2075,56,0.01193277,0.00702315,0.00945157
296,"Kiribati",2075,57,0.01315073,0.00770137,0.01037736
296,"Kiribati",2075,58,0.01447175,0.00846613,0.01139378
296,"Kiribati",2075,59,0.01590041,0.00933051,0.01251087
296,"Kiribati",2075,60,0.01744729,0.01030833,0.01374106
296,"Kiribati",2075,61,0.01910464,0.01138549,0.01506805
296,"Kiribati",2075,62,0.02091667,0.01260045,0.01652976
296,"Kiribati",2075,63,0.02290949,0.01397118,0.01814738
296,"Kiribati",2075,64,0.02511044,0.01551973,0.0199432
296,"Kiribati",2075,65,0.02754675,0.01727361,0.02194587
296,"Kiribati",2075,66,0.03021795,0.01923134,0.0241733
296,"Kiribati",2075,67,0.03317516,0.02145227,0.02669491
296,"Kiribati",2075,68,0.03644738,0.0239681,0.02953348
296,"Kiribati",2075,69,0.04006538,0.02680547,0.03272568
296,"Kiribati",2075,70,0.04406225,0.0299863,0.03628439
296,"Kiribati",2075,71,0.04845123,0.03349705,0.04019535
296,"Kiribati",2075,72,0.05328921,0.0373764,0.04450179
296,"Kiribati",2075,73,0.05861905,0.04165492,0.04923348
296,"Kiribati",2075,74,0.06448885,0.04638553,0.05439697
296,"Kiribati",2075,75,0.07095368,0.05166287,0.06004527
296,"Kiribati",2075,76,0.07806986,0.0575958,0.06632595
296,"Kiribati",2075,77,0.08591371,0.06432387,0.07336581
296,"Kiribati",2075,78,0.09456622,0.07196907,0.08124297
296,"Kiribati",2075,79,0.10411993,0.08059415,0.09003852
296,"Kiribati",2075,80,0.11467599,0.0902117,0.09983958
296,"Kiribati",2075,81,0.12635775,0.1007666,0.11065394
296,"Kiribati",2075,82,0.13925245,0.11213223,0.12240519
296,"Kiribati",2075,83,0.1534338,0.12423808,0.13507586
296,"Kiribati",2075,84,0.16894593,0.13706023,0.14866165
296,"Kiribati",2075,85,0.18577533,0.15072148,0.16316013
296,"Kiribati",2075,86,0.203911,0.16545645,0.17873047
296,"Kiribati",2075,87,0.22324701,0.1814296,0.19550272
296,"Kiribati",2075,88,0.2436931,0.19882831,0.2135436
296,"Kiribati",2075,89,0.2651857,0.21768357,0.23283271
296,"Kiribati",2075,90,0.28766396,0.23793895,0.25334485
296,"Kiribati",2075,91,0.31114116,0.25946486,0.27500946
296,"Kiribati",2075,92,0.33554558,0.28196216,0.29754528
296,"Kiribati",2075,93,0.36083974,0.30527626,0.32090257
296,"Kiribati",2075,94,0.38697774,0.32929558,0.34492955
296,"Kiribati",2075,95,0.41389454,0.35404918,0.36963387
296,"Kiribati",2075,96,0.44211235,0.38052308,0.39584052
296,"Kiribati",2075,97,0.47094144,0.40793674,0.42294828
296,"Kiribati",2075,98,0.50017855,0.43626294,0.45094452
296,"Kiribati",2075,99,0.52953667,0.46531346,0.47926907
296,"Kiribati",2075,100,0.58569993,0.52782143,0.53888886
296,"Kiribati",2076,0,0.02274855,0.01142784,0.01725516
296,"Kiribati",2076,1,0.00184627,0.00109231,0.00147992
296,"Kiribati",2076,2,0.00144969,0.00081764,0.00114238
296,"Kiribati",2076,3,0.00114519,0.00061704,0.00088824
296,"Kiribati",2076,4,0.00091505,0.00047343,0.00070008
296,"Kiribati",2076,5,0.000744,0.00037271,0.00056318
296,"Kiribati",2076,6,0.00061845,0.00030295,0.00046473
296,"Kiribati",2076,7,0.00053019,0.00025726,0.00039716
296,"Kiribati",2076,8,0.00047125,0.00022916,0.0003532
296,"Kiribati",2076,9,0.00043629,0.00021456,0.00032813
296,"Kiribati",2076,10,0.00042202,0.00021076,0.00031894
296,"Kiribati",2076,11,0.00042679,0.0002161,0.00032396
296,"Kiribati",2076,12,0.00045077,0.00023021,0.00034309
296,"Kiribati",2076,13,0.00049518,0.00025292,0.00037688
296,"Kiribati",2076,14,0.00056069,0.00028387,0.00042548
296,"Kiribati",2076,15,0.00064741,0.00032229,0.00048857
296,"Kiribati",2076,16,0.00075129,0.00036562,0.00056279
296,"Kiribati",2076,17,0.00086603,0.00041161,0.00064384
296,"Kiribati",2076,18,0.00098242,0.00045746,0.00072561
296,"Kiribati",2076,19,0.00108896,0.00050028,0.00080078
296,"Kiribati",2076,20,0.0011774,0.00053907,0.00086468
296,"Kiribati",2076,21,0.00124183,0.0005736,0.00091419
296,"Kiribati",2076,22,0.00128214,0.00060518,0.00094995
296,"Kiribati",2076,23,0.00130128,0.00063533,0.00097423
296,"Kiribati",2076,24,0.00130547,0.0006651,0.00099075
296,"Kiribati",2076,25,0.00130227,0.0006954,0.00100378
296,"Kiribati",2076,26,0.00130044,0.00072782,0.00101859
296,"Kiribati",2076,27,0.00130574,0.00076165,0.00103776
296,"Kiribati",2076,28,0.00132208,0.00079735,0.00106348
296,"Kiribati",2076,29,0.00135209,0.0008355,0.00109737
296,"Kiribati",2076,30,0.00139575,0.00087687,0.00113976
296,"Kiribati",2076,31,0.00145385,0.00092439,0.0011925
296,"Kiribati",2076,32,0.00152355,0.0009772,0.00125373
296,"Kiribati",2076,33,0.00160364,0.00103617,0.00132324
296,"Kiribati",2076,34,0.00169418,0.00110188,0.00140137
296,"Kiribati",2076,35,0.00179598,0.00117476,0.00148874
296,"Kiribati",2076,36,0.00191223,0.00125655,0.00158781
296,"Kiribati",2076,37,0.00204447,0.00134631,0.00169888
296,"Kiribati",2076,38,0.00219564,0.00144492,0.0018239
296,"Kiribati",2076,39,0.00236906,0.00155379,0.00196521
296,"Kiribati",2076,40,0.00256813,0.00167517,0.00212558
296,"Kiribati",2076,41,0.00279567,0.00181121,0.0023075
296,"Kiribati",2076,42,0.00305585,0.00196577,0.00251496
296,"Kiribati",2076,43,0.00335208,0.00214216,0.00275135
296,"Kiribati",2076,44,0.0036871,0.00234283,0.00301922
296,"Kiribati",2076,45,0.00406281,0.00256945,0.00332037
296,"Kiribati",2076,46,0.00447579,0.00281757,0.00365082
296,"Kiribati",2076,47,0.00493085,0.00309137,0.00401503
296,"Kiribati",2076,48,0.00543027,0.00339107,0.00441412
296,"Kiribati",2076,49,0.00597816,0.00371735,0.00485051
296,"Kiribati",2076,50,0.00658181,0.00407224,0.0053288
296,"Kiribati",2076,51,0.00724089,0.00444719,0.00584442
296,"Kiribati",2076,52,0.00797609,0.0048566,0.00641508
296,"Kiribati",2076,53,0.00879953,0.0053062,0.00704952
296,"Kiribati",2076,54,0.00972063,0.00580306,0.00775553
296,"Kiribati",2076,55,0.01074502,0.00635578,0.00853668
296,"Kiribati",2076,56,0.01185622,0.0069543,0.00938259
296,"Kiribati",2076,57,0.01306892,0.0076264,0.01031116
296,"Kiribati",2076,58,0.01438394,0.00838402,0.01132155
296,"Kiribati",2076,59,0.01580572,0.00924011,0.01243015
296,"Kiribati",2076,60,0.01734481,0.01020844,0.01365049
296,"Kiribati",2076,61,0.01899375,0.01127528,0.014972
296,"Kiribati",2076,62,0.02079681,0.01247902,0.01643014
296,"Kiribati",2076,63,0.02278027,0.01383769,0.01804326
296,"Kiribati",2076,64,0.02497156,0.01537338,0.01983524
296,"Kiribati",2076,65,0.02739786,0.01711333,0.02183082
296,"Kiribati",2076,66,0.03005879,0.01905616,0.02403048
296,"Kiribati",2076,67,0.03300492,0.02126033,0.02650939
296,"Kiribati",2076,68,0.03626489,0.02375699,0.02931228
296,"Kiribati",2076,69,0.03986918,0.02657242,0.03245892
296,"Kiribati",2076,70,0.04385059,0.02972831,0.03598447
296,"Kiribati",2076,71,0.04822287,0.03321208,0.03987299
296,"Kiribati",2076,72,0.0530423,0.03706198,0.04415709
296,"Kiribati",2076,73,0.05835176,0.04130881,0.04886894
296,"Kiribati",2076,74,0.06419943,0.04600549,0.05405241
296,"Kiribati",2076,75,0.07064058,0.05124617,0.05973708
296,"Kiribati",2076,76,0.07773302,0.05714061,0.06598666
296,"Kiribati",2076,77,0.08555226,0.0638263,0.07297852
296,"Kiribati",2076,78,0.0941795,0.07142459,0.08083209
296,"Kiribati",2076,79,0.10370722,0.07999811,0.08959602
296,"Kiribati",2076,80,0.11423643,0.08955951,0.09932364
296,"Kiribati",2076,81,0.12589213,0.1000572,0.11007005
296,"Kiribati",2076,82,0.13875947,0.11136349,0.12177684
296,"Kiribati",2076,83,0.152912,0.12340856,0.13438872
296,"Kiribati",2076,84,0.16839398,0.13616903,0.14790161
296,"Kiribati",2076,85,0.18519254,0.1497669,0.16238199
296,"Kiribati",2076,86,0.20330035,0.16443991,0.1779025
296,"Kiribati",2076,87,0.22261018,0.18034948,0.19455399
296,"Kiribati",2076,88,0.24303272,0.197683,0.21250563
296,"Kiribati",2076,89,0.26450485,0.21647314,0.23173704
296,"Kiribati",2076,90,0.28696597,0.23666471,0.25217309
296,"Kiribati",2076,91,0.31043177,0.25813383,0.27376617
296,"Kiribati",2076,92,0.33482811,0.280581,0.29629309
296,"Kiribati",2076,93,0.36011755,0.30385226,0.3195748
296,"Kiribati",2076,94,0.38625427,0.32783676,0.34358759
296,"Kiribati",2076,95,0.41317366,0.35256233,0.36827429
296,"Kiribati",2076,96,0.44142012,0.37903946,0.39453915
296,"Kiribati",2076,97,0.47028567,0.40646658,0.42157585
296,"Kiribati",2076,98,0.49956745,0.43481706,0.44947425
296,"Kiribati",2076,99,0.52897842,0.46390534,0.47808537
296,"Kiribati",2076,100,0.58519943,0.52639243,0.53769055
296,"Kiribati",2077,0,0.02232555,0.01124136,0.01694798
296,"Kiribati",2077,1,0.00179816,0.00106914,0.00144394
296,"Kiribati",2077,2,0.00141452,0.00080116,0.00111631
296,"Kiribati",2077,3,0.00111947,0.00060523,0.00086932
296,"Kiribati",2077,4,0.00089608,0.00046481,0.00068617
296,"Kiribati",2077,5,0.00072974,0.00036623,0.00055272
296,"Kiribati",2077,6,0.00060734,0.00029786,0.00045657
296,"Kiribati",2077,7,0.00052114,0.00025305,0.00039048
296,"Kiribati",2077,8,0.00046347,0.00022548,0.00034744
296,"Kiribati",2077,9,0.00042924,0.00021116,0.00032288
296,"Kiribati",2077,10,0.0004153,0.00020745,0.00031389
296,"Kiribati",2077,11,0.00042008,0.00021274,0.00031889
296,"Kiribati",2077,12,0.00044382,0.00022666,0.00033781
296,"Kiribati",2077,13,0.00048778,0.00024907,0.00037121
296,"Kiribati",2077,14,0.00055265,0.00027962,0.00041929
296,"Kiribati",2077,15,0.00063859,0.00031756,0.00048175
296,"Kiribati",2077,16,0.00074152,0.00036034,0.00055523
296,"Kiribati",2077,17,0.00085522,0.00040577,0.00063547
296,"Kiribati",2077,18,0.0009705,0.00045107,0.00071639
296,"Kiribati",2077,19,0.00107591,0.00049338,0.00079076
296,"Kiribati",2077,20,0.00116331,0.00053173,0.00085391
296,"Kiribati",2077,21,0.00122679,0.00056585,0.00090273
296,"Kiribati",2077,22,0.0012664,0.00059705,0.00093794
296,"Kiribati",2077,23,0.00128514,0.00062686,0.00096184
296,"Kiribati",2077,24,0.0012892,0.00065632,0.00097813
296,"Kiribati",2077,25,0.00128603,0.00068631,0.00099105
296,"Kiribati",2077,26,0.00128421,0.00071835,0.00100568
296,"Kiribati",2077,27,0.00128947,0.00075179,0.00102464
296,"Kiribati",2077,28,0.00130565,0.00078707,0.00105006
296,"Kiribati",2077,29,0.00133535,0.00082476,0.00108356
296,"Kiribati",2077,30,0.00137854,0.00086564,0.00112548
296,"Kiribati",2077,31,0.00143598,0.00091256,0.0011776
296,"Kiribati",2077,32,0.0015049,0.00096471,0.0012381
296,"Kiribati",2077,33,0.00158412,0.00102298,0.00130684
296,"Kiribati",2077,34,0.00167371,0.00108793,0.00138411
296,"Kiribati",2077,35,0.00177448,0.00115997,0.00147053
296,"Kiribati",2077,36,0.00188958,0.00124082,0.00156855
296,"Kiribati",2077,37,0.00202056,0.00132955,0.00167848
296,"Kiribati",2077,38,0.00217036,0.00142704,0.00180222
296,"Kiribati",2077,39,0.00234229,0.00153468,0.00194215
296,"Kiribati",2077,40,0.00253975,0.0016547,0.00210107
296,"Kiribati",2077,41,0.0027656,0.00178925,0.00228143
296,"Kiribati",2077,42,0.00302402,0.00194219,0.00248722
296,"Kiribati",2077,43,0.00331844,0.00211678,0.00272177
296,"Kiribati",2077,44,0.00365158,0.00231545,0.00298768
296,"Kiribati",2077,45,0.00402533,0.00253982,0.00328667
296,"Kiribati",2077,46,0.00443624,0.00278549,0.00361481
296,"Kiribati",2077,47,0.00488898,0.00305653,0.00397644
296,"Kiribati",2077,48,0.0053858,0.00335311,0.0043727
296,"Kiribati",2077,49,0.00593073,0.00367589,0.0048058
296,"Kiribati",2077,50,0.00653109,0.0040269,0.00528043
296,"Kiribati",2077,51,0.00718671,0.0043978,0.00579226
296,"Kiribati",2077,52,0.00791834,0.00480288,0.00635861
296,"Kiribati",2077,53,0.00873821,0.00524787,0.0069886
296,"Kiribati",2077,54,0.00965577,0.00573977,0.00769024
296,"Kiribati",2077,55,0.01067659,0.00628704,0.00847002
296,"Kiribati",2077,56,0.01178411,0.00687967,0.00931067
296,"Kiribati",2077,57,0.01299265,0.007545,0.01023638
296,"Kiribati",2077,58,0.01430277,0.00829474,0.01124963
296,"Kiribati",2077,59,0.01571875,0.00914171,0.01235119
296,"Kiribati",2077,60,0.01725113,0.01009961,0.01356177
296,"Kiribati",2077,61,0.01889281,0.01115512,0.01487248
296,"Kiribati",2077,62,0.02068819,0.01234647,0.01632459
296,"Kiribati",2077,63,0.02266385,0.01369174,0.01793389
296,"Kiribati",2077,64,0.0248474,0.01521302,0.01972115
296,"Kiribati",2077,65,0.02726597,0.01693729,0.02171257
296,"Kiribati",2077,66,0.02991929,0.01886322,0.02390467
296,"Kiribati",2077,67,0.03285733,0.02104837,0.02635308
296,"Kiribati",2077,68,0.03610839,0.02352329,0.02910923
296,"Kiribati",2077,69,0.03970259,0.02631388,0.03221648
296,"Kiribati",2077,70,0.04367244,0.02944158,0.035692
296,"Kiribati",2077,71,0.04803216,0.03289466,0.03954442
296,"Kiribati",2077,72,0.05283752,0.03671099,0.04380331
296,"Kiribati",2077,73,0.0581315,0.04092152,0.04849009
296,"Kiribati",2077,74,0.06396249,0.04557911,0.05365127
296,"Kiribati",2077,75,0.07038607,0.05077733,0.0593562
296,"Kiribati",2077,76,0.07746156,0.0566264,0.06564385
296,"Kiribati",2077,77,0.08526401,0.06326183,0.07259908
296,"Kiribati",2077,78,0.09387499,0.07080416,0.0803974
296,"Kiribati",2077,79,0.10338711,0.07931579,0.0891314
296,"Kiribati",2077,80,0.11390128,0.08880939,0.09882016
296,"Kiribati",2077,81,0.12554389,0.09923638,0.10948604
296,"Kiribati",2077,82,0.13839828,0.11046853,0.12111591
296,"Kiribati",2077,83,0.15253788,0.12243673,0.13367551
296,"Kiribati",2077,84,0.16800707,0.13511813,0.14711995
296,"Kiribati",2077,85,0.18479374,0.14863376,0.16151457
296,"Kiribati",2077,86,0.20289388,0.16322336,0.17701064
296,"Kiribati",2077,87,0.2221994,0.17904568,0.1935973
296,"Kiribati",2077,88,0.24262198,0.19628782,0.21140582
296,"Kiribati",2077,89,0.26409883,0.21498398,0.23052882
296,"Kiribati",2077,90,0.2865694,0.23508023,0.25088859
296,"Kiribati",2077,91,0.31005112,0.25645773,0.27238752
296,"Kiribati",2077,92,0.33446756,0.27881761,0.29482127
296,"Kiribati",2077,93,0.35978114,0.3020067,0.31807178
296,"Kiribati",2077,94,0.38594609,0.32591498,0.34198212
296,"Kiribati",2077,95,0.41289828,0.35056894,0.36662594
296,"Kiribati",2077,96,0.44120085,0.3769949,0.39285823
296,"Kiribati",2077,97,0.47013051,0.40437738,0.4199134
296,"Kiribati",2077,98,0.49948446,0.43269026,0.44769552
296,"Kiribati",2077,99,0.52897498,0.46175085,0.47616607
296,"Kiribati",2077,100,0.5852777,0.52419868,0.53595763
296,"Kiribati",2078,0,0.02199337,0.01109234,0.01670454
296,"Kiribati",2078,1,0.00176159,0.00104992,0.00141584
296,"Kiribati",2078,2,0.00138768,0.00078754,0.00109591
296,"Kiribati",2078,3,0.00109975,0.00059551,0.00085446
296,"Kiribati",2078,4,0.00088145,0.00045775,0.00067525
296,"Kiribati",2078,5,0.00071868,0.00036094,0.00054449
296,"Kiribati",2078,6,0.00059869,0.00029373,0.00045013
296,"Kiribati",2078,7,0.00051406,0.00024965,0.00038521
296,"Kiribati",2078,8,0.00045739,0.00022251,0.00034288
296,"Kiribati",2078,9,0.00042373,0.00020842,0.00031873
296,"Kiribati",2078,10,0.00041005,0.00020479,0.00030992
296,"Kiribati",2078,11,0.00041485,0.00021003,0.0003149
296,"Kiribati",2078,12,0.00043842,0.00022382,0.00033366
296,"Kiribati",2078,13,0.00048203,0.00024599,0.00036677
296,"Kiribati",2078,14,0.00054641,0.00027624,0.00041445
296,"Kiribati",2078,15,0.00063174,0.00031382,0.00047642
296,"Kiribati",2078,16,0.00073394,0.00035619,0.00054934
296,"Kiribati",2078,17,0.00084684,0.00040121,0.00062898
296,"Kiribati",2078,18,0.00096129,0.00044611,0.00070928
296,"Kiribati",2078,19,0.00106587,0.00048807,0.00078303
296,"Kiribati",2078,20,0.0011525,0.00052612,0.00084566
296,"Kiribati",2078,21,0.00121529,0.00055993,0.00089398
296,"Kiribati",2078,22,0.00125441,0.00059088,0.0009288
296,"Kiribati",2078,23,0.00127289,0.00062046,0.00095245
296,"Kiribati",2078,24,0.00127688,0.0006497,0.00096859
296,"Kiribati",2078,25,0.00127376,0.0006795,0.00098144
296,"Kiribati",2078,26,0.00127193,0.00071125,0.00099594
296,"Kiribati",2078,27,0.00127714,0.00074438,0.00101472
296,"Kiribati",2078,28,0.00129317,0.00077933,0.00103991
296,"Kiribati",2078,29,0.00132261,0.00081666,0.00107309
296,"Kiribati",2078,30,0.0013654,0.00085715,0.00111462
296,"Kiribati",2078,31,0.00142223,0.00090355,0.00116617
296,"Kiribati",2078,32,0.00149043,0.00095512,0.00122603
296,"Kiribati",2078,33,0.00156883,0.00101276,0.00129404
296,"Kiribati",2078,34,0.00165752,0.00107703,0.00137053
296,"Kiribati",2078,35,0.00175731,0.00114833,0.00145608
296,"Kiribati",2078,36,0.00187124,0.00122827,0.00155305
296,"Kiribati",2078,37,0.00200093,0.001316,0.00166183
296,"Kiribati",2078,38,0.00214929,0.00141239,0.0017843
296,"Kiribati",2078,39,0.00231964,0.0015188,0.00192279
296,"Kiribati",2078,40,0.00251536,0.00163746,0.00208015
296,"Kiribati",2078,41,0.00273928,0.0017705,0.00225881
296,"Kiribati",2078,42,0.00299561,0.00192174,0.00246273
296,"Kiribati",2078,43,0.00328776,0.00209443,0.00269521
296,"Kiribati",2078,44,0.00361844,0.00229098,0.0029588
296,"Kiribati",2078,45,0.0039895,0.00251294,0.00325522
296,"Kiribati",2078,46,0.00439751,0.00275598,0.00358054
296,"Kiribati",2078,47,0.004847,0.003024,0.00393896
296,"Kiribati",2078,48,0.00534012,0.00331711,0.0043316
296,"Kiribati",2078,49,0.00588084,0.00363596,0.00476068
296,"Kiribati",2078,50,0.00647648,0.00398256,0.00523068
296,"Kiribati",2078,51,0.00712716,0.0043489,0.00573767
296,"Kiribati",2078,52,0.00785344,0.00474904,0.00629882
296,"Kiribati",2078,53,0.00866759,0.00518868,0.00692288
296,"Kiribati",2078,54,0.00957905,0.00567476,0.00761818
296,"Kiribati",2078,55,0.01059327,0.00621558,0.00839129
296,"Kiribati",2078,56,0.01169413,0.0068015,0.0092288
296,"Kiribati",2078,57,0.01289522,0.00745908,0.0101464
296,"Kiribati",2078,58,0.01419685,0.00819978,0.01115378
296,"Kiribati",2078,59,0.01560316,0.00903623,0.01225541
296,"Kiribati",2078,60,0.01712461,0.00998206,0.01345495
296,"Kiribati",2078,61,0.01875516,0.01102498,0.01475256
296,"Kiribati",2078,62,0.02053856,0.01220253,0.01619022
296,"Kiribati",2078,63,0.02250152,0.01353282,0.01779012
296,"Kiribati",2078,64,0.02467172,0.01503791,0.01957007
296,"Kiribati",2078,65,0.02707617,0.01674448,0.02155264
296,"Kiribati",2078,66,0.02971579,0.01865226,0.02373721
296,"Kiribati",2078,67,0.03263902,0.02081701,0.0261734
296,"Kiribati",2078,68,0.03587376,0.02326865,0.028892
296,"Kiribati",2078,69,0.03944978,0.02603269,0.03194374
296,"Kiribati",2078,70,0.04339929,0.02913031,0.03537106
296,"Kiribati",2078,71,0.04773829,0.03255208,0.03916556
296,"Kiribati",2078,72,0.05252084,0.03633444,0.04338072
296,"Kiribati",2078,73,0.05778994,0.04050854,0.04803552
296,"Kiribati",2078,74,0.06359409,0.04512729,0.05316495
296,"Kiribati",2078,75,0.06998906,0.05028369,0.05884114
296,"Kiribati",2078,76,0.07703687,0.05608994,0.06514848
296,"Kiribati",2078,77,0.08481089,0.06267853,0.07214107
296,"Kiribati",2078,78,0.09339292,0.0701694,0.07989714
296,"Kiribati",2078,79,0.10287564,0.07862494,0.08856992
296,"Kiribati",2078,80,0.11335985,0.08805806,0.09822516
296,"Kiribati",2078,81,0.12497407,0.09842431,0.10885302
296,"Kiribati",2078,82,0.13779933,0.10959447,0.12040138
296,"Kiribati",2078,83,0.15190909,0.12150037,0.13288463
296,"Kiribati",2078,84,0.16734801,0.1341199,0.14628144
296,"Kiribati",2078,85,0.18410489,0.14757335,0.16061238
296,"Kiribati",2078,86,0.2021785,0.16210205,0.17602983
296,"Kiribati",2078,87,0.22146073,0.1778632,0.1926061
296,"Kiribati",2078,88,0.24186452,0.19504407,0.21036375
296,"Kiribati",2078,89,0.26332781,0.21368088,0.22935807
296,"Kiribati",2078,90,0.28579055,0.23372129,0.24963267
296,"Kiribati",2078,91,0.30926982,0.25504874,0.27108638
296,"Kiribati",2078,92,0.33368953,0.27736753,0.29346078
296,"Kiribati",2078,93,0.35901222,0.30052533,0.31665838
296,"Kiribati",2078,94,0.3851923,0.32441299,0.34058571
296,"Kiribati",2078,95,0.41216603,0.34905582,0.36517818
296,"Kiribati",2078,96,0.4405213,0.37550591,0.39145234
296,"Kiribati",2078,97,0.46951451,0.40292611,0.41855298
296,"Kiribati",2078,98,0.49894333,0.43129112,0.44644167
296,"Kiribati",2078,99,0.52852017,0.46042116,0.47489425
296,"Kiribati",2078,100,0.58486214,0.52276089,0.5346181
296,"Kiribati",2079,0,0.02167129,0.01093213,0.01646162
296,"Kiribati",2079,1,0.00172782,0.00103056,0.00138911
296,"Kiribati",2079,2,0.00136267,0.00077376,0.0010764
296,"Kiribati",2079,3,0.00108121,0.00058562,0.00084015
296,"Kiribati",2079,4,0.00086758,0.00045052,0.00066462
296,"Kiribati",2079,5,0.0007081,0.00035551,0.00053644
296,"Kiribati",2079,6,0.00059035,0.00028947,0.0004438
296,"Kiribati",2079,7,0.00050721,0.00024613,0.00037999
296,"Kiribati",2079,8,0.00045148,0.00021944,0.00033837
296,"Kiribati",2079,9,0.00041837,0.00020558,0.0003146
296,"Kiribati",2079,10,0.00040495,0.00020203,0.00030597
296,"Kiribati",2079,11,0.00040976,0.00020724,0.00031094
296,"Kiribati",2079,12,0.00043314,0.00022087,0.00032953
296,"Kiribati",2079,13,0.0004764,0.00024281,0.00036235
296,"Kiribati",2079,14,0.00054028,0.00027275,0.00040961
296,"Kiribati",2079,15,0.00062497,0.00030996,0.00047108
296,"Kiribati",2079,16,0.00072642,0.00035191,0.0005434
296,"Kiribati",2079,17,0.00083849,0.00039649,0.00062241
296,"Kiribati",2079,18,0.00095208,0.00044098,0.00070209
296,"Kiribati",2079,19,0.00105581,0.00048258,0.00077523
296,"Kiribati",2079,20,0.00114169,0.00052032,0.00083731
296,"Kiribati",2079,21,0.00120381,0.00055383,0.00088515
296,"Kiribati",2079,22,0.00124245,0.00058451,0.00091961
296,"Kiribati",2079,23,0.00126069,0.00061385,0.00094301
296,"Kiribati",2079,24,0.00126463,0.00064288,0.00095901
296,"Kiribati",2079,25,0.00126158,0.00067247,0.00097177
296,"Kiribati",2079,26,0.00125974,0.00070392,0.00098612
296,"Kiribati",2079,27,0.00126489,0.00073673,0.00100473
296,"Kiribati",2079,28,0.00128078,0.00077134,0.00102968
296,"Kiribati",2079,29,0.00130994,0.0008083,0.00106254
296,"Kiribati",2079,30,0.00135234,0.0008484,0.00110367
296,"Kiribati",2079,31,0.00140854,0.00089426,0.00115464
296,"Kiribati",2079,32,0.00147601,0.00094526,0.00121385
296,"Kiribati",2079,33,0.00155361,0.00100226,0.00128114
296,"Kiribati",2079,34,0.00164139,0.00106584,0.00135683
296,"Kiribati",2079,35,0.00174018,0.00113639,0.00144151
296,"Kiribati",2079,36,0.00185292,0.00121542,0.00153742
296,"Kiribati",2079,37,0.00198129,0.00130214,0.00164502
296,"Kiribati",2079,38,0.00212819,0.00139741,0.00176619
296,"Kiribati",2079,39,0.0022969,0.00150259,0.00190326
296,"Kiribati",2079,40,0.00249082,0.0016199,0.00205899
296,"Kiribati",2079,41,0.00271272,0.0017514,0.00223586
296,"Kiribati",2079,42,0.00296683,0.00190095,0.00243786
296,"Kiribati",2079,43,0.00325658,0.00207175,0.00266823
296,"Kiribati",2079,44,0.00358463,0.00226618,0.00292946
296,"Kiribati",2079,45,0.0039528,0.00248576,0.00322321
296,"Kiribati",2079,46,0.0043577,0.00272616,0.00354563
296,"Kiribati",2079,47,0.0048037,0.00299117,0.00390076
296,"Kiribati",2079,48,0.00529289,0.00328084,0.00428963
296,"Kiribati",2079,49,0.00582918,0.0035958,0.0047145
296,"Kiribati",2079,50,0.00641983,0.00393803,0.00517987
296,"Kiribati",2079,51,0.00706529,0.00429986,0.00568192
296,"Kiribati",2079,52,0.00778589,0.00469512,0.0062377
296,"Kiribati",2079,53,0.00859393,0.0051295,0.00685603
296,"Kiribati",2079,54,0.00949884,0.0056099,0.00754476
296,"Kiribati",2079,55,0.01050601,0.0061444,0.00831078
296,"Kiribati",2079,56,0.01159968,0.00672372,0.00914125
296,"Kiribati",2079,57,0.01279277,0.00737368,0.01005497
296,"Kiribati",2079,58,0.01408535,0.00810543,0.01105281
296,"Kiribati",2079,59,0.01548139,0.00893149,0.01214728
296,"Kiribati",2079,60,0.01699128,0.00986538,0.01334611
296,"Kiribati",2079,61,0.01861001,0.01089581,0.01463202
296,"Kiribati",2079,62,0.02038065,0.01205973,0.01605514
296,"Kiribati",2079,63,0.02233008,0.01337531,0.01763926
296,"Kiribati",2079,64,0.024486,0.01486464,0.01940899
296,"Kiribati",2079,65,0.02687531,0.0165541,0.02138347
296,"Kiribati",2079,66,0.02950009,0.01844438,0.02355948
296,"Kiribati",2079,67,0.03240725,0.02058951,0.02598686
296,"Kiribati",2079,68,0.03562431,0.02301876,0.02869123
296,"Kiribati",2079,69,0.03918066,0.02575722,0.03170154
296,"Kiribati",2079,70,0.04310818,0.02882585,0.03506822
296,"Kiribati",2079,71,0.0474246,0.03221737,0.03881201
296,"Kiribati",2079,72,0.05218227,0.03596697,0.04296445
296,"Kiribati",2079,73,0.05742419,0.04010608,0.04757184
296,"Kiribati",2079,74,0.06319894,0.0446877,0.0526667
296,"Kiribati",2079,75,0.06956249,0.04980434,0.05830865
296,"Kiribati",2079,76,0.07657943,0.05557021,0.06458758
296,"Kiribati",2079,77,0.08432149,0.06211487,0.07160092
296,"Kiribati",2079,78,0.09287072,0.06955774,0.07939584
296,"Kiribati",2079,79,0.10231982,0.07796129,0.08802389
296,"Kiribati",2079,80,0.11276946,0.08733865,0.09761534
296,"Kiribati",2079,81,0.12435016,0.09764951,0.10821253
296,"Kiribati",2079,82,0.13714067,0.10876365,0.11972509
296,"Kiribati",2079,83,0.15121443,0.12061378,0.1321271
296,"Kiribati",2079,84,0.16661636,0.1331786,0.14544828
296,"Kiribati",2079,85,0.18333618,0.14657754,0.1597346
296,"Kiribati",2079,86,0.20137533,0.1610539,0.17509222
296,"Kiribati",2079,87,0.22062587,0.17676352,0.19159206
296,"Kiribati",2079,88,0.24100205,0.19389411,0.20934835
296,"Kiribati",2079,89,0.2624427,0.21248449,0.22830079
296,"Kiribati",2079,90,0.28488836,0.23248404,0.24845564
296,"Kiribati",2079,91,0.30835583,0.25377916,0.26983965
296,"Kiribati",2079,92,0.3327695,0.27607746,0.29219024
296,"Kiribati",2079,93,0.35809199,0.29922722,0.31535268
296,"Kiribati",2079,94,0.38427782,0.32312024,0.33925472
296,"Kiribati",2079,95,0.41126354,0.34778001,0.36389499
296,"Kiribati",2079,96,0.43966062,0.3742846,0.39017641
296,"Kiribati",2079,97,0.46870607,0.40177475,0.41735888
296,"Kiribati",2079,98,0.49819808,0.43022593,0.44533645
296,"Kiribati",2079,99,0.52784949,0.459462,0.47394369
296,"Kiribati",2079,100,0.58423084,0.52175854,0.533574
296,"Kiribati",2080,0,0.02135896,0.01079461,0.01623459
296,"Kiribati",2080,1,0.00169482,0.00101265,0.00136346
296,"Kiribati",2080,2,0.00133823,0.00076105,0.00105769
296,"Kiribati",2080,3,0.00106308,0.00057654,0.00082645
296,"Kiribati",2080,4,0.00085401,0.00044391,0.00065445
296,"Kiribati",2080,5,0.00069776,0.00035055,0.00052872
296,"Kiribati",2080,6,0.00058221,0.00028558,0.00043774
296,"Kiribati",2080,7,0.00050052,0.00024292,0.00037501
296,"Kiribati",2080,8,0.00044571,0.00021664,0.00033406
296,"Kiribati",2080,9,0.00041313,0.00020299,0.00031067
296,"Kiribati",2080,10,0.00039995,0.00019952,0.00030219
296,"Kiribati",2080,11,0.00040477,0.00020467,0.00030714
296,"Kiribati",2080,12,0.00042798,0.00021817,0.00032558
296,"Kiribati",2080,13,0.00047089,0.00023989,0.00035811
296,"Kiribati",2080,14,0.00053428,0.00026953,0.00040498
296,"Kiribati",2080,15,0.00061836,0.0003064,0.00046596
296,"Kiribati",2080,16,0.00071907,0.00034796,0.00053771
296,"Kiribati",2080,17,0.00083033,0.00039214,0.00061611
296,"Kiribati",2080,18,0.00094307,0.00043625,0.00069518
296,"Kiribati",2080,19,0.00104598,0.0004775,0.00076776
296,"Kiribati",2080,20,0.00113112,0.00051495,0.00082931
296,"Kiribati",2080,21,0.00119256,0.00054817,0.00087666
296,"Kiribati",2080,22,0.00123074,0.0005786,0.00091077
296,"Kiribati",2080,23,0.00124874,0.00060772,0.00093393
296,"Kiribati",2080,24,0.00125262,0.00063655,0.0009498
296,"Kiribati",2080,25,0.00124963,0.00066594,0.00096249
296,"Kiribati",2080,26,0.00124778,0.0006971,0.00097668
296,"Kiribati",2080,27,0.00125288,0.00072962,0.00099511
296,"Kiribati",2080,28,0.00126862,0.00076391,0.00101984
296,"Kiribati",2080,29,0.00129751,0.00080053,0.00105239
296,"Kiribati",2080,30,0.00133952,0.00084025,0.00109314
296,"Kiribati",2080,31,0.00139511,0.0008856,0.00114354
296,"Kiribati",2080,32,0.00146187,0.00093604,0.00120212
296,"Kiribati",2080,33,0.00153866,0.00099245,0.00126872
296,"Kiribati",2080,34,0.00162557,0.00105537,0.00134363
296,"Kiribati",2080,35,0.00172338,0.0011252,0.00142747
296,"Kiribati",2080,36,0.00183496,0.00120336,0.00152238
296,"Kiribati",2080,37,0.00196205,0.00128913,0.00162885
296,"Kiribati",2080,38,0.00210751,0.00138334,0.00174876
296,"Kiribati",2080,39,0.00227464,0.00148736,0.00188444
296,"Kiribati",2080,40,0.00246679,0.00160336,0.00203865
296,"Kiribati",2080,41,0.00268673,0.00173341,0.00221376
296,"Kiribati",2080,42,0.0029387,0.00188135,0.00241387
296,"Kiribati",2080,43,0.00322611,0.00205035,0.00264221
296,"Kiribati",2080,44,0.00355162,0.00224276,0.0029012
296,"Kiribati",2080,45,0.00391702,0.00246005,0.00319243
296,"Kiribati",2080,46,0.00431892,0.00269794,0.00351206
296,"Kiribati",2080,47,0.00476157,0.00296009,0.00386405
296,"Kiribati",2080,48,0.00524697,0.00324646,0.00424933
296,"Kiribati",2080,49,0.00577897,0.00355767,0.0046701
296,"Kiribati",2080,50,0.00636482,0.0038957,0.00513092
296,"Kiribati",2080,51,0.00700524,0.00425319,0.00562834
296,"Kiribati",2080,52,0.00772037,0.00464376,0.00617896
296,"Kiribati",2080,53,0.00852256,0.00507306,0.00679173
296,"Kiribati",2080,54,0.00942122,0.00554795,0.00747452
296,"Kiribati",2080,55,0.01042165,0.00607633,0.00823361
296,"Kiribati",2080,56,0.01150848,0.00664929,0.00905703
296,"Kiribati",2080,57,0.01269394,0.00729189,0.00996311
296,"Kiribati",2080,58,0.01397789,0.00801504,0.01095668
296,"Kiribati",2080,59,0.0153641,0.00883109,0.01204061
296,"Kiribati",2080,60,0.01686291,0.00975347,0.01323157
296,"Kiribati",2080,61,0.01847029,0.01077191,0.01451771
296,"Kiribati",2080,62,0.02022873,0.01192269,0.01592858
296,"Kiribati",2080,63,0.02216522,0.01322405,0.01749762
296,"Kiribati",2080,64,0.02430753,0.01469806,0.01925106
296,"Kiribati",2080,65,0.02668246,0.01637081,0.02121507
296,"Kiribati",2080,66,0.0292932,0.01824397,0.02338403
296,"Kiribati",2080,67,0.03218518,0.02036986,0.02580218
296,"Kiribati",2080,68,0.03538555,0.02277716,0.02849668
296,"Kiribati",2080,69,0.03892331,0.02549056,0.03149114
296,"Kiribati",2080,70,0.04283004,0.02853076,0.03481299
296,"Kiribati",2080,71,0.04712511,0.03189265,0.03849375
296,"Kiribati",2080,72,0.05185926,0.03561008,0.04259234
296,"Kiribati",2080,73,0.05707549,0.03971476,0.04713329
296,"Kiribati",2080,74,0.06282246,0.04425971,0.05217825
296,"Kiribati",2080,75,0.06915636,0.04933693,0.05778415
296,"Kiribati",2080,76,0.07614433,0.05506248,0.06402976
296,"Kiribati",2080,77,0.08385651,0.06156311,0.07101379
296,"Kiribati",2080,78,0.09237525,0.06895767,0.07883072
296,"Kiribati",2080,79,0.10179327,0.07730863,0.08749894
296,"Kiribati",2080,80,0.11221117,0.08662936,0.09704303
296,"Kiribati",2080,81,0.12376138,0.0968834,0.10757632
296,"Kiribati",2080,82,0.13652047,0.10793967,0.11905847
296,"Kiribati",2080,83,0.15056186,0.11973173,0.13142551
296,"Kiribati",2080,84,0.16593073,0.13223902,0.14466263
296,"Kiribati",2080,85,0.18261769,0.14558022,0.15886949
296,"Kiribati",2080,86,0.20062685,0.16000022,0.17418277
296,"Kiribati",2080,87,0.2198504,0.17565345,0.19061977
296,"Kiribati",2080,88,0.24020394,0.19272789,0.20829548
296,"Kiribati",2080,89,0.26162711,0.21126442,0.22724758
296,"Kiribati",2080,90,0.28406105,0.23121399,0.24735872
296,"Kiribati",2080,91,0.30752228,0.25246529,0.26861918
296,"Kiribati",2080,92,0.3319356,0.27472904,0.29089883
296,"Kiribati",2080,93,0.35726373,0.29785426,0.31403559
296,"Kiribati",2080,94,0.38346127,0.32173359,0.3378989
296,"Kiribati",2080,95,0.41046503,0.34638926,0.36250766
296,"Kiribati",2080,96,0.43890939,0.37292342,0.38885429
296,"Kiribati",2080,97,0.46801251,0.40045661,0.41603767
296,"Kiribati",2080,98,0.49757308,0.42896511,0.4440896
296,"Kiribati",2080,99,0.52730426,0.45827579,0.47277873
296,"Kiribati",2080,100,0.5837313,0.52048646,0.53235859
296,"Kiribati",2081,0,0.02104771,0.01065777,0.01600785
296,"Kiribati",2081,1,0.00166189,0.00099492,0.00133795
296,"Kiribati",2081,2,0.0013138,0.00074844,0.00103902
296,"Kiribati",2081,3,0.00104493,0.0005675,0.00081276
296,"Kiribati",2081,4,0.00084042,0.00043732,0.00064428
296,"Kiribati",2081,5,0.00068738,0.00034559,0.00052099
296,"Kiribati",2081,6,0.00057402,0.00028169,0.00043166
296,"Kiribati",2081,7,0.00049379,0.00023971,0.00037001
296,"Kiribati",2081,8,0.0004399,0.00021382,0.00032972
296,"Kiribati",2081,9,0.00040784,0.00020039,0.0003067
296,"Kiribati",2081,10,0.00039491,0.00019698,0.00029838
296,"Kiribati",2081,11,0.00039974,0.00020209,0.00030331
296,"Kiribati",2081,12,0.00042276,0.00021544,0.00032159
296,"Kiribati",2081,13,0.00046532,0.00023694,0.00035383
296,"Kiribati",2081,14,0.00052819,0.00026628,0.00040029
296,"Kiribati",2081,15,0.00061164,0.00030279,0.00046077
296,"Kiribati",2081,16,0.00071159,0.00034395,0.00053193
296,"Kiribati",2081,17,0.00082202,0.00038772,0.00060971
296,"Kiribati",2081,18,0.0009339,0.00043143,0.00068814
296,"Kiribati",2081,19,0.00103596,0.00047233,0.00076011
296,"Kiribati",2081,20,0.00112033,0.00050947,0.00082115
296,"Kiribati",2081,21,0.00118109,0.00054239,0.000868
296,"Kiribati",2081,22,0.00121879,0.00057256,0.00090172
296,"Kiribati",2081,23,0.00123654,0.00060145,0.00092467
296,"Kiribati",2081,24,0.00124035,0.00063006,0.00094039
296,"Kiribati",2081,25,0.00123743,0.00065924,0.000953
296,"Kiribati",2081,26,0.00123556,0.00069011,0.00096703
296,"Kiribati",2081,27,0.0012406,0.00072232,0.00098527
296,"Kiribati",2081,28,0.00125619,0.00075628,0.00100976
296,"Kiribati",2081,29,0.00128481,0.00079254,0.00104201
296,"Kiribati",2081,30,0.00132641,0.00083188,0.00108236
296,"Kiribati",2081,31,0.00138139,0.00087671,0.0011322
296,"Kiribati",2081,32,0.00144743,0.00092659,0.00119013
296,"Kiribati",2081,33,0.00152341,0.00098238,0.00125601
296,"Kiribati",2081,34,0.00160941,0.00104463,0.00133015
296,"Kiribati",2081,35,0.00170623,0.00111373,0.00141312
296,"Kiribati",2081,36,0.00181664,0.00119101,0.00150699
296,"Kiribati",2081,37,0.00194242,0.0012758,0.00161234
296,"Kiribati",2081,38,0.00208644,0.00136894,0.00173098
296,"Kiribati",2081,39,0.00225195,0.00147176,0.00186523
296,"Kiribati",2081,40,0.00244231,0.00158645,0.00201788
296,"Kiribati",2081,41,0.00266026,0.00171502,0.00219127
296,"Kiribati",2081,42,0.00291005,0.00186131,0.00238941
296,"Kiribati",2081,43,0.00319509,0.00202848,0.00261564
296,"Kiribati",2081,44,0.00351803,0.00221884,0.00287235
296,"Kiribati",2081,45,0.0038806,0.0024338,0.00316105
296,"Kiribati",2081,46,0.00427947,0.00266914,0.00347791
296,"Kiribati",2081,47,0.00471872,0.00292838,0.0038267
296,"Kiribati",2081,48,0.00520028,0.0032114,0.00420836
296,"Kiribati",2081,49,0.00572795,0.00351883,0.00462501
296,"Kiribati",2081,50,0.00630893,0.0038526,0.00508118
296,"Kiribati",2081,51,0.00694425,0.00420569,0.0055738
296,"Kiribati",2081,52,0.00765385,0.0045915,0.00611934
296,"Kiribati",2081,53,0.00845012,0.00501567,0.0067265
296,"Kiribati",2081,54,0.00934246,0.00548497,0.00740323
296,"Kiribati",2081,55,0.01033607,0.00600717,0.00815576
296,"Kiribati",2081,56,0.01141599,0.00657367,0.00897195
296,"Kiribati",2081,57,0.01259374,0.00720881,0.00986995
296,"Kiribati",2081,58,0.01386896,0.00792324,0.01085464
296,"Kiribati",2081,59,0.01524523,0.00872916,0.01193331
296,"Kiribati",2081,60,0.01673283,0.0096399,0.01311215
296,"Kiribati",2081,61,0.01832874,0.01064616,0.01439016
296,"Kiribati",2081,62,0.0200748,0.01178362,0.01580097
296,"Kiribati",2081,63,0.02199819,0.01307053,0.01735663
296,"Kiribati",2081,64,0.02412673,0.01452897,0.01909373
296,"Kiribati",2081,65,0.02648709,0.01618474,0.02103997
296,"Kiribati",2081,66,0.02908357,0.01804043,0.02319841
296,"Kiribati",2081,67,0.03196013,0.02014669,0.02560803
296,"Kiribati",2081,68,0.03514353,0.02253158,0.0282912
296,"Kiribati",2081,69,0.0386624,0.0252194,0.03127332
296,"Kiribati",2081,70,0.04254799,0.02823061,0.03457631
296,"Kiribati",2081,71,0.04682127,0.03156214,0.03820937
296,"Kiribati",2081,72,0.05153138,0.03524661,0.04223933
296,"Kiribati",2081,73,0.05672135,0.03931595,0.04672159
296,"Kiribati",2081,74,0.06243992,0.04382321,0.05169447
296,"Kiribati",2081,75,0.06874347,0.04885988,0.05724592
296,"Kiribati",2081,76,0.07570159,0.05454372,0.06345415
296,"Kiribati",2081,77,0.08338295,0.0609987,0.07040144
296,"Kiribati",2081,78,0.09187016,0.0683431,0.07818557
296,"Kiribati",2081,79,0.10125597,0.07663937,0.08687427
296,"Kiribati",2081,80,0.11164087,0.08590109,0.09645732
296,"Kiribati",2081,81,0.12315909,0.09609554,0.10694116
296,"Kiribati",2081,82,0.13588509,0.10709087,0.118355
296,"Kiribati",2081,83,0.14989223,0.11882152,0.13068985
296,"Kiribati",2081,84,0.16522595,0.13126765,0.14389046
296,"Kiribati",2081,85,0.18187775,0.14454717,0.15800594
296,"Kiribati",2081,86,0.19985432,0.15890639,0.17323375
296,"Kiribati",2081,87,0.21904808,0.17449837,0.18962196
296,"Kiribati",2081,88,0.23937596,0.19151129,0.20722884
296,"Kiribati",2081,89,0.26077845,0.20998811,0.2260949
296,"Kiribati",2081,90,0.28319727,0.22988135,0.24620469
296,"Kiribati",2081,91,0.30664864,0.25108205,0.26741933
296,"Kiribati",2081,92,0.33105779,0.27330414,0.28957349
296,"Kiribati",2081,93,0.3563875,0.29639737,0.31263929
296,"Kiribati",2081,94,0.38259246,0.32025531,0.33647814
296,"Kiribati",2081,95,0.40960976,0.34489884,0.36104822
296,"Kiribati",2081,96,0.43809578,0.37145283,0.387387
296,"Kiribati",2081,97,0.46725067,0.39901879,0.41463905
296,"Kiribati",2081,98,0.49687363,0.42757382,0.44269641
296,"Kiribati",2081,99,0.52667818,0.45694787,0.4714661
296,"Kiribati",2081,100,0.58314998,0.5190742,0.53099899
296,"Kiribati",2082,0,0.02072213,0.01052498,0.01577631
296,"Kiribati",2082,1,0.00162761,0.00097767,0.00131196
296,"Kiribati",2082,2,0.0012884,0.00073616,0.00102003
296,"Kiribati",2082,3,0.00102608,0.00055869,0.00079881
296,"Kiribati",2082,4,0.0008263,0.00043088,0.00063393
296,"Kiribati",2082,5,0.00067661,0.00034074,0.00051313
296,"Kiribati",2082,6,0.00056554,0.00027789,0.00042546
296,"Kiribati",2082,7,0.00048682,0.00023656,0.0003649
296,"Kiribati",2082,8,0.00043389,0.00021107,0.00032531
296,"Kiribati",2082,9,0.00040239,0.00019783,0.00030267
296,"Kiribati",2082,10,0.00038971,0.00019449,0.00029451
296,"Kiribati",2082,11,0.00039456,0.00019955,0.00029943
296,"Kiribati",2082,12,0.00041739,0.00021276,0.00031754
296,"Kiribati",2082,13,0.00045959,0.00023403,0.00034949
296,"Kiribati",2082,14,0.00052196,0.00026307,0.00039555
296,"Kiribati",2082,15,0.00060476,0.00029923,0.00045552
296,"Kiribati",2082,16,0.00070395,0.00033999,0.00052611
296,"Kiribati",2082,17,0.00081355,0.00038335,0.00060325
296,"Kiribati",2082,18,0.00092456,0.00042666,0.00068104
296,"Kiribati",2082,19,0.00102577,0.00046721,0.00075241
296,"Kiribati",2082,20,0.00110938,0.00050405,0.00081292
296,"Kiribati",2082,21,0.00116946,0.00053667,0.0008593
296,"Kiribati",2082,22,0.00120669,0.00056657,0.00089265
296,"Kiribati",2082,23,0.0012242,0.00059523,0.00091534
296,"Kiribati",2082,24,0.00122796,0.00062362,0.00093095
296,"Kiribati",2082,25,0.00122511,0.0006526,0.00094349
296,"Kiribati",2082,26,0.00122324,0.00068318,0.00095737
296,"Kiribati",2082,27,0.00122822,0.00071508,0.00097542
296,"Kiribati",2082,28,0.00124366,0.00074871,0.00099966
296,"Kiribati",2082,29,0.00127201,0.00078462,0.0010316
296,"Kiribati",2082,30,0.00131321,0.00082357,0.00107157
296,"Kiribati",2082,31,0.00136757,0.00086788,0.00112084
296,"Kiribati",2082,32,0.00143288,0.0009172,0.00117812
296,"Kiribati",2082,33,0.00150804,0.00097238,0.00124328
296,"Kiribati",2082,34,0.00159314,0.00103397,0.00131663
296,"Kiribati",2082,35,0.00168898,0.00110235,0.00139876
296,"Kiribati",2082,36,0.0017982,0.00117875,0.0014916
296,"Kiribati",2082,37,0.00192266,0.00126258,0.00159579
296,"Kiribati",2082,38,0.00206521,0.00135465,0.00171318
296,"Kiribati",2082,39,0.00222909,0.00145629,0.00184603
296,"Kiribati",2082,40,0.00241765,0.00156968,0.0019971
296,"Kiribati",2082,41,0.00263358,0.00169679,0.00216874
296,"Kiribati",2082,42,0.00288117,0.00184146,0.00236498
296,"Kiribati",2082,43,0.00316382,0.00200681,0.00258904
296,"Kiribati",2082,44,0.00348415,0.00219515,0.00284344
296,"Kiribati",2082,45,0.00384388,0.00240782,0.00312961
296,"Kiribati",2082,46,0.00423968,0.00264064,0.00344373
296,"Kiribati",2082,47,0.0046755,0.002897,0.00378939
296,"Kiribati",2082,48,0.00515319,0.00317673,0.00416742
296,"Kiribati",2082,49,0.00567647,0.00348042,0.00457997
296,"Kiribati",2082,50,0.00625254,0.00380999,0.00503153
296,"Kiribati",2082,51,0.0068827,0.00415875,0.0055193
296,"Kiribati",2082,52,0.00758671,0.00453987,0.00605966
296,"Kiribati",2082,53,0.008377,0.00495897,0.00666136
296,"Kiribati",2082,54,0.00926296,0.00542279,0.00733208
296,"Kiribati",2082,55,0.0102497,0.00593889,0.00807801
296,"Kiribati",2082,56,0.01132267,0.00649903,0.00888748
296,"Kiribati",2082,57,0.01249266,0.00712683,0.00977734
296,"Kiribati",2082,58,0.01375908,0.00783266,0.01075279
296,"Kiribati",2082,59,0.01512533,0.00862858,0.01182131
296,"Kiribati",2082,60,0.01660163,0.00952784,0.01299396
296,"Kiribati",2082,61,0.01818598,0.01052209,0.01425942
296,"Kiribati",2082,62,0.0199196,0.0116464,0.01566143
296,"Kiribati",2082,63,0.02182984,0.01291907,0.01721713
296,"Kiribati",2082,64,0.02394455,0.01436218,0.01894006
296,"Kiribati",2082,65,0.02629033,0.01600124,0.02086882
296,"Kiribati",2082,66,0.02887263,0.01783972,0.02300938
296,"Kiribati",2082,67,0.03173389,0.01992665,0.02540734
296,"Kiribati",2082,68,0.03490045,0.02228947,0.02808055
296,"Kiribati",2082,69,0.0384006,0.02495209,0.03104949
296,"Kiribati",2082,70,0.04226522,0.02793471,0.03433816
296,"Kiribati",2082,71,0.04651708,0.03123627,0.03795213
296,"Kiribati",2082,72,0.05120359,0.03488819,0.04193096
296,"Kiribati",2082,73,0.0563678,0.03892263,0.04633999
296,"Kiribati",2082,74,0.06205856,0.0433927,0.05125048
296,"Kiribati",2082,75,0.06833248,0.04838932,0.0567253
296,"Kiribati",2082,76,0.07526188,0.05403193,0.06287823
296,"Kiribati",2082,77,0.08291377,0.06044181,0.06978654
296,"Kiribati",2082,78,0.09137107,0.06773663,0.07753249
296,"Kiribati",2082,79,0.10072661,0.07597883,0.08618716
296,"Kiribati",2082,80,0.11108081,0.08518221,0.09579183
296,"Kiribati",2082,81,0.12257004,0.09531765,0.10632026
296,"Kiribati",2082,82,0.13526643,0.10625261,0.11768534
296,"Kiribati",2082,83,0.14924337,0.11792239,0.12995193
296,"Kiribati",2082,84,0.16454658,0.13030785,0.14312389
296,"Kiribati",2082,85,0.18116856,0.1435261,0.15720563
296,"Kiribati",2082,86,0.19911884,0.15782486,0.17234071
296,"Kiribati",2082,87,0.21828996,0.17335587,0.18864178
296,"Kiribati",2082,88,0.23860023,0.19030752,0.20620188
296,"Kiribati",2082,89,0.25999102,0.20872487,0.22500153
296,"Kiribati",2082,90,0.28240469,0.22856198,0.24502867
296,"Kiribati",2082,91,0.3058572,0.24971228,0.26624998
296,"Kiribati",2082,92,0.33027421,0.27189289,0.28836713
296,"Kiribati",2082,93,0.35561861,0.2949543,0.31131515
296,"Kiribati",2082,94,0.38184522,0.31879096,0.33509302
296,"Kiribati",2082,95,0.40889137,0.34342239,0.35964873
296,"Kiribati",2082,96,0.43743927,0.36999518,0.38598245
296,"Kiribati",2082,97,0.46666783,0.39759269,0.41324175
296,"Kiribati",2082,98,0.49637678,0.42619277,0.44138352
296,"Kiribati",2082,99,0.5262799,0.45562858,0.47017812
296,"Kiribati",2082,100,0.58277903,0.51769657,0.52968907
296,"Kiribati",2083,0,0.02038688,0.01037819,0.01553276
296,"Kiribati",2083,1,0.00159257,0.00096004,0.0012854
296,"Kiribati",2083,2,0.00126234,0.00072354,0.00100052
296,"Kiribati",2083,3,0.00100667,0.00054959,0.00078444
296,"Kiribati",2083,4,0.00081171,0.0004242,0.0006232
296,"Kiribati",2083,5,0.00066544,0.00033569,0.00050495
296,"Kiribati",2083,6,0.00055671,0.00027391,0.00041901
296,"Kiribati",2083,7,0.00047955,0.00023325,0.00035957
296,"Kiribati",2083,8,0.0004276,0.00020817,0.00032067
296,"Kiribati",2083,9,0.00039667,0.00019515,0.00029844
296,"Kiribati",2083,10,0.00038425,0.00019187,0.00029044
296,"Kiribati",2083,11,0.0003891,0.00019688,0.00029535
296,"Kiribati",2083,12,0.00041174,0.00020995,0.00031328
296,"Kiribati",2083,13,0.00045354,0.00023098,0.00034492
296,"Kiribati",2083,14,0.00051535,0.00025972,0.00039054
296,"Kiribati",2083,15,0.00059745,0.0002955,0.00044998
296,"Kiribati",2083,16,0.0006958,0.00033584,0.00051993
296,"Kiribati",2083,17,0.00080447,0.00037878,0.00059639
296,"Kiribati",2083,18,0.00091453,0.00042168,0.00067349
296,"Kiribati",2083,19,0.00101481,0.00046186,0.00074421
296,"Kiribati",2083,20,0.00109759,0.00049838,0.00080414
296,"Kiribati",2083,21,0.00115694,0.0005307,0.00085
296,"Kiribati",2083,22,0.00119367,0.00056033,0.00088299
296,"Kiribati",2083,23,0.00121091,0.00058875,0.00090542
296,"Kiribati",2083,24,0.00121462,0.00061691,0.00092088
296,"Kiribati",2083,25,0.00121183,0.00064566,0.00093336
296,"Kiribati",2083,26,0.00120995,0.00067594,0.00094708
296,"Kiribati",2083,27,0.00121488,0.00070753,0.00096494
296,"Kiribati",2083,28,0.00123016,0.00074082,0.00098892
296,"Kiribati",2083,29,0.00125821,0.00077636,0.00102052
296,"Kiribati",2083,30,0.00129898,0.00081491,0.00106007
296,"Kiribati",2083,31,0.00135268,0.0008587,0.00110876
296,"Kiribati",2083,32,0.00141721,0.00090745,0.00116537
296,"Kiribati",2083,33,0.0014915,0.00096201,0.00122978
296,"Kiribati",2083,34,0.00157563,0.00102293,0.0013023
296,"Kiribati",2083,35,0.00167041,0.00109056,0.00138353
296,"Kiribati",2083,36,0.00177836,0.00116607,0.0014753
296,"Kiribati",2083,37,0.00190142,0.00124892,0.0015783
296,"Kiribati",2083,38,0.0020424,0.00133991,0.00169435
296,"Kiribati",2083,39,0.00220453,0.00144036,0.00182574
296,"Kiribati",2083,40,0.00239115,0.00155243,0.00197518
296,"Kiribati",2083,41,0.00260492,0.00167805,0.00214497
296,"Kiribati",2083,42,0.00285013,0.00182109,0.0023392
296,"Kiribati",2083,43,0.0031302,0.00198462,0.00256107
296,"Kiribati",2083,44,0.00344771,0.00217092,0.00281297
296,"Kiribati",2083,45,0.00380434,0.00238129,0.00309644
296,"Kiribati",2083,46,0.00419682,0.00261159,0.00340768
296,"Kiribati",2083,47,0.0046289,0.00286507,0.00375009
296,"Kiribati",2083,48,0.0051024,0.0031415,0.0041244
296,"Kiribati",2083,49,0.00562095,0.00344145,0.00453268
296,"Kiribati",2083,50,0.00619171,0.00376685,0.00497946
296,"Kiribati",2083,51,0.0068163,0.00411128,0.00546223
296,"Kiribati",2083,52,0.00751426,0.00448774,0.00599712
296,"Kiribati",2083,53,0.00829806,0.00490183,0.00659303
296,"Kiribati",2083,54,0.00917707,0.00536024,0.00725765
296,"Kiribati",2083,55,0.01015632,0.00587035,0.00799676
296,"Kiribati",2083,56,0.01122164,0.00642419,0.00879914
296,"Kiribati",2083,57,0.01238312,0.00704471,0.00968106
296,"Kiribati",2083,58,0.01363992,0.00774199,0.01064681
296,"Kiribati",2083,59,0.01499527,0.00852796,0.01170435
296,"Kiribati",2083,60,0.01645931,0.00941578,0.01286504
296,"Kiribati",2083,61,0.01803106,0.01039803,0.01412387
296,"Kiribati",2083,62,0.01975112,0.01150927,0.01551176
296,"Kiribati",2083,63,0.02164694,0.01276788,0.01705756
296,"Kiribati",2083,64,0.02374647,0.01419599,0.01878022
296,"Kiribati",2083,65,0.02607614,0.01581881,0.02069332
296,"Kiribati",2083,66,0.02864256,0.01764064,0.02281574
296,"Kiribati",2083,67,0.03148664,0.01970892,0.02519355
296,"Kiribati",2083,68,0.0346343,0.02205044,0.0278528
296,"Kiribati",2083,69,0.03811341,0.0246887,0.03080931
296,"Kiribati",2083,70,0.04195452,0.02764365,0.03408197
296,"Kiribati",2083,71,0.04618206,0.03091616,0.03768078
296,"Kiribati",2083,72,0.05084177,0.03453659,0.04163808
296,"Kiribati",2083,73,0.05597668,0.03853741,0.0459917
296,"Kiribati",2083,74,0.06163573,0.04297183,0.05082329
296,"Kiribati",2083,75,0.06787571,0.04793033,0.0562308
296,"Kiribati",2083,76,0.07477153,0.05353402,0.06230359
296,"Kiribati",2083,77,0.08238858,0.05990158,0.0691526
296,"Kiribati",2083,78,0.09081003,0.06715019,0.07685678
296,"Kiribati",2083,79,0.10012874,0.07534237,0.08547056
296,"Kiribati",2083,80,0.11044498,0.08449204,0.09503863
296,"Kiribati",2083,81,0.12189704,0.09457386,0.10559192
296,"Kiribati",2083,82,0.13455475,0.10545447,0.11700663
296,"Kiribati",2083,83,0.14849147,0.11707,0.1292259
296,"Kiribati",2083,84,0.16375316,0.12940213,0.14233012
296,"Kiribati",2083,85,0.18033329,0.142567,0.15638696
296,"Kiribati",2083,86,0.19824418,0.15681418,0.1714936
296,"Kiribati",2083,87,0.2173786,0.17229428,0.18770141
296,"Kiribati",2083,88,0.23765633,0.18919617,0.20517648
296,"Kiribati",2083,89,0.25901964,0.20756767,0.22393781
296,"Kiribati",2083,90,0.28141155,0.22736452,0.2439094
296,"Kiribati",2083,91,0.30484777,0.2484833,0.26506293
296,"Kiribati",2083,92,0.3292544,0.27064445,0.28720933
296,"Kiribati",2083,93,0.35459446,0.29369901,0.31014554
296,"Kiribati",2083,94,0.3808229,0.31754237,0.33383298
296,"Kiribati",2083,95,0.40787738,0.342192,0.35835791
296,"Kiribati",2083,96,0.43646447,0.36881672,0.38473435
296,"Kiribati",2083,97,0.46574331,0.396481,0.41202947
296,"Kiribati",2083,98,0.49551425,0.42516345,0.44022351
296,"Kiribati",2083,99,0.52549158,0.45470115,0.46915266
296,"Kiribati",2083,100,0.582007,0.51677886,0.52866555
296,"Kiribati",2084,0,0.02005311,0.01025012,0.01529914
296,"Kiribati",2084,1,0.00155744,0.00094347,0.00125931
296,"Kiribati",2084,2,0.0012361,0.00071171,0.0009813
296,"Kiribati",2084,3,0.00098706,0.00054107,0.00077023
296,"Kiribati",2084,4,0.00079694,0.00041795,0.0006126
296,"Kiribati",2084,5,0.00065413,0.00033097,0.00049686
296,"Kiribati",2084,6,0.00054778,0.00027019,0.00041263
296,"Kiribati",2084,7,0.00047219,0.00023017,0.00035431
296,"Kiribati",2084,8,0.00042124,0.00020546,0.0003161
296,"Kiribati",2084,9,0.00039088,0.00019263,0.00029425
296,"Kiribati",2084,10,0.00037871,0.00018941,0.00028642
296,"Kiribati",2084,11,0.00038357,0.00019437,0.0002913
296,"Kiribati",2084,12,0.00040598,0.00020729,0.00030905
296,"Kiribati",2084,13,0.00044738,0.0002281,0.00034037
296,"Kiribati",2084,14,0.00050861,0.00025653,0.00038555
296,"Kiribati",2084,15,0.00058999,0.00029196,0.00044445
296,"Kiribati",2084,16,0.00068748,0.0003319,0.00051377
296,"Kiribati",2084,17,0.00079523,0.00037442,0.00058956
296,"Kiribati",2084,18,0.00090432,0.00041692,0.00066597
296,"Kiribati",2084,19,0.00100365,0.00045674,0.00073602
296,"Kiribati",2084,20,0.00108556,0.00049295,0.00079535
296,"Kiribati",2084,21,0.00114416,0.00052495,0.00084068
296,"Kiribati",2084,22,0.00118035,0.00055432,0.00087327
296,"Kiribati",2084,23,0.00119731,0.00058249,0.00089547
296,"Kiribati",2084,24,0.00120093,0.00061043,0.00091076
296,"Kiribati",2084,25,0.00119819,0.00063897,0.00092314
296,"Kiribati",2084,26,0.0011963,0.00066895,0.00093673
296,"Kiribati",2084,27,0.00120117,0.00070022,0.0009544
296,"Kiribati",2084,28,0.00121628,0.00073317,0.00097812
296,"Kiribati",2084,29,0.00124402,0.00076835,0.00100938
296,"Kiribati",2084,30,0.00128436,0.00080651,0.0010485
296,"Kiribati",2084,31,0.0013374,0.00084979,0.00109661
296,"Kiribati",2084,32,0.00140117,0.00089797,0.00115256
296,"Kiribati",2084,33,0.00147462,0.00095192,0.00121624
296,"Kiribati",2084,34,0.00155782,0.00101217,0.00128797
296,"Kiribati",2084,35,0.00165157,0.00107907,0.00136831
296,"Kiribati",2084,36,0.00175834,0.00115371,0.00145905
296,"Kiribati",2084,37,0.00188006,0.00123559,0.00156091
296,"Kiribati",2084,38,0.00201955,0.00132551,0.00167568
296,"Kiribati",2084,39,0.00218003,0.00142479,0.00180565
296,"Kiribati",2084,40,0.00236482,0.00153555,0.00195354
296,"Kiribati",2084,41,0.00257656,0.00165972,0.00212158
296,"Kiribati",2084,42,0.00281959,0.00180114,0.00231388
296,"Kiribati",2084,43,0.00309731,0.00196287,0.00253367
296,"Kiribati",2084,44,0.00341231,0.00214716,0.00278332
296,"Kiribati",2084,45,0.00376623,0.00235524,0.00306422
296,"Kiribati",2084,46,0.00415582,0.00258304,0.00337276
296,"Kiribati",2084,47,0.00458469,0.00283365,0.00371219
296,"Kiribati",2084,48,0.00505455,0.00310681,0.00408311
296,"Kiribati",2084,49,0.00556899,0.00340305,0.00448752
296,"Kiribati",2084,50,0.00613515,0.00372429,0.00492987
296,"Kiribati",2084,51,0.00675492,0.00406442,0.00540804
296,"Kiribati",2084,52,0.00744775,0.00443624,0.00593798
296,"Kiribati",2084,53,0.00822618,0.00484532,0.00652857
296,"Kiribati",2084,54,0.0090996,0.00529829,0.00718763
296,"Kiribati",2084,55,0.01007296,0.00580237,0.00792087
296,"Kiribati",2084,56,0.01113239,0.00634991,0.00871706
296,"Kiribati",2084,57,0.01228728,0.00696314,0.0095919
296,"Kiribati",2084,58,0.0135365,0.0076519,0.01054952
296,"Kiribati",2084,59,0.01488307,0.00842796,0.01159699
296,"Kiribati",2084,60,0.01633705,0.0093044,0.01274633
296,"Kiribati",2084,61,0.01789847,0.0102747,0.01399385
296,"Kiribati",2084,62,0.01960748,0.01137288,0.01537573
296,"Kiribati",2084,63,0.02149182,0.01261735,0.01690776
296,"Kiribati",2084,64,0.0235796,0.01403024,0.01862142
296,"Kiribati",2084,65,0.02589719,0.01563649,0.02053585
296,"Kiribati",2084,66,0.02845216,0.0174412,0.02264418
296,"Kiribati",2084,67,0.03128406,0.01949026,0.02500383
296,"Kiribati",2084,68,0.03441836,0.02180981,0.02764247
296,"Kiribati",2084,69,0.03788252,0.02442298,0.03058487
296,"Kiribati",2084,70,0.04170675,0.02734947,0.03384501
296,"Kiribati",2084,71,0.0459169,0.03059201,0.03742944
296,"Kiribati",2084,72,0.05055733,0.03417986,0.04137207
296,"Kiribati",2084,73,0.05567115,0.03814573,0.04570456
296,"Kiribati",2084,74,0.06130752,0.04254286,0.05047903
296,"Kiribati",2084,75,0.06752362,0.04746121,0.05580446
296,"Kiribati",2084,76,0.07439683,0.05302335,0.06180996
296,"Kiribati",2084,77,0.08199145,0.0593454,0.06857658
296,"Kiribati",2084,78,0.09039119,0.06654395,0.07622129
296,"Kiribati",2084,79,0.09968913,0.07468148,0.08479435
296,"Kiribati",2084,80,0.10998556,0.08377208,0.09432252
296,"Kiribati",2084,81,0.12142044,0.09379383,0.10484279
296,"Kiribati",2084,82,0.13406164,0.1046128,0.11628782
296,"Kiribati",2084,83,0.1479825,0.11616596,0.12856566
296,"Kiribati",2084,84,0.16322927,0.12843569,0.14162454
296,"Kiribati",2084,85,0.17979645,0.14153729,0.15561218
296,"Kiribati",2084,86,0.19769901,0.15572157,0.17069675
296,"Kiribati",2084,87,0.2168302,0.17113794,0.18687513
296,"Kiribati",2084,88,0.23711126,0.18797544,0.20424944
296,"Kiribati",2084,89,0.25848534,0.20628403,0.22292018
296,"Kiribati",2084,90,0.28089598,0.226021,0.24284963
296,"Kiribati",2084,91,0.30435848,0.2470854,0.26394216
296,"Kiribati",2084,92,0.3287991,0.26920091,0.28601456
296,"Kiribati",2084,93,0.35418078,0.2922193,0.30897281
296,"Kiribati",2084,94,0.38045841,0.31603686,0.33263682
296,"Kiribati",2084,95,0.40756985,0.34066959,0.3570541
296,"Kiribati",2084,96,0.4362423,0.3673059,0.38340206
296,"Kiribati",2084,97,0.46561783,0.39499391,0.41072
296,"Kiribati",2084,98,0.49549694,0.42371301,0.43892782
296,"Kiribati",2084,99,0.52559369,0.45330361,0.46788727
296,"Kiribati",2084,100,0.58220486,0.51531718,0.52737012
296,"Kiribati",2085,0,0.01975478,0.01012997,0.01508788
296,"Kiribati",2085,1,0.00152549,0.00092797,0.00123537
296,"Kiribati",2085,2,0.00121229,0.00070059,0.00096369
296,"Kiribati",2085,3,0.00096929,0.00053304,0.00075722
296,"Kiribati",2085,4,0.00078357,0.00041205,0.00060287
296,"Kiribati",2085,5,0.00064388,0.00032649,0.00048944
296,"Kiribati",2085,6,0.00053967,0.00026666,0.00040676
296,"Kiribati",2085,7,0.0004655,0.00022723,0.00034946
296,"Kiribati",2085,8,0.00041545,0.00020287,0.00031189
296,"Kiribati",2085,9,0.0003856,0.00019022,0.00029038
296,"Kiribati",2085,10,0.00037366,0.00018705,0.00028268
296,"Kiribati",2085,11,0.0003785,0.00019195,0.00028753
296,"Kiribati",2085,12,0.00040072,0.00020473,0.00030512
296,"Kiribati",2085,13,0.00044174,0.0002253,0.00033613
296,"Kiribati",2085,14,0.00050243,0.00025344,0.0003809
296,"Kiribati",2085,15,0.00058314,0.0002885,0.00043927
296,"Kiribati",2085,16,0.00067984,0.00032804,0.00050799
296,"Kiribati",2085,17,0.00078671,0.00037014,0.00058314
296,"Kiribati",2085,18,0.00089488,0.00041224,0.00065888
296,"Kiribati",2085,19,0.00099331,0.00045169,0.00072829
296,"Kiribati",2085,20,0.00107441,0.00048757,0.00078705
296,"Kiribati",2085,21,0.00113229,0.00051927,0.00083186
296,"Kiribati",2085,22,0.00116797,0.00054836,0.00086406
296,"Kiribati",2085,23,0.00118466,0.00057628,0.000886
296,"Kiribati",2085,24,0.0011882,0.00060399,0.00090116
296,"Kiribati",2085,25,0.0011855,0.00063229,0.00091344
296,"Kiribati",2085,26,0.0011836,0.00066197,0.00092685
296,"Kiribati",2085,27,0.00118839,0.00069292,0.00094434
296,"Kiribati",2085,28,0.00120334,0.00072553,0.00096782
296,"Kiribati",2085,29,0.00123079,0.00076034,0.00099873
296,"Kiribati",2085,30,0.0012707,0.00079811,0.00103744
296,"Kiribati",2085,31,0.00132311,0.00084087,0.00108495
296,"Kiribati",2085,32,0.00138615,0.0008885,0.00114026
296,"Kiribati",2085,33,0.00145876,0.00094183,0.00120323
296,"Kiribati",2085,34,0.00154105,0.00100142,0.00127417
296,"Kiribati",2085,35,0.0016338,0.00106759,0.00135364
296,"Kiribati",2085,36,0.00173937,0.00114136,0.00144334
296,"Kiribati",2085,37,0.00185978,0.00122229,0.00154406
296,"Kiribati",2085,38,0.0019978,0.00131116,0.00165759
296,"Kiribati",2085,39,0.00215664,0.00140927,0.00178615
296,"Kiribati",2085,40,0.00233962,0.00151875,0.00193249
296,"Kiribati",2085,41,0.00254935,0.00164148,0.00209883
296,"Kiribati",2085,42,0.00279019,0.00178132,0.00228923
296,"Kiribati",2085,43,0.00306552,0.00194127,0.00250691
296,"Kiribati",2085,44,0.00337794,0.00212357,0.00275427
296,"Kiribati",2085,45,0.00372905,0.00232942,0.00303266
296,"Kiribati",2085,46,0.00411561,0.00255475,0.00333838
296,"Kiribati",2085,47,0.0045411,0.00280256,0.00367471
296,"Kiribati",2085,48,0.00500715,0.00307251,0.00404219
296,"Kiribati",2085,49,0.00551729,0.00336513,0.0044427
296,"Kiribati",2085,50,0.00607864,0.0036823,0.00488066
296,"Kiribati",2085,51,0.00669336,0.00401823,0.00535415
296,"Kiribati",2085,52,0.00738073,0.00438551,0.00587906
296,"Kiribati",2085,53,0.00815334,0.00478969,0.00646422
296,"Kiribati",2085,54,0.00902058,0.00523736,0.00711741
296,"Kiribati",2085,55,0.00998731,0.00573557,0.00784435
296,"Kiribati",2085,56,0.01104001,0.00627693,0.00863419
296,"Kiribati",2085,57,0.01218739,0.00688304,0.00950161
296,"Kiribati",2085,58,0.01342809,0.00756346,0.01045066
296,"Kiribati",2085,59,0.01476494,0.00832984,0.01148838
296,"Kiribati",2085,60,0.01620795,0.00919516,0.01262592
296,"Kiribati",2085,61,0.01775804,0.01015375,0.01386127
296,"Kiribati",2085,62,0.01945488,0.01123911,0.0152305
296,"Kiribati",2085,63,0.02132637,0.01246971,0.01675571
296,"Kiribati",2085,64,0.02340068,0.01386767,0.01845418
296,"Kiribati",2085,65,0.0257041,0.01545767,0.02035828
296,"Kiribati",2085,66,0.02824514,0.01724548,0.02246807
296,"Kiribati",2085,67,0.03106199,0.01927555,0.02481097
296,"Kiribati",2085,68,0.03417973,0.02157342,0.02742796
296,"Kiribati",2085,69,0.03762545,0.02416182,0.03034573
296,"Kiribati",2085,70,0.04142898,0.02706018,0.03358795
296,"Kiribati",2085,71,0.04561757,0.0302729,0.03715783
296,"Kiribati",2085,72,0.05023416,0.03382828,0.0410827
296,"Kiribati",2085,73,0.05532188,0.03775925,0.04539737
296,"Kiribati",2085,74,0.06093,0.04211909,0.05014716
296,"Kiribati",2085,75,0.06711589,0.04699721,0.05540886
296,"Kiribati",2085,76,0.07395911,0.05251732,0.0613253
296,"Kiribati",2085,77,0.08152276,0.05879322,0.06801641
296,"Kiribati",2085,78,0.08989082,0.06594087,0.07556933
296,"Kiribati",2085,79,0.09915642,0.07402266,0.08407421
296,"Kiribati",2085,80,0.10941972,0.0830528,0.09355286
296,"Kiribati",2085,81,0.1208221,0.09301239,0.10402538
296,"Kiribati",2085,82,0.13342954,0.10376716,0.11542735
296,"Kiribati",2085,83,0.1473153,0.11525488,0.12773055
296,"Kiribati",2085,84,0.16252582,0.12745858,0.14084787
296,"Kiribati",2085,85,0.17905648,0.14049268,0.15477985
296,"Kiribati",2085,86,0.19692458,0.15460885,0.16978222
296,"Kiribati",2085,87,0.21602383,0.16995544,0.18592759
296,"Kiribati",2085,88,0.23627682,0.18672156,0.20325948
296,"Kiribati",2085,89,0.25762754,0.20495923,0.22181232
296,"Kiribati",2085,90,0.28002008,0.2246272,0.24163587
296,"Kiribati",2085,91,0.30346936,0.24562694,0.26267403
296,"Kiribati",2085,92,0.32790204,0.26768543,0.2846743
296,"Kiribati",2085,93,0.35328108,0.29065512,0.30754685
296,"Kiribati",2085,94,0.37956142,0.31443322,0.33122359
296,"Kiribati",2085,95,0.40668118,0.33903416,0.35560546
296,"Kiribati",2085,96,0.43538619,0.36566101,0.38184783
296,"Kiribati",2085,97,0.46480353,0.39334953,0.40912289
296,"Kiribati",2085,98,0.49473423,0.42207982,0.43733897
296,"Kiribati",2085,99,0.5248927,0.45169562,0.46629974
296,"Kiribati",2085,100,0.58153468,0.51366967,0.52574049
296,"Kiribati",2086,0,0.01942763,0.0100028,0.01485786
296,"Kiribati",2086,1,0.00149108,0.00091172,0.00120982
296,"Kiribati",2086,2,0.0011866,0.00068894,0.00094484
296,"Kiribati",2086,3,0.00095009,0.00052462,0.00074328
296,"Kiribati",2086,4,0.00076909,0.00040585,0.00059243
296,"Kiribati",2086,5,0.00063275,0.00032179,0.00048145
296,"Kiribati",2086,6,0.00053085,0.00026294,0.00040045
296,"Kiribati",2086,7,0.00045822,0.00022413,0.00034423
296,"Kiribati",2086,8,0.00040914,0.00020015,0.00030733
296,"Kiribati",2086,9,0.00037985,0.00018769,0.00028621
296,"Kiribati",2086,10,0.00036815,0.00018457,0.00027866
296,"Kiribati",2086,11,0.00037299,0.00018942,0.00028348
296,"Kiribati",2086,12,0.00039499,0.00020204,0.00030088
296,"Kiribati",2086,13,0.0004356,0.00022238,0.00033157
296,"Kiribati",2086,14,0.0004957,0.0002502,0.00037588
296,"Kiribati",2086,15,0.00057566,0.00028489,0.0004337
296,"Kiribati",2086,16,0.00067148,0.000324,0.00050176
296,"Kiribati",2086,17,0.00077739,0.00036567,0.00057621
296,"Kiribati",2086,18,0.00088456,0.00040735,0.00065124
296,"Kiribati",2086,19,0.00098201,0.00044641,0.00071996
296,"Kiribati",2086,20,0.00106223,0.00048196,0.00077811
296,"Kiribati",2086,21,0.00111934,0.00051334,0.00082237
296,"Kiribati",2086,22,0.00115449,0.00054215,0.00085416
296,"Kiribati",2086,23,0.0011709,0.00056981,0.00087583
296,"Kiribati",2086,24,0.00117437,0.00059727,0.00089084
296,"Kiribati",2086,25,0.00117172,0.00062533,0.00090305
296,"Kiribati",2086,26,0.0011698,0.0006547,0.0009163
296,"Kiribati",2086,27,0.00117453,0.00068532,0.00093358
296,"Kiribati",2086,28,0.00118931,0.00071759,0.00095681
296,"Kiribati",2086,29,0.00121644,0.00075202,0.00098737
296,"Kiribati",2086,30,0.0012559,0.00078937,0.00102564
296,"Kiribati",2086,31,0.00130763,0.0008316,0.00107254
296,"Kiribati",2086,32,0.00136988,0.00087865,0.00112715
296,"Kiribati",2086,33,0.00144159,0.00093135,0.00118936
296,"Kiribati",2086,34,0.00152289,0.00099024,0.00125946
296,"Kiribati",2086,35,0.00161455,0.00105566,0.00133801
296,"Kiribati",2086,36,0.00171885,0.00112853,0.00142662
296,"Kiribati",2086,37,0.00183782,0.00120847,0.00152612
296,"Kiribati",2086,38,0.00197425,0.00129625,0.0016383
296,"Kiribati",2086,39,0.0021313,0.00139315,0.00176538
296,"Kiribati",2086,40,0.00231231,0.0015013,0.00191005
296,"Kiribati",2086,41,0.00251983,0.00162254,0.00207454
296,"Kiribati",2086,42,0.00275825,0.00176071,0.00226292
296,"Kiribati",2086,43,0.00303096,0.00191882,0.00247836
296,"Kiribati",2086,44,0.00334052,0.00209905,0.00272323
296,"Kiribati",2086,45,0.0036885,0.00230255,0.00299888
296,"Kiribati",2086,46,0.00407169,0.00252532,0.00330164
296,"Kiribati",2086,47,0.00449342,0.0027702,0.00363455
296,"Kiribati",2086,48,0.00495525,0.00303681,0.00399824
296,"Kiribati",2086,49,0.00546062,0.00332565,0.00439456
296,"Kiribati",2086,50,0.00601664,0.0036386,0.00482782
296,"Kiribati",2086,51,0.00662576,0.00397016,0.00529638
296,"Kiribati",2086,52,0.00730705,0.00433271,0.00581583
296,"Kiribati",2086,53,0.00807315,0.0047318,0.00639517
296,"Kiribati",2086,54,0.00893345,0.00517395,0.00704205
296,"Kiribati",2086,55,0.00989271,0.00566603,0.00776206
296,"Kiribati",2086,56,0.01093778,0.00620096,0.00854483
296,"Kiribati",2086,57,0.01207667,0.00679965,0.00940443
296,"Kiribati",2086,58,0.01330777,0.0074714,0.01034426
296,"Kiribati",2086,59,0.01463373,0.0082277,0.01137137
296,"Kiribati",2086,60,0.01606448,0.00908146,0.01249697
296,"Kiribati",2086,61,0.01760193,0.01002786,0.01371912
296,"Kiribati",2086,62,0.01928513,0.01109989,0.0150742
296,"Kiribati",2086,63,0.02114217,0.01231604,0.01658484
296,"Kiribati",2086,64,0.02320129,0.01369845,0.01827501
296,"Kiribati",2086,65,0.02548863,0.01527148,0.02016155
296,"Kiribati",2086,66,0.02801374,0.01704166,0.02225984
296,"Kiribati",2086,67,0.03081335,0.01905193,0.02460232
296,"Kiribati",2086,68,0.03391211,0.02132718,0.02719883
296,"Kiribati",2086,69,0.03733671,0.02388975,0.03009046
296,"Kiribati",2086,70,0.04111661,0.02675882,0.03330306
296,"Kiribati",2086,71,0.04528054,0.02994049,0.03685212
296,"Kiribati",2086,72,0.04986991,0.03346209,0.0407586
296,"Kiribati",2086,73,0.05492782,0.03735676,0.04505162
296,"Kiribati",2086,74,0.06050364,0.04167778,0.04977975
296,"Kiribati",2086,75,0.06665492,0.04651401,0.0550121
296,"Kiribati",2086,76,0.07346357,0.05199042,0.06085896
296,"Kiribati",2086,77,0.08099129,0.05821833,0.06745173
296,"Kiribati",2086,78,0.08932232,0.06531304,0.07492076
296,"Kiribati",2086,79,0.09854978,0.07333689,0.08332468
296,"Kiribati",2086,80,0.10877368,0.08230421,0.09272671
296,"Kiribati",2086,81,0.12013698,0.09219933,0.1031439
296,"Kiribati",2086,82,0.13270358,0.10288759,0.11449057
296,"Kiribati",2086,83,0.1465466,0.11430757,0.12674382
296,"Kiribati",2086,84,0.16171272,0.12644305,0.1398869
296,"Kiribati",2086,85,0.17819826,0.13940748,0.15388246
296,"Kiribati",2086,86,0.19602312,0.15345356,0.16882465
296,"Kiribati",2086,87,0.21508142,0.16872846,0.18487984
296,"Kiribati",2086,88,0.23529725,0.1854214,0.20217486
296,"Kiribati",2086,89,0.25661548,0.20358653,0.22068199
296,"Kiribati",2086,90,0.27898086,0.22318413,0.24038241
296,"Kiribati",2086,91,0.30240799,0.24411827,0.26131321
296,"Kiribati",2086,92,0.32682395,0.26611928,0.28326265
296,"Kiribati",2086,93,0.35219182,0.2890404,0.30606756
296,"Kiribati",2086,94,0.37846663,0.31277979,0.3296644
296,"Kiribati",2086,95,0.40558684,0.33735032,0.35406627
296,"Kiribati",2086,96,0.43431982,0.3639721,0.38029878
296,"Kiribati",2086,97,0.46377543,0.39166666,0.40748263
296,"Kiribati",2086,98,0.49375536,0.4204149,0.43567359
296,"Kiribati",2086,99,0.52397455,0.45006404,0.46466475
296,"Kiribati",2086,100,0.58063549,0.51199646,0.52404475
296,"Kiribati",2087,0,0.01912018,0.00988734,0.01464368
296,"Kiribati",2087,1,0.0014582,0.00089667,0.00118562
296,"Kiribati",2087,2,0.00116208,0.00067816,0.00092703
296,"Kiribati",2087,3,0.00093179,0.00051684,0.00073011
296,"Kiribati",2087,4,0.00075531,0.00040012,0.00058259
296,"Kiribati",2087,5,0.00062219,0.00031745,0.00047393
296,"Kiribati",2087,6,0.0005225,0.00025952,0.0003945
296,"Kiribati",2087,7,0.00045133,0.00022129,0.00033933
296,"Kiribati",2087,8,0.00040318,0.00019764,0.00030307
296,"Kiribati",2087,9,0.00037441,0.00018535,0.00028229
296,"Kiribati",2087,10,0.00036295,0.00018228,0.00027489
296,"Kiribati",2087,11,0.00036779,0.00018708,0.00027967
296,"Kiribati",2087,12,0.00038958,0.00019956,0.0002969
296,"Kiribati",2087,13,0.0004298,0.00021968,0.00032729
296,"Kiribati",2087,14,0.00048936,0.00024721,0.00037119
296,"Kiribati",2087,15,0.00056864,0.00028156,0.00042849
296,"Kiribati",2087,16,0.00066364,0.00032029,0.00049596
296,"Kiribati",2087,17,0.00076866,0.00036156,0.00056975
296,"Kiribati",2087,18,0.0008749,0.00040285,0.00064413
296,"Kiribati",2087,19,0.00097144,0.00044157,0.00071223
296,"Kiribati",2087,20,0.00105083,0.00047681,0.0007698
296,"Kiribati",2087,21,0.00110722,0.00050789,0.00081355
296,"Kiribati",2087,22,0.00114186,0.00053645,0.00084494
296,"Kiribati",2087,23,0.00115799,0.00056387,0.00086636
296,"Kiribati",2087,24,0.00116138,0.00059111,0.00088122
296,"Kiribati",2087,25,0.00115878,0.00061896,0.00089336
296,"Kiribati",2087,26,0.00115685,0.00064804,0.00090648
296,"Kiribati",2087,27,0.00116152,0.00067836,0.00092357
296,"Kiribati",2087,28,0.00117613,0.0007103,0.00094654
296,"Kiribati",2087,29,0.00120297,0.00074439,0.0009768
296,"Kiribati",2087,30,0.001242,0.00078136,0.00101467
296,"Kiribati",2087,31,0.0012931,0.0008231,0.00106099
296,"Kiribati",2087,32,0.00135459,0.00086961,0.00111495
296,"Kiribati",2087,33,0.00142547,0.00092173,0.00117643
296,"Kiribati",2087,34,0.00150584,0.00097999,0.00124576
296,"Kiribati",2087,35,0.00159649,0.00104471,0.00132346
296,"Kiribati",2087,36,0.00169958,0.00111675,0.00141105
296,"Kiribati",2087,37,0.00181722,0.00119578,0.00150943
296,"Kiribati",2087,38,0.00195216,0.00128255,0.00162035
296,"Kiribati",2087,39,0.00210755,0.00137834,0.00174604
296,"Kiribati",2087,40,0.00228672,0.00148525,0.0018892
296,"Kiribati",2087,41,0.00249221,0.00160512,0.00205197
296,"Kiribati",2087,42,0.0027284,0.00174177,0.00223848
296,"Kiribati",2087,43,0.0029987,0.00189819,0.00245189
296,"Kiribati",2087,44,0.00330565,0.00207653,0.0026945
296,"Kiribati",2087,45,0.00365079,0.00227789,0.00296763
296,"Kiribati",2087,46,0.00403093,0.00249832,0.0032677
296,"Kiribati",2087,47,0.00444926,0.00274052,0.00359758
296,"Kiribati",2087,48,0.00490724,0.00300405,0.00395772
296,"Kiribati",2087,49,0.00540828,0.00328942,0.00435013
296,"Kiribati",2087,50,0.00595944,0.00359847,0.0047791
296,"Kiribati",2087,51,0.00656346,0.00392599,0.00524318
296,"Kiribati",2087,52,0.00723925,0.00428419,0.00575777
296,"Kiribati",2087,53,0.0079995,0.00467859,0.00633178
296,"Kiribati",2087,54,0.0088536,0.00511566,0.006973
296,"Kiribati",2087,55,0.00980622,0.00560214,0.00768681
296,"Kiribati",2087,56,0.01084455,0.00613118,0.00846311
296,"Kiribati",2087,57,0.01197593,0.00672305,0.00931552
296,"Kiribati",2087,58,0.0131985,0.00738681,0.01024724
296,"Kiribati",2087,59,0.01451471,0.00813381,0.01126473
296,"Kiribati",2087,60,0.01593444,0.00897689,0.01237934
296,"Kiribati",2087,61,0.01746053,0.00991206,0.01359015
296,"Kiribati",2087,62,0.01913153,0.01097183,0.01493216
296,"Kiribati",2087,63,0.02097571,0.01217476,0.01642902
296,"Kiribati",2087,64,0.02302138,0.01354301,0.01810524
296,"Kiribati",2087,65,0.02529462,0.01510067,0.0199846
296,"Kiribati",2087,66,0.02780592,0.01685498,0.02206689
296,"Kiribati",2087,67,0.03059067,0.01884743,0.0243986
296,"Kiribati",2087,68,0.03367308,0.0211023,0.02699598
296,"Kiribati",2087,69,0.03707945,0.02364159,0.02986703
296,"Kiribati",2087,70,0.0408389,0.02648419,0.03305317
296,"Kiribati",2087,71,0.04498162,0.0296379,0.03657415
296,"Kiribati",2087,72,0.04954753,0.03312911,0.0404611
296,"Kiribati",2087,73,0.0545798,0.03699121,0.04473784
296,"Kiribati",2087,74,0.06012787,0.04127754,0.04944682
296,"Kiribati",2087,75,0.06624957,0.04607651,0.0546603
296,"Kiribati",2087,76,0.07302912,0.05151434,0.06048212
296,"Kiribati",2087,77,0.08052697,0.05770007,0.0670056
296,"Kiribati",2087,78,0.08882766,0.06474847,0.07437604
296,"Kiribati",2087,79,0.0980244,0.07272183,0.08269794
296,"Kiribati",2087,80,0.1082171,0.08163463,0.09200099
296,"Kiribati",2087,81,0.11955036,0.0914743,0.10234743
296,"Kiribati",2087,82,0.13208605,0.10210571,0.11364463
296,"Kiribati",2087,83,0.14589725,0.11346824,0.12584943
296,"Kiribati",2087,84,0.16103087,0.12554633,0.1389515
296,"Kiribati",2087,85,0.1774842,0.13845259,0.15299047
296,"Kiribati",2087,86,0.19527963,0.15244091,0.16802006
296,"Kiribati",2087,87,0.21431172,0.16765748,0.18402638
296,"Kiribati",2087,88,0.23450594,0.18429175,0.20124137
296,"Kiribati",2087,89,0.25580804,0.2024001,0.21972789
296,"Kiribati",2087,90,0.27816337,0.22194432,0.23940007
296,"Kiribati",2087,91,0.30158618,0.24283095,0.26022551
296,"Kiribati",2087,92,0.32600394,0.26479351,0.28209028
296,"Kiribati",2087,93,0.35137976,0.28768584,0.30486998
296,"Kiribati",2087,94,0.37766875,0.31140698,0.32842607
296,"Kiribati",2087,95,0.40480964,0.33596818,0.35277456
296,"Kiribati",2087,96,0.43359103,0.3626067,0.3790736
296,"Kiribati",2087,97,0.46310567,0.39032984,0.40627943
296,"Kiribati",2087,98,0.49315575,0.41911923,0.43441421
296,"Kiribati",2087,99,0.52345652,0.44882552,0.4634197
296,"Kiribati",2087,100,0.58015272,0.51073966,0.52277122
296,"Kiribati",2088,0,0.01877387,0.00974987,0.014399
296,"Kiribati",2088,1,0.00142178,0.00088052,0.00115906
296,"Kiribati",2088,2,0.00113478,0.00066651,0.00090736
296,"Kiribati",2088,3,0.00091133,0.00050837,0.00071551
296,"Kiribati",2088,4,0.00073986,0.00039386,0.00057163
296,"Kiribati",2088,5,0.00061032,0.00031267,0.00046553
296,"Kiribati",2088,6,0.00051311,0.00025573,0.00038785
296,"Kiribati",2088,7,0.00044358,0.00021812,0.00033382
296,"Kiribati",2088,8,0.00039647,0.00019486,0.00029828
296,"Kiribati",2088,9,0.0003683,0.00018276,0.00027791
296,"Kiribati",2088,10,0.0003571,0.00017974,0.00027066
296,"Kiribati",2088,11,0.00036193,0.00018448,0.00027542
296,"Kiribati",2088,12,0.00038348,0.00019681,0.00029245
296,"Kiribati",2088,13,0.00042327,0.00021669,0.00032249
296,"Kiribati",2088,14,0.0004822,0.00024391,0.00036592
296,"Kiribati",2088,15,0.0005607,0.00027788,0.00042265
296,"Kiribati",2088,16,0.00065478,0.00031618,0.00048944
296,"Kiribati",2088,17,0.00075879,0.00035702,0.00056252
296,"Kiribati",2088,18,0.00086399,0.00039788,0.00063615
296,"Kiribati",2088,19,0.0009595,0.00043622,0.00070354
296,"Kiribati",2088,20,0.00103797,0.00047113,0.00076049
296,"Kiribati",2088,21,0.00109355,0.00050189,0.00080367
296,"Kiribati",2088,22,0.00112763,0.00053016,0.00083464
296,"Kiribati",2088,23,0.00114346,0.00055732,0.00085576
296,"Kiribati",2088,24,0.00114676,0.00058432,0.00087046
296,"Kiribati",2088,25,0.0011442,0.00061191,0.0008825
296,"Kiribati",2088,26,0.00114227,0.00064068,0.00089547
296,"Kiribati",2088,27,0.00114687,0.00067067,0.00091238
296,"Kiribati",2088,28,0.0011613,0.00070226,0.00093508
296,"Kiribati",2088,29,0.00118781,0.00073596,0.00096498
296,"Kiribati",2088,30,0.00122638,0.00077253,0.00100242
296,"Kiribati",2088,31,0.00127678,0.00081374,0.00104814
296,"Kiribati",2088,32,0.00133748,0.00085968,0.0011014
296,"Kiribati",2088,33,0.00140747,0.00091118,0.00116212
296,"Kiribati",2088,34,0.00148687,0.00096875,0.0012306
296,"Kiribati",2088,35,0.00157645,0.00103272,0.00130739
296,"Kiribati",2088,36,0.00167829,0.00110388,0.00139392
296,"Kiribati",2088,37,0.00179453,0.00118193,0.00149111
296,"Kiribati",2088,38,0.00192791,0.00126761,0.00160071
296,"Kiribati",2088,39,0.00208157,0.00136222,0.00172493
296,"Kiribati",2088,40,0.00225881,0.00146782,0.00186647
296,"Kiribati",2088,41,0.00246218,0.00158622,0.00202747
296,"Kiribati",2088,42,0.00269607,0.00172126,0.00221202
296,"Kiribati",2088,43,0.00296392,0.00187588,0.00242329
296,"Kiribati",2088,44,0.00326824,0.00205221,0.00266361
296,"Kiribati",2088,45,0.00361055,0.00225132,0.00293419
296,"Kiribati",2088,46,0.00398768,0.00246925,0.00323148
296,"Kiribati",2088,47,0.00440266,0.00270863,0.00355828
296,"Kiribati",2088,48,0.00485687,0.00296893,0.00391494
296,"Kiribati",2088,49,0.00535364,0.00325065,0.00430329
296,"Kiribati",2088,50,0.00590002,0.00355562,0.00472783
296,"Kiribati",2088,51,0.00649905,0.00387891,0.00518741
296,"Kiribati",2088,52,0.00716953,0.00423258,0.00569717
296,"Kiribati",2088,53,0.00792424,0.00462211,0.00626605
296,"Kiribati",2088,54,0.00877259,0.00505394,0.00690172
296,"Kiribati",2088,55,0.00971919,0.00553461,0.00760959
296,"Kiribati",2088,56,0.0107515,0.00605752,0.00837973
296,"Kiribati",2088,57,0.01187615,0.0066423,0.00922504
296,"Kiribati",2088,58,0.01309095,0.00729771,0.01014866
296,"Kiribati",2088,59,0.01439814,0.008035,0.01115694
296,"Kiribati",2088,60,0.01580754,0.00886692,0.01226067
296,"Kiribati",2088,61,0.01732297,0.00979031,0.01346009
296,"Kiribati",2088,62,0.0189826,0.01083729,0.01478994
296,"Kiribati",2088,63,0.02081499,0.01202647,0.01627307
296,"Kiribati",2088,64,0.02284865,0.01338011,0.01793512
296,"Kiribati",2088,65,0.02510958,0.01492202,0.01980021
296,"Kiribati",2088,66,0.02760925,0.01666004,0.02187652
296,"Kiribati",2088,67,0.03038163,0.01863428,0.02419152
296,"Kiribati",2088,68,0.0334505,0.02086834,0.02677743
296,"Kiribati",2088,69,0.03684171,0.02338379,0.0296492
296,"Kiribati",2088,70,0.04058401,0.02619929,0.03281296
296,"Kiribati",2088,71,0.04470897,0.02932425,0.03630703
296,"Kiribati",2088,72,0.04925519,0.03278425,0.04016429
296,"Kiribati",2088,73,0.0542659,0.036613,0.04442092
296,"Kiribati",2088,74,0.05979081,0.04086397,0.04911367
296,"Kiribati",2088,75,0.06588816,0.0456251,0.05430794
296,"Kiribati",2088,76,0.07264466,0.0510239,0.06011268
296,"Kiribati",2088,77,0.08011977,0.05716716,0.06661066
296,"Kiribati",2088,78,0.0883986,0.06416912,0.07390931
296,"Kiribati",2088,79,0.09757461,0.07209211,0.08212988
296,"Kiribati",2088,80,0.10774777,0.0809507,0.09135009
296,"Kiribati",2088,81,0.1190643,0.0907356,0.10159878
296,"Kiribati",2088,82,0.13158412,0.10131118,0.11282659
296,"Kiribati",2088,83,0.14538029,0.11261758,0.12498539
296,"Kiribati",2088,84,0.16050001,0.12464005,0.1380439
296,"Kiribati",2088,85,0.17694168,0.13749011,0.15204873
296,"Kiribati",2088,86,0.19473042,0.15142325,0.16713966
296,"Kiribati",2088,87,0.21376139,0.16658477,0.18325333
296,"Kiribati",2088,88,0.23396164,0.18316458,0.20042675
296,"Kiribati",2088,89,0.25527782,0.201222,0.21884154
296,"Kiribati",2088,90,0.27765584,0.22072047,0.23850714
296,"Kiribati",2088,91,0.30110953,0.24156993,0.2593211
296,"Kiribati",2088,92,0.3255665,0.26350738,0.28109989
296,"Kiribati",2088,93,0.35098978,0.28638712,0.3038183
296,"Kiribati",2088,94,0.3773344,0.31010916,0.32737696
296,"Kiribati",2088,95,0.40453933,0.33468241,0.35171288
296,"Kiribati",2088,96,0.43341473,0.36136155,0.37800741
296,"Kiribati",2088,97,0.46303567,0.38913902,0.40531544
296,"Kiribati",2088,98,0.49320453,0.41799719,0.4335099
296,"Kiribati",2088,99,0.52363627,0.44779106,0.46250485
296,"Kiribati",2088,100,0.58041504,0.50975083,0.52184547
296,"Kiribati",2089,0,0.01846392,0.00963165,0.01418235
296,"Kiribati",2089,1,0.00138871,0.00086546,0.00113476
296,"Kiribati",2089,2,0.00111004,0.00065567,0.00088938
296,"Kiribati",2089,3,0.00089279,0.0005005,0.00070218
296,"Kiribati",2089,4,0.00072585,0.00038804,0.00056163
296,"Kiribati",2089,5,0.00059954,0.00030825,0.00045786
296,"Kiribati",2089,6,0.00050456,0.00025222,0.00038177
296,"Kiribati",2089,7,0.00043651,0.0002152,0.00032877
296,"Kiribati",2089,8,0.00039034,0.00019227,0.00029388
296,"Kiribati",2089,9,0.0003627,0.00018035,0.00027387
296,"Kiribati",2089,10,0.00035173,0.00017737,0.00026676
296,"Kiribati",2089,11,0.00035654,0.00018206,0.00027149
296,"Kiribati",2089,12,0.00037787,0.00019423,0.00028833
296,"Kiribati",2089,13,0.00041724,0.00021388,0.00031804
296,"Kiribati",2089,14,0.00047558,0.00024079,0.00036102
296,"Kiribati",2089,15,0.00055334,0.00027439,0.0004172
296,"Kiribati",2089,16,0.00064655,0.00031228,0.00048335
296,"Kiribati",2089,17,0.00074961,0.00035269,0.00055572
296,"Kiribati",2089,18,0.00085381,0.00039314,0.00062866
296,"Kiribati",2089,19,0.00094834,0.00043109,0.00069536
296,"Kiribati",2089,20,0.00102592,0.00046567,0.0007517
296,"Kiribati",2089,21,0.00108073,0.00049611,0.00079434
296,"Kiribati",2089,22,0.00111427,0.0005241,0.00082489
296,"Kiribati",2089,23,0.0011298,0.000551,0.00084574
296,"Kiribati",2089,24,0.00113302,0.00057775,0.00086026
296,"Kiribati",2089,25,0.0011305,0.00060511,0.0008722
296,"Kiribati",2089,26,0.00112855,0.00063357,0.00088501
296,"Kiribati",2089,27,0.00113307,0.00066323,0.00090173
296,"Kiribati",2089,28,0.00114733,0.00069447,0.00092419
296,"Kiribati",2089,29,0.00117353,0.0007278,0.00095374
296,"Kiribati",2089,30,0.00121164,0.00076395,0.00099073
296,"Kiribati",2089,31,0.00126137,0.00080465,0.00103587
296,"Kiribati",2089,32,0.00132129,0.00085002,0.00108846
296,"Kiribati",2089,33,0.0013904,0.0009009,0.00114841
296,"Kiribati",2089,34,0.00146883,0.0009578,0.00121606
296,"Kiribati",2089,35,0.00155734,0.00102103,0.00129194
296,"Kiribati",2089,36,0.00165793,0.00109131,0.0013774
296,"Kiribati",2089,37,0.00177277,0.0011684,0.00147343
296,"Kiribati",2089,38,0.0019046,0.00125302,0.00158172
296,"Kiribati",2089,39,0.00205652,0.00134646,0.00170448
296,"Kiribati",2089,40,0.00223183,0.00145076,0.00184439
296,"Kiribati",2089,41,0.00243305,0.00156772,0.0020036
296,"Kiribati",2089,42,0.00266462,0.00170116,0.0021862
296,"Kiribati",2089,43,0.00292992,0.00185399,0.00239531
296,"Kiribati",2089,44,0.0032315,0.00202834,0.00263326
296,"Kiribati",2089,45,0.00357082,0.00222519,0.00290125
296,"Kiribati",2089,46,0.00394474,0.00244065,0.00319569
296,"Kiribati",2089,47,0.00435613,0.00267722,0.00351925
296,"Kiribati",2089,48,0.00480631,0.0029343,0.0038723
296,"Kiribati",2089,49,0.00529854,0.00321239,0.0042566
296,"Kiribati",2089,50,0.00583985,0.0035133,0.00467646
296,"Kiribati",2089,51,0.00643354,0.00383239,0.00513127
296,"Kiribati",2089,52,0.00709825,0.00418152,0.005636
296,"Kiribati",2089,53,0.00784682,0.00456617,0.00619949
296,"Kiribati",2089,54,0.00868867,0.00499272,0.00682935
296,"Kiribati",2089,55,0.0096283,0.00546754,0.00753075
296,"Kiribati",2089,56,0.01065352,0.00598428,0.00829424
296,"Kiribati",2089,57,0.01177025,0.00656194,0.00913196
296,"Kiribati",2089,58,0.01297609,0.00720902,0.01004675
296,"Kiribati",2089,59,0.01427306,0.00793663,0.01104505
296,"Kiribati",2089,60,0.01567092,0.00875743,0.01213766
296,"Kiribati",2089,61,0.01717441,0.00966908,0.01332514
296,"Kiribati",2089,62,0.01882119,0.01070323,0.01464199
296,"Kiribati",2089,63,0.02064003,0.01187854,0.01611137
296,"Kiribati",2089,64,0.0226595,0.01321728,0.0177579
296,"Kiribati",2089,65,0.02490552,0.01474299,0.01960657
296,"Kiribati",2089,66,0.02739045,0.01646414,0.02166686
296,"Kiribati",2089,67,0.03014693,0.01841944,0.02397307
296,"Kiribati",2089,68,0.0331983,0.02063185,0.02653797
296,"Kiribati",2089,69,0.03657,0.02312256,0.02939384
296,"Kiribati",2089,70,0.04029042,0.02590997,0.03255441
296,"Kiribati",2089,71,0.04439245,0.02900502,0.03602206
296,"Kiribati",2089,72,0.0489133,0.03243248,0.03984677
296,"Kiribati",2089,73,0.05389621,0.03622624,0.04406788
296,"Kiribati",2089,74,0.059391,0.04043983,0.04873521
296,"Kiribati",2089,75,0.06545613,0.04516065,0.05390763
296,"Kiribati",2089,76,0.07218046,0.05051727,0.05968826
296,"Kiribati",2089,77,0.07962227,0.05661421,0.06616153
296,"Kiribati",2089,78,0.08786701,0.0635651,0.07342526
296,"Kiribati",2089,79,0.09700816,0.0714322,0.08156122
296,"Kiribati",2089,80,0.10714554,0.08023016,0.09066476
296,"Kiribati",2089,81,0.11842673,0.08995262,0.10081686
296,"Kiribati",2089,82,0.13090973,0.10046371,0.11192838
296,"Kiribati",2089,83,0.1446675,0.11170433,0.1239988
296,"Kiribati",2089,84,0.15974744,0.12366046,0.13699303
296,"Kiribati",2089,85,0.17614886,0.13644261,0.15093525
296,"Kiribati",2089,86,0.1938993,0.1503072,0.16597514
296,"Kiribati",2089,87,0.21289447,0.16539853,0.18213971
296,"Kiribati",2089,88,0.23306287,0.18190663,0.19941006
296,"Kiribati",2089,89,0.25435203,0.19989304,0.2177601
296,"Kiribati",2089,90,0.27670848,0.21932271,0.23732816
296,"Kiribati",2089,91,0.30014566,0.24010822,0.25811201
296,"Kiribati",2089,92,0.32459157,0.26198994,0.27985533
296,"Kiribati",2089,93,0.35000925,0.28482286,0.30245944
296,"Kiribati",2089,94,0.37635384,0.30850796,0.32592716
296,"Kiribati",2089,95,0.40356458,0.33305241,0.35023326
296,"Kiribati",2089,96,0.4324707,0.35972523,0.37649604
296,"Kiribati",2089,97,0.46213216,0.38750695,0.40376276
296,"Kiribati",2089,98,0.49235197,0.41638068,0.43202056
296,"Kiribati",2089,99,0.5228455,0.44620507,0.46103758
296,"Kiribati",2089,100,0.57965506,0.50814733,0.52024401
296,"Kiribati",2090,0,0.01816258,0.00951704,0.01397187
296,"Kiribati",2090,1,0.00135633,0.00085064,0.00111092
296,"Kiribati",2090,2,0.00108579,0.00064502,0.00087175
296,"Kiribati",2090,3,0.00087462,0.00049279,0.0006891
296,"Kiribati",2090,4,0.00071212,0.00038236,0.00055183
296,"Kiribati",2090,5,0.00058898,0.00030392,0.00045035
296,"Kiribati",2090,6,0.00049618,0.0002488,0.00037582
296,"Kiribati",2090,7,0.00042959,0.00021235,0.00032385
296,"Kiribati",2090,8,0.00038433,0.00018976,0.00028959
296,"Kiribati",2090,9,0.00035721,0.00017801,0.00026992
296,"Kiribati",2090,10,0.00034646,0.00017508,0.00026296
296,"Kiribati",2090,11,0.00035126,0.0001797,0.00026764
296,"Kiribati",2090,12,0.00037237,0.00019173,0.0002843
296,"Kiribati",2090,13,0.00041133,0.00021116,0.0003137
296,"Kiribati",2090,14,0.00046909,0.00023777,0.00035624
296,"Kiribati",2090,15,0.00054613,0.00027102,0.00041187
296,"Kiribati",2090,16,0.00063848,0.00030852,0.0004774
296,"Kiribati",2090,17,0.0007406,0.00034853,0.00054911
296,"Kiribati",2090,18,0.00084382,0.00038859,0.00062135
296,"Kiribati",2090,19,0.00093738,0.00042619,0.0006874
296,"Kiribati",2090,20,0.00101409,0.00046044,0.00074313
296,"Kiribati",2090,21,0.00106814,0.00049059,0.00078524
296,"Kiribati",2090,22,0.00110114,0.00051831,0.0008154
296,"Kiribati",2090,23,0.00111638,0.00054497,0.00083598
296,"Kiribati",2090,24,0.0011195,0.0005715,0.00085034
296,"Kiribati",2090,25,0.00111702,0.00059863,0.00086218
296,"Kiribati",2090,26,0.00111505,0.0006268,0.00087484
296,"Kiribati",2090,27,0.0011195,0.00065615,0.00089137
296,"Kiribati",2090,28,0.00113358,0.00068706,0.00091358
296,"Kiribati",2090,29,0.00115946,0.00072004,0.00094281
296,"Kiribati",2090,30,0.00119712,0.00075581,0.00097939
296,"Kiribati",2090,31,0.0012462,0.00079601,0.00102394
296,"Kiribati",2090,32,0.00130535,0.00084084,0.00107588
296,"Kiribati",2090,33,0.0013736,0.00089113,0.00113511
296,"Kiribati",2090,34,0.00145107,0.00094739,0.00120195
296,"Kiribati",2090,35,0.00153854,0.00100991,0.00127694
296,"Kiribati",2090,36,0.0016379,0.00107936,0.00136136
296,"Kiribati",2090,37,0.00175139,0.00115552,0.00145624
296,"Kiribati",2090,38,0.00188169,0.00123913,0.00156327
296,"Kiribati",2090,39,0.00203191,0.00133144,0.00168463
296,"Kiribati",2090,40,0.00220535,0.0014345,0.00182297
296,"Kiribati",2090,41,0.00240448,0.00155008,0.00198043
296,"Kiribati",2090,42,0.00263377,0.00168199,0.00216113
296,"Kiribati",2090,43,0.00289662,0.00183311,0.00236819
296,"Kiribati",2090,44,0.00319553,0.00200556,0.00260385
296,"Kiribati",2090,45,0.00353196,0.00220026,0.00286932
296,"Kiribati",2090,46,0.00390278,0.00241336,0.00316106
296,"Kiribati",2090,47,0.00431072,0.00264723,0.00348155
296,"Kiribati",2090,48,0.00475701,0.00290123,0.00383107
296,"Kiribati",2090,49,0.00524486,0.00317583,0.00421143
296,"Kiribati",2090,50,0.00578126,0.00347282,0.00462693
296,"Kiribati",2090,51,0.00636979,0.00378786,0.00507701
296,"Kiribati",2090,52,0.00702895,0.00413263,0.00557679
296,"Kiribati",2090,53,0.00777163,0.00451258,0.00613512
296,"Kiribati",2090,54,0.00860726,0.00493406,0.00675948
296,"Kiribati",2090,55,0.00954024,0.00540327,0.00745486
296,"Kiribati",2090,56,0.01055869,0.00591411,0.00821195
296,"Kiribati",2090,57,0.0116679,0.00648494,0.00904248
296,"Kiribati",2090,58,0.01286517,0.00712401,0.00994889
296,"Kiribati",2090,59,0.01415235,0.00784229,0.01093745
296,"Kiribati",2090,60,0.01553914,0.00865237,0.01201914
296,"Kiribati",2090,61,0.01703116,0.00955273,0.01319546
296,"Kiribati",2090,62,0.01866563,0.01057458,0.0144999
296,"Kiribati",2090,63,0.0204715,0.01173665,0.015956
296,"Kiribati",2090,64,0.02247745,0.01306122,0.01758863
296,"Kiribati",2090,65,0.0247093,0.01457158,0.01942148
296,"Kiribati",2090,66,0.02718029,0.01627686,0.02146592
296,"Kiribati",2090,67,0.02992175,0.01821435,0.02375548
296,"Kiribati",2090,68,0.0329566,0.02040641,0.02631114
296,"Kiribati",2090,69,0.03630987,0.02287384,0.02914456
296,"Kiribati",2090,70,0.04000959,0.02563478,0.03228812
296,"Kiribati",2090,71,0.04408992,0.02870181,0.03575417
296,"Kiribati",2090,72,0.04858674,0.03209882,0.03955164
296,"Kiribati",2090,73,0.05354332,0.03585996,0.04373947
296,"Kiribati",2090,74,0.0590096,0.04003886,0.04837077
296,"Kiribati",2090,75,0.06504428,0.04472242,0.05351816
296,"Kiribati",2090,76,0.07173831,0.05004046,0.05927952
296,"Kiribati",2090,77,0.07914892,0.05609527,0.06572952
296,"Kiribati",2090,78,0.08736186,0.06299992,0.0729695
296,"Kiribati",2090,79,0.0964707,0.07081668,0.08107158
296,"Kiribati",2090,80,0.10657513,0.0795603,0.09009002
296,"Kiribati",2090,81,0.11782401,0.08922754,0.10012638
296,"Kiribati",2090,82,0.13027353,0.09968209,0.11114215
296,"Kiribati",2090,83,0.14399654,0.11086562,0.1230955
296,"Kiribati",2090,84,0.15904062,0.12276481,0.13600296
296,"Kiribati",2090,85,0.17540604,0.13548932,0.14988579
296,"Kiribati",2090,86,0.19312264,0.1492968,0.16487169
296,"Kiribati",2090,87,0.21208673,0.16433062,0.18099632
296,"Kiribati",2090,88,0.23222825,0.18078114,0.19833762
296,"Kiribati",2090,89,0.2534956,0.19871225,0.21680703
296,"Kiribati",2090,90,0.27583587,0.21809046,0.2363247
296,"Kiribati",2090,91,0.29926212,0.23883102,0.2570279
296,"Kiribati",2090,92,0.32370268,0.26067756,0.27876449
296,"Kiribati",2090,93,0.34912064,0.28348566,0.30135855
296,"Kiribati",2090,94,0.37547117,0.30715722,0.32473837
296,"Kiribati",2090,95,0.40269378,0.33169769,0.34898111
296,"Kiribati",2090,96,0.43163607,0.35839374,0.37526218
296,"Kiribati",2090,97,0.46134347,0.38621138,0.40253522
296,"Kiribati",2090,98,0.49161953,0.41513457,0.4307939
296,"Kiribati",2090,99,0.52217998,0.44502561,0.45992031
296,"Kiribati",2090,100,0.57904567,0.50694995,0.51904863
296,"Kiribati",2091,0,0.01786295,0.00940912,0.01376566
296,"Kiribati",2091,1,0.00132409,0.00083675,0.00108761
296,"Kiribati",2091,2,0.00106163,0.00063501,0.00085449
296,"Kiribati",2091,3,0.00085649,0.00048552,0.00067627
296,"Kiribati",2091,4,0.00069841,0.00037698,0.00054218
296,"Kiribati",2091,5,0.00057841,0.00029982,0.00044295
296,"Kiribati",2091,6,0.0004878,0.00024555,0.00036995
296,"Kiribati",2091,7,0.00042265,0.00020963,0.00031897
296,"Kiribati",2091,8,0.0003783,0.00018736,0.00028534
296,"Kiribati",2091,9,0.0003517,0.00017576,0.00026601
296,"Kiribati",2091,10,0.00034117,0.00017287,0.00025917
296,"Kiribati",2091,11,0.00034595,0.00017743,0.00026382
296,"Kiribati",2091,12,0.00036683,0.00018932,0.00028029
296,"Kiribati",2091,13,0.00040537,0.00020852,0.00030938
296,"Kiribati",2091,14,0.00046255,0.00023485,0.00035147
296,"Kiribati",2091,15,0.00053885,0.00026775,0.00040655
296,"Kiribati",2091,16,0.00063033,0.00030486,0.00047145
296,"Kiribati",2091,17,0.00073149,0.00034446,0.00054249
296,"Kiribati",2091,18,0.00083371,0.00038413,0.00061403
296,"Kiribati",2091,19,0.00092629,0.00042137,0.0006794
296,"Kiribati",2091,20,0.00100211,0.00045531,0.00073455
296,"Kiribati",2091,21,0.00105539,0.00048515,0.00077611
296,"Kiribati",2091,22,0.00108784,0.0005126,0.00080586
296,"Kiribati",2091,23,0.00110278,0.00053902,0.00082618
296,"Kiribati",2091,24,0.0011058,0.00056531,0.00084037
296,"Kiribati",2091,25,0.00110334,0.00059221,0.00085211
296,"Kiribati",2091,26,0.00110135,0.00062008,0.0008646
296,"Kiribati",2091,27,0.00110574,0.00064913,0.00088094
296,"Kiribati",2091,28,0.00111964,0.00067971,0.0009029
296,"Kiribati",2091,29,0.0011452,0.00071233,0.0009318
296,"Kiribati",2091,30,0.0011824,0.00074771,0.00096797
296,"Kiribati",2091,31,0.00123082,0.00078742,0.00101193
296,"Kiribati",2091,32,0.00128919,0.00083172,0.00106321
296,"Kiribati",2091,33,0.00135656,0.00088142,0.00112172
296,"Kiribati",2091,34,0.00143308,0.00093704,0.00118776
296,"Kiribati",2091,35,0.00151949,0.00099887,0.00126187
296,"Kiribati",2091,36,0.00161762,0.00106749,0.00134525
296,"Kiribati",2091,37,0.00172973,0.00114275,0.00143897
296,"Kiribati",2091,38,0.00185849,0.00122536,0.00154473
296,"Kiribati",2091,39,0.002007,0.00131657,0.00166469
296,"Kiribati",2091,40,0.00217854,0.00141841,0.00180149
296,"Kiribati",2091,41,0.00237558,0.00153263,0.00195721
296,"Kiribati",2091,42,0.00260257,0.00166304,0.002136
296,"Kiribati",2091,43,0.00286294,0.0018125,0.00234098
296,"Kiribati",2091,44,0.00315917,0.00198309,0.00257441
296,"Kiribati",2091,45,0.00349269,0.00217569,0.00283737
296,"Kiribati",2091,46,0.00386038,0.00238649,0.0031264
296,"Kiribati",2091,47,0.00426484,0.00261773,0.00344387
296,"Kiribati",2091,48,0.00470722,0.00286872,0.00378993
296,"Kiribati",2091,49,0.00519065,0.00313992,0.00416635
296,"Kiribati",2091,50,0.00572212,0.00343311,0.00457748
296,"Kiribati",2091,51,0.00630547,0.0037442,0.00502305
296,"Kiribati",2091,52,0.00695905,0.00408473,0.0055178
296,"Kiribati",2091,53,0.00769581,0.00446012,0.00607091
296,"Kiribati",2091,54,0.00852518,0.00487668,0.00668983
296,"Kiribati",2091,55,0.0094515,0.00534044,0.00737932
296,"Kiribati",2091,56,0.01046316,0.00584554,0.00813027
296,"Kiribati",2091,57,0.0115648,0.00640973,0.00895364
296,"Kiribati",2091,58,0.01275347,0.007041,0.00985185
296,"Kiribati",2091,59,0.01403082,0.0077502,0.01083087
296,"Kiribati",2091,60,0.01540649,0.00854986,0.01190161
296,"Kiribati",2091,61,0.01688698,0.00943921,0.01306664
296,"Kiribati",2091,62,0.01850907,0.01044906,0.01435915
296,"Kiribati",2091,63,0.0203019,0.0115982,0.01580217
296,"Kiribati",2091,64,0.02229426,0.01290895,0.01742093
296,"Kiribati",2091,65,0.02451186,0.01440435,0.01923914
296,"Kiribati",2091,66,0.0269688,0.01609408,0.02126765
296,"Kiribati",2091,67,0.02969513,0.01801413,0.02353991
296,"Kiribati",2091,68,0.03271332,0.02018625,0.02607701
296,"Kiribati",2091,69,0.03604801,0.02263084,0.02889955
296,"Kiribati",2091,70,0.03972686,0.02536582,0.03201799
296,"Kiribati",2091,71,0.04378523,0.0284052,0.03546626
296,"Kiribati",2091,72,0.04825773,0.0317721,0.03926148
296,"Kiribati",2091,73,0.05318764,0.03550096,0.04341991
296,"Kiribati",2091,74,0.05862502,0.03964545,0.04801555
296,"Kiribati",2091,75,0.06462882,0.04429202,0.05312425
296,"Kiribati",2091,76,0.07129199,0.04957144,0.05885998
296,"Kiribati",2091,77,0.07867076,0.05558397,0.06528849
296,"Kiribati",2091,78,0.08685123,0.06244212,0.07250245
296,"Kiribati",2091,79,0.09592698,0.07020811,0.08057793
296,"Kiribati",2091,80,0.1059976,0.07889677,0.08955926
296,"Kiribati",2091,81,0.11721312,0.08850758,0.09950703
296,"Kiribati",2091,82,0.12962797,0.09890402,0.11039992
296,"Kiribati",2091,83,0.14331487,0.11002846,0.12225052
296,"Kiribati",2091,84,0.15832157,0.12186828,0.13503115
296,"Kiribati",2091,85,0.17464927,0.13453217,0.14881943
296,"Kiribati",2091,86,0.19233007,0.14827876,0.16374296
296,"Kiribati",2091,87,0.21126094,0.16325062,0.17981101
296,"Kiribati",2091,88,0.23137324,0.1796383,0.19711152
296,"Kiribati",2091,89,0.25261625,0.19750802,0.21565744
296,"Kiribati",2091,90,0.27493764,0.21682774,0.23529893
296,"Kiribati",2091,91,0.29835005,0.23751536,0.25594839
296,"Kiribati",2091,92,0.32278215,0.25931774,0.27760223
296,"Kiribati",2091,93,0.34819704,0.28209104,0.30018901
296,"Kiribati",2091,94,0.37454994,0.30573806,0.32355793
296,"Kiribati",2091,95,0.40178063,0.33026242,0.34770871
296,"Kiribati",2091,96,0.43075408,0.35696394,0.37393655
296,"Kiribati",2091,97,0.4605021,0.38479776,0.40122232
296,"Kiribati",2091,98,0.49082878,0.41374853,0.42948133
296,"Kiribati",2091,99,0.52145023,0.44368225,0.45860502
296,"Kiribati",2091,100,0.57835319,0.50561332,0.51774627
296,"Kiribati",2092,0,0.01752519,0.00930214,0.01354005
296,"Kiribati",2092,1,0.00128827,0.00082307,0.00106256
296,"Kiribati",2092,2,0.00103467,0.00062513,0.00083585
296,"Kiribati",2092,3,0.00083621,0.00047833,0.00066237
296,"Kiribati",2092,4,0.00068304,0.00037165,0.0005317
296,"Kiribati",2092,5,0.00056657,0.00029575,0.0004349
296,"Kiribati",2092,6,0.00047841,0.00024232,0.00036357
296,"Kiribati",2092,7,0.00041489,0.00020692,0.00031369
296,"Kiribati",2092,8,0.00037157,0.00018496,0.00028073
296,"Kiribati",2092,9,0.00034555,0.00017352,0.00026177
296,"Kiribati",2092,10,0.00033527,0.00017066,0.00025508
296,"Kiribati",2092,11,0.00034002,0.00017517,0.00025969
296,"Kiribati",2092,12,0.00036065,0.00018691,0.00027597
296,"Kiribati",2092,13,0.00039873,0.00020589,0.0003047
296,"Kiribati",2092,14,0.00045525,0.00023192,0.00034632
296,"Kiribati",2092,15,0.00053073,0.00026447,0.00040082
296,"Kiribati",2092,16,0.00062126,0.00030119,0.00046503
296,"Kiribati",2092,17,0.00072137,0.00034039,0.00053533
296,"Kiribati",2092,18,0.0008225,0.00037966,0.00060614
296,"Kiribati",2092,19,0.000914,0.00041653,0.00067079
296,"Kiribati",2092,20,0.00098884,0.00045015,0.00072527
296,"Kiribati",2092,21,0.00104127,0.00047969,0.00076628
296,"Kiribati",2092,22,0.00107312,0.00050686,0.00079559
296,"Kiribati",2092,23,0.00108774,0.00053303,0.00081562
296,"Kiribati",2092,24,0.00109065,0.00055908,0.00082965
296,"Kiribati",2092,25,0.00108822,0.00058574,0.00084128
296,"Kiribati",2092,26,0.00108622,0.00061332,0.00085361
296,"Kiribati",2092,27,0.00109052,0.00064205,0.00086976
296,"Kiribati",2092,28,0.00110423,0.00067229,0.00089145
296,"Kiribati",2092,29,0.00112945,0.00070455,0.00091999
296,"Kiribati",2092,30,0.00116616,0.00073954,0.00095573
296,"Kiribati",2092,31,0.00121388,0.00077876,0.00099911
296,"Kiribati",2092,32,0.00127143,0.00082252,0.00104971
296,"Kiribati",2092,33,0.00133791,0.00087163,0.00110746
296,"Kiribati",2092,34,0.00141343,0.00092662,0.0011727
296,"Kiribati",2092,35,0.00149875,0.00098774,0.00124591
296,"Kiribati",2092,36,0.00159562,0.00105554,0.00132824
296,"Kiribati",2092,37,0.00170632,0.00112989,0.00142079
296,"Kiribati",2092,38,0.00183351,0.00121149,0.00152525
296,"Kiribati",2092,39,0.00198026,0.00130159,0.00164377
296,"Kiribati",2092,40,0.00214985,0.00140221,0.00177899
296,"Kiribati",2092,41,0.00234474,0.00151507,0.00193297
296,"Kiribati",2092,42,0.00256943,0.00164398,0.00210986
296,"Kiribati",2092,43,0.00282733,0.00179177,0.00231276
296,"Kiribati",2092,44,0.00312095,0.0019605,0.00254395
296,"Kiribati",2092,45,0.00345167,0.00215099,0.00280449
296,"Kiribati",2092,46,0.00381639,0.00235948,0.00309088
296,"Kiribati",2092,47,0.00421754,0.0025881,0.00340539
296,"Kiribati",2092,48,0.0046562,0.00283607,0.00374813
296,"Kiribati",2092,49,0.00513542,0.00310387,0.00412075
296,"Kiribati",2092,50,0.00566219,0.00339326,0.00452759
296,"Kiribati",2092,51,0.00624063,0.00370042,0.00496875
296,"Kiribati",2092,52,0.00688901,0.0040367,0.00545883
296,"Kiribati",2092,53,0.00762039,0.00440754,0.00600684
296,"Kiribati",2092,54,0.00844424,0.00481919,0.00662057
296,"Kiribati",2092,55,0.0093648,0.00527751,0.00730463
296,"Kiribati",2092,56,0.01037072,0.00577686,0.00805003
296,"Kiribati",2092,57,0.01146594,0.00633441,0.00886699
296,"Kiribati",2092,58,0.01264717,0.00695789,0.00975752
296,"Kiribati",2092,59,0.01391583,0.00765802,0.01072764
296,"Kiribati",2092,60,0.01528151,0.00844726,0.01178806
296,"Kiribati",2092,61,0.01675162,0.00932559,0.01294217
296,"Kiribati",2092,62,0.01836267,0.01032343,0.01422311
296,"Kiribati",2092,63,0.02014413,0.01145964,0.0156542
296,"Kiribati",2092,64,0.02212498,0.01275656,0.01726013
296,"Kiribati",2092,65,0.02433092,0.01423699,0.01906473
296,"Kiribati",2092,66,0.02677683,0.01591113,0.02107975
296,"Kiribati",2092,67,0.0294915,0.0178137,0.02333604
296,"Kiribati",2092,68,0.03249693,0.01996582,0.02585545
296,"Kiribati",2092,69,0.03581729,0.02238753,0.02865882
296,"Kiribati",2092,70,0.03947988,0.02509647,0.03176627
296,"Kiribati",2092,71,0.0435212,0.02810805,0.03518986
296,"Kiribati",2092,72,0.04797472,0.03144469,0.0389675
296,"Kiribati",2092,73,0.05288382,0.03514107,0.04312544
296,"Kiribati",2092,74,0.05829882,0.03925093,0.04769185
296,"Kiribati",2092,75,0.06427914,0.04386025,0.05276477
296,"Kiribati",2092,76,0.07091993,0.04910069,0.05846328
296,"Kiribati",2092,77,0.07827677,0.0550705,0.06486725
296,"Kiribati",2092,78,0.08643633,0.06188162,0.07206121
296,"Kiribati",2092,79,0.0954925,0.06959624,0.08011235
296,"Kiribati",2092,80,0.1055449,0.07822922,0.08906937
296,"Kiribati",2092,81,0.11674484,0.08778271,0.09898473
296,"Kiribati",2092,82,0.12914501,0.09811999,0.10979045
296,"Kiribati",2092,83,0.14281807,0.10918419,0.12151703
296,"Kiribati",2092,84,0.15781204,0.12096333,0.13419518
296,"Kiribati",2092,85,0.17412922,0.13356514,0.14785459
296,"Kiribati",2092,86,0.19180421,0.14724912,0.16268756
296,"Kiribati",2092,87,0.2107348,0.16215709,0.17870143
296,"Kiribati",2092,88,0.23085397,0.17847977,0.19595539
296,"Kiribati",2092,89,0.25211187,0.19628572,0.21447322
296,"Kiribati",2092,90,0.2744567,0.21554434,0.23420842
296,"Kiribati",2092,91,0.29790062,0.23617622,0.25499738
296,"Kiribati",2092,92,0.32237236,0.2579315,0.27660678
296,"Kiribati",2092,93,0.34783488,0.28066689,0.2991193
296,"Kiribati",2092,94,0.37424328,0.30428611,0.32249108
296,"Kiribati",2092,95,0.40153755,0.32879093,0.34663822
296,"Kiribati",2092,96,0.43060087,0.35549323,0.37279277
296,"Kiribati",2092,97,0.46045031,0.38333814,0.40003326
296,"Kiribati",2092,98,0.49089012,0.41231104,0.42831298
296,"Kiribati",2092,99,0.52163606,0.44228167,0.45744779
296,"Kiribati",2092,100,0.57863231,0.50422415,0.51654419
296,"Kiribati",2093,0,0.01724379,0.00920531,0.01334876
296,"Kiribati",2093,1,0.00125741,0.00081041,0.00104056
296,"Kiribati",2093,2,0.00101154,0.000616,0.00081954
296,"Kiribati",2093,3,0.00081886,0.0004717,0.00065025
296,"Kiribati",2093,4,0.00066993,0.00036674,0.0005226
296,"Kiribati",2093,5,0.00055649,0.00029201,0.00042791
296,"Kiribati",2093,6,0.00047041,0.00023935,0.00035803
296,"Kiribati",2093,7,0.00040828,0.00020444,0.0003091
296,"Kiribati",2093,8,0.00036583,0.00018276,0.00027673
296,"Kiribati",2093,9,0.0003403,0.00017146,0.00025809
296,"Kiribati",2093,10,0.00033023,0.00016863,0.00025152
296,"Kiribati",2093,11,0.00033496,0.00017308,0.00025608
296,"Kiribati",2093,12,0.00035537,0.00018469,0.00027218
296,"Kiribati",2093,13,0.00039305,0.00020346,0.00030062
296,"Kiribati",2093,14,0.00044901,0.00022923,0.00034182
296,"Kiribati",2093,15,0.00052379,0.00026145,0.00039581
296,"Kiribati",2093,16,0.0006135,0.00029782,0.00045943
296,"Kiribati",2093,17,0.00071271,0.00033664,0.00052908
296,"Kiribati",2093,18,0.0008129,0.00037555,0.00059923
296,"Kiribati",2093,19,0.00090346,0.00041209,0.00066326
296,"Kiribati",2093,20,0.00097744,0.00044541,0.00071717
296,"Kiribati",2093,21,0.00102913,0.00047467,0.00075765
296,"Kiribati",2093,22,0.00106044,0.0005016,0.00078659
296,"Kiribati",2093,23,0.00107476,0.00052753,0.00080634
296,"Kiribati",2093,24,0.00107756,0.00055336,0.00082021
296,"Kiribati",2093,25,0.00107515,0.00057981,0.00083176
296,"Kiribati",2093,26,0.00107313,0.00060711,0.00084394
296,"Kiribati",2093,27,0.00107736,0.00063556,0.0008599
296,"Kiribati",2093,28,0.00109089,0.00066549,0.00088135
296,"Kiribati",2093,29,0.0011158,0.00069741,0.00090957
296,"Kiribati",2093,30,0.00115207,0.00073205,0.0009449
296,"Kiribati",2093,31,0.00119915,0.0007708,0.00098775
296,"Kiribati",2093,32,0.00125597,0.00081407,0.00103774
296,"Kiribati",2093,33,0.00132162,0.00086264,0.00109481
296,"Kiribati",2093,34,0.00139623,0.00091703,0.00115928
296,"Kiribati",2093,35,0.00148055,0.00097752,0.00123169
296,"Kiribati",2093,36,0.00157626,0.00104455,0.00131305
296,"Kiribati",2093,37,0.00168566,0.00111806,0.00140453
296,"Kiribati",2093,38,0.00181141,0.00119873,0.00150779
296,"Kiribati",2093,39,0.00195655,0.00128782,0.00162498
296,"Kiribati",2093,40,0.00212437,0.00138732,0.00175875
296,"Kiribati",2093,41,0.0023173,0.00149893,0.00191114
296,"Kiribati",2093,42,0.00253986,0.00162646,0.00208628
296,"Kiribati",2093,43,0.00279548,0.00177272,0.00228727
296,"Kiribati",2093,44,0.00308665,0.00193975,0.00251637
296,"Kiribati",2093,45,0.00341471,0.00212832,0.00277463
296,"Kiribati",2093,46,0.0037766,0.00233471,0.00305859
296,"Kiribati",2093,47,0.0041746,0.00256092,0.00337033
296,"Kiribati",2093,48,0.0046097,0.00280613,0.00370991
296,"Kiribati",2093,49,0.00508491,0.0030708,0.00407901
296,"Kiribati",2093,50,0.00560719,0.00335668,0.00448186
296,"Kiribati",2093,51,0.00618092,0.0036602,0.0049188
296,"Kiribati",2093,52,0.00682426,0.00399259,0.00540444
296,"Kiribati",2093,53,0.00755035,0.00435925,0.00594777
296,"Kiribati",2093,54,0.00836866,0.0047664,0.00655634
296,"Kiribati",2093,55,0.00928338,0.00521975,0.00723502
296,"Kiribati",2093,56,0.01028339,0.00571386,0.00797504
296,"Kiribati",2093,57,0.01137201,0.00626532,0.00878588
296,"Kiribati",2093,58,0.01254568,0.00688163,0.00966919
296,"Kiribati",2093,59,0.01380562,0.0075734,0.0106307
296,"Kiribati",2093,60,0.01516137,0.00835302,0.01168133
296,"Kiribati",2093,61,0.0166212,0.0092212,0.01282512
296,"Kiribati",2093,62,0.01822122,0.01020802,0.01409481
296,"Kiribati",2093,63,0.01999117,0.01133242,0.01551423
296,"Kiribati",2093,64,0.02196015,0.01261681,0.01710822
296,"Kiribati",2093,65,0.02415379,0.01408374,0.01889977
296,"Kiribati",2093,66,0.02658776,0.01574394,0.02090159
296,"Kiribati",2093,67,0.02928963,0.01763089,0.02314353
296,"Kiribati",2093,68,0.032281,0.01976511,0.02564552
296,"Kiribati",2093,69,0.03558564,0.0221663,0.02842946
296,"Kiribati",2093,70,0.03923048,0.02485186,0.03151585
296,"Kiribati",2093,71,0.04325318,0.02783853,0.03492871
296,"Kiribati",2093,72,0.047686,0.0311481,0.03868029
296,"Kiribati",2093,73,0.05257242,0.03481553,0.04282029
296,"Kiribati",2093,74,0.05796289,0.03889467,0.04738761
296,"Kiribati",2093,75,0.06391716,0.04347111,0.05243074
296,"Kiribati",2093,76,0.07053231,0.04867745,0.05809407
296,"Kiribati",2093,77,0.07786309,0.0546101,0.06445997
296,"Kiribati",2093,78,0.08599659,0.06138054,0.07162939
296,"Kiribati",2093,79,0.09502683,0.06905094,0.07966106
296,"Kiribati",2093,80,0.10505337,0.07763622,0.08859445
296,"Kiribati",2093,81,0.11622863,0.08714111,0.09848901
296,"Kiribati",2093,82,0.12860368,0.09742863,0.10926545
296,"Kiribati",2093,83,0.14225111,0.10844255,0.12090448
296,"Kiribati",2093,84,0.1572191,0.12017158,0.13345417
296,"Kiribati",2093,85,0.17351089,0.13272253,0.14700734
296,"Kiribati",2093,86,0.19116323,0.146356,0.16170707
296,"Kiribati",2093,87,0.2100746,0.16121319,0.17763082
296,"Kiribati",2093,88,0.23017938,0.17748519,0.19483642
296,"Kiribati",2093,89,0.25142854,0.19524297,0.21331638
296,"Kiribati",2093,90,0.2737708,0.21445732,0.2330347
296,"Kiribati",2093,91,0.29721786,0.23505152,0.25393492
296,"Kiribati",2093,92,0.32169872,0.25677872,0.27570503
296,"Kiribati",2093,93,0.34717631,0.2794961,0.2981907
296,"Kiribati",2093,94,0.37360571,0.30310816,0.3215074
296,"Kiribati",2093,95,0.40092713,0.32761478,0.34567848
296,"Kiribati",2093,96,0.43004004,0.3543402,0.37186507
296,"Kiribati",2093,97,0.45994868,0.38221933,0.3990587
296,"Kiribati",2093,98,0.4904577,0.41123826,0.42732288
296,"Kiribati",2093,99,0.52128297,0.44127039,0.45651278
296,"Kiribati",2093,100,0.57833423,0.50324672,0.51559347
296,"Kiribati",2094,0,0.01693591,0.00907849,0.01312856
296,"Kiribati",2094,1,0.00122433,0.00079598,0.00101656
296,"Kiribati",2094,2,0.00098669,0.00060551,0.00080168
296,"Kiribati",2094,3,0.00080017,0.00046401,0.00063692
296,"Kiribati",2094,4,0.00065576,0.000361,0.00051254
296,"Kiribati",2094,5,0.00054556,0.0002876,0.00042016
296,"Kiribati",2094,6,0.00046173,0.00023583,0.00035187
296,"Kiribati",2094,7,0.00040108,0.00020148,0.00030398
296,"Kiribati",2094,8,0.00035958,0.00018015,0.00027225
296,"Kiribati",2094,9,0.00033458,0.00016902,0.00025397
296,"Kiribati",2094,10,0.00032473,0.00016623,0.00024753
296,"Kiribati",2094,11,0.00032943,0.00017062,0.00025206
296,"Kiribati",2094,12,0.0003496,0.00018207,0.00026796
296,"Kiribati",2094,13,0.00038685,0.00020061,0.00029606
296,"Kiribati",2094,14,0.00044219,0.00022605,0.00033679
296,"Kiribati",2094,15,0.00051619,0.0002579,0.00039019
296,"Kiribati",2094,16,0.00060498,0.00029384,0.00045315
296,"Kiribati",2094,17,0.00070319,0.00033223,0.00052208
296,"Kiribati",2094,18,0.00080232,0.00037071,0.00059148
296,"Kiribati",2094,19,0.00089186,0.00040686,0.00065479
296,"Kiribati",2094,20,0.0009649,0.00043984,0.00070807
296,"Kiribati",2094,21,0.00101579,0.00046878,0.000748
296,"Kiribati",2094,22,0.00104653,0.00049542,0.00077649
296,"Kiribati",2094,23,0.00106054,0.00052108,0.00079598
296,"Kiribati",2094,24,0.00106324,0.00054665,0.00080966
296,"Kiribati",2094,25,0.00106086,0.00057284,0.00082109
296,"Kiribati",2094,26,0.00105882,0.00059982,0.00083312
296,"Kiribati",2094,27,0.00106297,0.00062793,0.00084887
296,"Kiribati",2094,28,0.00107632,0.00065751,0.00087005
296,"Kiribati",2094,29,0.0011009,0.00068905,0.00089791
296,"Kiribati",2094,30,0.0011367,0.00072327,0.0009328
296,"Kiribati",2094,31,0.00118309,0.00076151,0.00097504
296,"Kiribati",2094,32,0.0012391,0.00080422,0.00102436
296,"Kiribati",2094,33,0.00130385,0.00085218,0.00108069
296,"Kiribati",2094,34,0.00137747,0.0009059,0.00114432
296,"Kiribati",2094,35,0.0014607,0.00096564,0.0012158
296,"Kiribati",2094,36,0.00155513,0.00103181,0.00129611
296,"Kiribati",2094,37,0.00166312,0.00110437,0.0013864
296,"Kiribati",2094,38,0.00178728,0.001184,0.00148833
296,"Kiribati",2094,39,0.00193065,0.00127193,0.00160405
296,"Kiribati",2094,40,0.00209651,0.00137016,0.00173619
296,"Kiribati",2094,41,0.00228726,0.00148036,0.00188678
296,"Kiribati",2094,42,0.00250745,0.00160635,0.00205998
296,"Kiribati",2094,43,0.00276051,0.00175089,0.00225884
296,"Kiribati",2094,44,0.00304891,0.001916,0.0024856
296,"Kiribati",2094,45,0.00337397,0.00210242,0.00274127
296,"Kiribati",2094,46,0.00373264,0.00230644,0.00302244
296,"Kiribati",2094,47,0.00412707,0.00252996,0.00333109
296,"Kiribati",2094,48,0.00455815,0.00277209,0.00366713
296,"Kiribati",2094,49,0.00502883,0.0030333,0.00403223
296,"Kiribati",2094,50,0.00554604,0.00331532,0.00443068
296,"Kiribati",2094,51,0.00611445,0.00361483,0.00486297
296,"Kiribati",2094,52,0.00675206,0.00394293,0.00534355
296,"Kiribati",2094,53,0.00747209,0.00430501,0.00588159
296,"Kiribati",2094,54,0.00828402,0.00470724,0.00648459
296,"Kiribati",2094,55,0.00919193,0.00515517,0.007157
296,"Kiribati",2094,56,0.01018502,0.0056435,0.00789072
296,"Kiribati",2094,57,0.01126592,0.00618827,0.00869459
296,"Kiribati",2094,58,0.01243082,0.00679667,0.00956981
296,"Kiribati",2094,59,0.01368073,0.00747923,0.01052188
296,"Kiribati",2094,60,0.01502512,0.00824827,0.01156149
296,"Kiribati",2094,61,0.01647314,0.00910521,0.01269376
296,"Kiribati",2094,62,0.0180605,0.01007989,0.01395095
296,"Kiribati",2094,63,0.01981713,0.01119129,0.015357
296,"Kiribati",2094,64,0.02177226,0.01246198,0.0169372
296,"Kiribati",2094,65,0.02395142,0.01391422,0.01871449
296,"Kiribati",2094,66,0.02637109,0.01555917,0.02070139
296,"Kiribati",2094,67,0.02905759,0.0174291,0.02292689
296,"Kiribati",2094,68,0.03203205,0.01954383,0.02541056
296,"Kiribati",2094,69,0.03531781,0.02192268,0.02817237
296,"Kiribati",2094,70,0.03894145,0.02458276,0.03123404
296,"Kiribati",2094,71,0.04294178,0.02754213,0.03462159
296,"Kiribati",2094,72,0.04734983,0.03082206,0.03835786
296,"Kiribati",2094,73,0.05220908,0.03445784,0.04246623
296,"Kiribati",2094,74,0.05757011,0.03850348,0.04701068
296,"Kiribati",2094,75,0.06349295,0.04304415,0.05205094
296,"Kiribati",2094,76,0.0700767,0.04821338,0.05767967
296,"Kiribati",2094,77,0.07737515,0.05410569,0.06400351
296,"Kiribati",2094,78,0.08547576,0.06083208,0.07112747
296,"Kiribati",2094,79,0.0944726,0.06845475,0.0791278
296,"Kiribati",2094,80,0.10446511,0.07698863,0.08803502
296,"Kiribati",2094,81,0.1156069,0.08644124,0.09790129
296,"Kiribati",2094,82,0.12794726,0.09667536,0.10865212
296,"Kiribati",2094,83,0.14155863,0.10763544,0.12025723
296,"Kiribati",2094,84,0.15648941,0.11931099,0.13271005
296,"Kiribati",2094,85,0.17274379,0.13180761,0.14612003
296,"Kiribati",2094,86,0.19036086,0.14538733,0.16070239
296,"Kiribati",2094,87,0.20923985,0.16019079,0.17648069
296,"Kiribati",2094,88,0.22931662,0.17640961,0.19359028
296,"Kiribati",2094,89,0.25054304,0.19411791,0.21202211
296,"Kiribati",2094,90,0.27286846,0.21328816,0.23170504
296,"Kiribati",2094,91,0.29630415,0.23384726,0.25259444
296,"Kiribati",2094,92,0.32077947,0.25555192,0.27448861
296,"Kiribati",2094,93,0.34625735,0.27825962,0.29715059
296,"Kiribati",2094,94,0.37269293,0.30187589,0.32045561
296,"Kiribati",2094,95,0.40002672,0.32639784,0.34458767
296,"Kiribati",2094,96,0.42917659,0.35316207,0.3708311
296,"Kiribati",2094,97,0.45913245,0.38109287,0.39808121
296,"Kiribati",2094,98,0.48969955,0.41017698,0.42632754
296,"Kiribati",2094,99,0.52059415,0.44029259,0.45553819
296,"Kiribati",2094,100,0.57766779,0.50238091,0.51469055
296,"Kiribati",2095,0,0.01664629,0.00898086,0.01293243
296,"Kiribati",2095,1,0.00119295,0.00078349,0.00099435
296,"Kiribati",2095,2,0.00096306,0.00059646,0.00078515
296,"Kiribati",2095,3,0.00078237,0.00045741,0.00062458
296,"Kiribati",2095,4,0.00064224,0.0003561,0.00050323
296,"Kiribati",2095,5,0.0005351,0.00028385,0.00041298
296,"Kiribati",2095,6,0.00045341,0.00023284,0.00034615
296,"Kiribati",2095,7,0.00039418,0.00019898,0.00029922
296,"Kiribati",2095,8,0.00035357,0.00017792,0.00026809
296,"Kiribati",2095,9,0.00032907,0.00016693,0.00025014
296,"Kiribati",2095,10,0.00031943,0.00016417,0.00024383
296,"Kiribati",2095,11,0.0003241,0.0001685,0.0002483
296,"Kiribati",2095,12,0.00034403,0.00017981,0.00026401
296,"Kiribati",2095,13,0.00038083,0.00019813,0.00029178
296,"Kiribati",2095,14,0.00043556,0.0002233,0.00033206
296,"Kiribati",2095,15,0.00050879,0.00025481,0.00038492
296,"Kiribati",2095,16,0.00059668,0.00029038,0.00044722
296,"Kiribati",2095,17,0.00069389,0.00032838,0.00051547
296,"Kiribati",2095,18,0.00079198,0.00036648,0.00058416
296,"Kiribati",2095,19,0.00088048,0.00040229,0.00064676
296,"Kiribati",2095,20,0.00095259,0.00043495,0.0006994
296,"Kiribati",2095,21,0.00100267,0.0004636,0.00073879
296,"Kiribati",2095,22,0.00103284,0.00048997,0.00076688
296,"Kiribati",2095,23,0.00104652,0.00051539,0.00078607
296,"Kiribati",2095,24,0.00104911,0.00054073,0.0007996
296,"Kiribati",2095,25,0.00104674,0.00056668,0.00081092
296,"Kiribati",2095,26,0.00104467,0.00059338,0.00082279
296,"Kiribati",2095,27,0.00104874,0.00062119,0.00083837
296,"Kiribati",2095,28,0.0010619,0.00065044,0.00085928
296,"Kiribati",2095,29,0.00108614,0.00068164,0.0008868
296,"Kiribati",2095,30,0.00112146,0.00071548,0.00092126
296,"Kiribati",2095,31,0.00116718,0.00075326,0.00096293
296,"Kiribati",2095,32,0.0012224,0.00079545,0.00101159
296,"Kiribati",2095,33,0.00128626,0.00084285,0.0010672
296,"Kiribati",2095,34,0.0013589,0.00089596,0.00113007
296,"Kiribati",2095,35,0.00144107,0.00095504,0.00120067
296,"Kiribati",2095,36,0.00153426,0.00102042,0.00127995
296,"Kiribati",2095,37,0.00164086,0.00109213,0.00136913
296,"Kiribati",2095,38,0.00176347,0.0011708,0.00146982
296,"Kiribati",2095,39,0.00190512,0.00125769,0.00158414
296,"Kiribati",2095,40,0.00206905,0.00135477,0.00171473
296,"Kiribati",2095,41,0.00225769,0.00146369,0.00186361
296,"Kiribati",2095,42,0.00247558,0.00158827,0.00203495
296,"Kiribati",2095,43,0.00272615,0.00173124,0.0022318
296,"Kiribati",2095,44,0.00301186,0.00189462,0.00245636
296,"Kiribati",2095,45,0.00333402,0.00207907,0.00270959
296,"Kiribati",2095,46,0.00368959,0.00228093,0.00298812
296,"Kiribati",2095,47,0.00408056,0.00250199,0.00329382
296,"Kiribati",2095,48,0.00450776,0.00274131,0.00362657
296,"Kiribati",2095,49,0.00497407,0.00299934,0.00398791
296,"Kiribati",2095,50,0.0054864,0.00327779,0.00438214
296,"Kiribati",2095,51,0.00604969,0.00357361,0.0048101
296,"Kiribati",2095,52,0.0066818,0.00389775,0.00528597
296,"Kiribati",2095,53,0.00739602,0.00425557,0.00581894
296,"Kiribati",2095,54,0.00820184,0.00465325,0.00641664
296,"Kiribati",2095,55,0.00910327,0.00509612,0.00708339
296,"Kiribati",2095,56,0.01008976,0.00557911,0.00781097
296,"Kiribati",2095,57,0.0111633,0.00611769,0.00860812
296,"Kiribati",2095,58,0.01231982,0.0067188,0.00947579
296,"Kiribati",2095,59,0.01356013,0.00739286,0.01041909
296,"Kiribati",2095,60,0.01489364,0.00815213,0.01144859
296,"Kiribati",2095,61,0.01633031,0.00899872,0.01256997
296,"Kiribati",2095,62,0.01790549,0.00996216,0.01381548
296,"Kiribati",2095,63,0.01964934,0.01106152,0.01520903
296,"Kiribati",2095,64,0.0215912,0.01231941,0.016776
296,"Kiribati",2095,65,0.02375652,0.01375786,0.01853949
296,"Kiribati",2095,66,0.02616249,0.01538848,0.02051274
296,"Kiribati",2095,67,0.02883425,0.01724235,0.02272269
296,"Kiribati",2095,68,0.03179248,0.0193387,0.02518878
296,"Kiribati",2095,69,0.03506012,0.02169647,0.02793085
296,"Kiribati",2095,70,0.03866336,0.02433253,0.0309687
296,"Kiribati",2095,71,0.04264199,0.02726617,0.03433106
296,"Kiribati",2095,72,0.04702595,0.03051811,0.03804081
296,"Kiribati",2095,73,0.05185872,0.03412389,0.04213379
296,"Kiribati",2095,74,0.05719105,0.03813766,0.04664567
296,"Kiribati",2095,75,0.06308319,0.04264414,0.05166276
296,"Kiribati",2095,76,0.06963597,0.04777765,0.05729084
296,"Kiribati",2095,77,0.07690247,0.05363092,0.06357844
296,"Kiribati",2095,78,0.08497049,0.06031446,0.07065817
296,"Kiribati",2095,79,0.09393413,0.06789045,0.0786108
296,"Kiribati",2095,80,0.10389271,0.07637382,0.08748516
296,"Kiribati",2095,81,0.11500063,0.08577451,0.09732605
296,"Kiribati",2095,82,0.12730563,0.09595519,0.10804863
296,"Kiribati",2095,83,0.14087999,0.10686097,0.11962899
296,"Kiribati",2095,84,0.15577222,0.118482,0.13204845
296,"Kiribati",2095,85,0.17198744,0.13092293,0.14535498
296,"Kiribati",2095,86,0.18956672,0.14444667,0.1597839
296,"Kiribati",2095,87,0.20841016,0.15919331,0.17543696
296,"Kiribati",2095,88,0.22845508,0.17535478,0.19239311
296,"Kiribati",2095,89,0.2496542,0.19300762,0.21072683
296,"Kiribati",2095,90,0.2719574,0.21212571,0.23036172
296,"Kiribati",2095,91,0.29537548,0.23263872,0.25121543
296,"Kiribati",2095,92,0.31983807,0.25430654,0.27309819
296,"Kiribati",2095,93,0.34530808,0.27698709,0.29588294
296,"Kiribati",2095,94,0.37174065,0.30058674,0.31936051
296,"Kiribati",2095,95,0.39907656,0.32510061,0.34346957
296,"Kiribati",2095,96,0.42824739,0.35187541,0.36967106
296,"Kiribati",2095,97,0.45823263,0.37982705,0.39696103
296,"Kiribati",2095,98,0.48883809,0.40894295,0.42524472
296,"Kiribati",2095,99,0.5197804,0.43910515,0.45442183
296,"Kiribati",2095,100,0.57689776,0.50123471,0.51354365
296,"Kiribati",2096,0,0.01629528,0.00887416,0.01270033
296,"Kiribati",2096,1,0.00115585,0.00077032,0.00096888
296,"Kiribati",2096,2,0.00093504,0.00058689,0.0007661
296,"Kiribati",2096,3,0.00076121,0.00045039,0.00061031
296,"Kiribati",2096,4,0.00062616,0.00035086,0.00049243
296,"Kiribati",2096,5,0.00052268,0.00027981,0.00040465
296,"Kiribati",2096,6,0.00044353,0.00022962,0.00033952
296,"Kiribati",2096,7,0.000386,0.00019627,0.00029371
296,"Kiribati",2096,8,0.00034646,0.00017552,0.00026328
296,"Kiribati",2096,9,0.00032257,0.00016467,0.00024571
296,"Kiribati",2096,10,0.00031318,0.00016194,0.00023954
296,"Kiribati",2096,11,0.00031782,0.0001662,0.00024398
296,"Kiribati",2096,12,0.00033747,0.00017736,0.00025946
296,"Kiribati",2096,13,0.00037377,0.00019545,0.00028686
296,"Kiribati",2096,14,0.00042779,0.00022031,0.00032663
296,"Kiribati",2096,15,0.00050013,0.00025145,0.00037885
296,"Kiribati",2096,16,0.00058697,0.0002866,0.00044043
296,"Kiribati",2096,17,0.00068304,0.00032417,0.00050788
296,"Kiribati",2096,18,0.00077995,0.00036185,0.00057576
296,"Kiribati",2096,19,0.00086729,0.00039726,0.00063759
296,"Kiribati",2096,20,0.00093833,0.00042958,0.00068951
296,"Kiribati",2096,21,0.00098751,0.00045789,0.00072827
296,"Kiribati",2096,22,0.00101704,0.00048397,0.00075591
296,"Kiribati",2096,23,0.00103037,0.00050911,0.0007748
296,"Kiribati",2096,24,0.00103284,0.00053419,0.00078813
296,"Kiribati",2096,25,0.0010305,0.00055988,0.00079935
296,"Kiribati",2096,26,0.00102841,0.00058626,0.00081105
296,"Kiribati",2096,27,0.00103241,0.00061373,0.00082643
296,"Kiribati",2096,28,0.00104535,0.00064263,0.00084707
296,"Kiribati",2096,29,0.00106923,0.00067344,0.00087421
296,"Kiribati",2096,30,0.00110402,0.00070686,0.00090819
296,"Kiribati",2096,31,0.00114899,0.00074413,0.00094923
296,"Kiribati",2096,32,0.00120335,0.00078576,0.00099718
296,"Kiribati",2096,33,0.00126625,0.00083255,0.00105201
296,"Kiribati",2096,34,0.00133785,0.00088499,0.00111402
296,"Kiribati",2096,35,0.00141887,0.00094334,0.0011837
296,"Kiribati",2096,36,0.00151072,0.00100786,0.00126188
296,"Kiribati",2096,37,0.00161583,0.00107862,0.00134983
296,"Kiribati",2096,38,0.00173678,0.00115626,0.00144918
296,"Kiribati",2096,39,0.00187656,0.00124201,0.001562
296,"Kiribati",2096,40,0.00203843,0.00133783,0.00169092
296,"Kiribati",2096,41,0.00222479,0.00144535,0.00183795
296,"Kiribati",2096,42,0.00244023,0.00156839,0.00200727
296,"Kiribati",2096,43,0.00268819,0.00170964,0.00220196
296,"Kiribati",2096,44,0.00297113,0.00187109,0.00242419
296,"Kiribati",2096,45,0.00329032,0.00205338,0.00267487
296,"Kiribati",2096,46,0.00364273,0.00225287,0.00295064
296,"Kiribati",2096,47,0.00403021,0.00247123,0.00325324
296,"Kiribati",2096,48,0.0044535,0.00270747,0.00358249
296,"Kiribati",2096,49,0.00491538,0.00296204,0.00393996
296,"Kiribati",2096,50,0.00542277,0.00323664,0.00432981
296,"Kiribati",2096,51,0.00598088,0.00352844,0.00475318
296,"Kiribati",2096,52,0.00660752,0.00384827,0.00522426
296,"Kiribati",2096,53,0.00731609,0.00420148,0.00575211
296,"Kiribati",2096,54,0.00811612,0.00459416,0.00634438
296,"Kiribati",2096,55,0.00901154,0.00503153,0.00700542
296,"Kiribati",2096,56,0.00999201,0.00550865,0.00772717
296,"Kiribati",2096,57,0.01105883,0.00604046,0.00851739
296,"Kiribati",2096,58,0.01220756,0.00663365,0.00937725
296,"Kiribati",2096,59,0.01343877,0.00729849,0.01031169
296,"Kiribati",2096,60,0.01476183,0.00804719,0.01133096
296,"Kiribati",2096,61,0.01618759,0.00888252,0.01244146
296,"Kiribati",2096,62,0.01775117,0.00983368,0.01367495
296,"Kiribati",2096,63,0.01948308,0.01091981,0.01505589
296,"Kiribati",2096,64,0.02141288,0.01216355,0.01660959
296,"Kiribati",2096,65,0.023566,0.01358666,0.01835897
296,"Kiribati",2096,66,0.02596036,0.01520117,0.02031821
296,"Kiribati",2096,67,0.02861986,0.01703697,0.02251316
296,"Kiribati",2096,68,0.03156467,0.01911265,0.02496177
296,"Kiribati",2096,69,0.03481724,0.02144676,0.02768385
296,"Kiribati",2096,70,0.03840336,0.02405591,0.03069911
296,"Kiribati",2096,71,0.04236391,0.02696057,0.03403571
296,"Kiribati",2096,72,0.04672771,0.03018089,0.03771741
296,"Kiribati",2096,73,0.05153837,0.03375265,0.04178111
296,"Kiribati",2096,74,0.05684688,0.03773005,0.04627583
296,"Kiribati",2096,75,0.06271401,0.04219729,0.05125719
296,"Kiribati",2096,76,0.06924275,0.04728924,0.05686088
296,"Kiribati",2096,77,0.07648561,0.05309681,0.06314648
296,"Kiribati",2096,78,0.08453101,0.05972988,0.07018587
296,"Kiribati",2096,79,0.09347336,0.06725052,0.07808974
296,"Kiribati",2096,80,0.10341202,0.07567366,0.08691174
296,"Kiribati",2096,81,0.11450252,0.08501154,0.09671778
296,"Kiribati",2096,82,0.12679093,0.09512695,0.1074129
296,"Kiribati",2096,83,0.14034941,0.10596568,0.11896311
296,"Kiribati",2096,84,0.15522673,0.11751856,0.13135634
296,"Kiribati",2096,85,0.17142918,0.12988912,0.14462561
296,"Kiribati",2096,86,0.18900037,0.14334082,0.15894016
296,"Kiribati",2096,87,0.20784136,0.15801309,0.17442436
296,"Kiribati",2096,88,0.22789119,0.1740979,0.19124422
296,"Kiribati",2096,89,0.24910353,0.19167417,0.209415
296,"Kiribati",2096,90,0.2714288,0.21071724,0.22894698
296,"Kiribati",2096,91,0.2948773,0.23115962,0.24975015
296,"Kiribati",2096,92,0.3193787,0.25276466,0.27159462
296,"Kiribati",2096,93,0.34489577,0.27539088,0.29436402
296,"Kiribati",2096,94,0.37138352,0.29894563,0.31796008
296,"Kiribati",2096,95,0.39878298,0.32342196,0.34223098
296,"Kiribati",2096,96,0.42804393,0.35017424,0.36840083
296,"Kiribati",2096,97,0.45813138,0.37811199,0.39562905
296,"Kiribati",2096,98,0.48885136,0.40722333,0.42393033
296,"Kiribati",2096,99,0.51992015,0.43739433,0.45312232
296,"Kiribati",2096,100,0.57711717,0.49956704,0.51213188
296,"Kiribati",2097,0,0.01601884,0.00878372,0.01251448
296,"Kiribati",2097,1,0.00112546,0.00075869,0.00094761
296,"Kiribati",2097,2,0.00091214,0.00057846,0.00075024
296,"Kiribati",2097,3,0.00074396,0.00044423,0.00059846
296,"Kiribati",2097,4,0.00061306,0.00034627,0.00048349
296,"Kiribati",2097,5,0.00051255,0.0002763,0.00039776
296,"Kiribati",2097,6,0.00043548,0.00022682,0.00033404
296,"Kiribati",2097,7,0.00037933,0.00019391,0.00028915
296,"Kiribati",2097,8,0.00034065,0.00017343,0.00025929
296,"Kiribati",2097,9,0.00031724,0.00016271,0.00024203
296,"Kiribati",2097,10,0.00030804,0.00016,0.00023597
296,"Kiribati",2097,11,0.00031265,0.00016421,0.00024036
296,"Kiribati",2097,12,0.00033206,0.00017523,0.00025566
296,"Kiribati",2097,13,0.00036793,0.00019311,0.00028274
296,"Kiribati",2097,14,0.00042135,0.0002177,0.00032208
296,"Kiribati",2097,15,0.00049294,0.00024852,0.00037375
296,"Kiribati",2097,16,0.00057892,0.00028332,0.00043472
296,"Kiribati",2097,17,0.00067403,0.00032052,0.00050151
296,"Kiribati",2097,18,0.00076992,0.00035784,0.00056869
296,"Kiribati",2097,19,0.00085625,0.00039292,0.00062985
296,"Kiribati",2097,20,0.00092638,0.00042493,0.00068117
296,"Kiribati",2097,21,0.00097476,0.00045297,0.00071938
296,"Kiribati",2097,22,0.00100373,0.0004788,0.00074659
296,"Kiribati",2097,23,0.00101673,0.00050371,0.00076522
296,"Kiribati",2097,24,0.00101908,0.00052856,0.00077839
296,"Kiribati",2097,25,0.00101673,0.00055402,0.00078949
296,"Kiribati",2097,26,0.00101462,0.00058013,0.00080107
296,"Kiribati",2097,27,0.00101853,0.00060731,0.00081624
296,"Kiribati",2097,28,0.00103129,0.0006359,0.00083664
296,"Kiribati",2097,29,0.00105483,0.00066637,0.00086346
296,"Kiribati",2097,30,0.00108916,0.00069944,0.00089702
296,"Kiribati",2097,31,0.00113347,0.00073625,0.00093751
296,"Kiribati",2097,32,0.00118706,0.0007774,0.00098483
296,"Kiribati",2097,33,0.00124911,0.00082366,0.00103896
296,"Kiribati",2097,34,0.00131976,0.00087552,0.00110021
296,"Kiribati",2097,35,0.00139975,0.00093323,0.00116906
296,"Kiribati",2097,36,0.00149041,0.00099701,0.00124629
296,"Kiribati",2097,37,0.00159419,0.00106696,0.00133317
296,"Kiribati",2097,38,0.00171365,0.00114369,0.00143131
296,"Kiribati",2097,39,0.00185177,0.00122845,0.00154282
296,"Kiribati",2097,40,0.00201181,0.00132317,0.00167027
296,"Kiribati",2097,41,0.00219615,0.00142949,0.00181568
296,"Kiribati",2097,42,0.0024094,0.00155119,0.00198323
296,"Kiribati",2097,43,0.00265501,0.00169097,0.00217599
296,"Kiribati",2097,44,0.00293543,0.00185079,0.00239615
296,"Kiribati",2097,45,0.00325191,0.00203123,0.00264457
296,"Kiribati",2097,46,0.00360143,0.00222869,0.0029179
296,"Kiribati",2097,47,0.00398569,0.00244474,0.00321773
296,"Kiribati",2097,48,0.00440536,0.00267833,0.00354384
296,"Kiribati",2097,49,0.00486316,0.00292989,0.00389777
296,"Kiribati",2097,50,0.00536599,0.00320112,0.00428374
296,"Kiribati",2097,51,0.00591933,0.00348944,0.004703
296,"Kiribati",2097,52,0.00654086,0.00380554,0.00516967
296,"Kiribati",2097,53,0.00724408,0.00415475,0.00569297
296,"Kiribati",2097,54,0.00803854,0.00454315,0.00628035
296,"Kiribati",2097,55,0.0089281,0.00497579,0.00693604
296,"Kiribati",2097,56,0.00990263,0.00544791,0.00765238
296,"Kiribati",2097,57,0.01096281,0.0059739,0.0084365
296,"Kiribati",2097,58,0.01210394,0.00656022,0.00928893
296,"Kiribati",2097,59,0.01332638,0.00721703,0.01021505
296,"Kiribati",2097,60,0.01463944,0.00795649,0.01122505
296,"Kiribati",2097,61,0.01605476,0.00878204,0.01232577
296,"Kiribati",2097,62,0.01760717,0.00972263,0.01354864
296,"Kiribati",2097,63,0.01932744,0.01079745,0.01491804
296,"Kiribati",2097,64,0.02124526,0.01202925,0.01645979
296,"Kiribati",2097,65,0.023386,0.01343956,0.01819646
296,"Kiribati",2097,66,0.02576822,0.0150408,0.02014271
296,"Kiribati",2097,67,0.02841472,0.01686176,0.02232369
296,"Kiribati",2097,68,0.03134525,0.01892042,0.02475695
296,"Kiribati",2097,69,0.03458182,0.02123499,0.02746094
296,"Kiribati",2097,70,0.03814987,0.02382183,0.03045554
296,"Kiribati",2097,71,0.04209117,0.02670255,0.03377019
296,"Kiribati",2097,72,0.04643355,0.02989686,0.03742613
296,"Kiribati",2097,73,0.05122065,0.03344081,0.04146228
296,"Kiribati",2097,74,0.05650366,0.03738873,0.04592876
296,"Kiribati",2097,75,0.06234363,0.04182447,0.05089536
296,"Kiribati",2097,76,0.06884518,0.04688361,0.05646601
296,"Kiribati",2097,77,0.07606029,0.05265545,0.06272977
296,"Kiribati",2097,78,0.08407777,0.05924943,0.06977148
296,"Kiribati",2097,79,0.09299215,0.0667276,0.07763766
296,"Kiribati",2097,80,0.10290268,0.0751049,0.08641383
296,"Kiribati",2097,81,0.11396561,0.08439584,0.09617267
296,"Kiribati",2097,82,0.12622559,0.0944631,0.10683936
296,"Kiribati",2097,83,0.13975464,0.10525307,0.11837062
296,"Kiribati",2097,84,0.15460165,0.11675726,0.13074367
296,"Kiribati",2097,85,0.17077382,0.1290782,0.14399756
296,"Kiribati",2097,86,0.18831663,0.14248033,0.15828617
296,"Kiribati",2097,87,0.20713211,0.15710266,0.17366099
296,"Kiribati",2097,88,0.22716068,0.17313757,0.19031584
296,"Kiribati",2097,89,0.24835684,0.19066651,0.20836197
296,"Kiribati",2097,90,0.27067151,0.20966618,0.22774556
296,"Kiribati",2097,91,0.29411446,0.23007188,0.248467
296,"Kiribati",2097,92,0.3186156,0.25165006,0.27028755
296,"Kiribati",2097,93,0.3441376,0.27425954,0.29304725
296,"Kiribati",2097,94,0.37063544,0.29780851,0.31666012
296,"Kiribati",2097,95,0.39805037,0.32228788,0.34108576
296,"Kiribati",2097,96,0.42734463,0.34906108,0.36746727
296,"Kiribati",2097,97,0.4574738,0.37703016,0.39470736
296,"Kiribati",2097,98,0.48824431,0.40618387,0.42299485
296,"Kiribati",2097,99,0.51937268,0.43641217,0.45225834
296,"Kiribati",2097,100,0.5766274,0.49864775,0.5112667
296,"Kiribati",2098,0,0.01572201,0.00869977,0.01232104
296,"Kiribati",2098,1,0.00109334,0.00074779,0.00092581
296,"Kiribati",2098,2,0.00088791,0.00057052,0.00073394
296,"Kiribati",2098,3,0.00072566,0.00043841,0.00058623
296,"Kiribati",2098,4,0.00059913,0.00034192,0.00047422
296,"Kiribati",2098,5,0.00050178,0.00027294,0.0003906
296,"Kiribati",2098,6,0.00042689,0.00022413,0.00032834
296,"Kiribati",2098,7,0.0003722,0.00019164,0.0002844
296,"Kiribati",2098,8,0.00033443,0.00017141,0.00025513
296,"Kiribati",2098,9,0.00031154,0.0001608,0.00023819
296,"Kiribati",2098,10,0.00030255,0.00015812,0.00023224
296,"Kiribati",2098,11,0.00030712,0.00016226,0.00023658
296,"Kiribati",2098,12,0.00032627,0.00017315,0.00025169
296,"Kiribati",2098,13,0.00036169,0.00019082,0.00027844
296,"Kiribati",2098,14,0.00041447,0.00021514,0.00031731
296,"Kiribati",2098,15,0.00048525,0.00024563,0.00036842
296,"Kiribati",2098,16,0.00057028,0.00028007,0.00042872
296,"Kiribati",2098,17,0.00066435,0.00031689,0.00049479
296,"Kiribati",2098,18,0.00075915,0.00035383,0.00056126
296,"Kiribati",2098,19,0.00084441,0.00038857,0.0006217
296,"Kiribati",2098,20,0.00091356,0.00042028,0.00067237
296,"Kiribati",2098,21,0.00096111,0.00044803,0.00071003
296,"Kiribati",2098,22,0.00098948,0.0004736,0.0007368
296,"Kiribati",2098,23,0.00100215,0.00049826,0.00075513
296,"Kiribati",2098,24,0.00100437,0.00052288,0.00076814
296,"Kiribati",2098,25,0.00100204,0.0005481,0.00077914
296,"Kiribati",2098,26,0.00099991,0.00057392,0.00079056
296,"Kiribati",2098,27,0.00100373,0.00060081,0.00080556
296,"Kiribati",2098,28,0.00101629,0.00062908,0.0008257
296,"Kiribati",2098,29,0.00103949,0.00065921,0.00085217
296,"Kiribati",2098,30,0.00107332,0.0006919,0.00088531
296,"Kiribati",2098,31,0.00111694,0.00072826,0.00092522
296,"Kiribati",2098,32,0.00116971,0.0007689,0.00097188
296,"Kiribati",2098,33,0.00123085,0.00081461,0.00102527
296,"Kiribati",2098,34,0.0013005,0.00086587,0.00108572
296,"Kiribati",2098,35,0.00137938,0.00092292,0.00115368
296,"Kiribati",2098,36,0.00146877,0.00098593,0.0012299
296,"Kiribati",2098,37,0.00157113,0.00105503,0.00131567
296,"Kiribati",2098,38,0.00168899,0.00113083,0.00141253
296,"Kiribati",2098,39,0.00182533,0.00121456,0.00152263
296,"Kiribati",2098,40,0.0019834,0.00130813,0.00164854
296,"Kiribati",2098,41,0.00216556,0.00141319,0.00179223
296,"Kiribati",2098,42,0.00237644,0.00153348,0.00195788
296,"Kiribati",2098,43,0.00261948,0.00167168,0.00214855
296,"Kiribati",2098,44,0.00289715,0.00182974,0.00236644
296,"Kiribati",2098,45,0.00321065,0.00200819,0.00261238
296,"Kiribati",2098,46,0.00355699,0.00220348,0.00288306
296,"Kiribati",2098,47,0.00393772,0.00241705,0.00317991
296,"Kiribati",2098,48,0.00435342,0.00264783,0.00350264
296,"Kiribati",2098,49,0.00480675,0.00289623,0.00385275
296,"Kiribati",2098,50,0.0053046,0.00316395,0.00423448
296,"Kiribati",2098,51,0.0058527,0.00344861,0.00464939
296,"Kiribati",2098,52,0.00646862,0.00376078,0.00511132
296,"Kiribati",2098,53,0.00716592,0.00410575,0.00562956
296,"Kiribati",2098,54,0.00795417,0.00448956,0.00621167
296,"Kiribati",2098,55,0.00883716,0.00491711,0.00686159
296,"Kiribati",2098,56,0.00980499,0.00538382,0.00757183
296,"Kiribati",2098,57,0.01085771,0.00590358,0.00834919
296,"Kiribati",2098,58,0.01199034,0.0064826,0.00919389
296,"Kiribati",2098,59,0.01320303,0.00713097,0.01011072
296,"Kiribati",2098,60,0.01450503,0.00786075,0.01111046
296,"Kiribati",2098,61,0.0159088,0.00867601,0.01220065
296,"Kiribati",2098,62,0.01744882,0.00960536,0.01341209
296,"Kiribati",2098,63,0.0191561,0.01066804,0.01476924
296,"Kiribati",2098,64,0.02106048,0.01188681,0.01629772
296,"Kiribati",2098,65,0.02318722,0.01328298,0.01802037
296,"Kiribati",2098,66,0.02555559,0.01486934,0.01995213
296,"Kiribati",2098,67,0.02818721,0.01667361,0.02211701
296,"Kiribati",2098,68,0.03110135,0.01871322,0.0245325
296,"Kiribati",2098,69,0.03431963,0.02100602,0.02721679
296,"Kiribati",2098,70,0.03786707,0.02356815,0.03018839
296,"Kiribati",2098,71,0.0417864,0.02642227,0.03347823
296,"Kiribati",2098,72,0.04610438,0.02958755,0.03710709
296,"Kiribati",2098,73,0.05086467,0.03310026,0.04111203
296,"Kiribati",2098,74,0.0561186,0.03701475,0.04554525
296,"Kiribati",2098,75,0.06192751,0.04141439,0.05047742
296,"Kiribati",2098,76,0.06839775,0.04643518,0.05602862
296,"Kiribati",2098,77,0.07558061,0.05216484,0.0622515
296,"Kiribati",2098,78,0.08356529,0.05871218,0.06926338
296,"Kiribati",2098,79,0.09244637,0.06613918,0.07712434
296,"Kiribati",2098,80,0.10232299,0.07446089,0.08585223
296,"Kiribati",2098,81,0.11335216,0.08369381,0.09555504
296,"Kiribati",2098,82,0.12557701,0.09370085,0.1061628
296,"Kiribati",2098,83,0.13906935,0.10442905,0.11765476
296,"Kiribati",2098,84,0.15387823,0.11587035,0.12999847
296,"Kiribati",2098,85,0.17001181,0.12812635,0.1432201
296,"Kiribati",2098,86,0.18751762,0.14146152,0.15748047
296,"Kiribati",2098,87,0.20629862,0.15601417,0.17281237
296,"Kiribati",2098,88,0.22629677,0.17197677,0.18933274
296,"Kiribati",2098,89,0.24746741,0.1894328,0.20718699
296,"Kiribati",2098,90,0.26976207,0.20836101,0.22642266
296,"Kiribati",2098,91,0.29319001,0.22869958,0.24697292
296,"Kiribati",2098,92,0.31768143,0.2502188,0.26869213
296,"Kiribati",2098,93,0.34319898,0.27277891,0.2914089
296,"Kiribati",2098,94,0.36969764,0.29628898,0.31499283
296,"Kiribati",2098,95,0.39711893,0.32073841,0.33941492
296,"Kiribati",2098,96,0.42643963,0.34749702,0.36593939
296,"Kiribati",2098,97,0.45660439,0.37546051,0.39336596
296,"Kiribati",2098,98,0.48742023,0.40461792,0.42163912
296,"Kiribati",2098,99,0.51860402,0.4348621,0.45086475
296,"Kiribati",2098,100,0.57588898,0.49714971,0.50988804
296,"Kiribati",2099,0,0.01536209,0.0086171,0.01209598
296,"Kiribati",2099,1,0.0010553,0.00073678,0.00090089
296,"Kiribati",2099,2,0.00085912,0.0005625,0.00071525
296,"Kiribati",2099,3,0.00070389,0.0004325,0.00057218
296,"Kiribati",2099,4,0.00058255,0.00033749,0.00046356
296,"Kiribati",2099,5,0.00048894,0.00026952,0.00038235
296,"Kiribati",2099,6,0.00041668,0.00022138,0.00032177
296,"Kiribati",2099,7,0.00036373,0.00018933,0.00027894
296,"Kiribati",2099,8,0.00032707,0.00016934,0.00025036
296,"Kiribati",2099,9,0.0003048,0.00015886,0.00023379
296,"Kiribati",2099,10,0.00029608,0.00015619,0.00022799
296,"Kiribati",2099,11,0.00030061,0.00016027,0.00023228
296,"Kiribati",2099,12,0.00031947,0.00017101,0.00024717
296,"Kiribati",2099,13,0.00035436,0.00018847,0.00027354
296,"Kiribati",2099,14,0.00040639,0.00021251,0.0003119
296,"Kiribati",2099,15,0.00047624,0.00024267,0.00036237
296,"Kiribati",2099,16,0.00056017,0.00027673,0.00042193
296,"Kiribati",2099,17,0.00065304,0.00031316,0.0004872
296,"Kiribati",2099,18,0.0007466,0.00034971,0.00055285
296,"Kiribati",2099,19,0.00083064,0.0003841,0.00061251
296,"Kiribati",2099,20,0.00089868,0.00041549,0.00066246
296,"Kiribati",2099,21,0.00094529,0.00044295,0.0006995
296,"Kiribati",2099,22,0.000973,0.00046825,0.00072581
296,"Kiribati",2099,23,0.0009853,0.00049267,0.00074383
296,"Kiribati",2099,24,0.0009874,0.00051705,0.00075665
296,"Kiribati",2099,25,0.0009851,0.00054204,0.00076756
296,"Kiribati",2099,26,0.00098295,0.00056756,0.00077884
296,"Kiribati",2099,27,0.00098669,0.00059414,0.00079364
296,"Kiribati",2099,28,0.00099903,0.00062207,0.00081352
296,"Kiribati",2099,29,0.00102184,0.00065185,0.00083962
296,"Kiribati",2099,30,0.00105513,0.00068416,0.0008723
296,"Kiribati",2099,31,0.00109798,0.00072004,0.00091159
296,"Kiribati",2099,32,0.00114986,0.00076016,0.00095754
296,"Kiribati",2099,33,0.00121001,0.00080529,0.00101015
296,"Kiribati",2099,34,0.00127857,0.00085592,0.00106973
296,"Kiribati",2099,35,0.00135627,0.00091227,0.00113676
296,"Kiribati",2099,36,0.00144428,0.00097447,0.00121188
296,"Kiribati",2099,37,0.00154511,0.00104267,0.00129643
296,"Kiribati",2099,38,0.00166125,0.00111748,0.00139197
296,"Kiribati",2099,39,0.00179567,0.00120011,0.00150055
296,"Kiribati",2099,40,0.0019516,0.00129246,0.00162477
296,"Kiribati",2099,41,0.00213142,0.00139615,0.00176663
296,"Kiribati",2099,42,0.00233976,0.00151492,0.00193025
296,"Kiribati",2099,43,0.00258012,0.0016514,0.00211872
296,"Kiribati",2099,44,0.00285494,0.00180752,0.00233419
296,"Kiribati",2099,45,0.00316539,0.00198378,0.0025775
296,"Kiribati",2099,46,0.0035085,0.00217666,0.00284537
296,"Kiribati",2099,47,0.00388566,0.00238752,0.00313911
296,"Kiribati",2099,48,0.00429734,0.00261523,0.00345833
296,"Kiribati",2099,49,0.00474614,0.00286021,0.00380448
296,"Kiribati",2099,50,0.00523894,0.00312413,0.00418178
296,"Kiribati",2099,51,0.00578175,0.00340485,0.00459209
296,"Kiribati",2099,52,0.00639208,0.00371273,0.0050492
296,"Kiribati",2099,53,0.00708364,0.00405306,0.00556228
296,"Kiribati",2099,54,0.00786602,0.00443179,0.00613895
296,"Kiribati",2099,55,0.00874293,0.0048537,0.00678315
296,"Kiribati",2099,56,0.00970469,0.00531442,0.00748743
296,"Kiribati",2099,57,0.01075062,0.00582729,0.0082579
296,"Kiribati",2099,58,0.01187537,0.00639836,0.00909476
296,"Kiribati",2099,59,0.01307885,0.00703755,0.01000256
296,"Kiribati",2099,60,0.01437023,0.00775686,0.01099153
296,"Kiribati",2099,61,0.0157629,0.00856099,0.01207072
296,"Kiribati",2099,62,0.01729114,0.00947808,0.01327054
296,"Kiribati",2099,63,0.01898631,0.01052741,0.01461532
296,"Kiribati",2099,64,0.02087852,0.01173165,0.01613069
296,"Kiribati",2099,65,0.02299298,0.01311188,0.01783907
296,"Kiribati",2099,66,0.0253497,0.01468138,0.01975645
296,"Kiribati",2099,67,0.02796904,0.01646669,0.02190536
296,"Kiribati",2099,68,0.03086975,0.01848474,0.02430272
296,"Kiribati",2099,69,0.03407293,0.02075303,0.02696678
296,"Kiribati",2099,70,0.0376032,0.02328747,0.02991586
296,"Kiribati",2099,71,0.04150434,0.02611185,0.03318085
296,"Kiribati",2099,72,0.04580201,0.02924468,0.03678216
296,"Kiribati",2099,73,0.05054001,0.03272231,0.0407573
296,"Kiribati",2099,74,0.05576995,0.03659902,0.04515641
296,"Kiribati",2099,75,0.0615537,0.04095763,0.05005222
296,"Kiribati",2099,76,0.0679998,0.04593457,0.05556704
296,"Kiribati",2099,77,0.07515903,0.05161574,0.06176832
296,"Kiribati",2099,78,0.08312127,0.05810923,0.06873555
296,"Kiribati",2099,79,0.09198142,0.06547687,0.07656357
296,"Kiribati",2099,80,0.10183868,0.07373403,0.08528462
296,"Kiribati",2099,81,0.11285118,0.08289931,0.09493681
296,"Kiribati",2099,82,0.12506034,0.09283598,0.10548547
296,"Kiribati",2099,83,0.1385379,0.10349184,0.11691557
296,"Kiribati",2099,84,0.15333316,0.1148591,0.12921887
296,"Kiribati",2099,85,0.1694555,0.12703855,0.14241027
296,"Kiribati",2099,86,0.18695504,0.14029407,0.1566364
296,"Kiribati",2099,87,0.20573584,0.15476289,0.17193577
296,"Kiribati",2099,88,0.22574162,0.1706374,0.18840515
296,"Kiribati",2099,89,0.24692871,0.18800278,0.20611085
296,"Kiribati",2099,90,0.26924922,0.2068406,0.22514088
296,"Kiribati",2099,91,0.29271189,0.22709215,0.24553506
296,"Kiribati",2099,92,0.31724694,0.24853247,0.26707813
296,"Kiribati",2099,93,0.34281686,0.27102432,0.28969275
296,"Kiribati",2099,94,0.36937654,0.2944778,0.31323542
296,"Kiribati",2099,95,0.39686774,0.31888145,0.33762981
296,"Kiribati",2099,96,0.4262861,0.34561477,0.36416604
296,"Kiribati",2099,97,0.45656142,0.37356362,0.39174108
296,"Kiribati",2099,98,0.48750095,0.4027172,0.42020115
296,"Kiribati",2099,99,0.51882121,0.43297028,0.44941422
296,"Kiribati",2099,100,0.57621005,0.49526555,0.50833907
296,"Kiribati",2100,0,0.0150921,0.00854887,0.01192377
296,"Kiribati",2100,1,0.00102701,0.00072755,0.00088187
296,"Kiribati",2100,2,0.00083765,0.00055574,0.00070094
296,"Kiribati",2100,3,0.00068757,0.00042751,0.00056139
296,"Kiribati",2100,4,0.00057004,0.00033374,0.00045532
296,"Kiribati",2100,5,0.00047918,0.00026661,0.00037593
296,"Kiribati",2100,6,0.00040884,0.00021904,0.00031661
296,"Kiribati",2100,7,0.00035719,0.00018734,0.00027462
296,"Kiribati",2100,8,0.00032135,0.00016756,0.00024656
296,"Kiribati",2100,9,0.00029953,0.00015718,0.00023028
296,"Kiribati",2100,10,0.000291,0.00015452,0.00022458
296,"Kiribati",2100,11,0.00029548,0.00015853,0.00022881
296,"Kiribati",2100,12,0.0003141,0.00016915,0.00024351
296,"Kiribati",2100,13,0.00034854,0.00018641,0.00026956
296,"Kiribati",2100,14,0.00039994,0.0002102,0.00030748
296,"Kiribati",2100,15,0.00046899,0.00024004,0.00035739
296,"Kiribati",2100,16,0.00055197,0.00027376,0.00041631
296,"Kiribati",2100,17,0.00064381,0.00030983,0.00048088
296,"Kiribati",2100,18,0.00073629,0.00034604,0.0005458
296,"Kiribati",2100,19,0.00081929,0.00038009,0.00060476
296,"Kiribati",2100,20,0.0008864,0.0004112,0.00065412
296,"Kiribati",2100,21,0.00093223,0.00043838,0.00069063
296,"Kiribati",2100,22,0.00095939,0.00046344,0.00071655
296,"Kiribati",2100,23,0.00097139,0.00048763,0.0007343
296,"Kiribati",2100,24,0.00097339,0.00051178,0.00074695
296,"Kiribati",2100,25,0.0009711,0.00053653,0.00075775
296,"Kiribati",2100,26,0.00096893,0.00056179,0.00076889
296,"Kiribati",2100,27,0.00097258,0.00058807,0.00078352
296,"Kiribati",2100,28,0.00098473,0.0006157,0.00080314
296,"Kiribati",2100,29,0.0010072,0.00064515,0.00082893
296,"Kiribati",2100,30,0.00104,0.0006771,0.00086118
296,"Kiribati",2100,31,0.00108218,0.00071254,0.00089991
296,"Kiribati",2100,32,0.00113328,0.00075218,0.00094524
296,"Kiribati",2100,33,0.00119254,0.00079678,0.00099714
296,"Kiribati",2100,34,0.00126012,0.00084684,0.00105594
296,"Kiribati",2100,35,0.00133674,0.00090255,0.0011221
296,"Kiribati",2100,36,0.0014235,0.00096401,0.00119623
296,"Kiribati",2100,37,0.00152291,0.00103139,0.00127966
296,"Kiribati",2100,38,0.00163748,0.0011053,0.00137396
296,"Kiribati",2100,39,0.00177012,0.00118693,0.00148119
296,"Kiribati",2100,40,0.00192406,0.00127818,0.00160386
296,"Kiribati",2100,41,0.00210167,0.00138063,0.00174397
296,"Kiribati",2100,42,0.00230758,0.00149802,0.00190572
296,"Kiribati",2100,43,0.00254528,0.00163295,0.00209208
296,"Kiribati",2100,44,0.0028172,0.00178732,0.00230523
296,"Kiribati",2100,45,0.0031245,0.0019616,0.00254595
296,"Kiribati",2100,46,0.00346422,0.00215231,0.00281102
296,"Kiribati",2100,47,0.00383761,0.00236072,0.00310167
296,"Kiribati",2100,48,0.00424508,0.00258567,0.00341744
296,"Kiribati",2100,49,0.00468917,0.00282756,0.00375972
296,"Kiribati",2100,50,0.00517673,0.00308806,0.00413271
296,"Kiribati",2100,51,0.00571398,0.00336522,0.00453847
296,"Kiribati",2100,52,0.00631831,0.00366925,0.00499067
296,"Kiribati",2100,53,0.00700346,0.00400541,0.0054986
296,"Kiribati",2100,54,0.00777903,0.00437958,0.00606965
296,"Kiribati",2100,55,0.00864866,0.00479642,0.00670773
296,"Kiribati",2100,56,0.00960289,0.00525175,0.00740573
296,"Kiribati",2100,57,0.01064047,0.00575843,0.00816902
296,"Kiribati",2100,58,0.01175583,0.00632232,0.00899758
296,"Kiribati",2100,59,0.01294866,0.00695323,0.00989605
296,"Kiribati",2100,60,0.01422808,0.00766309,0.01087456
296,"Kiribati",2100,61,0.0156082,0.00845714,0.01194226
296,"Kiribati",2100,62,0.01712295,0.00936317,0.01312999
296,"Kiribati",2100,63,0.01880387,0.01040046,0.01446215
296,"Kiribati",2100,64,0.02068115,0.01159165,0.01596406
296,"Kiribati",2100,65,0.02277992,0.0129576,0.01765786
296,"Kiribati",2100,66,0.02512081,0.01451193,0.01955976
296,"Kiribati",2100,67,0.0277231,0.01628021,0.02169174
296,"Kiribati",2100,68,0.0306051,0.01827887,0.02406998
296,"Kiribati",2100,69,0.03378747,0.02052511,0.0267123
296,"Kiribati",2100,70,0.03729441,0.0230346,0.02963724
296,"Kiribati",2100,71,0.04117043,0.02583204,0.03287667
296,"Kiribati",2100,72,0.04544014,0.02893546,0.03644904
296,"Kiribati",2100,73,0.05014727,0.03238129,0.04039246
296,"Kiribati",2100,74,0.05534352,0.03622376,0.04475743
296,"Kiribati",2100,75,0.06109104,0.04054518,0.04961426
296,"Kiribati",2100,76,0.06749993,0.04548216,0.05508836
296,"Kiribati",2100,77,0.07462051,0.05111912,0.06124726
296,"Kiribati",2100,78,0.08254301,0.05756348,0.06818728
296,"Kiribati",2100,79,0.09136226,0.06487694,0.07596319
296,"Kiribati",2100,80,0.10117707,0.07307509,0.08464406
296,"Kiribati",2100,81,0.11214572,0.08217815,0.09428472
296,"Kiribati",2100,82,0.12430779,0.09204993,0.10477429
296,"Kiribati",2100,83,0.13773453,0.10263884,0.11613544
296,"Kiribati",2100,84,0.15247531,0.11393732,0.12836573
296,"Kiribati",2100,85,0.16854095,0.1260453,0.14150654
296,"Kiribati",2100,86,0.18598423,0.13922585,0.15569294
296,"Kiribati",2100,87,0.20471118,0.15361534,0.17094722
296,"Kiribati",2100,88,0.22466791,0.16940606,0.18737354
296,"Kiribati",2100,89,0.24581184,0.1866848,0.20501783
296,"Kiribati",2100,90,0.26809544,0.20543582,0.22388659
296,"Kiribati",2100,91,0.29152612,0.22560338,0.24406345
296,"Kiribati",2100,92,0.31603335,0.24696703,0.26544412
296,"Kiribati",2100,93,0.34157899,0.26939195,0.28787685
296,"Kiribati",2100,94,0.36811756,0.29278918,0.31131317
296,"Kiribati",2100,95,0.39559155,0.31714629,0.33566288
296,"Kiribati",2100,96,0.42500946,0.34384653,0.36217542
296,"Kiribati",2100,97,0.45529321,0.37177048,0.38975465
296,"Kiribati",2100,98,0.48625169,0.40090723,0.41835514
296,"Kiribati",2100,99,0.51760263,0.43115325,0.4477474
296,"Kiribati",2100,100,0.57503299,0.49349198,0.50664729
