"country_code","name","year","age","pasfr"
296,"Kiribati",1950,10,0.000354
296,"Kiribati",1950,11,0.004597
296,"Kiribati",1950,12,0.021398
296,"Kiribati",1950,13,0.081119
296,"Kiribati",1950,14,0.207079
296,"Kiribati",1950,15,0.439501
296,"Kiribati",1950,16,0.848792
296,"Kiribati",1950,17,1.501972
296,"Kiribati",1950,18,2.374235
296,"Kiribati",1950,19,3.275346
296,"Kiribati",1950,20,4.120659
296,"Kiribati",1950,21,4.695966
296,"Kiribati",1950,22,4.98033
296,"Kiribati",1950,23,5.068687
296,"Kiribati",1950,24,5.003651
296,"Kiribati",1950,25,4.874094
296,"Kiribati",1950,26,4.723535
296,"Kiribati",1950,27,4.614137
296,"Kiribati",1950,28,4.552661
296,"Kiribati",1950,29,4.502926
296,"Kiribati",1950,30,4.451852
296,"Kiribati",1950,31,4.366262
296,"Kiribati",1950,32,4.24326
296,"Kiribati",1950,33,4.091394
296,"Kiribati",1950,34,3.908139
296,"Kiribati",1950,35,3.677951
296,"Kiribati",1950,36,3.392632
296,"Kiribati",1950,37,3.077671
296,"Kiribati",1950,38,2.738905
296,"Kiribati",1950,39,2.380906
296,"Kiribati",1950,40,1.999999
296,"Kiribati",1950,41,1.625945
296,"Kiribati",1950,42,1.260699
296,"Kiribati",1950,43,0.939922
296,"Kiribati",1950,44,0.673004
296,"Kiribati",1950,45,0.464333
296,"Kiribati",1950,46,0.315273
296,"Kiribati",1950,47,0.211351
296,"Kiribati",1950,48,0.143884
296,"Kiribati",1950,49,0.087303
296,"Kiribati",1950,50,0.038949
296,"Kiribati",1950,51,0.011201
296,"Kiribati",1950,52,0.004099
296,"Kiribati",1950,53,0.002706
296,"Kiribati",1950,54,0.001323
296,"Kiribati",1951,10,0.00035
296,"Kiribati",1951,11,0.004549
296,"Kiribati",1951,12,0.021245
296,"Kiribati",1951,13,0.080793
296,"Kiribati",1951,14,0.206482
296,"Kiribati",1951,15,0.438957
296,"Kiribati",1951,16,0.84795
296,"Kiribati",1951,17,1.500632
296,"Kiribati",1951,18,2.372221
296,"Kiribati",1951,19,3.272686
296,"Kiribati",1951,20,4.117502
296,"Kiribati",1951,21,4.692917
296,"Kiribati",1951,22,4.977964
296,"Kiribati",1951,23,5.067115
296,"Kiribati",1951,24,5.002829
296,"Kiribati",1951,25,4.873802
296,"Kiribati",1951,26,4.723477
296,"Kiribati",1951,27,4.614145
296,"Kiribati",1951,28,4.552612
296,"Kiribati",1951,29,4.502789
296,"Kiribati",1951,30,4.451582
296,"Kiribati",1951,31,4.366064
296,"Kiribati",1951,32,4.243318
296,"Kiribati",1951,33,4.091953
296,"Kiribati",1951,34,3.909379
296,"Kiribati",1951,35,3.679821
296,"Kiribati",1951,36,3.394748
296,"Kiribati",1951,37,3.07986
296,"Kiribati",1951,38,2.741008
296,"Kiribati",1951,39,2.382733
296,"Kiribati",1951,40,2.001195
296,"Kiribati",1951,41,1.626848
296,"Kiribati",1951,42,1.261443
296,"Kiribati",1951,43,0.94061
296,"Kiribati",1951,44,0.673718
296,"Kiribati",1951,45,0.465343
296,"Kiribati",1951,46,0.316211
296,"Kiribati",1951,47,0.2122
296,"Kiribati",1951,48,0.144608
296,"Kiribati",1951,49,0.087809
296,"Kiribati",1951,50,0.039156
296,"Kiribati",1951,51,0.011248
296,"Kiribati",1951,52,0.004106
296,"Kiribati",1951,53,0.002702
296,"Kiribati",1951,54,0.001321
296,"Kiribati",1952,10,0.000351
296,"Kiribati",1952,11,0.004566
296,"Kiribati",1952,12,0.021288
296,"Kiribati",1952,13,0.080822
296,"Kiribati",1952,14,0.206427
296,"Kiribati",1952,15,0.438722
296,"Kiribati",1952,16,0.847333
296,"Kiribati",1952,17,1.499311
296,"Kiribati",1952,18,2.369943
296,"Kiribati",1952,19,3.269636
296,"Kiribati",1952,20,4.114024
296,"Kiribati",1952,21,4.689656
296,"Kiribati",1952,22,4.975506
296,"Kiribati",1952,23,5.065514
296,"Kiribati",1952,24,5.001981
296,"Kiribati",1952,25,4.873451
296,"Kiribati",1952,26,4.723315
296,"Kiribati",1952,27,4.614013
296,"Kiribati",1952,28,4.552404
296,"Kiribati",1952,29,4.502501
296,"Kiribati",1952,30,4.451195
296,"Kiribati",1952,31,4.365782
296,"Kiribati",1952,32,4.243323
296,"Kiribati",1952,33,4.092491
296,"Kiribati",1952,34,3.910627
296,"Kiribati",1952,35,3.681723
296,"Kiribati",1952,36,3.396906
296,"Kiribati",1952,37,3.082095
296,"Kiribati",1952,38,2.743151
296,"Kiribati",1952,39,2.384594
296,"Kiribati",1952,40,2.002416
296,"Kiribati",1952,41,1.627775
296,"Kiribati",1952,42,1.26221
296,"Kiribati",1952,43,0.941323
296,"Kiribati",1952,44,0.67446
296,"Kiribati",1952,45,0.466381
296,"Kiribati",1952,46,0.317187
296,"Kiribati",1952,47,0.213087
296,"Kiribati",1952,48,0.14536
296,"Kiribati",1952,49,0.088334
296,"Kiribati",1952,50,0.039374
296,"Kiribati",1952,51,0.011302
296,"Kiribati",1952,52,0.004117
296,"Kiribati",1952,53,0.002702
296,"Kiribati",1952,54,0.00132
296,"Kiribati",1953,10,0.000356
296,"Kiribati",1953,11,0.004627
296,"Kiribati",1953,12,0.021462
296,"Kiribati",1953,13,0.081089
296,"Kiribati",1953,14,0.206736
296,"Kiribati",1953,15,0.438697
296,"Kiribati",1953,16,0.846873
296,"Kiribati",1953,17,1.49801
296,"Kiribati",1953,18,2.36749
296,"Kiribati",1953,19,3.266319
296,"Kiribati",1953,20,4.110317
296,"Kiribati",1953,21,4.686233
296,"Kiribati",1953,22,4.972964
296,"Kiribati",1953,23,5.063871
296,"Kiribati",1953,24,5.00109
296,"Kiribati",1953,25,4.873035
296,"Kiribati",1953,26,4.723058
296,"Kiribati",1953,27,4.613762
296,"Kiribati",1953,28,4.552067
296,"Kiribati",1953,29,4.502092
296,"Kiribati",1953,30,4.450714
296,"Kiribati",1953,31,4.365436
296,"Kiribati",1953,32,4.243291
296,"Kiribati",1953,33,4.093019
296,"Kiribati",1953,34,3.911892
296,"Kiribati",1953,35,3.683664
296,"Kiribati",1953,36,3.399113
296,"Kiribati",1953,37,3.08438
296,"Kiribati",1953,38,2.745341
296,"Kiribati",1953,39,2.386497
296,"Kiribati",1953,40,2.003668
296,"Kiribati",1953,41,1.628729
296,"Kiribati",1953,42,1.263002
296,"Kiribati",1953,43,0.942063
296,"Kiribati",1953,44,0.675233
296,"Kiribati",1953,45,0.467454
296,"Kiribati",1953,46,0.318201
296,"Kiribati",1953,47,0.214012
296,"Kiribati",1953,48,0.146142
296,"Kiribati",1953,49,0.088879
296,"Kiribati",1953,50,0.039602
296,"Kiribati",1953,51,0.011361
296,"Kiribati",1953,52,0.004131
296,"Kiribati",1953,53,0.002705
296,"Kiribati",1953,54,0.001321
296,"Kiribati",1954,10,0.000365
296,"Kiribati",1954,11,0.004743
296,"Kiribati",1954,12,0.021803
296,"Kiribati",1954,13,0.081658
296,"Kiribati",1954,14,0.207505
296,"Kiribati",1954,15,0.43894
296,"Kiribati",1954,16,0.846612
296,"Kiribati",1954,17,1.496738
296,"Kiribati",1954,18,2.36483
296,"Kiribati",1954,19,3.262687
296,"Kiribati",1954,20,4.106354
296,"Kiribati",1954,21,4.682644
296,"Kiribati",1954,22,4.970348
296,"Kiribati",1954,23,5.062201
296,"Kiribati",1954,24,5.000168
296,"Kiribati",1954,25,4.872558
296,"Kiribati",1954,26,4.7227
296,"Kiribati",1954,27,4.61338
296,"Kiribati",1954,28,4.551582
296,"Kiribati",1954,29,4.501547
296,"Kiribati",1954,30,4.450128
296,"Kiribati",1954,31,4.365015
296,"Kiribati",1954,32,4.243209
296,"Kiribati",1954,33,4.093524
296,"Kiribati",1954,34,3.913158
296,"Kiribati",1954,35,3.685626
296,"Kiribati",1954,36,3.40135
296,"Kiribati",1954,37,3.086696
296,"Kiribati",1954,38,2.747557
296,"Kiribati",1954,39,2.388422
296,"Kiribati",1954,40,2.004937
296,"Kiribati",1954,41,1.6297
296,"Kiribati",1954,42,1.263812
296,"Kiribati",1954,43,0.942824
296,"Kiribati",1954,44,0.676034
296,"Kiribati",1954,45,0.468557
296,"Kiribati",1954,46,0.319256
296,"Kiribati",1954,47,0.214976
296,"Kiribati",1954,48,0.146955
296,"Kiribati",1954,49,0.089446
296,"Kiribati",1954,50,0.039843
296,"Kiribati",1954,51,0.011425
296,"Kiribati",1954,52,0.004149
296,"Kiribati",1954,53,0.002712
296,"Kiribati",1954,54,0.001324
296,"Kiribati",1955,10,0.000377
296,"Kiribati",1955,11,0.004903
296,"Kiribati",1955,12,0.022274
296,"Kiribati",1955,13,0.08246
296,"Kiribati",1955,14,0.208627
296,"Kiribati",1955,15,0.43939
296,"Kiribati",1955,16,0.846508
296,"Kiribati",1955,17,1.495489
296,"Kiribati",1955,18,2.362006
296,"Kiribati",1955,19,3.258803
296,"Kiribati",1955,20,4.102177
296,"Kiribati",1955,21,4.678905
296,"Kiribati",1955,22,4.967655
296,"Kiribati",1955,23,5.060491
296,"Kiribati",1955,24,4.999204
296,"Kiribati",1955,25,4.872015
296,"Kiribati",1955,26,4.722245
296,"Kiribati",1955,27,4.61288
296,"Kiribati",1955,28,4.55097
296,"Kiribati",1955,29,4.500882
296,"Kiribati",1955,30,4.44945
296,"Kiribati",1955,31,4.36453
296,"Kiribati",1955,32,4.243089
296,"Kiribati",1955,33,4.094015
296,"Kiribati",1955,34,3.914437
296,"Kiribati",1955,35,3.68762
296,"Kiribati",1955,36,3.403628
296,"Kiribati",1955,37,3.089056
296,"Kiribati",1955,38,2.749812
296,"Kiribati",1955,39,2.390382
296,"Kiribati",1955,40,2.00623
296,"Kiribati",1955,41,1.630694
296,"Kiribati",1955,42,1.264645
296,"Kiribati",1955,43,0.943611
296,"Kiribati",1955,44,0.676866
296,"Kiribati",1955,45,0.469697
296,"Kiribati",1955,46,0.320352
296,"Kiribati",1955,47,0.215981
296,"Kiribati",1955,48,0.147802
296,"Kiribati",1955,49,0.090036
296,"Kiribati",1955,50,0.040095
296,"Kiribati",1955,51,0.011495
296,"Kiribati",1955,52,0.004169
296,"Kiribati",1955,53,0.002721
296,"Kiribati",1955,54,0.001328
296,"Kiribati",1956,10,0.000388
296,"Kiribati",1956,11,0.005045
296,"Kiribati",1956,12,0.022693
296,"Kiribati",1956,13,0.083171
296,"Kiribati",1956,14,0.209611
296,"Kiribati",1956,15,0.439777
296,"Kiribati",1956,16,0.846368
296,"Kiribati",1956,17,1.494247
296,"Kiribati",1956,18,2.359235
296,"Kiribati",1956,19,3.25497
296,"Kiribati",1956,20,4.097996
296,"Kiribati",1956,21,4.675113
296,"Kiribati",1956,22,4.964875
296,"Kiribati",1956,23,5.058681
296,"Kiribati",1956,24,4.998142
296,"Kiribati",1956,25,4.871389
296,"Kiribati",1956,26,4.721723
296,"Kiribati",1956,27,4.612326
296,"Kiribati",1956,28,4.550318
296,"Kiribati",1956,29,4.500188
296,"Kiribati",1956,30,4.448747
296,"Kiribati",1956,31,4.364031
296,"Kiribati",1956,32,4.242972
296,"Kiribati",1956,33,4.094533
296,"Kiribati",1956,34,3.915768
296,"Kiribati",1956,35,3.68969
296,"Kiribati",1956,36,3.405994
296,"Kiribati",1956,37,3.091508
296,"Kiribati",1956,38,2.752159
296,"Kiribati",1956,39,2.392425
296,"Kiribati",1956,40,2.007582
296,"Kiribati",1956,41,1.631736
296,"Kiribati",1956,42,1.26552
296,"Kiribati",1956,43,0.944437
296,"Kiribati",1956,44,0.677736
296,"Kiribati",1956,45,0.470888
296,"Kiribati",1956,46,0.321493
296,"Kiribati",1956,47,0.217025
296,"Kiribati",1956,48,0.148682
296,"Kiribati",1956,49,0.090648
296,"Kiribati",1956,50,0.040356
296,"Kiribati",1956,51,0.011565
296,"Kiribati",1956,52,0.004189
296,"Kiribati",1956,53,0.002729
296,"Kiribati",1956,54,0.001331
296,"Kiribati",1957,10,0.000394
296,"Kiribati",1957,11,0.005124
296,"Kiribati",1957,12,0.022951
296,"Kiribati",1957,13,0.083749
296,"Kiribati",1957,14,0.210664
296,"Kiribati",1957,15,0.441179
296,"Kiribati",1957,16,0.84819
296,"Kiribati",1957,17,1.49559
296,"Kiribati",1957,18,2.359161
296,"Kiribati",1957,19,3.253189
296,"Kiribati",1957,20,4.094563
296,"Kiribati",1957,21,4.671011
296,"Kiribati",1957,22,4.961132
296,"Kiribati",1957,23,5.055632
296,"Kiribati",1957,24,4.995901
296,"Kiribati",1957,25,4.869801
296,"Kiribati",1957,26,4.720513
296,"Kiribati",1957,27,4.611288
296,"Kiribati",1957,28,4.549286
296,"Kiribati",1957,29,4.499127
296,"Kiribati",1957,30,4.447608
296,"Kiribati",1957,31,4.363053
296,"Kiribati",1957,32,4.242366
296,"Kiribati",1957,33,4.094572
296,"Kiribati",1957,34,3.916652
296,"Kiribati",1957,35,3.691371
296,"Kiribati",1957,36,3.408028
296,"Kiribati",1957,37,3.093693
296,"Kiribati",1957,38,2.754303
296,"Kiribati",1957,39,2.394304
296,"Kiribati",1957,40,2.008774
296,"Kiribati",1957,41,1.63264
296,"Kiribati",1957,42,1.266286
296,"Kiribati",1957,43,0.945185
296,"Kiribati",1957,44,0.678559
296,"Kiribati",1957,45,0.472076
296,"Kiribati",1957,46,0.322654
296,"Kiribati",1957,47,0.218096
296,"Kiribati",1957,48,0.149576
296,"Kiribati",1957,49,0.091259
296,"Kiribati",1957,50,0.040598
296,"Kiribati",1957,51,0.011616
296,"Kiribati",1957,52,0.004204
296,"Kiribati",1957,53,0.002741
296,"Kiribati",1957,54,0.001338
296,"Kiribati",1958,10,0.000409
296,"Kiribati",1958,11,0.005314
296,"Kiribati",1958,12,0.023541
296,"Kiribati",1958,13,0.084923
296,"Kiribati",1958,14,0.212614
296,"Kiribati",1958,15,0.44309
296,"Kiribati",1958,16,0.85038
296,"Kiribati",1958,17,1.496966
296,"Kiribati",1958,18,2.358666
296,"Kiribati",1958,19,3.250798
296,"Kiribati",1958,20,4.09066
296,"Kiribati",1958,21,4.666632
296,"Kiribati",1958,22,4.957307
296,"Kiribati",1958,23,5.052603
296,"Kiribati",1958,24,4.993674
296,"Kiribati",1958,25,4.868167
296,"Kiribati",1958,26,4.719178
296,"Kiribati",1958,27,4.61006
296,"Kiribati",1958,28,4.548025
296,"Kiribati",1958,29,4.497845
296,"Kiribati",1958,30,4.446299
296,"Kiribati",1958,31,4.361953
296,"Kiribati",1958,32,4.241674
296,"Kiribati",1958,33,4.094558
296,"Kiribati",1958,34,3.91751
296,"Kiribati",1958,35,3.693047
296,"Kiribati",1958,36,3.410066
296,"Kiribati",1958,37,3.095881
296,"Kiribati",1958,38,2.756442
296,"Kiribati",1958,39,2.396176
296,"Kiribati",1958,40,2.00996
296,"Kiribati",1958,41,1.633543
296,"Kiribati",1958,42,1.267059
296,"Kiribati",1958,43,0.945948
296,"Kiribati",1958,44,0.679409
296,"Kiribati",1958,45,0.473288
296,"Kiribati",1958,46,0.323858
296,"Kiribati",1958,47,0.219213
296,"Kiribati",1958,48,0.150506
296,"Kiribati",1958,49,0.091893
296,"Kiribati",1958,50,0.040855
296,"Kiribati",1958,51,0.011677
296,"Kiribati",1958,52,0.004226
296,"Kiribati",1958,53,0.00276
296,"Kiribati",1958,54,0.001347
296,"Kiribati",1959,10,0.000425
296,"Kiribati",1959,11,0.005526
296,"Kiribati",1959,12,0.024196
296,"Kiribati",1959,13,0.086213
296,"Kiribati",1959,14,0.214738
296,"Kiribati",1959,15,0.445113
296,"Kiribati",1959,16,0.852662
296,"Kiribati",1959,17,1.498372
296,"Kiribati",1959,18,2.358108
296,"Kiribati",1959,19,3.248295
296,"Kiribati",1959,20,4.086655
296,"Kiribati",1959,21,4.662173
296,"Kiribati",1959,22,4.953426
296,"Kiribati",1959,23,5.049525
296,"Kiribati",1959,24,4.991389
296,"Kiribati",1959,25,4.86646
296,"Kiribati",1959,26,4.717754
296,"Kiribati",1959,27,4.608734
296,"Kiribati",1959,28,4.546667
296,"Kiribati",1959,29,4.496477
296,"Kiribati",1959,30,4.444924
296,"Kiribati",1959,31,4.360807
296,"Kiribati",1959,32,4.240954
296,"Kiribati",1959,33,4.094536
296,"Kiribati",1959,34,3.918379
296,"Kiribati",1959,35,3.694749
296,"Kiribati",1959,36,3.412137
296,"Kiribati",1959,37,3.098104
296,"Kiribati",1959,38,2.758613
296,"Kiribati",1959,39,2.398076
296,"Kiribati",1959,40,2.011164
296,"Kiribati",1959,41,1.634464
296,"Kiribati",1959,42,1.267851
296,"Kiribati",1959,43,0.946736
296,"Kiribati",1959,44,0.68029
296,"Kiribati",1959,45,0.474544
296,"Kiribati",1959,46,0.325109
296,"Kiribati",1959,47,0.220375
296,"Kiribati",1959,48,0.151473
296,"Kiribati",1959,49,0.092553
296,"Kiribati",1959,50,0.041125
296,"Kiribati",1959,51,0.011742
296,"Kiribati",1959,52,0.00425
296,"Kiribati",1959,53,0.002781
296,"Kiribati",1959,54,0.001358
296,"Kiribati",1960,10,0.000439
296,"Kiribati",1960,11,0.005713
296,"Kiribati",1960,12,0.024779
296,"Kiribati",1960,13,0.087375
296,"Kiribati",1960,14,0.216669
296,"Kiribati",1960,15,0.447046
296,"Kiribati",1960,16,0.854891
296,"Kiribati",1960,17,1.499794
296,"Kiribati",1960,18,2.357648
296,"Kiribati",1960,19,3.245906
296,"Kiribati",1960,20,4.082702
296,"Kiribati",1960,21,4.657703
296,"Kiribati",1960,22,4.94948
296,"Kiribati",1960,23,5.046353
296,"Kiribati",1960,24,4.989007
296,"Kiribati",1960,25,4.864667
296,"Kiribati",1960,26,4.716262
296,"Kiribati",1960,27,4.60736
296,"Kiribati",1960,28,4.545277
296,"Kiribati",1960,29,4.495089
296,"Kiribati",1960,30,4.443533
296,"Kiribati",1960,31,4.359653
296,"Kiribati",1960,32,4.240239
296,"Kiribati",1960,33,4.094535
296,"Kiribati",1960,34,3.91929
296,"Kiribati",1960,35,3.696513
296,"Kiribati",1960,36,3.414279
296,"Kiribati",1960,37,3.100401
296,"Kiribati",1960,38,2.760857
296,"Kiribati",1960,39,2.400042
296,"Kiribati",1960,40,2.012413
296,"Kiribati",1960,41,1.635423
296,"Kiribati",1960,42,1.268678
296,"Kiribati",1960,43,0.947559
296,"Kiribati",1960,44,0.68121
296,"Kiribati",1960,45,0.475855
296,"Kiribati",1960,46,0.326409
296,"Kiribati",1960,47,0.221581
296,"Kiribati",1960,48,0.152479
296,"Kiribati",1960,49,0.09324
296,"Kiribati",1960,50,0.041405
296,"Kiribati",1960,51,0.011809
296,"Kiribati",1960,52,0.004272
296,"Kiribati",1960,53,0.002799
296,"Kiribati",1960,54,0.001367
296,"Kiribati",1961,10,0.000453
296,"Kiribati",1961,11,0.005889
296,"Kiribati",1961,12,0.025324
296,"Kiribati",1961,13,0.088471
296,"Kiribati",1961,14,0.2185
296,"Kiribati",1961,15,0.448934
296,"Kiribati",1961,16,0.857095
296,"Kiribati",1961,17,1.501214
296,"Kiribati",1961,18,2.357209
296,"Kiribati",1961,19,3.243526
296,"Kiribati",1961,20,4.07871
296,"Kiribati",1961,21,4.653155
296,"Kiribati",1961,22,4.945435
296,"Kiribati",1961,23,5.043077
296,"Kiribati",1961,24,4.986529
296,"Kiribati",1961,25,4.862792
296,"Kiribati",1961,26,4.714701
296,"Kiribati",1961,27,4.605927
296,"Kiribati",1961,28,4.543841
296,"Kiribati",1961,29,4.493662
296,"Kiribati",1961,30,4.442109
296,"Kiribati",1961,31,4.35848
296,"Kiribati",1961,32,4.239524
296,"Kiribati",1961,33,4.09456
296,"Kiribati",1961,34,3.920257
296,"Kiribati",1961,35,3.69836
296,"Kiribati",1961,36,3.416516
296,"Kiribati",1961,37,3.102798
296,"Kiribati",1961,38,2.7632
296,"Kiribati",1961,39,2.402096
296,"Kiribati",1961,40,2.013727
296,"Kiribati",1961,41,1.636434
296,"Kiribati",1961,42,1.269549
296,"Kiribati",1961,43,0.948424
296,"Kiribati",1961,44,0.682172
296,"Kiribati",1961,45,0.477222
296,"Kiribati",1961,46,0.327759
296,"Kiribati",1961,47,0.222832
296,"Kiribati",1961,48,0.153523
296,"Kiribati",1961,49,0.093954
296,"Kiribati",1961,50,0.041695
296,"Kiribati",1961,51,0.011877
296,"Kiribati",1961,52,0.004295
296,"Kiribati",1961,53,0.002817
296,"Kiribati",1961,54,0.001376
296,"Kiribati",1962,10,0.000466
296,"Kiribati",1962,11,0.006055
296,"Kiribati",1962,12,0.02596
296,"Kiribati",1962,13,0.09038
296,"Kiribati",1962,14,0.222647
296,"Kiribati",1962,15,0.456555
296,"Kiribati",1962,16,0.868756
296,"Kiribati",1962,17,1.513875
296,"Kiribati",1962,18,2.367253
296,"Kiribati",1962,19,3.248374
296,"Kiribati",1962,20,4.076861
296,"Kiribati",1962,21,4.647544
296,"Kiribati",1962,22,4.939484
296,"Kiribati",1962,23,5.038489
296,"Kiribati",1962,24,4.984284
296,"Kiribati",1962,25,4.862536
296,"Kiribati",1962,26,4.715425
296,"Kiribati",1962,27,4.606542
296,"Kiribati",1962,28,4.543336
296,"Kiribati",1962,29,4.491597
296,"Kiribati",1962,30,4.438039
296,"Kiribati",1962,31,4.353142
296,"Kiribati",1962,32,4.233618
296,"Kiribati",1962,33,4.089215
296,"Kiribati",1962,34,3.916406
296,"Kiribati",1962,35,3.696211
296,"Kiribati",1962,36,3.414878
296,"Kiribati",1962,37,3.101314
296,"Kiribati",1962,38,2.761536
296,"Kiribati",1962,39,2.399778
296,"Kiribati",1962,40,2.009487
296,"Kiribati",1962,41,1.632189
296,"Kiribati",1962,42,1.266177
296,"Kiribati",1962,43,0.946442
296,"Kiribati",1962,44,0.681902
296,"Kiribati",1962,45,0.479722
296,"Kiribati",1962,46,0.331052
296,"Kiribati",1962,47,0.226375
296,"Kiribati",1962,48,0.156706
296,"Kiribati",1962,49,0.096206
296,"Kiribati",1962,50,0.042561
296,"Kiribati",1962,51,0.012045
296,"Kiribati",1962,52,0.004335
296,"Kiribati",1962,53,0.00285
296,"Kiribati",1962,54,0.001393
296,"Kiribati",1963,10,0.00047
296,"Kiribati",1963,11,0.00611
296,"Kiribati",1963,12,0.026266
296,"Kiribati",1963,13,0.091715
296,"Kiribati",1963,14,0.225968
296,"Kiribati",1963,15,0.463756
296,"Kiribati",1963,16,0.88023
296,"Kiribati",1963,17,1.526712
296,"Kiribati",1963,18,2.377877
296,"Kiribati",1963,19,3.253873
296,"Kiribati",1963,20,4.075367
296,"Kiribati",1963,21,4.642012
296,"Kiribati",1963,22,4.933424
296,"Kiribati",1963,23,5.03374
296,"Kiribati",1963,24,4.981952
296,"Kiribati",1963,25,4.862316
296,"Kiribati",1963,26,4.716315
296,"Kiribati",1963,27,4.607418
296,"Kiribati",1963,28,4.543142
296,"Kiribati",1963,29,4.489825
296,"Kiribati",1963,30,4.434193
296,"Kiribati",1963,31,4.347981
296,"Kiribati",1963,32,4.227872
296,"Kiribati",1963,33,4.084003
296,"Kiribati",1963,34,3.912652
296,"Kiribati",1963,35,3.694126
296,"Kiribati",1963,36,3.413326
296,"Kiribati",1963,37,3.099959
296,"Kiribati",1963,38,2.760055
296,"Kiribati",1963,39,2.39768
296,"Kiribati",1963,40,2.005535
296,"Kiribati",1963,41,1.628184
296,"Kiribati",1963,42,1.262947
296,"Kiribati",1963,43,0.944465
296,"Kiribati",1963,44,0.681478
296,"Kiribati",1963,45,0.481839
296,"Kiribati",1963,46,0.333914
296,"Kiribati",1963,47,0.229486
296,"Kiribati",1963,48,0.15951
296,"Kiribati",1963,49,0.098184
296,"Kiribati",1963,50,0.043298
296,"Kiribati",1963,51,0.012171
296,"Kiribati",1963,52,0.004364
296,"Kiribati",1963,53,0.002882
296,"Kiribati",1963,54,0.00141
296,"Kiribati",1964,10,0.000466
296,"Kiribati",1964,11,0.006056
296,"Kiribati",1964,12,0.026246
296,"Kiribati",1964,13,0.092481
296,"Kiribati",1964,14,0.228472
296,"Kiribati",1964,15,0.470557
296,"Kiribati",1964,16,0.89155
296,"Kiribati",1964,17,1.539783
296,"Kiribati",1964,18,2.389167
296,"Kiribati",1964,19,3.260133
296,"Kiribati",1964,20,4.074349
296,"Kiribati",1964,21,4.636672
296,"Kiribati",1964,22,4.927337
296,"Kiribati",1964,23,5.028878
296,"Kiribati",1964,24,4.979555
296,"Kiribati",1964,25,4.862136
296,"Kiribati",1964,26,4.717366
296,"Kiribati",1964,27,4.608553
296,"Kiribati",1964,28,4.543258
296,"Kiribati",1964,29,4.488352
296,"Kiribati",1964,30,4.430583
296,"Kiribati",1964,31,4.343005
296,"Kiribati",1964,32,4.222284
296,"Kiribati",1964,33,4.078905
296,"Kiribati",1964,34,3.908952
296,"Kiribati",1964,35,3.69204
296,"Kiribati",1964,36,3.411783
296,"Kiribati",1964,37,3.098648
296,"Kiribati",1964,38,2.758671
296,"Kiribati",1964,39,2.395721
296,"Kiribati",1964,40,2.001807
296,"Kiribati",1964,41,1.624367
296,"Kiribati",1964,42,1.259817
296,"Kiribati",1964,43,0.942462
296,"Kiribati",1964,44,0.680875
296,"Kiribati",1964,45,0.483555
296,"Kiribati",1964,46,0.336329
296,"Kiribati",1964,47,0.232153
296,"Kiribati",1964,48,0.161923
296,"Kiribati",1964,49,0.099879
296,"Kiribati",1964,50,0.043902
296,"Kiribati",1964,51,0.012253
296,"Kiribati",1964,52,0.00438
296,"Kiribati",1964,53,0.002912
296,"Kiribati",1964,54,0.001426
296,"Kiribati",1965,10,0.000452
296,"Kiribati",1965,11,0.00588
296,"Kiribati",1965,12,0.025865
296,"Kiribati",1965,13,0.092613
296,"Kiribati",1965,14,0.230049
296,"Kiribati",1965,15,0.47689
296,"Kiribati",1965,16,0.902659
296,"Kiribati",1965,17,1.553045
296,"Kiribati",1965,18,2.401103
296,"Kiribati",1965,19,3.267127
296,"Kiribati",1965,20,4.073744
296,"Kiribati",1965,21,4.631444
296,"Kiribati",1965,22,4.92115
296,"Kiribati",1965,23,5.023855
296,"Kiribati",1965,24,4.977073
296,"Kiribati",1965,25,4.862
296,"Kiribati",1965,26,4.718601
296,"Kiribati",1965,27,4.609976
296,"Kiribati",1965,28,4.543721
296,"Kiribati",1965,29,4.487207
296,"Kiribati",1965,30,4.42723
296,"Kiribati",1965,31,4.338234
296,"Kiribati",1965,32,4.21688
296,"Kiribati",1965,33,4.073963
296,"Kiribati",1965,34,3.905369
296,"Kiribati",1965,35,3.690036
296,"Kiribati",1965,36,3.410338
296,"Kiribati",1965,37,3.097472
296,"Kiribati",1965,38,2.757469
296,"Kiribati",1965,39,2.393974
296,"Kiribati",1965,40,1.998347
296,"Kiribati",1965,41,1.620763
296,"Kiribati",1965,42,1.256799
296,"Kiribati",1965,43,0.940434
296,"Kiribati",1965,44,0.680088
296,"Kiribati",1965,45,0.484865
296,"Kiribati",1965,46,0.338286
296,"Kiribati",1965,47,0.234362
296,"Kiribati",1965,48,0.163934
296,"Kiribati",1965,49,0.101282
296,"Kiribati",1965,50,0.044367
296,"Kiribati",1965,51,0.01229
296,"Kiribati",1965,52,0.004383
296,"Kiribati",1965,53,0.00294
296,"Kiribati",1965,54,0.001442
296,"Kiribati",1966,10,0.000446
296,"Kiribati",1966,11,0.005802
296,"Kiribati",1966,12,0.025776
296,"Kiribati",1966,13,0.093269
296,"Kiribati",1966,14,0.232431
296,"Kiribati",1966,15,0.483686
296,"Kiribati",1966,16,0.914172
296,"Kiribati",1966,17,1.566425
296,"Kiribati",1966,18,2.412686
296,"Kiribati",1966,19,3.273471
296,"Kiribati",1966,20,4.072459
296,"Kiribati",1966,21,4.625666
296,"Kiribati",1966,22,4.914673
296,"Kiribati",1966,23,5.018757
296,"Kiribati",1966,24,4.974652
296,"Kiribati",1966,25,4.861982
296,"Kiribati",1966,26,4.71995
296,"Kiribati",1966,27,4.611488
296,"Kiribati",1966,28,4.544234
296,"Kiribati",1966,29,4.486086
296,"Kiribati",1966,30,4.42389
296,"Kiribati",1966,31,4.333488
296,"Kiribati",1966,32,4.21154
296,"Kiribati",1966,33,4.069118
296,"Kiribati",1966,34,3.901911
296,"Kiribati",1966,35,3.688167
296,"Kiribati",1966,36,3.40906
296,"Kiribati",1966,37,3.096495
296,"Kiribati",1966,38,2.756496
296,"Kiribati",1966,39,2.392471
296,"Kiribati",1966,40,1.995174
296,"Kiribati",1966,41,1.617381
296,"Kiribati",1966,42,1.253892
296,"Kiribati",1966,43,0.938371
296,"Kiribati",1966,44,0.679103
296,"Kiribati",1966,45,0.485724
296,"Kiribati",1966,46,0.339772
296,"Kiribati",1966,47,0.236108
296,"Kiribati",1966,48,0.165526
296,"Kiribati",1966,49,0.10238
296,"Kiribati",1966,50,0.044701
296,"Kiribati",1966,51,0.012291
296,"Kiribati",1966,52,0.004384
296,"Kiribati",1966,53,0.002981
296,"Kiribati",1966,54,0.001466
296,"Kiribati",1967,10,0.000478
296,"Kiribati",1967,11,0.006208
296,"Kiribati",1967,12,0.027009
296,"Kiribati",1967,13,0.095576
296,"Kiribati",1967,14,0.236043
296,"Kiribati",1967,15,0.487137
296,"Kiribati",1967,16,0.917923
296,"Kiribati",1967,17,1.568429
296,"Kiribati",1967,18,2.411063
296,"Kiribati",1967,19,3.268659
296,"Kiribati",1967,20,4.065807
296,"Kiribati",1967,21,4.620342
296,"Kiribati",1967,22,4.913651
296,"Kiribati",1967,23,5.02243
296,"Kiribati",1967,24,4.982494
296,"Kiribati",1967,25,4.87214
296,"Kiribati",1967,26,4.730083
296,"Kiribati",1967,27,4.619956
296,"Kiribati",1967,28,4.549732
296,"Kiribati",1967,29,4.488199
296,"Kiribati",1967,30,4.422228
296,"Kiribati",1967,31,4.329155
296,"Kiribati",1967,32,4.205612
296,"Kiribati",1967,33,4.063371
296,"Kiribati",1967,34,3.897824
296,"Kiribati",1967,35,3.685996
296,"Kiribati",1967,36,3.407121
296,"Kiribati",1967,37,3.094328
296,"Kiribati",1967,38,2.753696
296,"Kiribati",1967,39,2.388449
296,"Kiribati",1967,40,1.988302
296,"Kiribati",1967,41,1.610342
296,"Kiribati",1967,42,1.247964
296,"Kiribati",1967,43,0.934273
296,"Kiribati",1967,44,0.677278
296,"Kiribati",1967,45,0.487482
296,"Kiribati",1967,46,0.342735
296,"Kiribati",1967,47,0.239629
296,"Kiribati",1967,48,0.168876
296,"Kiribati",1967,49,0.10485
296,"Kiribati",1967,50,0.045685
296,"Kiribati",1967,51,0.012529
296,"Kiribati",1967,52,0.004442
296,"Kiribati",1967,53,0.003001
296,"Kiribati",1967,54,0.001474
296,"Kiribati",1968,10,0.000507
296,"Kiribati",1968,11,0.006596
296,"Kiribati",1968,12,0.02824
296,"Kiribati",1968,13,0.098163
296,"Kiribati",1968,14,0.240562
296,"Kiribati",1968,15,0.493314
296,"Kiribati",1968,16,0.92625
296,"Kiribati",1968,17,1.575659
296,"Kiribati",1968,18,2.413809
296,"Kiribati",1968,19,3.266091
296,"Kiribati",1968,20,4.058498
296,"Kiribati",1968,21,4.613243
296,"Kiribati",1968,22,4.911742
296,"Kiribati",1968,23,5.02706
296,"Kiribati",1968,24,4.9936
296,"Kiribati",1968,25,4.887294
296,"Kiribati",1968,26,4.745904
296,"Kiribati",1968,27,4.63377
296,"Kiribati",1968,28,4.559274
296,"Kiribati",1968,29,4.492539
296,"Kiribati",1968,30,4.42051
296,"Kiribati",1968,31,4.322935
296,"Kiribati",1968,32,4.19645
296,"Kiribati",1968,33,4.05389
296,"Kiribati",1968,34,3.890246
296,"Kiribati",1968,35,3.680822
296,"Kiribati",1968,36,3.402055
296,"Kiribati",1968,37,3.088839
296,"Kiribati",1968,38,2.747318
296,"Kiribati",1968,39,2.380391
296,"Kiribati",1968,40,1.976262
296,"Kiribati",1968,41,1.598295
296,"Kiribati",1968,42,1.237836
296,"Kiribati",1968,43,0.927112
296,"Kiribati",1968,44,0.673713
296,"Kiribati",1968,45,0.489385
296,"Kiribati",1968,46,0.346613
296,"Kiribati",1968,47,0.244473
296,"Kiribati",1968,48,0.173559
296,"Kiribati",1968,49,0.108313
296,"Kiribati",1968,50,0.047022
296,"Kiribati",1968,51,0.012825
296,"Kiribati",1968,52,0.004508
296,"Kiribati",1968,53,0.003028
296,"Kiribati",1968,54,0.001486
296,"Kiribati",1969,10,0.000548
296,"Kiribati",1969,11,0.007123
296,"Kiribati",1969,12,0.029842
296,"Kiribati",1969,13,0.101165
296,"Kiribati",1969,14,0.245332
296,"Kiribati",1969,15,0.497576
296,"Kiribati",1969,16,0.931117
296,"Kiribati",1969,17,1.578594
296,"Kiribati",1969,18,2.412417
296,"Kiribati",1969,19,3.260728
296,"Kiribati",1969,20,4.050649
296,"Kiribati",1969,21,4.606644
296,"Kiribati",1969,22,4.909949
296,"Kiribati",1969,23,5.030628
296,"Kiribati",1969,24,5.002024
296,"Kiribati",1969,25,4.898563
296,"Kiribati",1969,26,4.757491
296,"Kiribati",1969,27,4.643876
296,"Kiribati",1969,28,4.566435
296,"Kiribati",1969,29,4.496173
296,"Kiribati",1969,30,4.420121
296,"Kiribati",1969,31,4.319658
296,"Kiribati",1969,32,4.191432
296,"Kiribati",1969,33,4.048873
296,"Kiribati",1969,34,3.886674
296,"Kiribati",1969,35,3.678906
296,"Kiribati",1969,36,3.400268
296,"Kiribati",1969,37,3.086802
296,"Kiribati",1969,38,2.744685
296,"Kiribati",1969,39,2.376532
296,"Kiribati",1969,40,1.969709
296,"Kiribati",1969,41,1.591306
296,"Kiribati",1969,42,1.231533
296,"Kiribati",1969,43,0.922079
296,"Kiribati",1969,44,0.670322
296,"Kiribati",1969,45,0.488569
296,"Kiribati",1969,46,0.346961
296,"Kiribati",1969,47,0.245496
296,"Kiribati",1969,48,0.174713
296,"Kiribati",1969,49,0.109195
296,"Kiribati",1969,50,0.047295
296,"Kiribati",1969,51,0.012856
296,"Kiribati",1969,52,0.004537
296,"Kiribati",1969,53,0.003088
296,"Kiribati",1969,54,0.001519
296,"Kiribati",1970,10,0.000579
296,"Kiribati",1970,11,0.007525
296,"Kiribati",1970,12,0.031123
296,"Kiribati",1970,13,0.103887
296,"Kiribati",1970,14,0.250196
296,"Kiribati",1970,15,0.50422
296,"Kiribati",1970,16,0.940461
296,"Kiribati",1970,17,1.587032
296,"Kiribati",1970,18,2.416087
296,"Kiribati",1970,19,3.258361
296,"Kiribati",1970,20,4.042559
296,"Kiribati",1970,21,4.598355
296,"Kiribati",1970,22,4.907108
296,"Kiribati",1970,23,5.034917
296,"Kiribati",1970,24,5.013574
296,"Kiribati",1970,25,4.914883
296,"Kiribati",1970,26,4.77505
296,"Kiribati",1970,27,4.659823
296,"Kiribati",1970,28,4.578306
296,"Kiribati",1970,29,4.50278
296,"Kiribati",1970,30,4.420393
296,"Kiribati",1970,31,4.315127
296,"Kiribati",1970,32,4.183679
296,"Kiribati",1970,33,4.040506
296,"Kiribati",1970,34,3.879898
296,"Kiribati",1970,35,3.674165
296,"Kiribati",1970,36,3.39534
296,"Kiribati",1970,37,3.081249
296,"Kiribati",1970,38,2.738118
296,"Kiribati",1970,39,2.368116
296,"Kiribati",1970,40,1.957245
296,"Kiribati",1970,41,1.57853
296,"Kiribati",1970,42,1.22032
296,"Kiribati",1970,43,0.913407
296,"Kiribati",1970,44,0.664788
296,"Kiribati",1970,45,0.487747
296,"Kiribati",1970,46,0.348177
296,"Kiribati",1970,47,0.247866
296,"Kiribati",1970,48,0.177256
296,"Kiribati",1970,49,0.111121
296,"Kiribati",1970,50,0.047925
296,"Kiribati",1970,51,0.012936
296,"Kiribati",1970,52,0.004567
296,"Kiribati",1970,53,0.003149
296,"Kiribati",1970,54,0.001552
296,"Kiribati",1971,10,0.000598
296,"Kiribati",1971,11,0.00777
296,"Kiribati",1971,12,0.031935
296,"Kiribati",1971,13,0.105779
296,"Kiribati",1971,14,0.25386
296,"Kiribati",1971,15,0.510123
296,"Kiribati",1971,16,0.949458
296,"Kiribati",1971,17,1.595893
296,"Kiribati",1971,18,2.421174
296,"Kiribati",1971,19,3.257896
296,"Kiribati",1971,20,4.036216
296,"Kiribati",1971,21,4.591436
296,"Kiribati",1971,22,4.905151
296,"Kiribati",1971,23,5.039772
296,"Kiribati",1971,24,5.025595
296,"Kiribati",1971,25,4.931761
296,"Kiribati",1971,26,4.793414
296,"Kiribati",1971,27,4.676887
296,"Kiribati",1971,28,4.591613
296,"Kiribati",1971,29,4.510995
296,"Kiribati",1971,30,4.422307
296,"Kiribati",1971,31,4.312124
296,"Kiribati",1971,32,4.17723
296,"Kiribati",1971,33,4.033072
296,"Kiribati",1971,34,3.873563
296,"Kiribati",1971,35,3.669341
296,"Kiribati",1971,36,3.389977
296,"Kiribati",1971,37,3.07503
296,"Kiribati",1971,38,2.730771
296,"Kiribati",1971,39,2.358856
296,"Kiribati",1971,40,1.944061
296,"Kiribati",1971,41,1.564936
296,"Kiribati",1971,42,1.208142
296,"Kiribati",1971,43,0.903564
296,"Kiribati",1971,44,0.657844
296,"Kiribati",1971,45,0.485063
296,"Kiribati",1971,46,0.347563
296,"Kiribati",1971,47,0.248536
296,"Kiribati",1971,48,0.178345
296,"Kiribati",1971,49,0.112013
296,"Kiribati",1971,50,0.048086
296,"Kiribati",1971,51,0.012873
296,"Kiribati",1971,52,0.004564
296,"Kiribati",1971,53,0.003216
296,"Kiribati",1971,54,0.001592
296,"Kiribati",1972,10,0.000631
296,"Kiribati",1972,11,0.008202
296,"Kiribati",1972,12,0.03305
296,"Kiribati",1972,13,0.106776
296,"Kiribati",1972,14,0.253688
296,"Kiribati",1972,15,0.505802
296,"Kiribati",1972,16,0.940692
296,"Kiribati",1972,17,1.583074
296,"Kiribati",1972,18,2.405634
296,"Kiribati",1972,19,3.243452
296,"Kiribati",1972,20,4.027031
296,"Kiribati",1972,21,4.590756
296,"Kiribati",1972,22,4.915266
296,"Kiribati",1972,23,5.05978
296,"Kiribati",1972,24,5.053429
296,"Kiribati",1972,25,4.963592
296,"Kiribati",1972,26,4.824919
296,"Kiribati",1972,27,4.705313
296,"Kiribati",1972,28,4.614775
296,"Kiribati",1972,29,4.527816
296,"Kiribati",1972,30,4.431686
296,"Kiribati",1972,31,4.315067
296,"Kiribati",1972,32,4.174841
296,"Kiribati",1972,33,4.028159
296,"Kiribati",1972,34,3.868578
296,"Kiribati",1972,35,3.664659
296,"Kiribati",1972,36,3.382963
296,"Kiribati",1972,37,3.065426
296,"Kiribati",1972,38,2.718482
296,"Kiribati",1972,39,2.343406
296,"Kiribati",1972,40,1.923281
296,"Kiribati",1972,41,1.543985
296,"Kiribati",1972,42,1.189745
296,"Kiribati",1972,43,0.889172
296,"Kiribati",1972,44,0.648327
296,"Kiribati",1972,45,0.482387
296,"Kiribati",1972,46,0.347965
296,"Kiribati",1972,47,0.25086
296,"Kiribati",1972,48,0.181323
296,"Kiribati",1972,49,0.1145
296,"Kiribati",1972,50,0.049022
296,"Kiribati",1972,51,0.013111
296,"Kiribati",1972,52,0.004603
296,"Kiribati",1972,53,0.003196
296,"Kiribati",1972,54,0.001578
296,"Kiribati",1973,10,0.00065
296,"Kiribati",1973,11,0.008456
296,"Kiribati",1973,12,0.033515
296,"Kiribati",1973,13,0.105945
296,"Kiribati",1973,14,0.249694
296,"Kiribati",1973,15,0.494681
296,"Kiribati",1973,16,0.921833
296,"Kiribati",1973,17,1.559804
296,"Kiribati",1973,18,2.382657
296,"Kiribati",1973,19,3.226649
296,"Kiribati",1973,20,4.021547
296,"Kiribati",1973,21,4.596744
296,"Kiribati",1973,22,4.931536
296,"Kiribati",1973,23,5.083781
296,"Kiribati",1973,24,5.082214
296,"Kiribati",1973,25,4.99388
296,"Kiribati",1973,26,4.853633
296,"Kiribati",1973,27,4.731057
296,"Kiribati",1973,28,4.636617
296,"Kiribati",1973,29,4.545215
296,"Kiribati",1973,30,4.444054
296,"Kiribati",1973,31,4.322701
296,"Kiribati",1973,32,4.178161
296,"Kiribati",1973,33,4.028759
296,"Kiribati",1973,34,3.867872
296,"Kiribati",1973,35,3.662717
296,"Kiribati",1973,36,3.378292
296,"Kiribati",1973,37,3.058084
296,"Kiribati",1973,38,2.708661
296,"Kiribati",1973,39,2.331017
296,"Kiribati",1973,40,1.907394
296,"Kiribati",1973,41,1.527694
296,"Kiribati",1973,42,1.174853
296,"Kiribati",1973,43,0.876582
296,"Kiribati",1973,44,0.638585
296,"Kiribati",1973,45,0.476401
296,"Kiribati",1973,46,0.344094
296,"Kiribati",1973,47,0.248612
296,"Kiribati",1973,48,0.180167
296,"Kiribati",1973,49,0.114027
296,"Kiribati",1973,50,0.048781
296,"Kiribati",1973,51,0.013078
296,"Kiribati",1973,52,0.004585
296,"Kiribati",1973,53,0.003162
296,"Kiribati",1973,54,0.001559
296,"Kiribati",1974,10,0.000611
296,"Kiribati",1974,11,0.007945
296,"Kiribati",1974,12,0.031777
296,"Kiribati",1974,13,0.101677
296,"Kiribati",1974,14,0.241475
296,"Kiribati",1974,15,0.482704
296,"Kiribati",1974,16,0.904924
296,"Kiribati",1974,17,1.541376
296,"Kiribati",1974,18,2.366512
296,"Kiribati",1974,19,3.214616
296,"Kiribati",1974,20,4.014439
296,"Kiribati",1974,21,4.592936
296,"Kiribati",1974,22,4.929101
296,"Kiribati",1974,23,5.081974
296,"Kiribati",1974,24,5.080797
296,"Kiribati",1974,25,4.99357
296,"Kiribati",1974,26,4.855635
296,"Kiribati",1974,27,4.736739
296,"Kiribati",1974,28,4.647057
296,"Kiribati",1974,29,4.559969
296,"Kiribati",1974,30,4.462349
296,"Kiribati",1974,31,4.342794
296,"Kiribati",1974,32,4.198435
296,"Kiribati",1974,33,4.048053
296,"Kiribati",1974,34,3.885157
296,"Kiribati",1974,35,3.676934
296,"Kiribati",1974,36,3.388946
296,"Kiribati",1974,37,3.065416
296,"Kiribati",1974,38,2.71306
296,"Kiribati",1974,39,2.332622
296,"Kiribati",1974,40,1.906645
296,"Kiribati",1974,41,1.524738
296,"Kiribati",1974,42,1.170186
296,"Kiribati",1974,43,0.870548
296,"Kiribati",1974,44,0.631528
296,"Kiribati",1974,45,0.468033
296,"Kiribati",1974,46,0.335876
296,"Kiribati",1974,47,0.241046
296,"Kiribati",1974,48,0.173794
296,"Kiribati",1974,49,0.109558
296,"Kiribati",1974,50,0.04677
296,"Kiribati",1974,51,0.012481
296,"Kiribati",1974,52,0.004446
296,"Kiribati",1974,53,0.003176
296,"Kiribati",1974,54,0.001576
296,"Kiribati",1975,10,0.00055
296,"Kiribati",1975,11,0.007156
296,"Kiribati",1975,12,0.029211
296,"Kiribati",1975,13,0.09594
296,"Kiribati",1975,14,0.23108
296,"Kiribati",1975,15,0.469414
296,"Kiribati",1975,16,0.887092
296,"Kiribati",1975,17,1.52319
296,"Kiribati",1975,18,2.352363
296,"Kiribati",1975,19,3.205691
296,"Kiribati",1975,20,4.0106
296,"Kiribati",1975,21,4.591828
296,"Kiribati",1975,22,4.928215
296,"Kiribati",1975,23,5.080712
296,"Kiribati",1975,24,5.079255
296,"Kiribati",1975,25,4.99288
296,"Kiribati",1975,26,4.857412
296,"Kiribati",1975,27,4.742537
296,"Kiribati",1975,28,4.658055
296,"Kiribati",1975,29,4.575642
296,"Kiribati",1975,30,4.481835
296,"Kiribati",1975,31,4.364099
296,"Kiribati",1975,32,4.219717
296,"Kiribati",1975,33,4.067895
296,"Kiribati",1975,34,3.90234
296,"Kiribati",1975,35,3.690413
296,"Kiribati",1975,36,3.398528
296,"Kiribati",1975,37,3.0715
296,"Kiribati",1975,38,2.716184
296,"Kiribati",1975,39,2.333078
296,"Kiribati",1975,40,1.905153
296,"Kiribati",1975,41,1.521205
296,"Kiribati",1975,42,1.16503
296,"Kiribati",1975,43,0.864056
296,"Kiribati",1975,44,0.624001
296,"Kiribati",1975,45,0.459044
296,"Kiribati",1975,46,0.327029
296,"Kiribati",1975,47,0.232891
296,"Kiribati",1975,48,0.166934
296,"Kiribati",1975,49,0.104756
296,"Kiribati",1975,50,0.044614
296,"Kiribati",1975,51,0.011839
296,"Kiribati",1975,52,0.004285
296,"Kiribati",1975,53,0.003171
296,"Kiribati",1975,54,0.001582
296,"Kiribati",1976,10,0.000492
296,"Kiribati",1976,11,0.006394
296,"Kiribati",1976,12,0.026686
296,"Kiribati",1976,13,0.090064
296,"Kiribati",1976,14,0.220146
296,"Kiribati",1976,15,0.453928
296,"Kiribati",1976,16,0.865617
296,"Kiribati",1976,17,1.500338
296,"Kiribati",1976,18,2.333172
296,"Kiribati",1976,19,3.192262
296,"Kiribati",1976,20,4.003572
296,"Kiribati",1976,21,4.588252
296,"Kiribati",1976,22,4.924789
296,"Kiribati",1976,23,5.076133
296,"Kiribati",1976,24,5.073101
296,"Kiribati",1976,25,4.986449
296,"Kiribati",1976,26,4.852858
296,"Kiribati",1976,27,4.742162
296,"Kiribati",1976,28,4.663789
296,"Kiribati",1976,29,4.587446
296,"Kiribati",1976,30,4.499391
296,"Kiribati",1976,31,4.385502
296,"Kiribati",1976,32,4.243181
296,"Kiribati",1976,33,4.091375
296,"Kiribati",1976,34,3.923992
296,"Kiribati",1976,35,3.708894
296,"Kiribati",1976,36,3.414235
296,"Kiribati",1976,37,3.08473
296,"Kiribati",1976,38,2.727318
296,"Kiribati",1976,39,2.342265
296,"Kiribati",1976,40,1.913649
296,"Kiribati",1976,41,1.5269
296,"Kiribati",1976,42,1.167315
296,"Kiribati",1976,43,0.86264
296,"Kiribati",1976,44,0.618869
296,"Kiribati",1976,45,0.448947
296,"Kiribati",1976,46,0.315729
296,"Kiribati",1976,47,0.221592
296,"Kiribati",1976,48,0.156951
296,"Kiribati",1976,49,0.097639
296,"Kiribati",1976,50,0.041619
296,"Kiribati",1976,51,0.011048
296,"Kiribati",1976,52,0.004034
296,"Kiribati",1976,53,0.003025
296,"Kiribati",1976,54,0.001513
296,"Kiribati",1977,10,0.000443
296,"Kiribati",1977,11,0.005756
296,"Kiribati",1977,12,0.024564
296,"Kiribati",1977,13,0.085071
296,"Kiribati",1977,14,0.210832
296,"Kiribati",1977,15,0.43986
296,"Kiribati",1977,16,0.845914
296,"Kiribati",1977,17,1.478544
296,"Kiribati",1977,18,2.31324
296,"Kiribati",1977,19,3.176071
296,"Kiribati",1977,20,3.991918
296,"Kiribati",1977,21,4.578839
296,"Kiribati",1977,22,4.914995
296,"Kiribati",1977,23,5.064699
296,"Kiribati",1977,24,5.059565
296,"Kiribati",1977,25,4.972272
296,"Kiribati",1977,26,4.840489
296,"Kiribati",1977,27,4.734298
296,"Kiribati",1977,28,4.662765
296,"Kiribati",1977,29,4.593574
296,"Kiribati",1977,30,4.512768
296,"Kiribati",1977,31,4.404619
296,"Kiribati",1977,32,4.266588
296,"Kiribati",1977,33,4.116754
296,"Kiribati",1977,34,3.949151
296,"Kiribati",1977,35,3.732239
296,"Kiribati",1977,36,3.436311
296,"Kiribati",1977,37,3.105564
296,"Kiribati",1977,38,2.746961
296,"Kiribati",1977,39,2.360514
296,"Kiribati",1977,40,1.931821
296,"Kiribati",1977,41,1.541446
296,"Kiribati",1977,42,1.176826
296,"Kiribati",1977,43,0.866407
296,"Kiribati",1977,44,0.616673
296,"Kiribati",1977,45,0.438949
296,"Kiribati",1977,46,0.303405
296,"Kiribati",1977,47,0.208651
296,"Kiribati",1977,48,0.145225
296,"Kiribati",1977,49,0.089089
296,"Kiribati",1977,50,0.037878
296,"Kiribati",1977,51,0.009999
296,"Kiribati",1977,52,0.003875
296,"Kiribati",1977,53,0.003078
296,"Kiribati",1977,54,0.001501
296,"Kiribati",1978,10,0.000435
296,"Kiribati",1978,11,0.005653
296,"Kiribati",1978,12,0.023909
296,"Kiribati",1978,13,0.081961
296,"Kiribati",1978,14,0.203046
296,"Kiribati",1978,15,0.422465
296,"Kiribati",1978,16,0.81815
296,"Kiribati",1978,17,1.444938
296,"Kiribati",1978,18,2.279766
296,"Kiribati",1978,19,3.148678
296,"Kiribati",1978,20,3.975168
296,"Kiribati",1978,21,4.569458
296,"Kiribati",1978,22,4.908544
296,"Kiribati",1978,23,5.058027
296,"Kiribati",1978,24,5.050514
296,"Kiribati",1978,25,4.961508
296,"Kiribati",1978,26,4.83017
296,"Kiribati",1978,27,4.727447
296,"Kiribati",1978,28,4.662221
296,"Kiribati",1978,29,4.60021
296,"Kiribati",1978,30,4.527139
296,"Kiribati",1978,31,4.425074
296,"Kiribati",1978,32,4.291471
296,"Kiribati",1978,33,4.143765
296,"Kiribati",1978,34,3.976122
296,"Kiribati",1978,35,3.757468
296,"Kiribati",1978,36,3.46002
296,"Kiribati",1978,37,3.127633
296,"Kiribati",1978,38,2.767361
296,"Kiribati",1978,39,2.379159
296,"Kiribati",1978,40,1.949947
296,"Kiribati",1978,41,1.556023
296,"Kiribati",1978,42,1.186654
296,"Kiribati",1978,43,0.870965
296,"Kiribati",1978,44,0.615861
296,"Kiribati",1978,45,0.431142
296,"Kiribati",1978,46,0.293462
296,"Kiribati",1978,47,0.19809
296,"Kiribati",1978,48,0.135662
296,"Kiribati",1978,49,0.082158
296,"Kiribati",1978,50,0.034902
296,"Kiribati",1978,51,0.009224
296,"Kiribati",1978,52,0.003786
296,"Kiribati",1978,53,0.003143
296,"Kiribati",1978,54,0.001504
296,"Kiribati",1979,10,0.000403
296,"Kiribati",1979,11,0.005241
296,"Kiribati",1979,12,0.022686
296,"Kiribati",1979,13,0.079824
296,"Kiribati",1979,14,0.200127
296,"Kiribati",1979,15,0.420525
296,"Kiribati",1979,16,0.816946
296,"Kiribati",1979,17,1.441061
296,"Kiribati",1979,18,2.26917
296,"Kiribati",1979,19,3.128221
296,"Kiribati",1979,20,3.943258
296,"Kiribati",1979,21,4.531615
296,"Kiribati",1979,22,4.871065
296,"Kiribati",1979,23,5.024497
296,"Kiribati",1979,24,5.023603
296,"Kiribati",1979,25,4.942609
296,"Kiribati",1979,26,4.82009
296,"Kiribati",1979,27,4.726122
296,"Kiribati",1979,28,4.669132
296,"Kiribati",1979,29,4.613745
296,"Kiribati",1979,30,4.545582
296,"Kiribati",1979,31,4.447235
296,"Kiribati",1979,32,4.316323
296,"Kiribati",1979,33,4.170354
296,"Kiribati",1979,34,4.003445
296,"Kiribati",1979,35,3.784122
296,"Kiribati",1979,36,3.484964
296,"Kiribati",1979,37,3.150616
296,"Kiribati",1979,38,2.788203
296,"Kiribati",1979,39,2.397092
296,"Kiribati",1979,40,1.964715
296,"Kiribati",1979,41,1.566588
296,"Kiribati",1979,42,1.192796
296,"Kiribati",1979,43,0.872728
296,"Kiribati",1979,44,0.613536
296,"Kiribati",1979,45,0.424031
296,"Kiribati",1979,46,0.285147
296,"Kiribati",1979,47,0.189532
296,"Kiribati",1979,48,0.127854
296,"Kiribati",1979,49,0.076306
296,"Kiribati",1979,50,0.032032
296,"Kiribati",1979,51,0.008258
296,"Kiribati",1979,52,0.003714
296,"Kiribati",1979,53,0.003341
296,"Kiribati",1979,54,0.001547
296,"Kiribati",1980,10,0.000382
296,"Kiribati",1980,11,0.004966
296,"Kiribati",1980,12,0.021869
296,"Kiribati",1980,13,0.0784
296,"Kiribati",1980,14,0.198219
296,"Kiribati",1980,15,0.419283
296,"Kiribati",1980,16,0.816128
296,"Kiribati",1980,17,1.43703
296,"Kiribati",1980,18,2.257771
296,"Kiribati",1980,19,3.106721
296,"Kiribati",1980,20,3.910535
296,"Kiribati",1980,21,4.49319
296,"Kiribati",1980,22,4.833159
296,"Kiribati",1980,23,4.990573
296,"Kiribati",1980,24,4.996216
296,"Kiribati",1980,25,4.923128
296,"Kiribati",1980,26,4.809316
296,"Kiribati",1980,27,4.724012
296,"Kiribati",1980,28,4.675206
296,"Kiribati",1980,29,4.626498
296,"Kiribati",1980,30,4.563358
296,"Kiribati",1980,31,4.468811
296,"Kiribati",1980,32,4.340607
296,"Kiribati",1980,33,4.196479
296,"Kiribati",1980,34,4.030489
296,"Kiribati",1980,35,3.810703
296,"Kiribati",1980,36,3.509814
296,"Kiribati",1980,37,3.173405
296,"Kiribati",1980,38,2.808699
296,"Kiribati",1980,39,2.414546
296,"Kiribati",1980,40,1.978687
296,"Kiribati",1980,41,1.576528
296,"Kiribati",1980,42,1.19868
296,"Kiribati",1980,43,0.874752
296,"Kiribati",1980,44,0.612079
296,"Kiribati",1980,45,0.418671
296,"Kiribati",1980,46,0.27877
296,"Kiribati",1980,47,0.182907
296,"Kiribati",1980,48,0.121761
296,"Kiribati",1980,49,0.0717
296,"Kiribati",1980,50,0.029722
296,"Kiribati",1980,51,0.007458
296,"Kiribati",1980,52,0.003664
296,"Kiribati",1980,53,0.003521
296,"Kiribati",1980,54,0.001589
296,"Kiribati",1981,10,0.000365
296,"Kiribati",1981,11,0.004742
296,"Kiribati",1981,12,0.021203
296,"Kiribati",1981,13,0.077242
296,"Kiribati",1981,14,0.19666
296,"Kiribati",1981,15,0.418369
296,"Kiribati",1981,16,0.815449
296,"Kiribati",1981,17,1.432866
296,"Kiribati",1981,18,2.245953
296,"Kiribati",1981,19,3.08471
296,"Kiribati",1981,20,3.877412
296,"Kiribati",1981,21,4.454435
296,"Kiribati",1981,22,4.794916
296,"Kiribati",1981,23,4.956254
296,"Kiribati",1981,24,4.968342
296,"Kiribati",1981,25,4.90308
296,"Kiribati",1981,26,4.797908
296,"Kiribati",1981,27,4.721217
296,"Kiribati",1981,28,4.680574
296,"Kiribati",1981,29,4.638608
296,"Kiribati",1981,30,4.580582
296,"Kiribati",1981,31,4.489889
296,"Kiribati",1981,32,4.364385
296,"Kiribati",1981,33,4.222175
296,"Kiribati",1981,34,4.057266
296,"Kiribati",1981,35,3.837202
296,"Kiribati",1981,36,3.534562
296,"Kiribati",1981,37,3.196001
296,"Kiribati",1981,38,2.828861
296,"Kiribati",1981,39,2.431544
296,"Kiribati",1981,40,1.991899
296,"Kiribati",1981,41,1.58587
296,"Kiribati",1981,42,1.204321
296,"Kiribati",1981,43,0.877024
296,"Kiribati",1981,44,0.611442
296,"Kiribati",1981,45,0.415013
296,"Kiribati",1981,46,0.274257
296,"Kiribati",1981,47,0.178113
296,"Kiribati",1981,48,0.117264
296,"Kiribati",1981,49,0.068285
296,"Kiribati",1981,50,0.028045
296,"Kiribati",1981,51,0.006901
296,"Kiribati",1981,52,0.003598
296,"Kiribati",1981,53,0.003598
296,"Kiribati",1981,54,0.001599
296,"Kiribati",1982,10,0.000355
296,"Kiribati",1982,11,0.004619
296,"Kiribati",1982,12,0.020841
296,"Kiribati",1982,13,0.076618
296,"Kiribati",1982,14,0.195832
296,"Kiribati",1982,15,0.418038
296,"Kiribati",1982,16,0.815045
296,"Kiribati",1982,17,1.428495
296,"Kiribati",1982,18,2.233383
296,"Kiribati",1982,19,3.061745
296,"Kiribati",1982,20,3.843515
296,"Kiribati",1982,21,4.41507
296,"Kiribati",1982,22,4.756147
296,"Kiribati",1982,23,4.921406
296,"Kiribati",1982,24,4.939861
296,"Kiribati",1982,25,4.882332
296,"Kiribati",1982,26,4.785697
296,"Kiribati",1982,27,4.717531
296,"Kiribati",1982,28,4.685
296,"Kiribati",1982,29,4.649841
296,"Kiribati",1982,30,4.597048
296,"Kiribati",1982,31,4.510277
296,"Kiribati",1982,32,4.387449
296,"Kiribati",1982,33,4.247258
296,"Kiribati",1982,34,4.083653
296,"Kiribati",1982,35,3.863572
296,"Kiribati",1982,36,3.559155
296,"Kiribati",1982,37,3.218319
296,"Kiribati",1982,38,2.848558
296,"Kiribati",1982,39,2.447911
296,"Kiribati",1982,40,2.004067
296,"Kiribati",1982,41,1.594396
296,"Kiribati",1982,42,1.209632
296,"Kiribati",1982,43,0.879638
296,"Kiribati",1982,44,0.611928
296,"Kiribati",1982,45,0.413707
296,"Kiribati",1982,46,0.272298
296,"Kiribati",1982,47,0.175809
296,"Kiribati",1982,48,0.114917
296,"Kiribati",1982,49,0.066484
296,"Kiribati",1982,50,0.027277
296,"Kiribati",1982,51,0.006715
296,"Kiribati",1982,52,0.003502
296,"Kiribati",1982,53,0.003502
296,"Kiribati",1982,54,0.001556
296,"Kiribati",1983,10,0.000383
296,"Kiribati",1983,11,0.004978
296,"Kiribati",1983,12,0.021654
296,"Kiribati",1983,13,0.076606
296,"Kiribati",1983,14,0.193312
296,"Kiribati",1983,15,0.408505
296,"Kiribati",1983,16,0.797069
296,"Kiribati",1983,17,1.401724
296,"Kiribati",1983,18,2.19876
296,"Kiribati",1983,19,3.023731
296,"Kiribati",1983,20,3.807059
296,"Kiribati",1983,21,4.382842
296,"Kiribati",1983,22,4.730071
296,"Kiribati",1983,23,4.901659
296,"Kiribati",1983,24,4.926301
296,"Kiribati",1983,25,4.8751
296,"Kiribati",1983,26,4.785101
296,"Kiribati",1983,27,4.723846
296,"Kiribati",1983,28,4.698293
296,"Kiribati",1983,29,4.669258
296,"Kiribati",1983,30,4.62126
296,"Kiribati",1983,31,4.537175
296,"Kiribati",1983,32,4.414988
296,"Kiribati",1983,33,4.27484
296,"Kiribati",1983,34,4.110737
296,"Kiribati",1983,35,3.888856
296,"Kiribati",1983,36,3.580461
296,"Kiribati",1983,37,3.235302
296,"Kiribati",1983,38,2.861173
296,"Kiribati",1983,39,2.456081
296,"Kiribati",1983,40,2.006975
296,"Kiribati",1983,41,1.594502
296,"Kiribati",1983,42,1.208357
296,"Kiribati",1983,43,0.878147
296,"Kiribati",1983,44,0.611144
296,"Kiribati",1983,45,0.414877
296,"Kiribati",1983,46,0.273834
296,"Kiribati",1983,47,0.177539
296,"Kiribati",1983,48,0.11659
296,"Kiribati",1983,49,0.067723
296,"Kiribati",1983,50,0.027739
296,"Kiribati",1983,51,0.006805
296,"Kiribati",1983,52,0.003535
296,"Kiribati",1983,53,0.003535
296,"Kiribati",1983,54,0.001571
296,"Kiribati",1984,10,0.000405
296,"Kiribati",1984,11,0.00526
296,"Kiribati",1984,12,0.022268
296,"Kiribati",1984,13,0.076421
296,"Kiribati",1984,14,0.19087
296,"Kiribati",1984,15,0.399672
296,"Kiribati",1984,16,0.78056
296,"Kiribati",1984,17,1.37635
296,"Kiribati",1984,18,2.164446
296,"Kiribati",1984,19,2.984136
296,"Kiribati",1984,20,3.766648
296,"Kiribati",1984,21,4.345085
296,"Kiribati",1984,22,4.697804
296,"Kiribati",1984,23,4.875281
296,"Kiribati",1984,24,4.905734
296,"Kiribati",1984,25,4.86057
296,"Kiribati",1984,26,4.777043
296,"Kiribati",1984,27,4.722844
296,"Kiribati",1984,28,4.704756
296,"Kiribati",1984,29,4.682643
296,"Kiribati",1984,30,4.640615
296,"Kiribati",1984,31,4.560982
296,"Kiribati",1984,32,4.441724
296,"Kiribati",1984,33,4.303799
296,"Kiribati",1984,34,4.141154
296,"Kiribati",1984,35,3.91919
296,"Kiribati",1984,36,3.608561
296,"Kiribati",1984,37,3.260488
296,"Kiribati",1984,38,2.882999
296,"Kiribati",1984,39,2.473982
296,"Kiribati",1984,40,2.020032
296,"Kiribati",1984,41,1.603788
296,"Kiribati",1984,42,1.214511
296,"Kiribati",1984,43,0.881903
296,"Kiribati",1984,44,0.613215
296,"Kiribati",1984,45,0.415972
296,"Kiribati",1984,46,0.27416
296,"Kiribati",1984,47,0.177415
296,"Kiribati",1984,48,0.11628
296,"Kiribati",1984,49,0.067431
296,"Kiribati",1984,50,0.027604
296,"Kiribati",1984,51,0.00678
296,"Kiribati",1984,52,0.003526
296,"Kiribati",1984,53,0.003526
296,"Kiribati",1984,54,0.001567
296,"Kiribati",1985,10,0.000382
296,"Kiribati",1985,11,0.004965
296,"Kiribati",1985,12,0.02127
296,"Kiribati",1985,13,0.073985
296,"Kiribati",1985,14,0.186078
296,"Kiribati",1985,15,0.393086
296,"Kiribati",1985,16,0.770156
296,"Kiribati",1985,17,1.360717
296,"Kiribati",1985,18,2.142358
296,"Kiribati",1985,19,2.955542
296,"Kiribati",1985,20,3.73222
296,"Kiribati",1985,21,4.307815
296,"Kiribati",1985,22,4.660829
296,"Kiribati",1985,23,4.840321
296,"Kiribati",1985,24,4.87427
296,"Kiribati",1985,25,4.83445
296,"Kiribati",1985,26,4.75814
296,"Kiribati",1985,27,4.712742
296,"Kiribati",1985,28,4.704602
296,"Kiribati",1985,29,4.691932
296,"Kiribati",1985,30,4.65817
296,"Kiribati",1985,31,4.58493
296,"Kiribati",1985,32,4.470113
296,"Kiribati",1985,33,4.335618
296,"Kiribati",1985,34,4.175305
296,"Kiribati",1985,35,3.953753
296,"Kiribati",1985,36,3.64061
296,"Kiribati",1985,37,3.289092
296,"Kiribati",1985,38,2.907523
296,"Kiribati",1985,39,2.493601
296,"Kiribati",1985,40,2.033239
296,"Kiribati",1985,41,1.612559
296,"Kiribati",1985,42,1.219948
296,"Kiribati",1985,43,0.885097
296,"Kiribati",1985,44,0.615156
296,"Kiribati",1985,45,0.417958
296,"Kiribati",1985,46,0.275545
296,"Kiribati",1985,47,0.17837
296,"Kiribati",1985,48,0.116894
296,"Kiribati",1985,49,0.067758
296,"Kiribati",1985,50,0.027659
296,"Kiribati",1985,51,0.006744
296,"Kiribati",1985,52,0.003476
296,"Kiribati",1985,53,0.003476
296,"Kiribati",1985,54,0.001545
296,"Kiribati",1986,10,0.000371
296,"Kiribati",1986,11,0.004829
296,"Kiribati",1986,12,0.020779
296,"Kiribati",1986,13,0.072639
296,"Kiribati",1986,14,0.183197
296,"Kiribati",1986,15,0.389319
296,"Kiribati",1986,16,0.76378
296,"Kiribati",1986,17,1.350118
296,"Kiribati",1986,18,2.125993
296,"Kiribati",1986,19,2.932899
296,"Kiribati",1986,20,3.70348
296,"Kiribati",1986,21,4.275513
296,"Kiribati",1986,22,4.627824
296,"Kiribati",1986,23,4.808824
296,"Kiribati",1986,24,4.846384
296,"Kiribati",1986,25,4.812439
296,"Kiribati",1986,26,4.744104
296,"Kiribati",1986,27,4.707945
296,"Kiribati",1986,28,4.709745
296,"Kiribati",1986,29,4.706095
296,"Kiribati",1986,30,4.679684
296,"Kiribati",1986,31,4.611186
296,"Kiribati",1986,32,4.498488
296,"Kiribati",1986,33,4.365085
296,"Kiribati",1986,34,4.20491
296,"Kiribati",1986,35,3.981876
296,"Kiribati",1986,36,3.664422
296,"Kiribati",1986,37,3.308071
296,"Kiribati",1986,38,2.9215
296,"Kiribati",1986,39,2.502321
296,"Kiribati",1986,40,2.035369
296,"Kiribati",1986,41,1.611488
296,"Kiribati",1986,42,1.217563
296,"Kiribati",1986,43,0.882924
296,"Kiribati",1986,44,0.614386
296,"Kiribati",1986,45,0.420407
296,"Kiribati",1986,46,0.278667
296,"Kiribati",1986,47,0.181731
296,"Kiribati",1986,48,0.119951
296,"Kiribati",1986,49,0.06992
296,"Kiribati",1986,50,0.028429
296,"Kiribati",1986,51,0.006848
296,"Kiribati",1986,52,0.003476
296,"Kiribati",1986,53,0.003476
296,"Kiribati",1986,54,0.001545
296,"Kiribati",1987,10,0.000333
296,"Kiribati",1987,11,0.004335
296,"Kiribati",1987,12,0.019223
296,"Kiribati",1987,13,0.069416
296,"Kiribati",1987,14,0.177543
296,"Kiribati",1987,15,0.38396
296,"Kiribati",1987,16,0.756381
296,"Kiribati",1987,17,1.339753
296,"Kiribati",1987,18,2.111549
296,"Kiribati",1987,19,2.912933
296,"Kiribati",1987,20,3.676994
296,"Kiribati",1987,21,4.244645
296,"Kiribati",1987,22,4.595232
296,"Kiribati",1987,23,4.777031
296,"Kiribati",1987,24,4.817902
296,"Kiribati",1987,25,4.789879
296,"Kiribati",1987,26,4.729844
296,"Kiribati",1987,27,4.703334
296,"Kiribati",1987,28,4.715494
296,"Kiribati",1987,29,4.72114
296,"Kiribati",1987,30,4.702234
296,"Kiribati",1987,31,4.638513
296,"Kiribati",1987,32,4.527882
296,"Kiribati",1987,33,4.395333
296,"Kiribati",1987,34,4.234904
296,"Kiribati",1987,35,4.009997
296,"Kiribati",1987,36,3.688114
296,"Kiribati",1987,37,3.326925
296,"Kiribati",1987,38,2.935443
296,"Kiribati",1987,39,2.511154
296,"Kiribati",1987,40,2.037979
296,"Kiribati",1987,41,1.610877
296,"Kiribati",1987,42,1.215459
296,"Kiribati",1987,43,0.88074
296,"Kiribati",1987,44,0.613243
296,"Kiribati",1987,45,0.421909
296,"Kiribati",1987,46,0.280713
296,"Kiribati",1987,47,0.184007
296,"Kiribati",1987,48,0.122051
296,"Kiribati",1987,49,0.071406
296,"Kiribati",1987,50,0.028917
296,"Kiribati",1987,51,0.006879
296,"Kiribati",1987,52,0.003436
296,"Kiribati",1987,53,0.003436
296,"Kiribati",1987,54,0.001527
296,"Kiribati",1988,10,0.000278
296,"Kiribati",1988,11,0.003617
296,"Kiribati",1988,12,0.017027
296,"Kiribati",1988,13,0.065231
296,"Kiribati",1988,14,0.1707
296,"Kiribati",1988,15,0.37961
296,"Kiribati",1988,16,0.751799
296,"Kiribati",1988,17,1.33487
296,"Kiribati",1988,18,2.105703
296,"Kiribati",1988,19,2.903243
296,"Kiribati",1988,20,3.660553
296,"Kiribati",1988,21,4.222012
296,"Kiribati",1988,22,4.567915
296,"Kiribati",1988,23,4.748386
296,"Kiribati",1988,24,4.791718
296,"Kiribati",1988,25,4.769985
296,"Kiribati",1988,26,4.719632
296,"Kiribati",1988,27,4.704097
296,"Kiribati",1988,28,4.72759
296,"Kiribati",1988,29,4.742908
296,"Kiribati",1988,30,4.731246
296,"Kiribati",1988,31,4.670771
296,"Kiribati",1988,32,4.559539
296,"Kiribati",1988,33,4.424547
296,"Kiribati",1988,34,4.260255
296,"Kiribati",1988,35,4.030233
296,"Kiribati",1988,36,3.701608
296,"Kiribati",1988,37,3.33403
296,"Kiribati",1988,38,2.936883
296,"Kiribati",1988,39,2.50767
296,"Kiribati",1988,40,2.029381
296,"Kiribati",1988,41,1.600703
296,"Kiribati",1988,42,1.205855
296,"Kiribati",1988,43,0.873317
296,"Kiribati",1988,44,0.609152
296,"Kiribati",1988,45,0.422761
296,"Kiribati",1988,46,0.283237
296,"Kiribati",1988,47,0.187417
296,"Kiribati",1988,48,0.125477
296,"Kiribati",1988,49,0.073945
296,"Kiribati",1988,50,0.029804
296,"Kiribati",1988,51,0.006973
296,"Kiribati",1988,52,0.003406
296,"Kiribati",1988,53,0.003406
296,"Kiribati",1988,54,0.001514
296,"Kiribati",1989,10,0.000262
296,"Kiribati",1989,11,0.003406
296,"Kiribati",1989,12,0.015959
296,"Kiribati",1989,13,0.060876
296,"Kiribati",1989,14,0.160025
296,"Kiribati",1989,15,0.358486
296,"Kiribati",1989,16,0.717162
296,"Kiribati",1989,17,1.289972
296,"Kiribati",1989,18,2.055601
296,"Kiribati",1989,19,2.854681
296,"Kiribati",1989,20,3.619578
296,"Kiribati",1989,21,4.188708
296,"Kiribati",1989,22,4.541046
296,"Kiribati",1989,23,4.725934
296,"Kiribati",1989,24,4.771994
296,"Kiribati",1989,25,4.753402
296,"Kiribati",1989,26,4.707675
296,"Kiribati",1989,27,4.699318
296,"Kiribati",1989,28,4.732343
296,"Kiribati",1989,29,4.75747
296,"Kiribati",1989,30,4.755146
296,"Kiribati",1989,31,4.701894
296,"Kiribati",1989,32,4.595681
296,"Kiribati",1989,33,4.464306
296,"Kiribati",1989,34,4.302141
296,"Kiribati",1989,35,4.071858
296,"Kiribati",1989,36,3.740099
296,"Kiribati",1989,37,3.368404
296,"Kiribati",1989,38,2.966497
296,"Kiribati",1989,39,2.531771
296,"Kiribati",1989,40,2.046932
296,"Kiribati",1989,41,1.612864
296,"Kiribati",1989,42,1.213416
296,"Kiribati",1989,43,0.87721
296,"Kiribati",1989,44,0.610307
296,"Kiribati",1989,45,0.421984
296,"Kiribati",1989,46,0.28123
296,"Kiribati",1989,47,0.184905
296,"Kiribati",1989,48,0.123133
296,"Kiribati",1989,49,0.072264
296,"Kiribati",1989,50,0.029097
296,"Kiribati",1989,51,0.006814
296,"Kiribati",1989,52,0.003333
296,"Kiribati",1989,53,0.003333
296,"Kiribati",1989,54,0.001481
296,"Kiribati",1990,10,0.000234
296,"Kiribati",1990,11,0.003039
296,"Kiribati",1990,12,0.014469
296,"Kiribati",1990,13,0.056004
296,"Kiribati",1990,14,0.148922
296,"Kiribati",1990,15,0.339103
296,"Kiribati",1990,16,0.686156
296,"Kiribati",1990,17,1.251184
296,"Kiribati",1990,18,2.014304
296,"Kiribati",1990,19,2.816224
296,"Kiribati",1990,20,3.58823
296,"Kiribati",1990,21,4.163085
296,"Kiribati",1990,22,4.518876
296,"Kiribati",1990,23,4.706071
296,"Kiribati",1990,24,4.754048
296,"Kiribati",1990,25,4.73902
296,"Kiribati",1990,26,4.699356
296,"Kiribati",1990,27,4.699535
296,"Kiribati",1990,28,4.743082
296,"Kiribati",1990,29,4.77843
296,"Kiribati",1990,30,4.785217
296,"Kiribati",1990,31,4.737675
296,"Kiribati",1990,32,4.6338
296,"Kiribati",1990,33,4.502781
296,"Kiribati",1990,34,4.339216
296,"Kiribati",1990,35,4.10552
296,"Kiribati",1990,36,3.768286
296,"Kiribati",1990,37,3.390861
296,"Kiribati",1990,38,2.983354
296,"Kiribati",1990,39,2.543221
296,"Kiribati",1990,40,2.052757
296,"Kiribati",1990,41,1.615016
296,"Kiribati",1990,42,1.213209
296,"Kiribati",1990,43,0.87585
296,"Kiribati",1990,44,0.608807
296,"Kiribati",1990,45,0.421314
296,"Kiribati",1990,46,0.280541
296,"Kiribati",1990,47,0.18437
296,"Kiribati",1990,48,0.122866
296,"Kiribati",1990,49,0.072168
296,"Kiribati",1990,50,0.029001
296,"Kiribati",1990,51,0.006763
296,"Kiribati",1990,52,0.003288
296,"Kiribati",1990,53,0.003288
296,"Kiribati",1990,54,0.001461
296,"Kiribati",1991,10,0.000263
296,"Kiribati",1991,11,0.003419
296,"Kiribati",1991,12,0.014617
296,"Kiribati",1991,13,0.050724
296,"Kiribati",1991,14,0.131761
296,"Kiribati",1991,15,0.296078
296,"Kiribati",1991,16,0.613273
296,"Kiribati",1991,17,1.160826
296,"Kiribati",1991,18,1.923567
296,"Kiribati",1991,19,2.744091
296,"Kiribati",1991,20,3.54992
296,"Kiribati",1991,21,4.150353
296,"Kiribati",1991,22,4.519534
296,"Kiribati",1991,23,4.710095
296,"Kiribati",1991,24,4.753559
296,"Kiribati",1991,25,4.733001
296,"Kiribati",1991,26,4.690316
296,"Kiribati",1991,27,4.694248
296,"Kiribati",1991,28,4.748442
296,"Kiribati",1991,29,4.797185
296,"Kiribati",1991,30,4.818361
296,"Kiribati",1991,31,4.781764
296,"Kiribati",1991,32,4.685013
296,"Kiribati",1991,33,4.559173
296,"Kiribati",1991,34,4.398634
296,"Kiribati",1991,35,4.163903
296,"Kiribati",1991,36,3.819804
296,"Kiribati",1991,37,3.433758
296,"Kiribati",1991,38,3.016615
296,"Kiribati",1991,39,2.56594
296,"Kiribati",1991,40,2.062735
296,"Kiribati",1991,41,1.617142
296,"Kiribati",1991,42,1.210376
296,"Kiribati",1991,43,0.870434
296,"Kiribati",1991,44,0.602795
296,"Kiribati",1991,45,0.416967
296,"Kiribati",1991,46,0.276363
296,"Kiribati",1991,47,0.180869
296,"Kiribati",1991,48,0.120406
296,"Kiribati",1991,49,0.070733
296,"Kiribati",1991,50,0.028356
296,"Kiribati",1991,51,0.006643
296,"Kiribati",1991,52,0.00325
296,"Kiribati",1991,53,0.00325
296,"Kiribati",1991,54,0.001444
296,"Kiribati",1992,10,0.000312
296,"Kiribati",1992,11,0.004062
296,"Kiribati",1992,12,0.015167
296,"Kiribati",1992,13,0.043993
296,"Kiribati",1992,14,0.108801
296,"Kiribati",1992,15,0.239584
296,"Kiribati",1992,16,0.517231
296,"Kiribati",1992,17,1.044419
296,"Kiribati",1992,18,1.81239
296,"Kiribati",1992,19,2.664366
296,"Kiribati",1992,20,3.521644
296,"Kiribati",1992,21,4.157987
296,"Kiribati",1992,22,4.542432
296,"Kiribati",1992,23,4.734906
296,"Kiribati",1992,24,4.770857
296,"Kiribati",1992,25,4.742697
296,"Kiribati",1992,26,4.696834
296,"Kiribati",1992,27,4.705468
296,"Kiribati",1992,28,4.772048
296,"Kiribati",1992,29,4.835892
296,"Kiribati",1992,30,4.872851
296,"Kiribati",1992,31,4.845146
296,"Kiribati",1992,32,4.750226
296,"Kiribati",1992,33,4.622384
296,"Kiribati",1992,34,4.456557
296,"Kiribati",1992,35,4.212814
296,"Kiribati",1992,36,3.855754
296,"Kiribati",1992,37,3.456524
296,"Kiribati",1992,38,3.026918
296,"Kiribati",1992,39,2.565338
296,"Kiribati",1992,40,2.051492
296,"Kiribati",1992,41,1.60132
296,"Kiribati",1992,42,1.193764
296,"Kiribati",1992,43,0.855962
296,"Kiribati",1992,44,0.592626
296,"Kiribati",1992,45,0.413434
296,"Kiribati",1992,46,0.275013
296,"Kiribati",1992,47,0.181416
296,"Kiribati",1992,48,0.122398
296,"Kiribati",1992,49,0.072816
296,"Kiribati",1992,50,0.029128
296,"Kiribati",1992,51,0.006835
296,"Kiribati",1992,52,0.003352
296,"Kiribati",1992,53,0.003352
296,"Kiribati",1992,54,0.00149
296,"Kiribati",1993,10,0.000369
296,"Kiribati",1993,11,0.004798
296,"Kiribati",1993,12,0.015939
296,"Kiribati",1993,13,0.037341
296,"Kiribati",1993,14,0.085848
296,"Kiribati",1993,15,0.184665
296,"Kiribati",1993,16,0.424208
296,"Kiribati",1993,17,0.930822
296,"Kiribati",1993,18,1.701858
296,"Kiribati",1993,19,2.581793
296,"Kiribati",1993,20,3.486554
296,"Kiribati",1993,21,4.157054
296,"Kiribati",1993,22,4.557419
296,"Kiribati",1993,23,4.752872
296,"Kiribati",1993,24,4.78221
296,"Kiribati",1993,25,4.746675
296,"Kiribati",1993,26,4.697099
296,"Kiribati",1993,27,4.70987
296,"Kiribati",1993,28,4.788426
296,"Kiribati",1993,29,4.86724
296,"Kiribati",1993,30,4.92022
296,"Kiribati",1993,31,4.90296
296,"Kiribati",1993,32,4.812645
296,"Kiribati",1993,33,4.686129
296,"Kiribati",1993,34,4.518593
296,"Kiribati",1993,35,4.26906
296,"Kiribati",1993,36,3.90152
296,"Kiribati",1993,37,3.490903
296,"Kiribati",1993,38,3.049871
296,"Kiribati",1993,39,2.577367
296,"Kiribati",1993,40,2.052
296,"Kiribati",1993,41,1.595399
296,"Kiribati",1993,42,1.184599
296,"Kiribati",1993,43,0.84612
296,"Kiribati",1993,44,0.584143
296,"Kiribati",1993,45,0.408365
296,"Kiribati",1993,46,0.270953
296,"Kiribati",1993,47,0.178593
296,"Kiribati",1993,48,0.120936
296,"Kiribati",1993,49,0.072418
296,"Kiribati",1993,50,0.029236
296,"Kiribati",1993,51,0.00711
296,"Kiribati",1993,52,0.003279
296,"Kiribati",1993,53,0.00311
296,"Kiribati",1993,54,0.00141
296,"Kiribati",1994,10,0.000363
296,"Kiribati",1994,11,0.004714
296,"Kiribati",1994,12,0.014882
296,"Kiribati",1994,13,0.030939
296,"Kiribati",1994,14,0.069106
296,"Kiribati",1994,15,0.152469
296,"Kiribati",1994,16,0.371897
296,"Kiribati",1994,17,0.869966
296,"Kiribati",1994,18,1.647391
296,"Kiribati",1994,19,2.548137
296,"Kiribati",1994,20,3.484686
296,"Kiribati",1994,21,4.180369
296,"Kiribati",1994,22,4.596586
296,"Kiribati",1994,23,4.802157
296,"Kiribati",1994,24,4.836996
296,"Kiribati",1994,25,4.803409
296,"Kiribati",1994,26,4.753113
296,"Kiribati",1994,27,4.762397
296,"Kiribati",1994,28,4.835023
296,"Kiribati",1994,29,4.906722
296,"Kiribati",1994,30,4.952146
296,"Kiribati",1994,31,4.925086
296,"Kiribati",1994,32,4.823353
296,"Kiribati",1994,33,4.684559
296,"Kiribati",1994,34,4.50478
296,"Kiribati",1994,35,4.244869
296,"Kiribati",1994,36,3.872102
296,"Kiribati",1994,37,3.458945
296,"Kiribati",1994,38,3.017981
296,"Kiribati",1994,39,2.548865
296,"Kiribati",1994,40,2.031615
296,"Kiribati",1994,41,1.58048
296,"Kiribati",1994,42,1.174233
296,"Kiribati",1994,43,0.839411
296,"Kiribati",1994,44,0.580156
296,"Kiribati",1994,45,0.405329
296,"Kiribati",1994,46,0.268781
296,"Kiribati",1994,47,0.17727
296,"Kiribati",1994,48,0.120613
296,"Kiribati",1994,49,0.072915
296,"Kiribati",1994,50,0.030203
296,"Kiribati",1994,51,0.007822
296,"Kiribati",1994,52,0.003197
296,"Kiribati",1994,53,0.002689
296,"Kiribati",1994,54,0.00128
296,"Kiribati",1995,10,0.000269
296,"Kiribati",1995,11,0.003501
296,"Kiribati",1995,12,0.011514
296,"Kiribati",1995,13,0.026387
296,"Kiribati",1995,14,0.065166
296,"Kiribati",1995,15,0.15638
296,"Kiribati",1995,16,0.3844
296,"Kiribati",1995,17,0.884734
296,"Kiribati",1995,18,1.656061
296,"Kiribati",1995,19,2.542654
296,"Kiribati",1995,20,3.460473
296,"Kiribati",1995,21,4.154226
296,"Kiribati",1995,22,4.585372
296,"Kiribati",1995,23,4.80657
296,"Kiribati",1995,24,4.852592
296,"Kiribati",1995,25,4.820257
296,"Kiribati",1995,26,4.759796
296,"Kiribati",1995,27,4.757214
296,"Kiribati",1995,28,4.818366
296,"Kiribati",1995,29,4.879472
296,"Kiribati",1995,30,4.913931
296,"Kiribati",1995,31,4.886952
296,"Kiribati",1995,32,4.795351
296,"Kiribati",1995,33,4.678272
296,"Kiribati",1995,34,4.528191
296,"Kiribati",1995,35,4.294724
296,"Kiribati",1995,36,3.929646
296,"Kiribati",1995,37,3.517009
296,"Kiribati",1995,38,3.069828
296,"Kiribati",1995,39,2.584491
296,"Kiribati",1995,40,2.034197
296,"Kiribati",1995,41,1.567552
296,"Kiribati",1995,42,1.153828
296,"Kiribati",1995,43,0.816237
296,"Kiribati",1995,44,0.557907
296,"Kiribati",1995,45,0.392391
296,"Kiribati",1995,46,0.258966
296,"Kiribati",1995,47,0.170181
296,"Kiribati",1995,48,0.115249
296,"Kiribati",1995,49,0.068896
296,"Kiribati",1995,50,0.027081
296,"Kiribati",1995,51,0.006287
296,"Kiribati",1995,52,0.003038
296,"Kiribati",1995,53,0.003038
296,"Kiribati",1995,54,0.00135
296,"Kiribati",1996,10,0.00011
296,"Kiribati",1996,11,0.001427
296,"Kiribati",1996,12,0.006457
296,"Kiribati",1996,13,0.023811
296,"Kiribati",1996,14,0.071834
296,"Kiribati",1996,15,0.194117
296,"Kiribati",1996,16,0.457349
296,"Kiribati",1996,17,0.974837
296,"Kiribati",1996,18,1.738192
296,"Kiribati",1996,19,2.587986
296,"Kiribati",1996,20,3.447252
296,"Kiribati",1996,21,4.107887
296,"Kiribati",1996,22,4.535624
296,"Kiribati",1996,23,4.764273
296,"Kiribati",1996,24,4.82187
296,"Kiribati",1996,25,4.795851
296,"Kiribati",1996,26,4.732619
296,"Kiribati",1996,27,4.726054
296,"Kiribati",1996,28,4.783269
296,"Kiribati",1996,29,4.839568
296,"Kiribati",1996,30,4.86651
296,"Kiribati",1996,31,4.843271
296,"Kiribati",1996,32,4.765575
296,"Kiribati",1996,33,4.67483
296,"Kiribati",1996,34,4.559446
296,"Kiribati",1996,35,4.356326
296,"Kiribati",1996,36,3.998728
296,"Kiribati",1996,37,3.585258
296,"Kiribati",1996,38,3.129482
296,"Kiribati",1996,39,2.623353
296,"Kiribati",1996,40,2.031491
296,"Kiribati",1996,41,1.54571
296,"Kiribati",1996,42,1.123068
296,"Kiribati",1996,43,0.782553
296,"Kiribati",1996,44,0.526047
296,"Kiribati",1996,45,0.372511
296,"Kiribati",1996,46,0.244221
296,"Kiribati",1996,47,0.159121
296,"Kiribati",1996,48,0.105862
296,"Kiribati",1996,49,0.062065
296,"Kiribati",1996,50,0.023531
296,"Kiribati",1996,51,0.005226
296,"Kiribati",1996,52,0.00257
296,"Kiribati",1996,53,0.002185
296,"Kiribati",1996,54,0.000672
296,"Kiribati",1997,10,0.000106
296,"Kiribati",1997,11,0.001378
296,"Kiribati",1997,12,0.00648
296,"Kiribati",1997,13,0.024811
296,"Kiribati",1997,14,0.07508
296,"Kiribati",1997,15,0.198932
296,"Kiribati",1997,16,0.466201
296,"Kiribati",1997,17,0.991105
296,"Kiribati",1997,18,1.765283
296,"Kiribati",1997,19,2.627517
296,"Kiribati",1997,20,3.499361
296,"Kiribati",1997,21,4.167273
296,"Kiribati",1997,22,4.596458
296,"Kiribati",1997,23,4.823245
296,"Kiribati",1997,24,4.876062
296,"Kiribati",1997,25,4.841425
296,"Kiribati",1997,26,4.76573
296,"Kiribati",1997,27,4.742177
296,"Kiribati",1997,28,4.7788
296,"Kiribati",1997,29,4.815485
296,"Kiribati",1997,30,4.826295
296,"Kiribati",1997,31,4.791576
296,"Kiribati",1997,32,4.707397
296,"Kiribati",1997,33,4.610362
296,"Kiribati",1997,34,4.489402
296,"Kiribati",1997,35,4.28536
296,"Kiribati",1997,36,3.938469
296,"Kiribati",1997,37,3.538436
296,"Kiribati",1997,38,3.097723
296,"Kiribati",1997,39,2.609026
296,"Kiribati",1997,40,2.041938
296,"Kiribati",1997,41,1.565985
296,"Kiribati",1997,42,1.145706
296,"Kiribati",1997,43,0.802224
296,"Kiribati",1997,44,0.538743
296,"Kiribati",1997,45,0.371802
296,"Kiribati",1997,46,0.238907
296,"Kiribati",1997,47,0.15126
296,"Kiribati",1997,48,0.097957
296,"Kiribati",1997,49,0.056252
296,"Kiribati",1997,50,0.021668
296,"Kiribati",1997,51,0.004998
296,"Kiribati",1997,52,0.002531
296,"Kiribati",1997,53,0.002271
296,"Kiribati",1997,54,0.000808
296,"Kiribati",1998,10,0.000112
296,"Kiribati",1998,11,0.001458
296,"Kiribati",1998,12,0.006888
296,"Kiribati",1998,13,0.026478
296,"Kiribati",1998,14,0.079262
296,"Kiribati",1998,15,0.204369
296,"Kiribati",1998,16,0.475404
296,"Kiribati",1998,17,1.00732
296,"Kiribati",1998,18,1.79189
296,"Kiribati",1998,19,2.666498
296,"Kiribati",1998,20,3.551239
296,"Kiribati",1998,21,4.226569
296,"Kiribati",1998,22,4.657101
296,"Kiribati",1998,23,4.881771
296,"Kiribati",1998,24,4.929465
296,"Kiribati",1998,25,4.885947
296,"Kiribati",1998,26,4.797662
296,"Kiribati",1998,27,4.757131
296,"Kiribati",1998,28,4.773308
296,"Kiribati",1998,29,4.790649
296,"Kiribati",1998,30,4.785662
296,"Kiribati",1998,31,4.73969
296,"Kiribati",1998,32,4.649123
296,"Kiribati",1998,33,4.545884
296,"Kiribati",1998,34,4.419434
296,"Kiribati",1998,35,4.214563
296,"Kiribati",1998,36,3.878264
296,"Kiribati",1998,37,3.49149
296,"Kiribati",1998,38,3.065634
296,"Kiribati",1998,39,2.594202
296,"Kiribati",1998,40,2.051529
296,"Kiribati",1998,41,1.585624
296,"Kiribati",1998,42,1.168052
296,"Kiribati",1998,43,0.822045
296,"Kiribati",1998,44,0.552083
296,"Kiribati",1998,45,0.372146
296,"Kiribati",1998,46,0.235044
296,"Kiribati",1998,47,0.145009
296,"Kiribati",1998,48,0.091554
296,"Kiribati",1998,49,0.051527
296,"Kiribati",1998,50,0.020189
296,"Kiribati",1998,51,0.004849
296,"Kiribati",1998,52,0.002516
296,"Kiribati",1998,53,0.002396
296,"Kiribati",1998,54,0.000971
296,"Kiribati",1999,10,0.000125
296,"Kiribati",1999,11,0.001619
296,"Kiribati",1999,12,0.007571
296,"Kiribati",1999,13,0.02883
296,"Kiribati",1999,14,0.084583
296,"Kiribati",1999,15,0.212574
296,"Kiribati",1999,16,0.489133
296,"Kiribati",1999,17,1.032163
296,"Kiribati",1999,18,1.833283
296,"Kiribati",1999,19,2.725518
296,"Kiribati",1999,20,3.62613
296,"Kiribati",1999,21,4.306173
296,"Kiribati",1999,22,4.730298
296,"Kiribati",1999,23,4.945938
296,"Kiribati",1999,24,4.984097
296,"Kiribati",1999,25,4.931052
296,"Kiribati",1999,26,4.8334
296,"Kiribati",1999,27,4.780286
296,"Kiribati",1999,28,4.780731
296,"Kiribati",1999,29,4.782544
296,"Kiribati",1999,30,4.764314
296,"Kiribati",1999,31,4.705345
296,"Kiribati",1999,32,4.602625
296,"Kiribati",1999,33,4.484931
296,"Kiribati",1999,34,4.343194
296,"Kiribati",1999,35,4.128211
296,"Kiribati",1999,36,3.795453
296,"Kiribati",1999,37,3.416831
296,"Kiribati",1999,38,3.002857
296,"Kiribati",1999,39,2.548469
296,"Kiribati",1999,40,2.032618
296,"Kiribati",1999,41,1.580905
296,"Kiribati",1999,42,1.17135
296,"Kiribati",1999,43,0.828803
296,"Kiribati",1999,44,0.55857
296,"Kiribati",1999,45,0.371722
296,"Kiribati",1999,46,0.233541
296,"Kiribati",1999,47,0.142876
296,"Kiribati",1999,48,0.089659
296,"Kiribati",1999,49,0.050296
296,"Kiribati",1999,50,0.020054
296,"Kiribati",1999,51,0.004963
296,"Kiribati",1999,52,0.002605
296,"Kiribati",1999,53,0.002605
296,"Kiribati",1999,54,0.001158
296,"Kiribati",2000,10,0.00015
296,"Kiribati",2000,11,0.001951
296,"Kiribati",2000,12,0.008395
296,"Kiribati",2000,13,0.029345
296,"Kiribati",2000,14,0.083942
296,"Kiribati",2000,15,0.205809
296,"Kiribati",2000,16,0.476352
296,"Kiribati",2000,17,1.016093
296,"Kiribati",2000,18,1.818282
296,"Kiribati",2000,19,2.718814
296,"Kiribati",2000,20,3.634316
296,"Kiribati",2000,21,4.328824
296,"Kiribati",2000,22,4.765567
296,"Kiribati",2000,23,4.991737
296,"Kiribati",2000,24,5.037774
296,"Kiribati",2000,25,4.987594
296,"Kiribati",2000,26,4.887244
296,"Kiribati",2000,27,4.824347
296,"Kiribati",2000,28,4.808721
296,"Kiribati",2000,29,4.793072
296,"Kiribati",2000,30,4.758478
296,"Kiribati",2000,31,4.685469
296,"Kiribati",2000,32,4.571753
296,"Kiribati",2000,33,4.443286
296,"Kiribati",2000,34,4.29178
296,"Kiribati",2000,35,4.071492
296,"Kiribati",2000,36,3.744128
296,"Kiribati",2000,37,3.374134
296,"Kiribati",2000,38,2.971167
296,"Kiribati",2000,39,2.530925
296,"Kiribati",2000,40,2.036427
296,"Kiribati",2000,41,1.594143
296,"Kiribati",2000,42,1.18791
296,"Kiribati",2000,43,0.844314
296,"Kiribati",2000,44,0.569653
296,"Kiribati",2000,45,0.372385
296,"Kiribati",2000,46,0.231182
296,"Kiribati",2000,47,0.138878
296,"Kiribati",2000,48,0.085733
296,"Kiribati",2000,49,0.047498
296,"Kiribati",2000,50,0.019249
296,"Kiribati",2000,51,0.004976
296,"Kiribati",2000,52,0.002746
296,"Kiribati",2000,53,0.002746
296,"Kiribati",2000,54,0.00122
296,"Kiribati",2001,10,0.000184
296,"Kiribati",2001,11,0.002397
296,"Kiribati",2001,12,0.009545
296,"Kiribati",2001,13,0.030364
296,"Kiribati",2001,14,0.083944
296,"Kiribati",2001,15,0.199038
296,"Kiribati",2001,16,0.463715
296,"Kiribati",2001,17,1.003993
296,"Kiribati",2001,18,1.814759
296,"Kiribati",2001,19,2.731593
296,"Kiribati",2001,20,3.668671
296,"Kiribati",2001,21,4.376586
296,"Kiribati",2001,22,4.817126
296,"Kiribati",2001,23,5.042268
296,"Kiribati",2001,24,5.083907
296,"Kiribati",2001,25,5.027213
296,"Kiribati",2001,26,4.919096
296,"Kiribati",2001,27,4.845899
296,"Kiribati",2001,28,4.817865
296,"Kiribati",2001,29,4.790495
296,"Kiribati",2001,30,4.746631
296,"Kiribati",2001,31,4.665039
296,"Kiribati",2001,32,4.543891
296,"Kiribati",2001,33,4.40619
296,"Kiribati",2001,34,4.244647
296,"Kiribati",2001,35,4.017862
296,"Kiribati",2001,36,3.694496
296,"Kiribati",2001,37,3.331639
296,"Kiribati",2001,38,2.938249
296,"Kiribati",2001,39,2.511148
296,"Kiribati",2001,40,2.037444
296,"Kiribati",2001,41,1.604453
296,"Kiribati",2001,42,1.201673
296,"Kiribati",2001,43,0.857461
296,"Kiribati",2001,44,0.579045
296,"Kiribati",2001,45,0.371878
296,"Kiribati",2001,46,0.228205
296,"Kiribati",2001,47,0.134611
296,"Kiribati",2001,48,0.081696
296,"Kiribati",2001,49,0.044661
296,"Kiribati",2001,50,0.018403
296,"Kiribati",2001,51,0.004978
296,"Kiribati",2001,52,0.002881
296,"Kiribati",2001,53,0.002881
296,"Kiribati",2001,54,0.00128
296,"Kiribati",2002,10,0.000209
296,"Kiribati",2002,11,0.002721
296,"Kiribati",2002,12,0.010421
296,"Kiribati",2002,13,0.031409
296,"Kiribati",2002,14,0.084698
296,"Kiribati",2002,15,0.19869
296,"Kiribati",2002,16,0.462336
296,"Kiribati",2002,17,1.001741
296,"Kiribati",2002,18,1.812276
296,"Kiribati",2002,19,2.731211
296,"Kiribati",2002,20,3.673048
296,"Kiribati",2002,21,4.389007
296,"Kiribati",2002,22,4.840481
296,"Kiribati",2002,23,5.077827
296,"Kiribati",2002,24,5.131655
296,"Kiribati",2002,25,5.083251
296,"Kiribati",2002,26,4.978016
296,"Kiribati",2002,27,4.901106
296,"Kiribati",2002,28,4.863151
296,"Kiribati",2002,29,4.822685
296,"Kiribati",2002,30,4.763672
296,"Kiribati",2002,31,4.667172
296,"Kiribati",2002,32,4.53204
296,"Kiribati",2002,33,4.382407
296,"Kiribati",2002,34,4.2114
296,"Kiribati",2002,35,3.978034
296,"Kiribati",2002,36,3.651531
296,"Kiribati",2002,37,3.287837
296,"Kiribati",2002,38,2.895711
296,"Kiribati",2002,39,2.471958
296,"Kiribati",2002,40,2.003802
296,"Kiribati",2002,41,1.576827
296,"Kiribati",2002,42,1.180527
296,"Kiribati",2002,43,0.842477
296,"Kiribati",2002,44,0.569595
296,"Kiribati",2002,45,0.367458
296,"Kiribati",2002,46,0.226584
296,"Kiribati",2002,47,0.134854
296,"Kiribati",2002,48,0.08291
296,"Kiribati",2002,49,0.045924
296,"Kiribati",2002,50,0.018965
296,"Kiribati",2002,51,0.005127
296,"Kiribati",2002,52,0.002965
296,"Kiribati",2002,53,0.002965
296,"Kiribati",2002,54,0.001318
296,"Kiribati",2003,10,0.00024
296,"Kiribati",2003,11,0.003124
296,"Kiribati",2003,12,0.011774
296,"Kiribati",2003,13,0.034638
296,"Kiribati",2003,14,0.091039
296,"Kiribati",2003,15,0.209979
296,"Kiribati",2003,16,0.479029
296,"Kiribati",2003,17,1.010447
296,"Kiribati",2003,18,1.798962
296,"Kiribati",2003,19,2.692323
296,"Kiribati",2003,20,3.611366
296,"Kiribati",2003,21,4.329935
296,"Kiribati",2003,22,4.809912
296,"Kiribati",2003,23,5.085348
296,"Kiribati",2003,24,5.179984
296,"Kiribati",2003,25,5.161969
296,"Kiribati",2003,26,5.071553
296,"Kiribati",2003,27,4.992903
296,"Kiribati",2003,28,4.937957
296,"Kiribati",2003,29,4.872797
296,"Kiribati",2003,30,4.78397
296,"Kiribati",2003,31,4.663094
296,"Kiribati",2003,32,4.510113
296,"Kiribati",2003,33,4.350257
296,"Kiribati",2003,34,4.176055
296,"Kiribati",2003,35,3.943638
296,"Kiribati",2003,36,3.619421
296,"Kiribati",2003,37,3.259299
296,"Kiribati",2003,38,2.87149
296,"Kiribati",2003,39,2.451378
296,"Kiribati",2003,40,1.985672
296,"Kiribati",2003,41,1.561885
296,"Kiribati",2003,42,1.168991
296,"Kiribati",2003,43,0.833585
296,"Kiribati",2003,44,0.562519
296,"Kiribati",2003,45,0.362037
296,"Kiribati",2003,46,0.222757
296,"Kiribati",2003,47,0.132176
296,"Kiribati",2003,48,0.080952
296,"Kiribati",2003,49,0.04469
296,"Kiribati",2003,50,0.018477
296,"Kiribati",2003,51,0.00505
296,"Kiribati",2003,52,0.002952
296,"Kiribati",2003,53,0.002952
296,"Kiribati",2003,54,0.001312
296,"Kiribati",2004,10,0.000251
296,"Kiribati",2004,11,0.003269
296,"Kiribati",2004,12,0.012475
296,"Kiribati",2004,13,0.037398
296,"Kiribati",2004,14,0.097927
296,"Kiribati",2004,15,0.223629
296,"Kiribati",2004,16,0.50019
296,"Kiribati",2004,17,1.022315
296,"Kiribati",2004,18,1.783774
296,"Kiribati",2004,19,2.645008
296,"Kiribati",2004,20,3.534742
296,"Kiribati",2004,21,4.254759
296,"Kiribati",2004,22,4.767421
296,"Kiribati",2004,23,5.085687
296,"Kiribati",2004,24,5.224903
296,"Kiribati",2004,25,5.238282
296,"Kiribati",2004,26,5.160423
296,"Kiribati",2004,27,5.075698
296,"Kiribati",2004,28,4.998031
296,"Kiribati",2004,29,4.902976
296,"Kiribati",2004,30,4.780546
296,"Kiribati",2004,31,4.635727
296,"Kiribati",2004,32,4.469418
296,"Kiribati",2004,33,4.305499
296,"Kiribati",2004,34,4.135298
296,"Kiribati",2004,35,3.911511
296,"Kiribati",2004,36,3.598075
296,"Kiribati",2004,37,3.24897
296,"Kiribati",2004,38,2.871458
296,"Kiribati",2004,39,2.459152
296,"Kiribati",2004,40,1.999487
296,"Kiribati",2004,41,1.577386
296,"Kiribati",2004,42,1.183325
296,"Kiribati",2004,43,0.844063
296,"Kiribati",2004,44,0.567151
296,"Kiribati",2004,45,0.358564
296,"Kiribati",2004,46,0.217171
296,"Kiribati",2004,47,0.125528
296,"Kiribati",2004,48,0.0744
296,"Kiribati",2004,49,0.039815
296,"Kiribati",2004,50,0.016566
296,"Kiribati",2004,51,0.004719
296,"Kiribati",2004,52,0.002868
296,"Kiribati",2004,53,0.002868
296,"Kiribati",2004,54,0.001275
296,"Kiribati",2005,10,0.00027
296,"Kiribati",2005,11,0.003507
296,"Kiribati",2005,12,0.013451
296,"Kiribati",2005,13,0.040622
296,"Kiribati",2005,14,0.105515
296,"Kiribati",2005,15,0.237083
296,"Kiribati",2005,16,0.52034
296,"Kiribati",2005,17,1.031222
296,"Kiribati",2005,18,1.762778
296,"Kiribati",2005,19,2.589895
296,"Kiribati",2005,20,3.449786
296,"Kiribati",2005,21,4.172567
296,"Kiribati",2005,22,4.720784
296,"Kiribati",2005,23,5.084243
296,"Kiribati",2005,24,5.269327
296,"Kiribati",2005,25,5.313931
296,"Kiribati",2005,26,5.246979
296,"Kiribati",2005,27,5.153746
296,"Kiribati",2005,28,5.050509
296,"Kiribati",2005,29,4.92323
296,"Kiribati",2005,30,4.765806
296,"Kiribati",2005,31,4.597546
296,"Kiribati",2005,32,4.420221
296,"Kiribati",2005,33,4.255162
296,"Kiribati",2005,34,4.092245
296,"Kiribati",2005,35,3.880604
296,"Kiribati",2005,36,3.582035
296,"Kiribati",2005,37,3.247548
296,"Kiribati",2005,38,2.883259
296,"Kiribati",2005,39,2.480963
296,"Kiribati",2005,40,2.029465
296,"Kiribati",2005,41,1.608557
296,"Kiribati",2005,42,1.211223
296,"Kiribati",2005,43,0.865017
296,"Kiribati",2005,44,0.57857
296,"Kiribati",2005,45,0.356901
296,"Kiribati",2005,46,0.211652
296,"Kiribati",2005,47,0.11787
296,"Kiribati",2005,48,0.066471
296,"Kiribati",2005,49,0.033793
296,"Kiribati",2005,50,0.014184
296,"Kiribati",2005,51,0.004335
296,"Kiribati",2005,52,0.002822
296,"Kiribati",2005,53,0.002772
296,"Kiribati",2005,54,0.001193
296,"Kiribati",2006,10,0.000214
296,"Kiribati",2006,11,0.002785
296,"Kiribati",2006,12,0.011851
296,"Kiribati",2006,13,0.040918
296,"Kiribati",2006,14,0.111343
296,"Kiribati",2006,15,0.257276
296,"Kiribati",2006,16,0.555765
296,"Kiribati",2006,17,1.063855
296,"Kiribati",2006,18,1.772052
296,"Kiribati",2006,19,2.564546
296,"Kiribati",2006,20,3.386686
296,"Kiribati",2006,21,4.102189
296,"Kiribati",2006,22,4.675034
296,"Kiribati",2006,23,5.073461
296,"Kiribati",2006,24,5.295465
296,"Kiribati",2006,25,5.364702
296,"Kiribati",2006,26,5.304575
296,"Kiribati",2006,27,5.202156
296,"Kiribati",2006,28,5.07587
296,"Kiribati",2006,29,4.920431
296,"Kiribati",2006,30,4.732839
296,"Kiribati",2006,31,4.546868
296,"Kiribati",2006,32,4.364697
296,"Kiribati",2006,33,4.204947
296,"Kiribati",2006,34,4.05556
296,"Kiribati",2006,35,3.861055
296,"Kiribati",2006,36,3.578998
296,"Kiribati",2006,37,3.259279
296,"Kiribati",2006,38,2.907001
296,"Kiribati",2006,39,2.511809
296,"Kiribati",2006,40,2.062736
296,"Kiribati",2006,41,1.640146
296,"Kiribati",2006,42,1.237991
296,"Kiribati",2006,43,0.884243
296,"Kiribati",2006,44,0.588444
296,"Kiribati",2006,45,0.355493
296,"Kiribati",2006,46,0.206745
296,"Kiribati",2006,47,0.11097
296,"Kiribati",2006,48,0.059143
296,"Kiribati",2006,49,0.028093
296,"Kiribati",2006,50,0.011725
296,"Kiribati",2006,51,0.003875
296,"Kiribati",2006,52,0.002824
296,"Kiribati",2006,53,0.002494
296,"Kiribati",2006,54,0.000852
296,"Kiribati",2007,10,0.000143
296,"Kiribati",2007,11,0.001856
296,"Kiribati",2007,12,0.009575
296,"Kiribati",2007,13,0.039666
296,"Kiribati",2007,14,0.114182
296,"Kiribati",2007,15,0.274625
296,"Kiribati",2007,16,0.588726
296,"Kiribati",2007,17,1.103326
296,"Kiribati",2007,18,1.806108
296,"Kiribati",2007,19,2.581779
296,"Kiribati",2007,20,3.379534
296,"Kiribati",2007,21,4.084464
296,"Kiribati",2007,22,4.66236
296,"Kiribati",2007,23,5.072092
296,"Kiribati",2007,24,5.307733
296,"Kiribati",2007,25,5.385697
296,"Kiribati",2007,26,5.326389
296,"Kiribati",2007,27,5.217903
296,"Kiribati",2007,28,5.079595
296,"Kiribati",2007,29,4.909868
296,"Kiribati",2007,30,4.707003
296,"Kiribati",2007,31,4.512474
296,"Kiribati",2007,32,4.32854
296,"Kiribati",2007,33,4.172498
296,"Kiribati",2007,34,4.031153
296,"Kiribati",2007,35,3.846334
296,"Kiribati",2007,36,3.57258
296,"Kiribati",2007,37,3.260031
296,"Kiribati",2007,38,2.913308
296,"Kiribati",2007,39,2.520681
296,"Kiribati",2007,40,2.070783
296,"Kiribati",2007,41,1.646993
296,"Kiribati",2007,42,1.243014
296,"Kiribati",2007,43,0.886545
296,"Kiribati",2007,44,0.58742
296,"Kiribati",2007,45,0.350732
296,"Kiribati",2007,46,0.201471
296,"Kiribati",2007,47,0.10555
296,"Kiribati",2007,48,0.053981
296,"Kiribati",2007,49,0.024236
296,"Kiribati",2007,50,0.009989
296,"Kiribati",2007,51,0.003487
296,"Kiribati",2007,52,0.002736
296,"Kiribati",2007,53,0.002236
296,"Kiribati",2007,54,0.000605
296,"Kiribati",2008,10,8e-05
296,"Kiribati",2008,11,0.001046
296,"Kiribati",2008,12,0.007623
296,"Kiribati",2008,13,0.03883
296,"Kiribati",2008,14,0.117359
296,"Kiribati",2008,15,0.292548
296,"Kiribati",2008,16,0.622325
296,"Kiribati",2008,17,1.143304
296,"Kiribati",2008,18,1.840353
296,"Kiribati",2008,19,2.598874
296,"Kiribati",2008,20,3.371996
296,"Kiribati",2008,21,4.066136
296,"Kiribati",2008,22,4.648913
296,"Kiribati",2008,23,5.069807
296,"Kiribati",2008,24,5.318978
296,"Kiribati",2008,25,5.405655
296,"Kiribati",2008,26,5.347244
296,"Kiribati",2008,27,5.232879
296,"Kiribati",2008,28,5.082832
296,"Kiribati",2008,29,4.899138
296,"Kiribati",2008,30,4.681298
296,"Kiribati",2008,31,4.478426
296,"Kiribati",2008,32,4.292836
296,"Kiribati",2008,33,4.140624
296,"Kiribati",2008,34,4.00745
296,"Kiribati",2008,35,3.83238
296,"Kiribati",2008,36,3.566751
296,"Kiribati",2008,37,3.261135
296,"Kiribati",2008,38,2.919689
296,"Kiribati",2008,39,2.529321
296,"Kiribati",2008,40,2.078121
296,"Kiribati",2008,41,1.653048
296,"Kiribati",2008,42,1.247356
296,"Kiribati",2008,43,0.888412
296,"Kiribati",2008,44,0.586304
296,"Kiribati",2008,45,0.34644
296,"Kiribati",2008,46,0.196796
296,"Kiribati",2008,47,0.100768
296,"Kiribati",2008,48,0.049392
296,"Kiribati",2008,49,0.020815
296,"Kiribati",2008,50,0.008478
296,"Kiribati",2008,51,0.003099
296,"Kiribati",2008,52,0.002479
296,"Kiribati",2008,53,0.002065
296,"Kiribati",2008,54,0.000596
296,"Kiribati",2009,10,7.3e-05
296,"Kiribati",2009,11,0.000955
296,"Kiribati",2009,12,0.007348
296,"Kiribati",2009,13,0.038336
296,"Kiribati",2009,14,0.116565
296,"Kiribati",2009,15,0.290974
296,"Kiribati",2009,16,0.62134
296,"Kiribati",2009,17,1.152279
296,"Kiribati",2009,18,1.868492
296,"Kiribati",2009,19,2.646628
296,"Kiribati",2009,20,3.435069
296,"Kiribati",2009,21,4.125563
296,"Kiribati",2009,22,4.686238
296,"Kiribati",2009,23,5.081376
296,"Kiribati",2009,24,5.306308
296,"Kiribati",2009,25,5.377532
296,"Kiribati",2009,26,5.315078
296,"Kiribati",2009,27,5.205016
296,"Kiribati",2009,28,5.066059
296,"Kiribati",2009,29,4.89577
296,"Kiribati",2009,30,4.692575
296,"Kiribati",2009,31,4.49715
296,"Kiribati",2009,32,4.311855
296,"Kiribati",2009,33,4.152896
296,"Kiribati",2009,34,4.007501
296,"Kiribati",2009,35,3.819526
296,"Kiribati",2009,36,3.545873
296,"Kiribati",2009,37,3.234752
296,"Kiribati",2009,38,2.890553
296,"Kiribati",2009,39,2.501518
296,"Kiribati",2009,40,2.057539
296,"Kiribati",2009,41,1.636909
296,"Kiribati",2009,42,1.234971
296,"Kiribati",2009,43,0.879532
296,"Kiribati",2009,44,0.58062
296,"Kiribati",2009,45,0.341523
296,"Kiribati",2009,46,0.193692
296,"Kiribati",2009,47,0.098876
296,"Kiribati",2009,48,0.048306
296,"Kiribati",2009,49,0.020282
296,"Kiribati",2009,50,0.008311
296,"Kiribati",2009,51,0.003081
296,"Kiribati",2009,52,0.002477
296,"Kiribati",2009,53,0.002075
296,"Kiribati",2009,54,0.000609
296,"Kiribati",2010,10,7e-05
296,"Kiribati",2010,11,0.000916
296,"Kiribati",2010,12,0.007233
296,"Kiribati",2010,13,0.038145
296,"Kiribati",2010,14,0.116257
296,"Kiribati",2010,15,0.28981
296,"Kiribati",2010,16,0.620758
296,"Kiribati",2010,17,1.161471
296,"Kiribati",2010,18,1.896515
296,"Kiribati",2010,19,2.694015
296,"Kiribati",2010,20,3.497677
296,"Kiribati",2010,21,4.184534
296,"Kiribati",2010,22,4.723212
296,"Kiribati",2010,23,5.09269
296,"Kiribati",2010,24,5.293442
296,"Kiribati",2010,25,5.349235
296,"Kiribati",2010,26,5.282704
296,"Kiribati",2010,27,5.176885
296,"Kiribati",2010,28,5.04894
296,"Kiribati",2010,29,4.892006
296,"Kiribati",2010,30,4.703432
296,"Kiribati",2010,31,4.515471
296,"Kiribati",2010,32,4.330517
296,"Kiribati",2010,33,4.164906
296,"Kiribati",2010,34,4.007425
296,"Kiribati",2010,35,3.806684
296,"Kiribati",2010,36,3.525083
296,"Kiribati",2010,37,3.208495
296,"Kiribati",2010,38,2.861546
296,"Kiribati",2010,39,2.473825
296,"Kiribati",2010,40,2.036964
296,"Kiribati",2010,41,1.62079
296,"Kiribati",2010,42,1.222661
296,"Kiribati",2010,43,0.870811
296,"Kiribati",2010,44,0.5752
296,"Kiribati",2010,45,0.337086
296,"Kiribati",2010,46,0.191051
296,"Kiribati",2010,47,0.097412
296,"Kiribati",2010,48,0.047584
296,"Kiribati",2010,49,0.02
296,"Kiribati",2010,50,0.00825
296,"Kiribati",2010,51,0.003086
296,"Kiribati",2010,52,0.00249
296,"Kiribati",2010,53,0.002093
296,"Kiribati",2010,54,0.000621
296,"Kiribati",2011,10,4.4e-05
296,"Kiribati",2011,11,0.000578
296,"Kiribati",2011,12,0.006458
296,"Kiribati",2011,13,0.038079
296,"Kiribati",2011,14,0.118165
296,"Kiribati",2011,15,0.297697
296,"Kiribati",2011,16,0.636359
296,"Kiribati",2011,17,1.191742
296,"Kiribati",2011,18,1.947096
296,"Kiribati",2011,19,2.760761
296,"Kiribati",2011,20,3.572365
296,"Kiribati",2011,21,4.249247
296,"Kiribati",2011,22,4.76145
296,"Kiribati",2011,23,5.102584
296,"Kiribati",2011,24,5.277979
296,"Kiribati",2011,25,5.317556
296,"Kiribati",2011,26,5.245921
296,"Kiribati",2011,27,5.142301
296,"Kiribati",2011,28,5.022341
296,"Kiribati",2011,29,4.875733
296,"Kiribati",2011,30,4.699217
296,"Kiribati",2011,31,4.517548
296,"Kiribati",2011,32,4.333145
296,"Kiribati",2011,33,4.161407
296,"Kiribati",2011,34,3.992662
296,"Kiribati",2011,35,3.780922
296,"Kiribati",2011,36,3.494811
296,"Kiribati",2011,37,3.17636
296,"Kiribati",2011,38,2.830188
296,"Kiribati",2011,39,2.44728
296,"Kiribati",2011,40,2.02159
296,"Kiribati",2011,41,1.61163
296,"Kiribati",2011,42,1.217633
296,"Kiribati",2011,43,0.868721
296,"Kiribati",2011,44,0.575035
296,"Kiribati",2011,45,0.335555
296,"Kiribati",2011,46,0.190361
296,"Kiribati",2011,47,0.097143
296,"Kiribati",2011,48,0.047533
296,"Kiribati",2011,49,0.020045
296,"Kiribati",2011,50,0.008343
296,"Kiribati",2011,51,0.003111
296,"Kiribati",2011,52,0.002468
296,"Kiribati",2011,53,0.002139
296,"Kiribati",2011,54,0.000695
296,"Kiribati",2012,10,5.5e-05
296,"Kiribati",2012,11,0.000715
296,"Kiribati",2012,12,0.006992
296,"Kiribati",2012,13,0.039723
296,"Kiribati",2012,14,0.12172
296,"Kiribati",2012,15,0.306958
296,"Kiribati",2012,16,0.651691
296,"Kiribati",2012,17,1.210551
296,"Kiribati",2012,18,1.965925
296,"Kiribati",2012,19,2.776315
296,"Kiribati",2012,20,3.582521
296,"Kiribati",2012,21,4.258988
296,"Kiribati",2012,22,4.776339
296,"Kiribati",2012,23,5.125377
296,"Kiribati",2012,24,5.3098
296,"Kiribati",2012,25,5.355533
296,"Kiribati",2012,26,5.285362
296,"Kiribati",2012,27,5.178599
296,"Kiribati",2012,28,5.051233
296,"Kiribati",2012,29,4.894762
296,"Kiribati",2012,30,4.706062
296,"Kiribati",2012,31,4.513299
296,"Kiribati",2012,32,4.319114
296,"Kiribati",2012,33,4.141288
296,"Kiribati",2012,34,3.969893
296,"Kiribati",2012,35,3.756947
296,"Kiribati",2012,36,3.467384
296,"Kiribati",2012,37,3.145884
296,"Kiribati",2012,38,2.797187
296,"Kiribati",2012,39,2.411767
296,"Kiribati",2012,40,1.981157
296,"Kiribati",2012,41,1.573574
296,"Kiribati",2012,42,1.185807
296,"Kiribati",2012,43,0.845051
296,"Kiribati",2012,44,0.56053
296,"Kiribati",2012,45,0.334399
296,"Kiribati",2012,46,0.193116
296,"Kiribati",2012,47,0.102173
296,"Kiribati",2012,48,0.053014
296,"Kiribati",2012,49,0.024267
296,"Kiribati",2012,50,0.010076
296,"Kiribati",2012,51,0.003405
296,"Kiribati",2012,52,0.002552
296,"Kiribati",2012,53,0.002195
296,"Kiribati",2012,54,0.000698
296,"Kiribati",2013,10,7.2e-05
296,"Kiribati",2013,11,0.000933
296,"Kiribati",2013,12,0.007767
296,"Kiribati",2013,13,0.041802
296,"Kiribati",2013,14,0.126001
296,"Kiribati",2013,15,0.316617
296,"Kiribati",2013,16,0.667372
296,"Kiribati",2013,17,1.229232
296,"Kiribati",2013,18,1.983742
296,"Kiribati",2013,19,2.790006
296,"Kiribati",2013,20,3.590195
296,"Kiribati",2013,21,4.266258
296,"Kiribati",2013,22,4.789348
296,"Kiribati",2013,23,5.146823
296,"Kiribati",2013,24,5.340589
296,"Kiribati",2013,25,5.392538
296,"Kiribati",2013,26,5.323658
296,"Kiribati",2013,27,5.213731
296,"Kiribati",2013,28,5.079146
296,"Kiribati",2013,29,4.913091
296,"Kiribati",2013,30,4.712461
296,"Kiribati",2013,31,4.509085
296,"Kiribati",2013,32,4.30577
296,"Kiribati",2013,33,4.122817
296,"Kiribati",2013,34,3.949921
296,"Kiribati",2013,35,3.736655
296,"Kiribati",2013,36,3.443648
296,"Kiribati",2013,37,3.118795
296,"Kiribati",2013,38,2.767004
296,"Kiribati",2013,39,2.378122
296,"Kiribati",2013,40,1.940964
296,"Kiribati",2013,41,1.534961
296,"Kiribati",2013,42,1.153025
296,"Kiribati",2013,43,0.820283
296,"Kiribati",2013,44,0.544992
296,"Kiribati",2013,45,0.332433
296,"Kiribati",2013,46,0.195415
296,"Kiribati",2013,47,0.106985
296,"Kiribati",2013,48,0.058376
296,"Kiribati",2013,49,0.028424
296,"Kiribati",2013,50,0.011721
296,"Kiribati",2013,51,0.00368
296,"Kiribati",2013,52,0.002642
296,"Kiribati",2013,53,0.00223
296,"Kiribati",2013,54,0.000671
296,"Kiribati",2014,10,7.8e-05
296,"Kiribati",2014,11,0.00101
296,"Kiribati",2014,12,0.00818
296,"Kiribati",2014,13,0.043571
296,"Kiribati",2014,14,0.130381
296,"Kiribati",2014,15,0.329387
296,"Kiribati",2014,16,0.689298
296,"Kiribati",2014,17,1.256831
296,"Kiribati",2014,18,2.01198
296,"Kiribati",2014,19,2.812784
296,"Kiribati",2014,20,3.602864
296,"Kiribati",2014,21,4.274369
296,"Kiribati",2014,22,4.79964
296,"Kiribati",2014,23,5.163367
296,"Kiribati",2014,24,5.365812
296,"Kiribati",2014,25,5.424738
296,"Kiribati",2014,26,5.359115
296,"Kiribati",2014,27,5.248876
296,"Kiribati",2014,28,5.110481
296,"Kiribati",2014,29,4.937727
296,"Kiribati",2014,30,4.726995
296,"Kiribati",2014,31,4.513585
296,"Kiribati",2014,32,4.300441
296,"Kiribati",2014,33,4.111594
296,"Kiribati",2014,34,3.936366
296,"Kiribati",2014,35,3.721324
296,"Kiribati",2014,36,3.421499
296,"Kiribati",2014,37,3.089839
296,"Kiribati",2014,38,2.731631
296,"Kiribati",2014,39,2.335885
296,"Kiribati",2014,40,1.887651
296,"Kiribati",2014,41,1.482284
296,"Kiribati",2014,42,1.107227
296,"Kiribati",2014,43,0.784786
296,"Kiribati",2014,44,0.521857
296,"Kiribati",2014,45,0.32732
296,"Kiribati",2014,46,0.19664
296,"Kiribati",2014,47,0.112023
296,"Kiribati",2014,48,0.064427
296,"Kiribati",2014,49,0.03321
296,"Kiribati",2014,50,0.0135
296,"Kiribati",2014,51,0.003935
296,"Kiribati",2014,52,0.002714
296,"Kiribati",2014,53,0.0022
296,"Kiribati",2014,54,0.000578
296,"Kiribati",2015,10,9.2e-05
296,"Kiribati",2015,11,0.001197
296,"Kiribati",2015,12,0.008879
296,"Kiribati",2015,13,0.045591
296,"Kiribati",2015,14,0.134921
296,"Kiribati",2015,15,0.338099
296,"Kiribati",2015,16,0.703951
296,"Kiribati",2015,17,1.274243
296,"Kiribati",2015,18,2.028163
296,"Kiribati",2015,19,2.824793
296,"Kiribati",2015,20,3.609337
296,"Kiribati",2015,21,4.281588
296,"Kiribati",2015,22,4.814139
296,"Kiribati",2015,23,5.18659
296,"Kiribati",2015,24,5.397088
296,"Kiribati",2015,25,5.459594
296,"Kiribati",2015,26,5.391644
296,"Kiribati",2015,27,5.275042
296,"Kiribati",2015,28,5.127012
296,"Kiribati",2015,29,4.943234
296,"Kiribati",2015,30,4.720355
296,"Kiribati",2015,31,4.498176
296,"Kiribati",2015,32,4.279661
296,"Kiribati",2015,33,4.08989
296,"Kiribati",2015,34,3.917434
296,"Kiribati",2015,35,3.706058
296,"Kiribati",2015,36,3.406795
296,"Kiribati",2015,37,3.075094
296,"Kiribati",2015,38,2.71623
296,"Kiribati",2015,39,2.318284
296,"Kiribati",2015,40,1.864423
296,"Kiribati",2015,41,1.458784
296,"Kiribati",2015,42,1.086122
296,"Kiribati",2015,43,0.76724
296,"Kiribati",2015,44,0.508534
296,"Kiribati",2015,45,0.320422
296,"Kiribati",2015,46,0.192686
296,"Kiribati",2015,47,0.110082
296,"Kiribati",2015,48,0.063467
296,"Kiribati",2015,49,0.032764
296,"Kiribati",2015,50,0.013201
296,"Kiribati",2015,51,0.003855
296,"Kiribati",2015,52,0.002746
296,"Kiribati",2015,53,0.002085
296,"Kiribati",2015,54,0.000412
296,"Kiribati",2016,10,9.7e-05
296,"Kiribati",2016,11,0.001255
296,"Kiribati",2016,12,0.009207
296,"Kiribati",2016,13,0.047049
296,"Kiribati",2016,14,0.13878
296,"Kiribati",2016,15,0.347663
296,"Kiribati",2016,16,0.720869
296,"Kiribati",2016,17,1.295366
296,"Kiribati",2016,18,2.049135
296,"Kiribati",2016,19,2.841064
296,"Kiribati",2016,20,3.617849
296,"Kiribati",2016,21,4.288131
296,"Kiribati",2016,22,4.825188
296,"Kiribati",2016,23,5.204533
296,"Kiribati",2016,24,5.422468
296,"Kiribati",2016,25,5.489311
296,"Kiribati",2016,26,5.421098
296,"Kiribati",2016,27,5.300977
296,"Kiribati",2016,28,5.146619
296,"Kiribati",2016,29,4.95471
296,"Kiribati",2016,30,4.721817
296,"Kiribati",2016,31,4.491687
296,"Kiribati",2016,32,4.267332
296,"Kiribati",2016,33,4.075633
296,"Kiribati",2016,34,3.904532
296,"Kiribati",2016,35,3.694955
296,"Kiribati",2016,36,3.393608
296,"Kiribati",2016,37,3.059356
296,"Kiribati",2016,38,2.697605
296,"Kiribati",2016,39,2.29544
296,"Kiribati",2016,40,1.83369
296,"Kiribati",2016,41,1.427305
296,"Kiribati",2016,42,1.057616
296,"Kiribati",2016,43,0.743549
296,"Kiribati",2016,44,0.490794
296,"Kiribati",2016,45,0.311482
296,"Kiribati",2016,46,0.187774
296,"Kiribati",2016,47,0.107882
296,"Kiribati",2016,48,0.062536
296,"Kiribati",2016,49,0.032429
296,"Kiribati",2016,50,0.012925
296,"Kiribati",2016,51,0.003731
296,"Kiribati",2016,52,0.00267
296,"Kiribati",2016,53,0.001962
296,"Kiribati",2016,54,0.000322
296,"Kiribati",2017,10,0.000104
296,"Kiribati",2017,11,0.001356
296,"Kiribati",2017,12,0.009636
296,"Kiribati",2017,13,0.048523
296,"Kiribati",2017,14,0.142499
296,"Kiribati",2017,15,0.353941
296,"Kiribati",2017,16,0.731863
296,"Kiribati",2017,17,1.307828
296,"Kiribati",2017,18,2.059183
296,"Kiribati",2017,19,2.846442
296,"Kiribati",2017,20,3.617978
296,"Kiribati",2017,21,4.289419
296,"Kiribati",2017,22,4.834087
296,"Kiribati",2017,23,5.221755
296,"Kiribati",2017,24,5.446599
296,"Kiribati",2017,25,5.515664
296,"Kiribati",2017,26,5.443942
296,"Kiribati",2017,27,5.316793
296,"Kiribati",2017,28,5.152767
296,"Kiribati",2017,29,4.950537
296,"Kiribati",2017,30,4.707285
296,"Kiribati",2017,31,4.471128
296,"Kiribati",2017,32,4.245063
296,"Kiribati",2017,33,4.055403
296,"Kiribati",2017,34,3.889277
296,"Kiribati",2017,35,3.685384
296,"Kiribati",2017,36,3.38811
296,"Kiribati",2017,37,3.057118
296,"Kiribati",2017,38,2.697595
296,"Kiribati",2017,39,2.295683
296,"Kiribati",2017,40,1.831773
296,"Kiribati",2017,41,1.424052
296,"Kiribati",2017,42,1.053319
296,"Kiribati",2017,43,0.737964
296,"Kiribati",2017,44,0.483764
296,"Kiribati",2017,45,0.3029
296,"Kiribati",2017,46,0.179687
296,"Kiribati",2017,47,0.100496
296,"Kiribati",2017,48,0.056106
296,"Kiribati",2017,49,0.027921
296,"Kiribati",2017,50,0.011091
296,"Kiribati",2017,51,0.003334
296,"Kiribati",2017,52,0.002439
296,"Kiribati",2017,53,0.001842
296,"Kiribati",2017,54,0.000355
296,"Kiribati",2018,10,0.000111
296,"Kiribati",2018,11,0.001449
296,"Kiribati",2018,12,0.00994
296,"Kiribati",2018,13,0.049222
296,"Kiribati",2018,14,0.144055
296,"Kiribati",2018,15,0.355392
296,"Kiribati",2018,16,0.734766
296,"Kiribati",2018,17,1.311722
296,"Kiribati",2018,18,2.063267
296,"Kiribati",2018,19,2.849448
296,"Kiribati",2018,20,3.618822
296,"Kiribati",2018,21,4.288281
296,"Kiribati",2018,22,4.83148
296,"Kiribati",2018,23,5.218387
296,"Kiribati",2018,24,5.443247
296,"Kiribati",2018,25,5.513168
296,"Kiribati",2018,26,5.443203
296,"Kiribati",2018,27,5.318552
296,"Kiribati",2018,28,5.157517
296,"Kiribati",2018,29,4.957795
296,"Kiribati",2018,30,4.716354
296,"Kiribati",2018,31,4.480941
296,"Kiribati",2018,32,4.254647
296,"Kiribati",2018,33,4.064131
296,"Kiribati",2018,34,3.896596
296,"Kiribati",2018,35,3.690674
296,"Kiribati",2018,36,3.390968
296,"Kiribati",2018,37,3.057776
296,"Kiribati",2018,38,2.696366
296,"Kiribati",2018,39,2.292579
296,"Kiribati",2018,40,1.826963
296,"Kiribati",2018,41,1.417916
296,"Kiribati",2018,42,1.046384
296,"Kiribati",2018,43,0.730494
296,"Kiribati",2018,44,0.476012
296,"Kiribati",2018,45,0.294259
296,"Kiribati",2018,46,0.172044
296,"Kiribati",2018,47,0.093813
296,"Kiribati",2018,48,0.050438
296,"Kiribati",2018,49,0.024003
296,"Kiribati",2018,50,0.009498
296,"Kiribati",2018,51,0.002983
296,"Kiribati",2018,52,0.002231
296,"Kiribati",2018,53,0.00173
296,"Kiribati",2018,54,0.000379
296,"Kiribati",2019,10,0.000125
296,"Kiribati",2019,11,0.001623
296,"Kiribati",2019,12,0.01047
296,"Kiribati",2019,13,0.050208
296,"Kiribati",2019,14,0.145898
296,"Kiribati",2019,15,0.355569
296,"Kiribati",2019,16,0.735115
296,"Kiribati",2019,17,1.311927
296,"Kiribati",2019,18,2.063012
296,"Kiribati",2019,19,2.848906
296,"Kiribati",2019,20,3.618386
296,"Kiribati",2019,21,4.288468
296,"Kiribati",2019,22,4.832753
296,"Kiribati",2019,23,5.220544
296,"Kiribati",2019,24,5.445928
296,"Kiribati",2019,25,5.515939
296,"Kiribati",2019,26,5.445782
296,"Kiribati",2019,27,5.320948
296,"Kiribati",2019,28,5.159773
296,"Kiribati",2019,29,4.959782
296,"Kiribati",2019,30,4.718132
296,"Kiribati",2019,31,4.482677
296,"Kiribati",2019,32,4.256609
296,"Kiribati",2019,33,4.066004
296,"Kiribati",2019,34,3.898057
296,"Kiribati",2019,35,3.691549
296,"Kiribati",2019,36,3.39205
296,"Kiribati",2019,37,3.059294
296,"Kiribati",2019,38,2.698461
296,"Kiribati",2019,39,2.295122
296,"Kiribati",2019,40,1.830733
296,"Kiribati",2019,41,1.42079
296,"Kiribati",2019,42,1.047528
296,"Kiribati",2019,43,0.729273
296,"Kiribati",2019,44,0.472072
296,"Kiribati",2019,45,0.285668
296,"Kiribati",2019,46,0.163374
296,"Kiribati",2019,47,0.085498
296,"Kiribati",2019,48,0.04308
296,"Kiribati",2019,49,0.018821
296,"Kiribati",2019,50,0.007421
296,"Kiribati",2019,51,0.002564
296,"Kiribati",2019,52,0.002003
296,"Kiribati",2019,53,0.001629
296,"Kiribati",2019,54,0.000434
296,"Kiribati",2020,10,0.000131
296,"Kiribati",2020,11,0.001708
296,"Kiribati",2020,12,0.010759
296,"Kiribati",2020,13,0.050919
296,"Kiribati",2020,14,0.147546
296,"Kiribati",2020,15,0.35734
296,"Kiribati",2020,16,0.738564
296,"Kiribati",2020,17,1.316273
296,"Kiribati",2020,18,2.067088
296,"Kiribati",2020,19,2.85123
296,"Kiribati",2020,20,3.617795
296,"Kiribati",2020,21,4.285576
296,"Kiribati",2020,22,4.828529
296,"Kiribati",2020,23,5.215805
296,"Kiribati",2020,24,5.441448
296,"Kiribati",2020,25,5.512451
296,"Kiribati",2020,26,5.444041
296,"Kiribati",2020,27,5.321649
296,"Kiribati",2020,28,5.163391
296,"Kiribati",2020,29,4.965865
296,"Kiribati",2020,30,4.726024
296,"Kiribati",2020,31,4.491534
296,"Kiribati",2020,32,4.265658
296,"Kiribati",2020,33,4.074737
296,"Kiribati",2020,34,3.905989
296,"Kiribati",2020,35,3.698014
296,"Kiribati",2020,36,3.396487
296,"Kiribati",2020,37,3.061812
296,"Kiribati",2020,38,2.699242
296,"Kiribati",2020,39,2.294008
296,"Kiribati",2020,40,1.827714
296,"Kiribati",2020,41,1.416177
296,"Kiribati",2020,42,1.041789
296,"Kiribati",2020,43,0.722645
296,"Kiribati",2020,44,0.464803
296,"Kiribati",2020,45,0.27701
296,"Kiribati",2020,46,0.155673
296,"Kiribati",2020,47,0.078726
296,"Kiribati",2020,48,0.037309
296,"Kiribati",2020,49,0.014819
296,"Kiribati",2020,50,0.005767
296,"Kiribati",2020,51,0.002199
296,"Kiribati",2020,52,0.001787
296,"Kiribati",2020,53,0.001513
296,"Kiribati",2020,54,0.000459
296,"Kiribati",2021,10,0.000131
296,"Kiribati",2021,11,0.0017
296,"Kiribati",2021,12,0.010778
296,"Kiribati",2021,13,0.051191
296,"Kiribati",2021,14,0.148595
296,"Kiribati",2021,15,0.359048
296,"Kiribati",2021,16,0.742294
296,"Kiribati",2021,17,1.321058
296,"Kiribati",2021,18,2.071476
296,"Kiribati",2021,19,2.853315
296,"Kiribati",2021,20,3.616083
296,"Kiribati",2021,21,4.281097
296,"Kiribati",2021,22,4.822733
296,"Kiribati",2021,23,5.209681
296,"Kiribati",2021,24,5.435835
296,"Kiribati",2021,25,5.507999
296,"Kiribati",2021,26,5.441358
296,"Kiribati",2021,27,5.321373
296,"Kiribati",2021,28,5.165966
296,"Kiribati",2021,29,4.970843
296,"Kiribati",2021,30,4.732764
296,"Kiribati",2021,31,4.499434
296,"Kiribati",2021,32,4.274175
296,"Kiribati",2021,33,4.083508
296,"Kiribati",2021,34,3.91461
296,"Kiribati",2021,35,3.705773
296,"Kiribati",2021,36,3.402635
296,"Kiribati",2021,37,3.066324
296,"Kiribati",2021,38,2.70216
296,"Kiribati",2021,39,2.294977
296,"Kiribati",2021,40,1.82651
296,"Kiribati",2021,41,1.413076
296,"Kiribati",2021,42,1.037219
296,"Kiribati",2021,43,0.716822
296,"Kiribati",2021,44,0.457979
296,"Kiribati",2021,45,0.26839
296,"Kiribati",2021,46,0.147904
296,"Kiribati",2021,47,0.071822
296,"Kiribati",2021,48,0.031388
296,"Kiribati",2021,49,0.010696
296,"Kiribati",2021,50,0.004044
296,"Kiribati",2021,51,0.001814
296,"Kiribati",2021,52,0.001556
296,"Kiribati",2021,53,0.001385
296,"Kiribati",2021,54,0.000482
296,"Kiribati",2022,10,0.000133
296,"Kiribati",2022,11,0.001728
296,"Kiribati",2022,12,0.010913
296,"Kiribati",2022,13,0.051716
296,"Kiribati",2022,14,0.150071
296,"Kiribati",2022,15,0.361335
296,"Kiribati",2022,16,0.746671
296,"Kiribati",2022,17,1.32616
296,"Kiribati",2022,18,2.07546
296,"Kiribati",2022,19,2.854239
296,"Kiribati",2022,20,3.612571
296,"Kiribati",2022,21,4.274603
296,"Kiribati",2022,22,4.815121
296,"Kiribati",2022,23,5.201984
296,"Kiribati",2022,24,5.428838
296,"Kiribati",2022,25,5.502229
296,"Kiribati",2022,26,5.437265
296,"Kiribati",2022,27,5.319559
296,"Kiribati",2022,28,5.166878
296,"Kiribati",2022,29,4.974123
296,"Kiribati",2022,30,4.737841
296,"Kiribati",2022,31,4.505935
296,"Kiribati",2022,32,4.281738
296,"Kiribati",2022,33,4.091973
296,"Kiribati",2022,34,3.923709
296,"Kiribati",2022,35,3.714757
296,"Kiribati",2022,36,3.410408
296,"Kiribati",2022,37,3.072677
296,"Kiribati",2022,38,2.706953
296,"Kiribati",2022,39,2.297678
296,"Kiribati",2022,40,1.826547
296,"Kiribati",2022,41,1.411039
296,"Kiribati",2022,42,1.033623
296,"Kiribati",2022,43,0.711968
296,"Kiribati",2022,44,0.452181
296,"Kiribati",2022,45,0.261121
296,"Kiribati",2022,46,0.141388
296,"Kiribati",2022,47,0.066046
296,"Kiribati",2022,48,0.026415
296,"Kiribati",2022,49,0.007222
296,"Kiribati",2022,50,0.002575
296,"Kiribati",2022,51,0.001482
296,"Kiribati",2022,52,0.001356
296,"Kiribati",2022,53,0.001272
296,"Kiribati",2022,54,5e-04
296,"Kiribati",2023,10,0.000145
296,"Kiribati",2023,11,0.001888
296,"Kiribati",2023,12,0.011394
296,"Kiribati",2023,13,0.05259
296,"Kiribati",2023,14,0.151619
296,"Kiribati",2023,15,0.361624
296,"Kiribati",2023,16,0.747018
296,"Kiribati",2023,17,1.326215
296,"Kiribati",2023,18,2.074895
296,"Kiribati",2023,19,2.853246
296,"Kiribati",2023,20,3.611548
296,"Kiribati",2023,21,4.274047
296,"Kiribati",2023,22,4.815472
296,"Kiribati",2023,23,5.203094
296,"Kiribati",2023,24,5.430416
296,"Kiribati",2023,25,5.503923
296,"Kiribati",2023,26,5.438833
296,"Kiribati",2023,27,5.321001
296,"Kiribati",2023,28,5.168231
296,"Kiribati",2023,29,4.975313
296,"Kiribati",2023,30,4.738919
296,"Kiribati",2023,31,4.507052
296,"Kiribati",2023,32,4.283111
296,"Kiribati",2023,33,4.093419
296,"Kiribati",2023,34,3.925031
296,"Kiribati",2023,35,3.71581
296,"Kiribati",2023,36,3.411656
296,"Kiribati",2023,37,3.074238
296,"Kiribati",2023,38,2.708885
296,"Kiribati",2023,39,2.299856
296,"Kiribati",2023,40,1.829449
296,"Kiribati",2023,41,1.413239
296,"Kiribati",2023,42,1.034561
296,"Kiribati",2023,43,0.711235
296,"Kiribati",2023,44,0.449557
296,"Kiribati",2023,45,0.254902
296,"Kiribati",2023,46,0.135376
296,"Kiribati",2023,47,0.060471
296,"Kiribati",2023,48,0.021628
296,"Kiribati",2023,49,0.003904
296,"Kiribati",2023,50,0.001167
296,"Kiribati",2023,51,0.001167
296,"Kiribati",2023,52,0.001167
296,"Kiribati",2023,53,0.001167
296,"Kiribati",2023,54,0.000519
296,"Kiribati",2024,10,0.000149
296,"Kiribati",2024,11,0.001981
296,"Kiribati",2024,12,0.011749
296,"Kiribati",2024,13,0.053755
296,"Kiribati",2024,14,0.154417
296,"Kiribati",2024,15,0.36712
296,"Kiribati",2024,16,0.756607
296,"Kiribati",2024,17,1.339111
296,"Kiribati",2024,18,2.089787
296,"Kiribati",2024,19,2.867737
296,"Kiribati",2024,20,3.623492
296,"Kiribati",2024,21,4.283758
296,"Kiribati",2024,22,4.823683
296,"Kiribati",2024,23,5.210723
296,"Kiribati",2024,24,5.438234
296,"Kiribati",2024,25,5.511962
296,"Kiribati",2024,26,5.446768
296,"Kiribati",2024,27,5.32846
296,"Kiribati",2024,28,5.174771
296,"Kiribati",2024,29,4.980293
296,"Kiribati",2024,30,4.741582
296,"Kiribati",2024,31,4.507166
296,"Kiribati",2024,32,4.280525
296,"Kiribati",2024,33,4.088698
296,"Kiribati",2024,34,3.91872
296,"Kiribati",2024,35,3.708045
296,"Kiribati",2024,36,3.401839
296,"Kiribati",2024,37,3.062698
296,"Kiribati",2024,38,2.696018
296,"Kiribati",2024,39,2.285812
296,"Kiribati",2024,40,1.813957
296,"Kiribati",2024,41,1.39834
296,"Kiribati",2024,42,1.021462
296,"Kiribati",2024,43,0.70047
296,"Kiribati",2024,44,0.44139
296,"Kiribati",2024,45,0.249623
296,"Kiribati",2024,46,0.131959
296,"Kiribati",2024,47,0.05839
296,"Kiribati",2024,48,0.020428
296,"Kiribati",2024,49,0.003474
296,"Kiribati",2024,50,0.001016
296,"Kiribati",2024,51,0.001089
296,"Kiribati",2024,52,0.001106
296,"Kiribati",2024,53,0.00112
296,"Kiribati",2024,54,0.000513
296,"Kiribati",2025,10,0.000151
296,"Kiribati",2025,11,0.002002
296,"Kiribati",2025,12,0.011873
296,"Kiribati",2025,13,0.054322
296,"Kiribati",2025,14,0.156046
296,"Kiribati",2025,15,0.370993
296,"Kiribati",2025,16,0.764589
296,"Kiribati",2025,17,1.351626
296,"Kiribati",2025,18,2.104124
296,"Kiribati",2025,19,2.881552
296,"Kiribati",2025,20,3.6349
296,"Kiribati",2025,21,4.292976
296,"Kiribati",2025,22,4.831482
296,"Kiribati",2025,23,5.218048
296,"Kiribati",2025,24,5.445874
296,"Kiribati",2025,25,5.519964
296,"Kiribati",2025,26,5.454815
296,"Kiribati",2025,27,5.33616
296,"Kiribati",2025,28,5.181665
296,"Kiribati",2025,29,4.985716
296,"Kiribati",2025,30,4.744761
296,"Kiribati",2025,31,4.507839
296,"Kiribati",2025,32,4.278521
296,"Kiribati",2025,33,4.08456
296,"Kiribati",2025,34,3.912974
296,"Kiribati",2025,35,3.700812
296,"Kiribati",2025,36,3.392529
296,"Kiribati",2025,37,3.051639
296,"Kiribati",2025,38,2.683608
296,"Kiribati",2025,39,2.272213
296,"Kiribati",2025,40,1.798929
296,"Kiribati",2025,41,1.383882
296,"Kiribati",2025,42,1.008754
296,"Kiribati",2025,43,0.690039
296,"Kiribati",2025,44,0.433499
296,"Kiribati",2025,45,0.244526
296,"Kiribati",2025,46,0.128677
296,"Kiribati",2025,47,0.056413
296,"Kiribati",2025,48,0.019313
296,"Kiribati",2025,49,0.003097
296,"Kiribati",2025,50,0.000886
296,"Kiribati",2025,51,0.001018
296,"Kiribati",2025,52,0.001049
296,"Kiribati",2025,53,0.001076
296,"Kiribati",2025,54,0.000507
296,"Kiribati",2026,10,0.000152
296,"Kiribati",2026,11,0.002023
296,"Kiribati",2026,12,0.011996
296,"Kiribati",2026,13,0.054883
296,"Kiribati",2026,14,0.157659
296,"Kiribati",2026,15,0.374827
296,"Kiribati",2026,16,0.77249
296,"Kiribati",2026,17,1.363749
296,"Kiribati",2026,18,2.117898
296,"Kiribati",2026,19,2.894686
296,"Kiribati",2026,20,3.645567
296,"Kiribati",2026,21,4.301464
296,"Kiribati",2026,22,4.838604
296,"Kiribati",2026,23,5.224782
296,"Kiribati",2026,24,5.453036
296,"Kiribati",2026,25,5.527626
296,"Kiribati",2026,26,5.462674
296,"Kiribati",2026,27,5.34381
296,"Kiribati",2026,28,5.18863
296,"Kiribati",2026,29,4.99131
296,"Kiribati",2026,30,4.748198
296,"Kiribati",2026,31,4.508827
296,"Kiribati",2026,32,4.276865
296,"Kiribati",2026,33,4.080782
296,"Kiribati",2026,34,3.907576
296,"Kiribati",2026,35,3.693905
296,"Kiribati",2026,36,3.383537
296,"Kiribati",2026,37,3.04089
296,"Kiribati",2026,38,2.671503
296,"Kiribati",2026,39,2.258927
296,"Kiribati",2026,40,1.784258
296,"Kiribati",2026,41,1.369779
296,"Kiribati",2026,42,0.996374
296,"Kiribati",2026,43,0.679897
296,"Kiribati",2026,44,0.425851
296,"Kiribati",2026,45,0.239604
296,"Kiribati",2026,46,0.125525
296,"Kiribati",2026,47,0.054534
296,"Kiribati",2026,48,0.018278
296,"Kiribati",2026,49,0.002768
296,"Kiribati",2026,50,0.000775
296,"Kiribati",2026,51,0.000952
296,"Kiribati",2026,52,0.000996
296,"Kiribati",2026,53,0.001033
296,"Kiribati",2026,54,5e-04
296,"Kiribati",2027,10,0.000154
296,"Kiribati",2027,11,0.002043
296,"Kiribati",2027,12,0.012113
296,"Kiribati",2027,13,0.055422
296,"Kiribati",2027,14,0.159206
296,"Kiribati",2027,15,0.378505
296,"Kiribati",2027,16,0.78007
296,"Kiribati",2027,17,1.375469
296,"Kiribati",2027,18,2.131099
296,"Kiribati",2027,19,2.907133
296,"Kiribati",2027,20,3.65551
296,"Kiribati",2027,21,4.309243
296,"Kiribati",2027,22,4.845074
296,"Kiribati",2027,23,5.230954
296,"Kiribati",2027,24,5.459753
296,"Kiribati",2027,25,5.53498
296,"Kiribati",2027,26,5.470379
296,"Kiribati",2027,27,5.351444
296,"Kiribati",2027,28,5.195699
296,"Kiribati",2027,29,4.997106
296,"Kiribati",2027,30,4.751922
296,"Kiribati",2027,31,4.510157
296,"Kiribati",2027,32,4.275584
296,"Kiribati",2027,33,4.077386
296,"Kiribati",2027,34,3.90255
296,"Kiribati",2027,35,3.687347
296,"Kiribati",2027,36,3.374882
296,"Kiribati",2027,37,3.030467
296,"Kiribati",2027,38,2.659716
296,"Kiribati",2027,39,2.245965
296,"Kiribati",2027,40,1.769947
296,"Kiribati",2027,41,1.356032
296,"Kiribati",2027,42,0.984318
296,"Kiribati",2027,43,0.670038
296,"Kiribati",2027,44,0.418441
296,"Kiribati",2027,45,0.234851
296,"Kiribati",2027,46,0.122497
296,"Kiribati",2027,47,0.052748
296,"Kiribati",2027,48,0.017315
296,"Kiribati",2027,49,0.002478
296,"Kiribati",2027,50,0.000679
296,"Kiribati",2027,51,0.000892
296,"Kiribati",2027,52,0.000946
296,"Kiribati",2027,53,0.000993
296,"Kiribati",2027,54,0.000494
296,"Kiribati",2028,10,0.000155
296,"Kiribati",2028,11,0.002062
296,"Kiribati",2028,12,0.01223
296,"Kiribati",2028,13,0.055955
296,"Kiribati",2028,14,0.160738
296,"Kiribati",2028,15,0.382147
296,"Kiribati",2028,16,0.787575
296,"Kiribati",2028,17,1.386777
296,"Kiribati",2028,18,2.143721
296,"Kiribati",2028,19,2.91889
296,"Kiribati",2028,20,3.664708
296,"Kiribati",2028,21,4.316294
296,"Kiribati",2028,22,4.850874
296,"Kiribati",2028,23,5.236544
296,"Kiribati",2028,24,5.466003
296,"Kiribati",2028,25,5.542006
296,"Kiribati",2028,26,5.477911
296,"Kiribati",2028,27,5.359043
296,"Kiribati",2028,28,5.202854
296,"Kiribati",2028,29,5.003088
296,"Kiribati",2028,30,4.755916
296,"Kiribati",2028,31,4.511814
296,"Kiribati",2028,32,4.274661
296,"Kiribati",2028,33,4.074359
296,"Kiribati",2028,34,3.897881
296,"Kiribati",2028,35,3.681122
296,"Kiribati",2028,36,3.366549
296,"Kiribati",2028,37,3.020356
296,"Kiribati",2028,38,2.648235
296,"Kiribati",2028,39,2.233314
296,"Kiribati",2028,40,1.755985
296,"Kiribati",2028,41,1.342628
296,"Kiribati",2028,42,0.972576
296,"Kiribati",2028,43,0.660453
296,"Kiribati",2028,44,0.411259
296,"Kiribati",2028,45,0.230261
296,"Kiribati",2028,46,0.119589
296,"Kiribati",2028,47,0.051049
296,"Kiribati",2028,48,0.016419
296,"Kiribati",2028,49,0.002223
296,"Kiribati",2028,50,0.000597
296,"Kiribati",2028,51,0.000836
296,"Kiribati",2028,52,9e-04
296,"Kiribati",2028,53,0.000955
296,"Kiribati",2028,54,0.000488
296,"Kiribati",2029,10,0.000157
296,"Kiribati",2029,11,0.002082
296,"Kiribati",2029,12,0.012347
296,"Kiribati",2029,13,0.056494
296,"Kiribati",2029,14,0.162285
296,"Kiribati",2029,15,0.385825
296,"Kiribati",2029,16,0.795157
296,"Kiribati",2029,17,1.397663
296,"Kiribati",2029,18,2.155755
296,"Kiribati",2029,19,2.929953
296,"Kiribati",2029,20,3.673152
296,"Kiribati",2029,21,4.322606
296,"Kiribati",2029,22,4.855994
296,"Kiribati",2029,23,5.241542
296,"Kiribati",2029,24,5.471776
296,"Kiribati",2029,25,5.548694
296,"Kiribati",2029,26,5.485258
296,"Kiribati",2029,27,5.366597
296,"Kiribati",2029,28,5.210087
296,"Kiribati",2029,29,5.009248
296,"Kiribati",2029,30,4.760176
296,"Kiribati",2029,31,4.513791
296,"Kiribati",2029,32,4.274091
296,"Kiribati",2029,33,4.071693
296,"Kiribati",2029,34,3.89356
296,"Kiribati",2029,35,3.675222
296,"Kiribati",2029,36,3.358531
296,"Kiribati",2029,37,3.01055
296,"Kiribati",2029,38,2.63705
296,"Kiribati",2029,39,2.220966
296,"Kiribati",2029,40,1.742362
296,"Kiribati",2029,41,1.329558
296,"Kiribati",2029,42,0.961138
296,"Kiribati",2029,43,0.651133
296,"Kiribati",2029,44,0.404297
296,"Kiribati",2029,45,0.225829
296,"Kiribati",2029,46,0.116795
296,"Kiribati",2029,47,0.049434
296,"Kiribati",2029,48,0.015585
296,"Kiribati",2029,49,0.001999
296,"Kiribati",2029,50,0.000526
296,"Kiribati",2029,51,0.000785
296,"Kiribati",2029,52,0.000856
296,"Kiribati",2029,53,0.000919
296,"Kiribati",2029,54,0.000482
296,"Kiribati",2030,10,0.000158
296,"Kiribati",2030,11,0.002103
296,"Kiribati",2030,12,0.01247
296,"Kiribati",2030,13,0.057054
296,"Kiribati",2030,14,0.163895
296,"Kiribati",2030,15,0.389654
296,"Kiribati",2030,16,0.803048
296,"Kiribati",2030,17,1.408118
296,"Kiribati",2030,18,2.167193
296,"Kiribati",2030,19,2.940317
296,"Kiribati",2030,20,3.680822
296,"Kiribati",2030,21,4.328163
296,"Kiribati",2030,22,4.860414
296,"Kiribati",2030,23,5.245928
296,"Kiribati",2030,24,5.477053
296,"Kiribati",2030,25,5.555025
296,"Kiribati",2030,26,5.492403
296,"Kiribati",2030,27,5.374088
296,"Kiribati",2030,28,5.217381
296,"Kiribati",2030,29,5.015571
296,"Kiribati",2030,30,4.764684
296,"Kiribati",2030,31,4.516074
296,"Kiribati",2030,32,4.273858
296,"Kiribati",2030,33,4.069373
296,"Kiribati",2030,34,3.889575
296,"Kiribati",2030,35,3.669635
296,"Kiribati",2030,36,3.350815
296,"Kiribati",2030,37,3.001036
296,"Kiribati",2030,38,2.626152
296,"Kiribati",2030,39,2.20891
296,"Kiribati",2030,40,1.729066
296,"Kiribati",2030,41,1.316811
296,"Kiribati",2030,42,0.949994
296,"Kiribati",2030,43,0.642069
296,"Kiribati",2030,44,0.397548
296,"Kiribati",2030,45,0.221549
296,"Kiribati",2030,46,0.114112
296,"Kiribati",2030,47,0.047897
296,"Kiribati",2030,48,0.014807
296,"Kiribati",2030,49,0.001802
296,"Kiribati",2030,50,0.000464
296,"Kiribati",2030,51,0.000737
296,"Kiribati",2030,52,0.000815
296,"Kiribati",2030,53,0.000885
296,"Kiribati",2030,54,0.000475
296,"Kiribati",2031,10,0.00016
296,"Kiribati",2031,11,0.002122
296,"Kiribati",2031,12,0.012586
296,"Kiribati",2031,13,0.057586
296,"Kiribati",2031,14,0.165424
296,"Kiribati",2031,15,0.393288
296,"Kiribati",2031,16,0.810537
296,"Kiribati",2031,17,1.418134
296,"Kiribati",2031,18,2.17803
296,"Kiribati",2031,19,2.949979
296,"Kiribati",2031,20,3.687771
296,"Kiribati",2031,21,4.333026
296,"Kiribati",2031,22,4.864205
296,"Kiribati",2031,23,5.24978
296,"Kiribati",2031,24,5.481914
296,"Kiribati",2031,25,5.561078
296,"Kiribati",2031,26,5.499427
296,"Kiribati",2031,27,5.381597
296,"Kiribati",2031,28,5.224813
296,"Kiribati",2031,29,5.022131
296,"Kiribati",2031,30,4.769513
296,"Kiribati",2031,31,4.518729
296,"Kiribati",2031,32,4.274027
296,"Kiribati",2031,33,4.067461
296,"Kiribati",2031,34,3.885982
296,"Kiribati",2031,35,3.664414
296,"Kiribati",2031,36,3.343449
296,"Kiribati",2031,37,2.991855
296,"Kiribati",2031,38,2.615575
296,"Kiribati",2031,39,2.197174
296,"Kiribati",2031,40,1.716117
296,"Kiribati",2031,41,1.304398
296,"Kiribati",2031,42,0.93915
296,"Kiribati",2031,43,0.633262
296,"Kiribati",2031,44,0.39101
296,"Kiribati",2031,45,0.217416
296,"Kiribati",2031,46,0.111534
296,"Kiribati",2031,47,0.046435
296,"Kiribati",2031,48,0.014083
296,"Kiribati",2031,49,0.001627
296,"Kiribati",2031,50,0.000411
296,"Kiribati",2031,51,0.000693
296,"Kiribati",2031,52,0.000776
296,"Kiribati",2031,53,0.000852
296,"Kiribati",2031,54,0.000469
296,"Kiribati",2032,10,0.000161
296,"Kiribati",2032,11,0.002141
296,"Kiribati",2032,12,0.012699
296,"Kiribati",2032,13,0.058101
296,"Kiribati",2032,14,0.166902
296,"Kiribati",2032,15,0.396801
296,"Kiribati",2032,16,0.817777
296,"Kiribati",2032,17,1.427701
296,"Kiribati",2032,18,2.188258
296,"Kiribati",2032,19,2.958937
296,"Kiribati",2032,20,3.693985
296,"Kiribati",2032,21,4.337184
296,"Kiribati",2032,22,4.867357
296,"Kiribati",2032,23,5.253086
296,"Kiribati",2032,24,5.486346
296,"Kiribati",2032,25,5.566844
296,"Kiribati",2032,26,5.506319
296,"Kiribati",2032,27,5.389114
296,"Kiribati",2032,28,5.232376
296,"Kiribati",2032,29,5.02892
296,"Kiribati",2032,30,4.774656
296,"Kiribati",2032,31,4.52175
296,"Kiribati",2032,32,4.274588
296,"Kiribati",2032,33,4.065947
296,"Kiribati",2032,34,3.882773
296,"Kiribati",2032,35,3.65955
296,"Kiribati",2032,36,3.336424
296,"Kiribati",2032,37,2.983001
296,"Kiribati",2032,38,2.60531
296,"Kiribati",2032,39,2.18575
296,"Kiribati",2032,40,1.703506
296,"Kiribati",2032,41,1.292311
296,"Kiribati",2032,42,0.928598
296,"Kiribati",2032,43,0.624705
296,"Kiribati",2032,44,0.384675
296,"Kiribati",2032,45,0.213425
296,"Kiribati",2032,46,0.109057
296,"Kiribati",2032,47,0.045043
296,"Kiribati",2032,48,0.013407
296,"Kiribati",2032,49,0.001472
296,"Kiribati",2032,50,0.000365
296,"Kiribati",2032,51,0.000653
296,"Kiribati",2032,52,0.00074
296,"Kiribati",2032,53,0.000821
296,"Kiribati",2032,54,0.000462
296,"Kiribati",2033,10,0.000163
296,"Kiribati",2033,11,0.00216
296,"Kiribati",2033,12,0.012812
296,"Kiribati",2033,13,0.058617
296,"Kiribati",2033,14,0.168384
296,"Kiribati",2033,15,0.400326
296,"Kiribati",2033,16,0.825042
296,"Kiribati",2033,17,1.436812
296,"Kiribati",2033,18,2.19787
296,"Kiribati",2033,19,2.967187
296,"Kiribati",2033,20,3.699447
296,"Kiribati",2033,21,4.340617
296,"Kiribati",2033,22,4.869848
296,"Kiribati",2033,23,5.255823
296,"Kiribati",2033,24,5.490326
296,"Kiribati",2033,25,5.572298
296,"Kiribati",2033,26,5.513054
296,"Kiribati",2033,27,5.396614
296,"Kiribati",2033,28,5.240046
296,"Kiribati",2033,29,5.035918
296,"Kiribati",2033,30,4.780091
296,"Kiribati",2033,31,4.525118
296,"Kiribati",2033,32,4.275526
296,"Kiribati",2033,33,4.064813
296,"Kiribati",2033,34,3.87993
296,"Kiribati",2033,35,3.655026
296,"Kiribati",2033,36,3.329724
296,"Kiribati",2033,37,2.974457
296,"Kiribati",2033,38,2.595345
296,"Kiribati",2033,39,2.174625
296,"Kiribati",2033,40,1.691219
296,"Kiribati",2033,41,1.280538
296,"Kiribati",2033,42,0.918326
296,"Kiribati",2033,43,0.616388
296,"Kiribati",2033,44,0.378537
296,"Kiribati",2033,45,0.209572
296,"Kiribati",2033,46,0.106677
296,"Kiribati",2033,47,0.043718
296,"Kiribati",2033,48,0.012777
296,"Kiribati",2033,49,0.001335
296,"Kiribati",2033,50,0.000325
296,"Kiribati",2033,51,0.000615
296,"Kiribati",2033,52,0.000706
296,"Kiribati",2033,53,0.000791
296,"Kiribati",2033,54,0.000456
296,"Kiribati",2034,10,0.000164
296,"Kiribati",2034,11,0.002179
296,"Kiribati",2034,12,0.012925
296,"Kiribati",2034,13,0.059135
296,"Kiribati",2034,14,0.169873
296,"Kiribati",2034,15,0.403867
296,"Kiribati",2034,16,0.832339
296,"Kiribati",2034,17,1.445458
296,"Kiribati",2034,18,2.206863
296,"Kiribati",2034,19,2.974726
296,"Kiribati",2034,20,3.704155
296,"Kiribati",2034,21,4.343326
296,"Kiribati",2034,22,4.87168
296,"Kiribati",2034,23,5.257993
296,"Kiribati",2034,24,5.493857
296,"Kiribati",2034,25,5.577443
296,"Kiribati",2034,26,5.519636
296,"Kiribati",2034,27,5.404103
296,"Kiribati",2034,28,5.247828
296,"Kiribati",2034,29,5.043129
296,"Kiribati",2034,30,4.785825
296,"Kiribati",2034,31,4.528837
296,"Kiribati",2034,32,4.276842
296,"Kiribati",2034,33,4.064064
296,"Kiribati",2034,34,3.877455
296,"Kiribati",2034,35,3.650844
296,"Kiribati",2034,36,3.32335
296,"Kiribati",2034,37,2.966224
296,"Kiribati",2034,38,2.585677
296,"Kiribati",2034,39,2.163796
296,"Kiribati",2034,40,1.679253
296,"Kiribati",2034,41,1.269072
296,"Kiribati",2034,42,0.908329
296,"Kiribati",2034,43,0.608306
296,"Kiribati",2034,44,0.372588
296,"Kiribati",2034,45,0.205852
296,"Kiribati",2034,46,0.10439
296,"Kiribati",2034,47,0.042457
296,"Kiribati",2034,48,0.012188
296,"Kiribati",2034,49,0.001213
296,"Kiribati",2034,50,0.000289
296,"Kiribati",2034,51,0.000581
296,"Kiribati",2034,52,0.000674
296,"Kiribati",2034,53,0.000763
296,"Kiribati",2034,54,0.00045
296,"Kiribati",2035,10,0.000166
296,"Kiribati",2035,11,0.002199
296,"Kiribati",2035,12,0.013042
296,"Kiribati",2035,13,0.059673
296,"Kiribati",2035,14,0.171417
296,"Kiribati",2035,15,0.407536
296,"Kiribati",2035,16,0.839902
296,"Kiribati",2035,17,1.453634
296,"Kiribati",2035,18,2.215229
296,"Kiribati",2035,19,2.981554
296,"Kiribati",2035,20,3.708094
296,"Kiribati",2035,21,4.345295
296,"Kiribati",2035,22,4.872835
296,"Kiribati",2035,23,5.259577
296,"Kiribati",2035,24,5.496918
296,"Kiribati",2035,25,5.582257
296,"Kiribati",2035,26,5.526044
296,"Kiribati",2035,27,5.411561
296,"Kiribati",2035,28,5.255704
296,"Kiribati",2035,29,5.050536
296,"Kiribati",2035,30,4.79184
296,"Kiribati",2035,31,4.532891
296,"Kiribati",2035,32,4.278521
296,"Kiribati",2035,33,4.063683
296,"Kiribati",2035,34,3.875334
296,"Kiribati",2035,35,3.646989
296,"Kiribati",2035,36,3.317287
296,"Kiribati",2035,37,2.958287
296,"Kiribati",2035,38,2.576295
296,"Kiribati",2035,39,2.153252
296,"Kiribati",2035,40,1.667595
296,"Kiribati",2035,41,1.257903
296,"Kiribati",2035,42,0.898597
296,"Kiribati",2035,43,0.600449
296,"Kiribati",2035,44,0.366822
296,"Kiribati",2035,45,0.202261
296,"Kiribati",2035,46,0.102193
296,"Kiribati",2035,47,0.041257
296,"Kiribati",2035,48,0.011638
296,"Kiribati",2035,49,0.001105
296,"Kiribati",2035,50,0.000259
296,"Kiribati",2035,51,0.000549
296,"Kiribati",2035,52,0.000644
296,"Kiribati",2035,53,0.000736
296,"Kiribati",2035,54,0.000443
296,"Kiribati",2036,10,0.000167
296,"Kiribati",2036,11,0.002216
296,"Kiribati",2036,12,0.013144
296,"Kiribati",2036,13,0.060137
296,"Kiribati",2036,14,0.172751
296,"Kiribati",2036,15,0.410708
296,"Kiribati",2036,16,0.846438
296,"Kiribati",2036,17,1.461331
296,"Kiribati",2036,18,2.222964
296,"Kiribati",2036,19,2.987668
296,"Kiribati",2036,20,3.711356
296,"Kiribati",2036,21,4.346634
296,"Kiribati",2036,22,4.873438
296,"Kiribati",2036,23,5.260711
296,"Kiribati",2036,24,5.49965
296,"Kiribati",2036,25,5.586884
296,"Kiribati",2036,26,5.532422
296,"Kiribati",2036,27,5.419127
296,"Kiribati",2036,28,5.26381
296,"Kiribati",2036,29,5.05827
296,"Kiribati",2036,30,4.798262
296,"Kiribati",2036,31,4.537399
296,"Kiribati",2036,32,4.280675
296,"Kiribati",2036,33,4.063775
296,"Kiribati",2036,34,3.873667
296,"Kiribati",2036,35,3.643556
296,"Kiribati",2036,36,3.311621
296,"Kiribati",2036,37,2.950721
296,"Kiribati",2036,38,2.567262
296,"Kiribati",2036,39,2.143044
296,"Kiribati",2036,40,1.656283
296,"Kiribati",2036,41,1.247057
296,"Kiribati",2036,42,0.889147
296,"Kiribati",2036,43,0.592827
296,"Kiribati",2036,44,0.361242
296,"Kiribati",2036,45,0.198793
296,"Kiribati",2036,46,0.100083
296,"Kiribati",2036,47,0.040113
296,"Kiribati",2036,48,0.011124
296,"Kiribati",2036,49,0.001008
296,"Kiribati",2036,50,0.000232
296,"Kiribati",2036,51,0.000519
296,"Kiribati",2036,52,0.000616
296,"Kiribati",2036,53,0.000711
296,"Kiribati",2036,54,0.000437
296,"Kiribati",2037,10,0.000168
296,"Kiribati",2037,11,0.002235
296,"Kiribati",2037,12,0.013252
296,"Kiribati",2037,13,0.060632
296,"Kiribati",2037,14,0.174173
296,"Kiribati",2037,15,0.414089
296,"Kiribati",2037,16,0.853406
296,"Kiribati",2037,17,1.468543
296,"Kiribati",2037,18,2.230064
296,"Kiribati",2037,19,2.993066
296,"Kiribati",2037,20,3.713837
296,"Kiribati",2037,21,4.347223
296,"Kiribati",2037,22,4.873355
296,"Kiribati",2037,23,5.261249
296,"Kiribati",2037,24,5.501901
296,"Kiribati",2037,25,5.591171
296,"Kiribati",2037,26,5.538616
296,"Kiribati",2037,27,5.426652
296,"Kiribati",2037,28,5.272001
296,"Kiribati",2037,29,5.066193
296,"Kiribati",2037,30,4.804961
296,"Kiribati",2037,31,4.542237
296,"Kiribati",2037,32,4.283187
296,"Kiribati",2037,33,4.06423
296,"Kiribati",2037,34,3.872346
296,"Kiribati",2037,35,3.640441
296,"Kiribati",2037,36,3.306258
296,"Kiribati",2037,37,2.943443
296,"Kiribati",2037,38,2.558504
296,"Kiribati",2037,39,2.13311
296,"Kiribati",2037,40,1.645267
296,"Kiribati",2037,41,1.236494
296,"Kiribati",2037,42,0.879947
296,"Kiribati",2037,43,0.585417
296,"Kiribati",2037,44,0.355834
296,"Kiribati",2037,45,0.195446
296,"Kiribati",2037,46,0.098055
296,"Kiribati",2037,47,0.039025
296,"Kiribati",2037,48,0.010643
296,"Kiribati",2037,49,0.000922
296,"Kiribati",2037,50,0.000209
296,"Kiribati",2037,51,0.000491
296,"Kiribati",2037,52,0.00059
296,"Kiribati",2037,53,0.000686
296,"Kiribati",2037,54,0.00043
296,"Kiribati",2038,10,0.00017
296,"Kiribati",2038,11,0.002255
296,"Kiribati",2038,12,0.013372
296,"Kiribati",2038,13,0.06118
296,"Kiribati",2038,14,0.175747
296,"Kiribati",2038,15,0.417831
296,"Kiribati",2038,16,0.861118
296,"Kiribati",2038,17,1.475264
296,"Kiribati",2038,18,2.236524
296,"Kiribati",2038,19,2.997747
296,"Kiribati",2038,20,3.715517
296,"Kiribati",2038,21,4.347038
296,"Kiribati",2038,22,4.87256
296,"Kiribati",2038,23,5.261162
296,"Kiribati",2038,24,5.503642
296,"Kiribati",2038,25,5.595085
296,"Kiribati",2038,26,5.544597
296,"Kiribati",2038,27,5.434108
296,"Kiribati",2038,28,5.280251
296,"Kiribati",2038,29,5.074279
296,"Kiribati",2038,30,4.81191
296,"Kiribati",2038,31,4.547381
296,"Kiribati",2038,32,4.286034
296,"Kiribati",2038,33,4.065025
296,"Kiribati",2038,34,3.87135
296,"Kiribati",2038,35,3.637626
296,"Kiribati",2038,36,3.301179
296,"Kiribati",2038,37,2.936435
296,"Kiribati",2038,38,2.550004
296,"Kiribati",2038,39,2.123435
296,"Kiribati",2038,40,1.634532
296,"Kiribati",2038,41,1.226201
296,"Kiribati",2038,42,0.870988
296,"Kiribati",2038,43,0.578211
296,"Kiribati",2038,44,0.350589
296,"Kiribati",2038,45,0.192215
296,"Kiribati",2038,46,0.096107
296,"Kiribati",2038,47,0.037988
296,"Kiribati",2038,48,0.010194
296,"Kiribati",2038,49,0.000845
296,"Kiribati",2038,50,0.000188
296,"Kiribati",2038,51,0.000466
296,"Kiribati",2038,52,0.000565
296,"Kiribati",2038,53,0.000663
296,"Kiribati",2038,54,0.000424
296,"Kiribati",2039,10,0.000171
296,"Kiribati",2039,11,0.002277
296,"Kiribati",2039,12,0.013506
296,"Kiribati",2039,13,0.061792
296,"Kiribati",2039,14,0.177506
296,"Kiribati",2039,15,0.422013
296,"Kiribati",2039,16,0.868366
296,"Kiribati",2039,17,1.481488
296,"Kiribati",2039,18,2.242341
296,"Kiribati",2039,19,3.001711
296,"Kiribati",2039,20,3.71644
296,"Kiribati",2039,21,4.346134
296,"Kiribati",2039,22,4.871112
296,"Kiribati",2039,23,5.260517
296,"Kiribati",2039,24,5.50494
296,"Kiribati",2039,25,5.598696
296,"Kiribati",2039,26,5.550431
296,"Kiribati",2039,27,5.441561
296,"Kiribati",2039,28,5.288624
296,"Kiribati",2039,29,5.082591
296,"Kiribati",2039,30,4.819172
296,"Kiribati",2039,31,4.552889
296,"Kiribati",2039,32,4.28927
296,"Kiribati",2039,33,4.066211
296,"Kiribati",2039,34,3.870727
296,"Kiribati",2039,35,3.635154
296,"Kiribati",2039,36,3.296423
296,"Kiribati",2039,37,2.929731
296,"Kiribati",2039,38,2.541793
296,"Kiribati",2039,39,2.114042
296,"Kiribati",2039,40,1.624094
296,"Kiribati",2039,41,1.216188
296,"Kiribati",2039,42,0.862275
296,"Kiribati",2039,43,0.571212
296,"Kiribati",2039,44,0.345507
296,"Kiribati",2039,45,0.189097
296,"Kiribati",2039,46,0.094235
296,"Kiribati",2039,47,0.037
296,"Kiribati",2039,48,0.009773
296,"Kiribati",2039,49,0.000776
296,"Kiribati",2039,50,0.00017
296,"Kiribati",2039,51,0.000442
296,"Kiribati",2039,52,0.000542
296,"Kiribati",2039,53,0.000641
296,"Kiribati",2039,54,0.000417
296,"Kiribati",2040,10,0.000173
296,"Kiribati",2040,11,0.0023
296,"Kiribati",2040,12,0.013642
296,"Kiribati",2040,13,0.062418
296,"Kiribati",2040,14,0.179304
296,"Kiribati",2040,15,0.426287
296,"Kiribati",2040,16,0.873308
296,"Kiribati",2040,17,1.48721
296,"Kiribati",2040,18,2.247511
296,"Kiribati",2040,19,3.004957
296,"Kiribati",2040,20,3.716705
296,"Kiribati",2040,21,4.344628
296,"Kiribati",2040,22,4.869145
296,"Kiribati",2040,23,5.259453
296,"Kiribati",2040,24,5.505942
296,"Kiribati",2040,25,5.602154
296,"Kiribati",2040,26,5.556269
296,"Kiribati",2040,27,5.449158
296,"Kiribati",2040,28,5.297264
296,"Kiribati",2040,29,5.091268
296,"Kiribati",2040,30,4.826877
296,"Kiribati",2040,31,4.558885
296,"Kiribati",2040,32,4.293012
296,"Kiribati",2040,33,4.067897
296,"Kiribati",2040,34,3.870581
296,"Kiribati",2040,35,3.633123
296,"Kiribati",2040,36,3.292078
296,"Kiribati",2040,37,2.923408
296,"Kiribati",2040,38,2.533936
296,"Kiribati",2040,39,2.104985
296,"Kiribati",2040,40,1.613992
296,"Kiribati",2040,41,1.206483
296,"Kiribati",2040,42,0.853826
296,"Kiribati",2040,43,0.564427
296,"Kiribati",2040,44,0.340593
296,"Kiribati",2040,45,0.186087
296,"Kiribati",2040,46,0.092437
296,"Kiribati",2040,47,0.036059
296,"Kiribati",2040,48,0.009379
296,"Kiribati",2040,49,0.000714
296,"Kiribati",2040,50,0.000154
296,"Kiribati",2040,51,0.00042
296,"Kiribati",2040,52,0.000519
296,"Kiribati",2040,53,0.00062
296,"Kiribati",2040,54,0.000411
296,"Kiribati",2041,10,0.000175
296,"Kiribati",2041,11,0.002321
296,"Kiribati",2041,12,0.013763
296,"Kiribati",2041,13,0.06297
296,"Kiribati",2041,14,0.18089
296,"Kiribati",2041,15,0.430058
296,"Kiribati",2041,16,0.877898
296,"Kiribati",2041,17,1.492425
296,"Kiribati",2041,18,2.252031
296,"Kiribati",2041,19,3.007484
296,"Kiribati",2041,20,3.716274
296,"Kiribati",2041,21,4.342474
296,"Kiribati",2041,22,4.866607
296,"Kiribati",2041,23,5.257918
296,"Kiribati",2041,24,5.506591
296,"Kiribati",2041,25,5.6054
296,"Kiribati",2041,26,5.562051
296,"Kiribati",2041,27,5.456842
296,"Kiribati",2041,28,5.306117
296,"Kiribati",2041,29,5.100258
296,"Kiribati",2041,30,4.834977
296,"Kiribati",2041,31,4.565323
296,"Kiribati",2041,32,4.297215
296,"Kiribati",2041,33,4.070043
296,"Kiribati",2041,34,3.870871
296,"Kiribati",2041,35,3.631494
296,"Kiribati",2041,36,3.288108
296,"Kiribati",2041,37,2.917433
296,"Kiribati",2041,38,2.526403
296,"Kiribati",2041,39,2.096237
296,"Kiribati",2041,40,1.604204
296,"Kiribati",2041,41,1.197067
296,"Kiribati",2041,42,0.845624
296,"Kiribati",2041,43,0.557847
296,"Kiribati",2041,44,0.335839
296,"Kiribati",2041,45,0.183183
296,"Kiribati",2041,46,0.090709
296,"Kiribati",2041,47,0.035162
296,"Kiribati",2041,48,0.009009
296,"Kiribati",2041,49,0.000659
296,"Kiribati",2041,50,0.000139
296,"Kiribati",2041,51,0.000399
296,"Kiribati",2041,52,0.000499
296,"Kiribati",2041,53,6e-04
296,"Kiribati",2041,54,0.000404
296,"Kiribati",2042,10,0.000176
296,"Kiribati",2042,11,0.002341
296,"Kiribati",2042,12,0.013884
296,"Kiribati",2042,13,0.063524
296,"Kiribati",2042,14,0.182481
296,"Kiribati",2042,15,0.433841
296,"Kiribati",2042,16,0.88213
296,"Kiribati",2042,17,1.497128
296,"Kiribati",2042,18,2.255899
296,"Kiribati",2042,19,3.009294
296,"Kiribati",2042,20,3.715116
296,"Kiribati",2042,21,4.339637
296,"Kiribati",2042,22,4.863459
296,"Kiribati",2042,23,5.255866
296,"Kiribati",2042,24,5.50684
296,"Kiribati",2042,25,5.608387
296,"Kiribati",2042,26,5.567732
296,"Kiribati",2042,27,5.464568
296,"Kiribati",2042,28,5.315138
296,"Kiribati",2042,29,5.10952
296,"Kiribati",2042,30,4.843433
296,"Kiribati",2042,31,4.572167
296,"Kiribati",2042,32,4.301845
296,"Kiribati",2042,33,4.072613
296,"Kiribati",2042,34,3.871566
296,"Kiribati",2042,35,3.630236
296,"Kiribati",2042,36,3.284484
296,"Kiribati",2042,37,2.91178
296,"Kiribati",2042,38,2.519171
296,"Kiribati",2042,39,2.087778
296,"Kiribati",2042,40,1.594711
296,"Kiribati",2042,41,1.187924
296,"Kiribati",2042,42,0.837659
296,"Kiribati",2042,43,0.551461
296,"Kiribati",2042,44,0.331235
296,"Kiribati",2042,45,0.180382
296,"Kiribati",2042,46,0.08905
296,"Kiribati",2042,47,0.034308
296,"Kiribati",2042,48,0.008663
296,"Kiribati",2042,49,0.000609
296,"Kiribati",2042,50,0.000127
296,"Kiribati",2042,51,0.00038
296,"Kiribati",2042,52,0.000479
296,"Kiribati",2042,53,0.000581
296,"Kiribati",2042,54,0.000398
296,"Kiribati",2043,10,0.000178
296,"Kiribati",2043,11,0.002362
296,"Kiribati",2043,12,0.014009
296,"Kiribati",2043,13,0.064094
296,"Kiribati",2043,14,0.184118
296,"Kiribati",2043,15,0.437734
296,"Kiribati",2043,16,0.886
296,"Kiribati",2043,17,1.501316
296,"Kiribati",2043,18,2.259113
296,"Kiribati",2043,19,3.010385
296,"Kiribati",2043,20,3.713225
296,"Kiribati",2043,21,4.336114
296,"Kiribati",2043,22,4.859694
296,"Kiribati",2043,23,5.253291
296,"Kiribati",2043,24,5.506683
296,"Kiribati",2043,25,5.611105
296,"Kiribati",2043,26,5.573303
296,"Kiribati",2043,27,5.472329
296,"Kiribati",2043,28,5.324321
296,"Kiribati",2043,29,5.119047
296,"Kiribati",2043,30,4.85224
296,"Kiribati",2043,31,4.579411
296,"Kiribati",2043,32,4.306898
296,"Kiribati",2043,33,4.075604
296,"Kiribati",2043,34,3.872659
296,"Kiribati",2043,35,3.629343
296,"Kiribati",2043,36,3.2812
296,"Kiribati",2043,37,2.906443
296,"Kiribati",2043,38,2.512233
296,"Kiribati",2043,39,2.079602
296,"Kiribati",2043,40,1.585507
296,"Kiribati",2043,41,1.179047
296,"Kiribati",2043,42,0.829923
296,"Kiribati",2043,43,0.545263
296,"Kiribati",2043,44,0.326778
296,"Kiribati",2043,45,0.177679
296,"Kiribati",2043,46,0.087457
296,"Kiribati",2043,47,0.033495
296,"Kiribati",2043,48,0.008339
296,"Kiribati",2043,49,0.000564
296,"Kiribati",2043,50,0.000116
296,"Kiribati",2043,51,0.000363
296,"Kiribati",2043,52,0.00046
296,"Kiribati",2043,53,0.000563
296,"Kiribati",2043,54,0.000391
296,"Kiribati",2044,10,0.000179
296,"Kiribati",2044,11,0.002383
296,"Kiribati",2044,12,0.014134
296,"Kiribati",2044,13,0.064666
296,"Kiribati",2044,14,0.18576
296,"Kiribati",2044,15,0.441637
296,"Kiribati",2044,16,0.889503
296,"Kiribati",2044,17,1.504985
296,"Kiribati",2044,18,2.261671
296,"Kiribati",2044,19,3.010759
296,"Kiribati",2044,20,3.710611
296,"Kiribati",2044,21,4.331913
296,"Kiribati",2044,22,4.855325
296,"Kiribati",2044,23,5.250206
296,"Kiribati",2044,24,5.50613
296,"Kiribati",2044,25,5.613568
296,"Kiribati",2044,26,5.578776
296,"Kiribati",2044,27,5.480136
296,"Kiribati",2044,28,5.33368
296,"Kiribati",2044,29,5.128854
296,"Kiribati",2044,30,4.861412
296,"Kiribati",2044,31,4.587069
296,"Kiribati",2044,32,4.312384
296,"Kiribati",2044,33,4.079026
296,"Kiribati",2044,34,3.87416
296,"Kiribati",2044,35,3.628824
296,"Kiribati",2044,36,3.278263
296,"Kiribati",2044,37,2.901426
296,"Kiribati",2044,38,2.505593
296,"Kiribati",2044,39,2.07171
296,"Kiribati",2044,40,1.576591
296,"Kiribati",2044,41,1.170435
296,"Kiribati",2044,42,0.822413
296,"Kiribati",2044,43,0.539251
296,"Kiribati",2044,44,0.322465
296,"Kiribati",2044,45,0.175072
296,"Kiribati",2044,46,0.085927
296,"Kiribati",2044,47,0.03272
296,"Kiribati",2044,48,0.008035
296,"Kiribati",2044,49,0.000523
296,"Kiribati",2044,50,0.000106
296,"Kiribati",2044,51,0.000346
296,"Kiribati",2044,52,0.000443
296,"Kiribati",2044,53,0.000545
296,"Kiribati",2044,54,0.000385
296,"Kiribati",2045,10,0.000181
296,"Kiribati",2045,11,0.0024
296,"Kiribati",2045,12,0.014232
296,"Kiribati",2045,13,0.065117
296,"Kiribati",2045,14,0.187058
296,"Kiribati",2045,15,0.444722
296,"Kiribati",2045,16,0.892635
296,"Kiribati",2045,17,1.508131
296,"Kiribati",2045,18,2.263572
296,"Kiribati",2045,19,3.010417
296,"Kiribati",2045,20,3.707332
296,"Kiribati",2045,21,4.327103
296,"Kiribati",2045,22,4.850426
296,"Kiribati",2045,23,5.246689
296,"Kiribati",2045,24,5.505265
296,"Kiribati",2045,25,5.615859
296,"Kiribati",2045,26,5.584234
296,"Kiribati",2045,27,5.488072
296,"Kiribati",2045,28,5.343294
296,"Kiribati",2045,29,5.139017
296,"Kiribati",2045,30,4.871021
296,"Kiribati",2045,31,4.59521
296,"Kiribati",2045,32,4.318369
296,"Kiribati",2045,33,4.082939
296,"Kiribati",2045,34,3.876128
296,"Kiribati",2045,35,3.628732
296,"Kiribati",2045,36,3.275721
296,"Kiribati",2045,37,2.896772
296,"Kiribati",2045,38,2.499286
296,"Kiribati",2045,39,2.064129
296,"Kiribati",2045,40,1.567983
296,"Kiribati",2045,41,1.1621
296,"Kiribati",2045,42,0.815137
296,"Kiribati",2045,43,0.533426
296,"Kiribati",2045,44,0.318295
296,"Kiribati",2045,45,0.172557
296,"Kiribati",2045,46,0.084458
296,"Kiribati",2045,47,0.031982
296,"Kiribati",2045,48,0.00775
296,"Kiribati",2045,49,0.000487
296,"Kiribati",2045,50,9.7e-05
296,"Kiribati",2045,51,0.000331
296,"Kiribati",2045,52,0.000427
296,"Kiribati",2045,53,0.000529
296,"Kiribati",2045,54,0.000379
296,"Kiribati",2046,10,0.000182
296,"Kiribati",2046,11,0.002418
296,"Kiribati",2046,12,0.014339
296,"Kiribati",2046,13,0.065606
296,"Kiribati",2046,14,0.188462
296,"Kiribati",2046,15,0.447737
296,"Kiribati",2046,16,0.895393
296,"Kiribati",2046,17,1.510752
296,"Kiribati",2046,18,2.264815
296,"Kiribati",2046,19,3.00936
296,"Kiribati",2046,20,3.703332
296,"Kiribati",2046,21,4.32162
296,"Kiribati",2046,22,4.844925
296,"Kiribati",2046,23,5.242663
296,"Kiribati",2046,24,5.504004
296,"Kiribati",2046,25,5.617893
296,"Kiribati",2046,26,5.589593
296,"Kiribati",2046,27,5.496055
296,"Kiribati",2046,28,5.353085
296,"Kiribati",2046,29,5.149462
296,"Kiribati",2046,30,4.880998
296,"Kiribati",2046,31,4.603767
296,"Kiribati",2046,32,4.324792
296,"Kiribati",2046,33,4.087286
296,"Kiribati",2046,34,3.878504
296,"Kiribati",2046,35,3.629013
296,"Kiribati",2046,36,3.273524
296,"Kiribati",2046,37,2.892435
296,"Kiribati",2046,38,2.493272
296,"Kiribati",2046,39,2.056827
296,"Kiribati",2046,40,1.559653
296,"Kiribati",2046,41,1.154019
296,"Kiribati",2046,42,0.808078
296,"Kiribati",2046,43,0.527778
296,"Kiribati",2046,44,0.31426
296,"Kiribati",2046,45,0.170133
296,"Kiribati",2046,46,0.083047
296,"Kiribati",2046,47,0.031279
296,"Kiribati",2046,48,0.007482
296,"Kiribati",2046,49,0.000454
296,"Kiribati",2046,50,8.9e-05
296,"Kiribati",2046,51,0.000316
296,"Kiribati",2046,52,0.000411
296,"Kiribati",2046,53,0.000513
296,"Kiribati",2046,54,0.000372
296,"Kiribati",2047,10,0.000184
296,"Kiribati",2047,11,0.00244
296,"Kiribati",2047,12,0.014471
296,"Kiribati",2047,13,0.06621
296,"Kiribati",2047,14,0.190197
296,"Kiribati",2047,15,0.449109
296,"Kiribati",2047,16,0.897774
296,"Kiribati",2047,17,1.512846
296,"Kiribati",2047,18,2.2654
296,"Kiribati",2047,19,3.00759
296,"Kiribati",2047,20,3.698667
296,"Kiribati",2047,21,4.315526
296,"Kiribati",2047,22,4.838892
296,"Kiribati",2047,23,5.238202
296,"Kiribati",2047,24,5.502425
296,"Kiribati",2047,25,5.619749
296,"Kiribati",2047,26,5.594931
296,"Kiribati",2047,27,5.504162
296,"Kiribati",2047,28,5.363127
296,"Kiribati",2047,29,5.160263
296,"Kiribati",2047,30,4.891413
296,"Kiribati",2047,31,4.612808
296,"Kiribati",2047,32,4.331712
296,"Kiribati",2047,33,4.092123
296,"Kiribati",2047,34,3.881343
296,"Kiribati",2047,35,3.629718
296,"Kiribati",2047,36,3.271716
296,"Kiribati",2047,37,2.888454
296,"Kiribati",2047,38,2.487584
296,"Kiribati",2047,39,2.049829
296,"Kiribati",2047,40,1.551621
296,"Kiribati",2047,41,1.146204
296,"Kiribati",2047,42,0.801242
296,"Kiribati",2047,43,0.522309
296,"Kiribati",2047,44,0.310361
296,"Kiribati",2047,45,0.167796
296,"Kiribati",2047,46,0.081694
296,"Kiribati",2047,47,0.030609
296,"Kiribati",2047,48,0.007231
296,"Kiribati",2047,49,0.000424
296,"Kiribati",2047,50,8.2e-05
296,"Kiribati",2047,51,0.000303
296,"Kiribati",2047,52,0.000396
296,"Kiribati",2047,53,0.000498
296,"Kiribati",2047,54,0.000366
296,"Kiribati",2048,10,0.000185
296,"Kiribati",2048,11,0.002461
296,"Kiribati",2048,12,0.014592
296,"Kiribati",2048,13,0.066762
296,"Kiribati",2048,14,0.191782
296,"Kiribati",2048,15,0.450254
296,"Kiribati",2048,16,0.899773
296,"Kiribati",2048,17,1.514411
296,"Kiribati",2048,18,2.265326
296,"Kiribati",2048,19,3.005108
296,"Kiribati",2048,20,3.693308
296,"Kiribati",2048,21,4.308791
296,"Kiribati",2048,22,4.832291
296,"Kiribati",2048,23,5.233265
296,"Kiribati",2048,24,5.500486
296,"Kiribati",2048,25,5.621382
296,"Kiribati",2048,26,5.600205
296,"Kiribati",2048,27,5.51235
296,"Kiribati",2048,28,5.373382
296,"Kiribati",2048,29,5.17138
296,"Kiribati",2048,30,4.902231
296,"Kiribati",2048,31,4.6223
296,"Kiribati",2048,32,4.339101
296,"Kiribati",2048,33,4.097421
296,"Kiribati",2048,34,3.884617
296,"Kiribati",2048,35,3.630819
296,"Kiribati",2048,36,3.270271
296,"Kiribati",2048,37,2.884806
296,"Kiribati",2048,38,2.482201
296,"Kiribati",2048,39,2.043116
296,"Kiribati",2048,40,1.54387
296,"Kiribati",2048,41,1.138642
296,"Kiribati",2048,42,0.794619
296,"Kiribati",2048,43,0.51701
296,"Kiribati",2048,44,0.306591
296,"Kiribati",2048,45,0.165544
296,"Kiribati",2048,46,0.080395
296,"Kiribati",2048,47,0.029971
296,"Kiribati",2048,48,0.006995
296,"Kiribati",2048,49,0.000397
296,"Kiribati",2048,50,7.6e-05
296,"Kiribati",2048,51,0.00029
296,"Kiribati",2048,52,0.000382
296,"Kiribati",2048,53,0.000483
296,"Kiribati",2048,54,0.00036
296,"Kiribati",2049,10,0.000186
296,"Kiribati",2049,11,0.002477
296,"Kiribati",2049,12,0.014691
296,"Kiribati",2049,13,0.067218
296,"Kiribati",2049,14,0.193092
296,"Kiribati",2049,15,0.451169
296,"Kiribati",2049,16,0.90139
296,"Kiribati",2049,17,1.515445
296,"Kiribati",2049,18,2.264594
296,"Kiribati",2049,19,3.001916
296,"Kiribati",2049,20,3.687269
296,"Kiribati",2049,21,4.301426
296,"Kiribati",2049,22,4.825135
296,"Kiribati",2049,23,5.227866
296,"Kiribati",2049,24,5.498197
296,"Kiribati",2049,25,5.622804
296,"Kiribati",2049,26,5.605426
296,"Kiribati",2049,27,5.520632
296,"Kiribati",2049,28,5.38386
296,"Kiribati",2049,29,5.182828
296,"Kiribati",2049,30,4.913464
296,"Kiribati",2049,31,4.632254
296,"Kiribati",2049,32,4.346968
296,"Kiribati",2049,33,4.10319
296,"Kiribati",2049,34,3.888335
296,"Kiribati",2049,35,3.632323
296,"Kiribati",2049,36,3.269197
296,"Kiribati",2049,37,2.881494
296,"Kiribati",2049,38,2.477125
296,"Kiribati",2049,39,2.03669
296,"Kiribati",2049,40,1.536399
296,"Kiribati",2049,41,1.131331
296,"Kiribati",2049,42,0.788205
296,"Kiribati",2049,43,0.511879
296,"Kiribati",2049,44,0.302947
296,"Kiribati",2049,45,0.163374
296,"Kiribati",2049,46,0.079149
296,"Kiribati",2049,47,0.029365
296,"Kiribati",2049,48,0.006774
296,"Kiribati",2049,49,0.000372
296,"Kiribati",2049,50,7e-05
296,"Kiribati",2049,51,0.000278
296,"Kiribati",2049,52,0.000369
296,"Kiribati",2049,53,0.00047
296,"Kiribati",2049,54,0.000353
296,"Kiribati",2050,10,0.000188
296,"Kiribati",2050,11,0.002494
296,"Kiribati",2050,12,0.01479
296,"Kiribati",2050,13,0.067194
296,"Kiribati",2050,14,0.194388
296,"Kiribati",2050,15,0.451855
296,"Kiribati",2050,16,0.902622
296,"Kiribati",2050,17,1.515947
296,"Kiribati",2050,18,2.263205
296,"Kiribati",2050,19,2.998018
296,"Kiribati",2050,20,3.680554
296,"Kiribati",2050,21,4.293441
296,"Kiribati",2050,22,4.817431
296,"Kiribati",2050,23,5.222012
296,"Kiribati",2050,24,5.495566
296,"Kiribati",2050,25,5.624023
296,"Kiribati",2050,26,5.610601
296,"Kiribati",2050,27,5.529014
296,"Kiribati",2050,28,5.394571
296,"Kiribati",2050,29,5.194614
296,"Kiribati",2050,30,4.925121
296,"Kiribati",2050,31,4.642679
296,"Kiribati",2050,32,4.355323
296,"Kiribati",2050,33,4.109437
296,"Kiribati",2050,34,3.892502
296,"Kiribati",2050,35,3.634236
296,"Kiribati",2050,36,3.268497
296,"Kiribati",2050,37,2.878523
296,"Kiribati",2050,38,2.472359
296,"Kiribati",2050,39,2.030551
296,"Kiribati",2050,40,1.529207
296,"Kiribati",2050,41,1.124267
296,"Kiribati",2050,42,0.781999
296,"Kiribati",2050,43,0.506912
296,"Kiribati",2050,44,0.299427
296,"Kiribati",2050,45,0.161283
296,"Kiribati",2050,46,0.077954
296,"Kiribati",2050,47,0.028787
296,"Kiribati",2050,48,0.006567
296,"Kiribati",2050,49,0.00035
296,"Kiribati",2050,50,6.5e-05
296,"Kiribati",2050,51,0.000267
296,"Kiribati",2050,52,0.000357
296,"Kiribati",2050,53,0.000457
296,"Kiribati",2050,54,0.000347
296,"Kiribati",2051,10,0.000189
296,"Kiribati",2051,11,0.002507
296,"Kiribati",2051,12,0.014868
296,"Kiribati",2051,13,0.066883
296,"Kiribati",2051,14,0.195417
296,"Kiribati",2051,15,0.452309
296,"Kiribati",2051,16,0.903467
296,"Kiribati",2051,17,1.515918
296,"Kiribati",2051,18,2.26116
296,"Kiribati",2051,19,2.993416
296,"Kiribati",2051,20,3.673173
296,"Kiribati",2051,21,4.284841
296,"Kiribati",2051,22,4.809186
296,"Kiribati",2051,23,5.215709
296,"Kiribati",2051,24,5.492599
296,"Kiribati",2051,25,5.625042
296,"Kiribati",2051,26,5.615734
296,"Kiribati",2051,27,5.537503
296,"Kiribati",2051,28,5.40552
296,"Kiribati",2051,29,5.206745
296,"Kiribati",2051,30,4.937209
296,"Kiribati",2051,31,4.653582
296,"Kiribati",2051,32,4.36417
296,"Kiribati",2051,33,4.116168
296,"Kiribati",2051,34,3.897124
296,"Kiribati",2051,35,3.636561
296,"Kiribati",2051,36,3.268173
296,"Kiribati",2051,37,2.875892
296,"Kiribati",2051,38,2.467902
296,"Kiribati",2051,39,2.024698
296,"Kiribati",2051,40,1.522291
296,"Kiribati",2051,41,1.117449
296,"Kiribati",2051,42,0.775995
296,"Kiribati",2051,43,0.502106
296,"Kiribati",2051,44,0.296028
296,"Kiribati",2051,45,0.15927
296,"Kiribati",2051,46,0.076808
296,"Kiribati",2051,47,0.028237
296,"Kiribati",2051,48,0.006372
296,"Kiribati",2051,49,0.00033
296,"Kiribati",2051,50,6.1e-05
296,"Kiribati",2051,51,0.000257
296,"Kiribati",2051,52,0.000345
296,"Kiribati",2051,53,0.000444
296,"Kiribati",2051,54,0.000341
296,"Kiribati",2052,10,0.00019
296,"Kiribati",2052,11,0.002525
296,"Kiribati",2052,12,0.014972
296,"Kiribati",2052,13,0.066508
296,"Kiribati",2052,14,0.196784
296,"Kiribati",2052,15,0.452531
296,"Kiribati",2052,16,0.903925
296,"Kiribati",2052,17,1.515356
296,"Kiribati",2052,18,2.25846
296,"Kiribati",2052,19,2.988112
296,"Kiribati",2052,20,3.665093
296,"Kiribati",2052,21,4.275589
296,"Kiribati",2052,22,4.800358
296,"Kiribati",2052,23,5.208909
296,"Kiribati",2052,24,5.489243
296,"Kiribati",2052,25,5.625807
296,"Kiribati",2052,26,5.620772
296,"Kiribati",2052,27,5.546044
296,"Kiribati",2052,28,5.416656
296,"Kiribati",2052,29,5.219173
296,"Kiribati",2052,30,4.949684
296,"Kiribati",2052,31,4.664922
296,"Kiribati",2052,32,4.373471
296,"Kiribati",2052,33,4.123346
296,"Kiribati",2052,34,3.902164
296,"Kiribati",2052,35,3.639265
296,"Kiribati",2052,36,3.268193
296,"Kiribati",2052,37,2.873574
296,"Kiribati",2052,38,2.463729
296,"Kiribati",2052,39,2.019109
296,"Kiribati",2052,40,1.515634
296,"Kiribati",2052,41,1.110861
296,"Kiribati",2052,42,0.770184
296,"Kiribati",2052,43,0.497452
296,"Kiribati",2052,44,0.292742
296,"Kiribati",2052,45,0.157332
296,"Kiribati",2052,46,0.07571
296,"Kiribati",2052,47,0.027714
296,"Kiribati",2052,48,0.006189
296,"Kiribati",2052,49,0.000311
296,"Kiribati",2052,50,5.7e-05
296,"Kiribati",2052,51,0.000248
296,"Kiribati",2052,52,0.000334
296,"Kiribati",2052,53,0.000432
296,"Kiribati",2052,54,0.000334
296,"Kiribati",2053,10,0.000191
296,"Kiribati",2053,11,0.002541
296,"Kiribati",2053,12,0.015067
296,"Kiribati",2053,13,0.066072
296,"Kiribati",2053,14,0.198025
296,"Kiribati",2053,15,0.452521
296,"Kiribati",2053,16,0.903995
296,"Kiribati",2053,17,1.514263
296,"Kiribati",2053,18,2.255109
296,"Kiribati",2053,19,2.982111
296,"Kiribati",2053,20,3.656337
296,"Kiribati",2053,21,4.265713
296,"Kiribati",2053,22,4.790973
296,"Kiribati",2053,23,5.20164
296,"Kiribati",2053,24,5.485528
296,"Kiribati",2053,25,5.626348
296,"Kiribati",2053,26,5.625744
296,"Kiribati",2053,27,5.554669
296,"Kiribati",2053,28,5.42801
296,"Kiribati",2053,29,5.231928
296,"Kiribati",2053,30,4.962575
296,"Kiribati",2053,31,4.676726
296,"Kiribati",2053,32,4.383253
296,"Kiribati",2053,33,4.130994
296,"Kiribati",2053,34,3.907646
296,"Kiribati",2053,35,3.642367
296,"Kiribati",2053,36,3.268576
296,"Kiribati",2053,37,2.871584
296,"Kiribati",2053,38,2.459852
296,"Kiribati",2053,39,2.013794
296,"Kiribati",2053,40,1.50924
296,"Kiribati",2053,41,1.104505
296,"Kiribati",2053,42,0.764565
296,"Kiribati",2053,43,0.49295
296,"Kiribati",2053,44,0.28957
296,"Kiribati",2053,45,0.155467
296,"Kiribati",2053,46,0.074658
296,"Kiribati",2053,47,0.027217
296,"Kiribati",2053,48,0.006018
296,"Kiribati",2053,49,0.000295
296,"Kiribati",2053,50,5.3e-05
296,"Kiribati",2053,51,0.000239
296,"Kiribati",2053,52,0.000324
296,"Kiribati",2053,53,0.00042
296,"Kiribati",2053,54,0.000328
296,"Kiribati",2054,10,0.000193
296,"Kiribati",2054,11,0.002559
296,"Kiribati",2054,12,0.015178
296,"Kiribati",2054,13,0.065574
296,"Kiribati",2054,14,0.199442
296,"Kiribati",2054,15,0.452279
296,"Kiribati",2054,16,0.903676
296,"Kiribati",2054,17,1.512638
296,"Kiribati",2054,18,2.251107
296,"Kiribati",2054,19,2.975415
296,"Kiribati",2054,20,3.646899
296,"Kiribati",2054,21,4.2552
296,"Kiribati",2054,22,4.781019
296,"Kiribati",2054,23,5.193885
296,"Kiribati",2054,24,5.481434
296,"Kiribati",2054,25,5.626645
296,"Kiribati",2054,26,5.630629
296,"Kiribati",2054,27,5.563356
296,"Kiribati",2054,28,5.439561
296,"Kiribati",2054,29,5.244993
296,"Kiribati",2054,30,4.975865
296,"Kiribati",2054,31,4.68898
296,"Kiribati",2054,32,4.393502
296,"Kiribati",2054,33,4.1391
296,"Kiribati",2054,34,3.913555
296,"Kiribati",2054,35,3.645855
296,"Kiribati",2054,36,3.269309
296,"Kiribati",2054,37,2.869909
296,"Kiribati",2054,38,2.45626
296,"Kiribati",2054,39,2.008742
296,"Kiribati",2054,40,1.503101
296,"Kiribati",2054,41,1.098375
296,"Kiribati",2054,42,0.759132
296,"Kiribati",2054,43,0.488595
296,"Kiribati",2054,44,0.286507
296,"Kiribati",2054,45,0.153672
296,"Kiribati",2054,46,0.07365
296,"Kiribati",2054,47,0.026745
296,"Kiribati",2054,48,0.005857
296,"Kiribati",2054,49,0.000279
296,"Kiribati",2054,50,5e-05
296,"Kiribati",2054,51,0.00023
296,"Kiribati",2054,52,0.000314
296,"Kiribati",2054,53,0.00041
296,"Kiribati",2054,54,0.000322
296,"Kiribati",2055,10,0.000194
296,"Kiribati",2055,11,0.002578
296,"Kiribati",2055,12,0.015285
296,"Kiribati",2055,13,0.065016
296,"Kiribati",2055,14,0.199222
296,"Kiribati",2055,15,0.451804
296,"Kiribati",2055,16,0.902968
296,"Kiribati",2055,17,1.510485
296,"Kiribati",2055,18,2.246459
296,"Kiribati",2055,19,2.968029
296,"Kiribati",2055,20,3.636853
296,"Kiribati",2055,21,4.244139
296,"Kiribati",2055,22,4.770592
296,"Kiribati",2055,23,5.18575
296,"Kiribati",2055,24,5.477071
296,"Kiribati",2055,25,5.626809
296,"Kiribati",2055,26,5.635539
296,"Kiribati",2055,27,5.572216
296,"Kiribati",2055,28,5.451421
296,"Kiribati",2055,29,5.258474
296,"Kiribati",2055,30,4.989659
296,"Kiribati",2055,31,4.701782
296,"Kiribati",2055,32,4.404307
296,"Kiribati",2055,33,4.147748
296,"Kiribati",2055,34,3.919973
296,"Kiribati",2055,35,3.649803
296,"Kiribati",2055,36,3.270458
296,"Kiribati",2055,37,2.868606
296,"Kiribati",2055,38,2.453002
296,"Kiribati",2055,39,2.003992
296,"Kiribati",2055,40,1.497244
296,"Kiribati",2055,41,1.092488
296,"Kiribati",2055,42,0.753897
296,"Kiribati",2055,43,0.484393
296,"Kiribati",2055,44,0.283555
296,"Kiribati",2055,45,0.151947
296,"Kiribati",2055,46,0.072685
296,"Kiribati",2055,47,0.026296
296,"Kiribati",2055,48,0.005706
296,"Kiribati",2055,49,0.000265
296,"Kiribati",2055,50,4.7e-05
296,"Kiribati",2055,51,0.000223
296,"Kiribati",2055,52,0.000304
296,"Kiribati",2055,53,0.000399
296,"Kiribati",2055,54,0.000316
296,"Kiribati",2056,10,0.000195
296,"Kiribati",2056,11,0.002595
296,"Kiribati",2056,12,0.015391
296,"Kiribati",2056,13,0.0644
296,"Kiribati",2056,14,0.198878
296,"Kiribati",2056,15,0.451098
296,"Kiribati",2056,16,0.901874
296,"Kiribati",2056,17,1.507804
296,"Kiribati",2056,18,2.241167
296,"Kiribati",2056,19,2.959957
296,"Kiribati",2056,20,3.626146
296,"Kiribati",2056,21,4.232463
296,"Kiribati",2056,22,4.759615
296,"Kiribati",2056,23,5.177149
296,"Kiribati",2056,24,5.472346
296,"Kiribati",2056,25,5.626745
296,"Kiribati",2056,26,5.640379
296,"Kiribati",2056,27,5.581156
296,"Kiribati",2056,28,5.463498
296,"Kiribati",2056,29,5.272285
296,"Kiribati",2056,30,5.003873
296,"Kiribati",2056,31,4.715054
296,"Kiribati",2056,32,4.4156
296,"Kiribati",2056,33,4.156873
296,"Kiribati",2056,34,3.926834
296,"Kiribati",2056,35,3.65415
296,"Kiribati",2056,36,3.271967
296,"Kiribati",2056,37,2.867626
296,"Kiribati",2056,38,2.450033
296,"Kiribati",2056,39,1.999507
296,"Kiribati",2056,40,1.491641
296,"Kiribati",2056,41,1.086823
296,"Kiribati",2056,42,0.748843
296,"Kiribati",2056,43,0.480332
296,"Kiribati",2056,44,0.280708
296,"Kiribati",2056,45,0.150289
296,"Kiribati",2056,46,0.071763
296,"Kiribati",2056,47,0.025871
296,"Kiribati",2056,48,0.005565
296,"Kiribati",2056,49,0.000253
296,"Kiribati",2056,50,4.4e-05
296,"Kiribati",2056,51,0.000215
296,"Kiribati",2056,52,0.000296
296,"Kiribati",2056,53,0.000389
296,"Kiribati",2056,54,0.00031
296,"Kiribati",2057,10,0.000196
296,"Kiribati",2057,11,0.00261
296,"Kiribati",2057,12,0.015476
296,"Kiribati",2057,13,0.063728
296,"Kiribati",2057,14,0.198413
296,"Kiribati",2057,15,0.450161
296,"Kiribati",2057,16,0.900392
296,"Kiribati",2057,17,1.504597
296,"Kiribati",2057,18,2.235235
296,"Kiribati",2057,19,2.951203
296,"Kiribati",2057,20,3.61478
296,"Kiribati",2057,21,4.220176
296,"Kiribati",2057,22,4.748092
296,"Kiribati",2057,23,5.168083
296,"Kiribati",2057,24,5.467261
296,"Kiribati",2057,25,5.626452
296,"Kiribati",2057,26,5.645147
296,"Kiribati",2057,27,5.590177
296,"Kiribati",2057,28,5.475793
296,"Kiribati",2057,29,5.286429
296,"Kiribati",2057,30,5.018512
296,"Kiribati",2057,31,4.728802
296,"Kiribati",2057,32,4.427382
296,"Kiribati",2057,33,4.166476
296,"Kiribati",2057,34,3.934141
296,"Kiribati",2057,35,3.658897
296,"Kiribati",2057,36,3.273837
296,"Kiribati",2057,37,2.86697
296,"Kiribati",2057,38,2.447354
296,"Kiribati",2057,39,1.995286
296,"Kiribati",2057,40,1.486288
296,"Kiribati",2057,41,1.081376
296,"Kiribati",2057,42,0.743967
296,"Kiribati",2057,43,0.47641
296,"Kiribati",2057,44,0.277963
296,"Kiribati",2057,45,0.148696
296,"Kiribati",2057,46,0.07088
296,"Kiribati",2057,47,0.025467
296,"Kiribati",2057,48,0.005433
296,"Kiribati",2057,49,0.000241
296,"Kiribati",2057,50,4.2e-05
296,"Kiribati",2057,51,0.000208
296,"Kiribati",2057,52,0.000287
296,"Kiribati",2057,53,0.000379
296,"Kiribati",2057,54,0.000304
296,"Kiribati",2058,10,0.000198
296,"Kiribati",2058,11,0.002627
296,"Kiribati",2058,12,0.015576
296,"Kiribati",2058,13,0.063001
296,"Kiribati",2058,14,0.197825
296,"Kiribati",2058,15,0.448995
296,"Kiribati",2058,16,0.898526
296,"Kiribati",2058,17,1.500868
296,"Kiribati",2058,18,2.228668
296,"Kiribati",2058,19,2.941773
296,"Kiribati",2058,20,3.602761
296,"Kiribati",2058,21,4.20728
296,"Kiribati",2058,22,4.736023
296,"Kiribati",2058,23,5.15855
296,"Kiribati",2058,24,5.461811
296,"Kiribati",2058,25,5.625925
296,"Kiribati",2058,26,5.64984
296,"Kiribati",2058,27,5.599272
296,"Kiribati",2058,28,5.488303
296,"Kiribati",2058,29,5.300901
296,"Kiribati",2058,30,5.033575
296,"Kiribati",2058,31,4.743023
296,"Kiribati",2058,32,4.439655
296,"Kiribati",2058,33,4.176556
296,"Kiribati",2058,34,3.941893
296,"Kiribati",2058,35,3.664043
296,"Kiribati",2058,36,3.276065
296,"Kiribati",2058,37,2.866633
296,"Kiribati",2058,38,2.444961
296,"Kiribati",2058,39,1.991325
296,"Kiribati",2058,40,1.481181
296,"Kiribati",2058,41,1.076143
296,"Kiribati",2058,42,0.739266
296,"Kiribati",2058,43,0.472624
296,"Kiribati",2058,44,0.275317
296,"Kiribati",2058,45,0.147166
296,"Kiribati",2058,46,0.070037
296,"Kiribati",2058,47,0.025084
296,"Kiribati",2058,48,0.005309
296,"Kiribati",2058,49,0.000231
296,"Kiribati",2058,50,3.9e-05
296,"Kiribati",2058,51,0.000202
296,"Kiribati",2058,52,0.000279
296,"Kiribati",2058,53,0.00037
296,"Kiribati",2058,54,0.000298
296,"Kiribati",2059,10,0.000199
296,"Kiribati",2059,11,0.002643
296,"Kiribati",2059,12,0.015672
296,"Kiribati",2059,13,0.062222
296,"Kiribati",2059,14,0.197117
296,"Kiribati",2059,15,0.447601
296,"Kiribati",2059,16,0.896276
296,"Kiribati",2059,17,1.496619
296,"Kiribati",2059,18,2.221469
296,"Kiribati",2059,19,2.931671
296,"Kiribati",2059,20,3.590093
296,"Kiribati",2059,21,4.193781
296,"Kiribati",2059,22,4.723409
296,"Kiribati",2059,23,5.148551
296,"Kiribati",2059,24,5.455996
296,"Kiribati",2059,25,5.625164
296,"Kiribati",2059,26,5.654454
296,"Kiribati",2059,27,5.608442
296,"Kiribati",2059,28,5.501027
296,"Kiribati",2059,29,5.315706
296,"Kiribati",2059,30,5.049063
296,"Kiribati",2059,31,4.757722
296,"Kiribati",2059,32,4.452419
296,"Kiribati",2059,33,4.187118
296,"Kiribati",2059,34,3.950092
296,"Kiribati",2059,35,3.669588
296,"Kiribati",2059,36,3.278653
296,"Kiribati",2059,37,2.866616
296,"Kiribati",2059,38,2.442853
296,"Kiribati",2059,39,1.987624
296,"Kiribati",2059,40,1.476319
296,"Kiribati",2059,41,1.071122
296,"Kiribati",2059,42,0.734737
296,"Kiribati",2059,43,0.46897
296,"Kiribati",2059,44,0.272768
296,"Kiribati",2059,45,0.145698
296,"Kiribati",2059,46,0.069232
296,"Kiribati",2059,47,0.024721
296,"Kiribati",2059,48,0.005193
296,"Kiribati",2059,49,0.000221
296,"Kiribati",2059,50,3.7e-05
296,"Kiribati",2059,51,0.000196
296,"Kiribati",2059,52,0.000272
296,"Kiribati",2059,53,0.000361
296,"Kiribati",2059,54,0.000292
296,"Kiribati",2060,10,2e-04
296,"Kiribati",2060,11,0.002662
296,"Kiribati",2060,12,0.015788
296,"Kiribati",2060,13,0.061392
296,"Kiribati",2060,14,0.196289
296,"Kiribati",2060,15,0.445981
296,"Kiribati",2060,16,0.893646
296,"Kiribati",2060,17,1.491855
296,"Kiribati",2060,18,2.213644
296,"Kiribati",2060,19,2.920902
296,"Kiribati",2060,20,3.57678
296,"Kiribati",2060,21,4.179679
296,"Kiribati",2060,22,4.710253
296,"Kiribati",2060,23,5.138085
296,"Kiribati",2060,24,5.449813
296,"Kiribati",2060,25,5.624164
296,"Kiribati",2060,26,5.658987
296,"Kiribati",2060,27,5.617682
296,"Kiribati",2060,28,5.513963
296,"Kiribati",2060,29,5.330839
296,"Kiribati",2060,30,5.064977
296,"Kiribati",2060,31,4.772899
296,"Kiribati",2060,32,4.465676
296,"Kiribati",2060,33,4.198159
296,"Kiribati",2060,34,3.958737
296,"Kiribati",2060,35,3.675532
296,"Kiribati",2060,36,3.281596
296,"Kiribati",2060,37,2.866916
296,"Kiribati",2060,38,2.441026
296,"Kiribati",2060,39,1.984177
296,"Kiribati",2060,40,1.471698
296,"Kiribati",2060,41,1.066309
296,"Kiribati",2060,42,0.730376
296,"Kiribati",2060,43,0.465446
296,"Kiribati",2060,44,0.270313
296,"Kiribati",2060,45,0.14429
296,"Kiribati",2060,46,0.068464
296,"Kiribati",2060,47,0.024378
296,"Kiribati",2060,48,0.005085
296,"Kiribati",2060,49,0.000212
296,"Kiribati",2060,50,3.6e-05
296,"Kiribati",2060,51,0.00019
296,"Kiribati",2060,52,0.000265
296,"Kiribati",2060,53,0.000353
296,"Kiribati",2060,54,0.000286
296,"Kiribati",2061,10,0.000202
296,"Kiribati",2061,11,0.002678
296,"Kiribati",2061,12,0.015882
296,"Kiribati",2061,13,0.060514
296,"Kiribati",2061,14,0.195344
296,"Kiribati",2061,15,0.444137
296,"Kiribati",2061,16,0.890638
296,"Kiribati",2061,17,1.486578
296,"Kiribati",2061,18,2.205197
296,"Kiribati",2061,19,2.909473
296,"Kiribati",2061,20,3.56283
296,"Kiribati",2061,21,4.16498
296,"Kiribati",2061,22,4.696557
296,"Kiribati",2061,23,5.127155
296,"Kiribati",2061,24,5.443263
296,"Kiribati",2061,25,5.622925
296,"Kiribati",2061,26,5.663436
296,"Kiribati",2061,27,5.626993
296,"Kiribati",2061,28,5.527112
296,"Kiribati",2061,29,5.346303
296,"Kiribati",2061,30,5.081319
296,"Kiribati",2061,31,4.788556
296,"Kiribati",2061,32,4.47943
296,"Kiribati",2061,33,4.209684
296,"Kiribati",2061,34,3.967829
296,"Kiribati",2061,35,3.681875
296,"Kiribati",2061,36,3.284897
296,"Kiribati",2061,37,2.867532
296,"Kiribati",2061,38,2.439481
296,"Kiribati",2061,39,1.980985
296,"Kiribati",2061,40,1.467315
296,"Kiribati",2061,41,1.061701
296,"Kiribati",2061,42,0.72618
296,"Kiribati",2061,43,0.462048
296,"Kiribati",2061,44,0.26795
296,"Kiribati",2061,45,0.142941
296,"Kiribati",2061,46,0.067732
296,"Kiribati",2061,47,0.024054
296,"Kiribati",2061,48,0.004984
296,"Kiribati",2061,49,0.000204
296,"Kiribati",2061,50,3.4e-05
296,"Kiribati",2061,51,0.000185
296,"Kiribati",2061,52,0.000258
296,"Kiribati",2061,53,0.000345
296,"Kiribati",2061,54,0.000281
296,"Kiribati",2062,10,0.000203
296,"Kiribati",2062,11,0.002692
296,"Kiribati",2062,12,0.015962
296,"Kiribati",2062,13,0.05959
296,"Kiribati",2062,14,0.194281
296,"Kiribati",2062,15,0.442072
296,"Kiribati",2062,16,0.887255
296,"Kiribati",2062,17,1.480794
296,"Kiribati",2062,18,2.196136
296,"Kiribati",2062,19,2.897388
296,"Kiribati",2062,20,3.548247
296,"Kiribati",2062,21,4.149689
296,"Kiribati",2062,22,4.682323
296,"Kiribati",2062,23,5.115759
296,"Kiribati",2062,24,5.436343
296,"Kiribati",2062,25,5.621442
296,"Kiribati",2062,26,5.667799
296,"Kiribati",2062,27,5.63637
296,"Kiribati",2062,28,5.540472
296,"Kiribati",2062,29,5.362098
296,"Kiribati",2062,30,5.09809
296,"Kiribati",2062,31,4.804696
296,"Kiribati",2062,32,4.493681
296,"Kiribati",2062,33,4.221693
296,"Kiribati",2062,34,3.977371
296,"Kiribati",2062,35,3.688618
296,"Kiribati",2062,36,3.288555
296,"Kiribati",2062,37,2.868464
296,"Kiribati",2062,38,2.438214
296,"Kiribati",2062,39,1.978044
296,"Kiribati",2062,40,1.463168
296,"Kiribati",2062,41,1.057295
296,"Kiribati",2062,42,0.722147
296,"Kiribati",2062,43,0.458776
296,"Kiribati",2062,44,0.265678
296,"Kiribati",2062,45,0.141649
296,"Kiribati",2062,46,0.067034
296,"Kiribati",2062,47,0.023748
296,"Kiribati",2062,48,0.00489
296,"Kiribati",2062,49,0.000197
296,"Kiribati",2062,50,3.2e-05
296,"Kiribati",2062,51,0.00018
296,"Kiribati",2062,52,0.000252
296,"Kiribati",2062,53,0.000337
296,"Kiribati",2062,54,0.000275
296,"Kiribati",2063,10,0.000204
296,"Kiribati",2063,11,0.002707
296,"Kiribati",2063,12,0.016052
296,"Kiribati",2063,13,0.058623
296,"Kiribati",2063,14,0.193105
296,"Kiribati",2063,15,0.439789
296,"Kiribati",2063,16,0.883502
296,"Kiribati",2063,17,1.474508
296,"Kiribati",2063,18,2.186466
296,"Kiribati",2063,19,2.884656
296,"Kiribati",2063,20,3.533036
296,"Kiribati",2063,21,4.133808
296,"Kiribati",2063,22,4.667552
296,"Kiribati",2063,23,5.103895
296,"Kiribati",2063,24,5.429048
296,"Kiribati",2063,25,5.61971
296,"Kiribati",2063,26,5.672068
296,"Kiribati",2063,27,5.645808
296,"Kiribati",2063,28,5.554037
296,"Kiribati",2063,29,5.37822
296,"Kiribati",2063,30,5.115288
296,"Kiribati",2063,31,4.821317
296,"Kiribati",2063,32,4.50843
296,"Kiribati",2063,33,4.234185
296,"Kiribati",2063,34,3.98736
296,"Kiribati",2063,35,3.695758
296,"Kiribati",2063,36,3.292566
296,"Kiribati",2063,37,2.869708
296,"Kiribati",2063,38,2.437224
296,"Kiribati",2063,39,1.975352
296,"Kiribati",2063,40,1.459253
296,"Kiribati",2063,41,1.053087
296,"Kiribati",2063,42,0.718273
296,"Kiribati",2063,43,0.455624
296,"Kiribati",2063,44,0.263493
296,"Kiribati",2063,45,0.140413
296,"Kiribati",2063,46,0.06637
296,"Kiribati",2063,47,0.02346
296,"Kiribati",2063,48,0.004802
296,"Kiribati",2063,49,0.00019
296,"Kiribati",2063,50,3.1e-05
296,"Kiribati",2063,51,0.000176
296,"Kiribati",2063,52,0.000246
296,"Kiribati",2063,53,0.00033
296,"Kiribati",2063,54,0.000269
296,"Kiribati",2064,10,0.000205
296,"Kiribati",2064,11,0.002721
296,"Kiribati",2064,12,0.016139
296,"Kiribati",2064,13,0.057614
296,"Kiribati",2064,14,0.191815
296,"Kiribati",2064,15,0.437291
296,"Kiribati",2064,16,0.879382
296,"Kiribati",2064,17,1.467725
296,"Kiribati",2064,18,2.176193
296,"Kiribati",2064,19,2.871281
296,"Kiribati",2064,20,3.517202
296,"Kiribati",2064,21,4.117341
296,"Kiribati",2064,22,4.652245
296,"Kiribati",2064,23,5.091564
296,"Kiribati",2064,24,5.421378
296,"Kiribati",2064,25,5.617727
296,"Kiribati",2064,26,5.676241
296,"Kiribati",2064,27,5.655304
296,"Kiribati",2064,28,5.567806
296,"Kiribati",2064,29,5.394669
296,"Kiribati",2064,30,5.132914
296,"Kiribati",2064,31,4.838422
296,"Kiribati",2064,32,4.523677
296,"Kiribati",2064,33,4.247164
296,"Kiribati",2064,34,3.997797
296,"Kiribati",2064,35,3.703296
296,"Kiribati",2064,36,3.296931
296,"Kiribati",2064,37,2.871264
296,"Kiribati",2064,38,2.436508
296,"Kiribati",2064,39,1.972906
296,"Kiribati",2064,40,1.455567
296,"Kiribati",2064,41,1.049076
296,"Kiribati",2064,42,0.714555
296,"Kiribati",2064,43,0.452592
296,"Kiribati",2064,44,0.261394
296,"Kiribati",2064,45,0.139231
296,"Kiribati",2064,46,0.06574
296,"Kiribati",2064,47,0.023189
296,"Kiribati",2064,48,0.004721
296,"Kiribati",2064,49,0.000184
296,"Kiribati",2064,50,3e-05
296,"Kiribati",2064,51,0.000172
296,"Kiribati",2064,52,0.00024
296,"Kiribati",2064,53,0.000323
296,"Kiribati",2064,54,0.000264
296,"Kiribati",2065,10,0.000206
296,"Kiribati",2065,11,0.002737
296,"Kiribati",2065,12,0.016228
296,"Kiribati",2065,13,0.056568
296,"Kiribati",2065,14,0.190416
296,"Kiribati",2065,15,0.434581
296,"Kiribati",2065,16,0.874899
296,"Kiribati",2065,17,1.460451
296,"Kiribati",2065,18,2.165324
296,"Kiribati",2065,19,2.857272
296,"Kiribati",2065,20,3.500752
296,"Kiribati",2065,21,4.100291
296,"Kiribati",2065,22,4.636405
296,"Kiribati",2065,23,5.078765
296,"Kiribati",2065,24,5.413329
296,"Kiribati",2065,25,5.615487
296,"Kiribati",2065,26,5.680313
296,"Kiribati",2065,27,5.664854
296,"Kiribati",2065,28,5.581775
296,"Kiribati",2065,29,5.411443
296,"Kiribati",2065,30,5.150967
296,"Kiribati",2065,31,4.85601
296,"Kiribati",2065,32,4.539425
296,"Kiribati",2065,33,4.260628
296,"Kiribati",2065,34,4.008683
296,"Kiribati",2065,35,3.711231
296,"Kiribati",2065,36,3.301647
296,"Kiribati",2065,37,2.873129
296,"Kiribati",2065,38,2.436063
296,"Kiribati",2065,39,1.970704
296,"Kiribati",2065,40,1.452107
296,"Kiribati",2065,41,1.045257
296,"Kiribati",2065,42,0.710991
296,"Kiribati",2065,43,0.449677
296,"Kiribati",2065,44,0.259378
296,"Kiribati",2065,45,0.138102
296,"Kiribati",2065,46,0.065141
296,"Kiribati",2065,47,0.022934
296,"Kiribati",2065,48,0.004646
296,"Kiribati",2065,49,0.000179
296,"Kiribati",2065,50,2.9e-05
296,"Kiribati",2065,51,0.000168
296,"Kiribati",2065,52,0.000234
296,"Kiribati",2065,53,0.000316
296,"Kiribati",2065,54,0.000258
296,"Kiribati",2066,10,0.000207
296,"Kiribati",2066,11,0.002754
296,"Kiribati",2066,12,0.016329
296,"Kiribati",2066,13,0.055486
296,"Kiribati",2066,14,0.188908
296,"Kiribati",2066,15,0.431663
296,"Kiribati",2066,16,0.87006
296,"Kiribati",2066,17,1.452692
296,"Kiribati",2066,18,2.153867
296,"Kiribati",2066,19,2.842634
296,"Kiribati",2066,20,3.483692
296,"Kiribati",2066,21,4.082662
296,"Kiribati",2066,22,4.620031
296,"Kiribati",2066,23,5.065495
296,"Kiribati",2066,24,5.404897
296,"Kiribati",2066,25,5.612986
296,"Kiribati",2066,26,5.684277
296,"Kiribati",2066,27,5.674452
296,"Kiribati",2066,28,5.595941
296,"Kiribati",2066,29,5.428538
296,"Kiribati",2066,30,5.169447
296,"Kiribati",2066,31,4.874082
296,"Kiribati",2066,32,4.555672
296,"Kiribati",2066,33,4.274577
296,"Kiribati",2066,34,4.020016
296,"Kiribati",2066,35,3.719561
296,"Kiribati",2066,36,3.306714
296,"Kiribati",2066,37,2.8753
296,"Kiribati",2066,38,2.435889
296,"Kiribati",2066,39,1.968743
296,"Kiribati",2066,40,1.448871
296,"Kiribati",2066,41,1.041628
296,"Kiribati",2066,42,0.707579
296,"Kiribati",2066,43,0.446876
296,"Kiribati",2066,44,0.257445
296,"Kiribati",2066,45,0.137025
296,"Kiribati",2066,46,0.064574
296,"Kiribati",2066,47,0.022696
296,"Kiribati",2066,48,0.004577
296,"Kiribati",2066,49,0.000174
296,"Kiribati",2066,50,2.8e-05
296,"Kiribati",2066,51,0.000164
296,"Kiribati",2066,52,0.000229
296,"Kiribati",2066,53,0.00031
296,"Kiribati",2066,54,0.000252
296,"Kiribati",2067,10,0.000208
296,"Kiribati",2067,11,0.002768
296,"Kiribati",2067,12,0.016418
296,"Kiribati",2067,13,0.054371
296,"Kiribati",2067,14,0.187295
296,"Kiribati",2067,15,0.428542
296,"Kiribati",2067,16,0.864868
296,"Kiribati",2067,17,1.444455
296,"Kiribati",2067,18,2.14183
296,"Kiribati",2067,19,2.827376
296,"Kiribati",2067,20,3.466027
296,"Kiribati",2067,21,4.06446
296,"Kiribati",2067,22,4.603127
296,"Kiribati",2067,23,5.051756
296,"Kiribati",2067,24,5.396081
296,"Kiribati",2067,25,5.61022
296,"Kiribati",2067,26,5.688131
296,"Kiribati",2067,27,5.684095
296,"Kiribati",2067,28,5.610301
296,"Kiribati",2067,29,5.445956
296,"Kiribati",2067,30,5.188354
296,"Kiribati",2067,31,4.892639
296,"Kiribati",2067,32,4.572422
296,"Kiribati",2067,33,4.289015
296,"Kiribati",2067,34,4.031799
296,"Kiribati",2067,35,3.728287
296,"Kiribati",2067,36,3.31213
296,"Kiribati",2067,37,2.877778
296,"Kiribati",2067,38,2.435982
296,"Kiribati",2067,39,1.967021
296,"Kiribati",2067,40,1.445857
296,"Kiribati",2067,41,1.038186
296,"Kiribati",2067,42,0.704314
296,"Kiribati",2067,43,0.444187
296,"Kiribati",2067,44,0.255591
296,"Kiribati",2067,45,0.135998
296,"Kiribati",2067,46,0.064037
296,"Kiribati",2067,47,0.022473
296,"Kiribati",2067,48,0.004513
296,"Kiribati",2067,49,0.00017
296,"Kiribati",2067,50,2.7e-05
296,"Kiribati",2067,51,0.000161
296,"Kiribati",2067,52,0.000224
296,"Kiribati",2067,53,0.000304
296,"Kiribati",2067,54,0.000247
296,"Kiribati",2068,10,0.000209
296,"Kiribati",2068,11,0.002782
296,"Kiribati",2068,12,0.016497
296,"Kiribati",2068,13,0.053227
296,"Kiribati",2068,14,0.185579
296,"Kiribati",2068,15,0.42522
296,"Kiribati",2068,16,0.859331
296,"Kiribati",2068,17,1.435746
296,"Kiribati",2068,18,2.129221
296,"Kiribati",2068,19,2.811506
296,"Kiribati",2068,20,3.447765
296,"Kiribati",2068,21,4.045688
296,"Kiribati",2068,22,4.585695
296,"Kiribati",2068,23,5.037547
296,"Kiribati",2068,24,5.386877
296,"Kiribati",2068,25,5.607184
296,"Kiribati",2068,26,5.691868
296,"Kiribati",2068,27,5.693778
296,"Kiribati",2068,28,5.624851
296,"Kiribati",2068,29,5.463692
296,"Kiribati",2068,30,5.207687
296,"Kiribati",2068,31,4.911681
296,"Kiribati",2068,32,4.589674
296,"Kiribati",2068,33,4.30394
296,"Kiribati",2068,34,4.044029
296,"Kiribati",2068,35,3.737408
296,"Kiribati",2068,36,3.317895
296,"Kiribati",2068,37,2.88056
296,"Kiribati",2068,38,2.436341
296,"Kiribati",2068,39,1.965536
296,"Kiribati",2068,40,1.443061
296,"Kiribati",2068,41,1.034929
296,"Kiribati",2068,42,0.701196
296,"Kiribati",2068,43,0.441608
296,"Kiribati",2068,44,0.253816
296,"Kiribati",2068,45,0.135021
296,"Kiribati",2068,46,0.06353
296,"Kiribati",2068,47,0.022265
296,"Kiribati",2068,48,0.004455
296,"Kiribati",2068,49,0.000166
296,"Kiribati",2068,50,2.6e-05
296,"Kiribati",2068,51,0.000157
296,"Kiribati",2068,52,0.00022
296,"Kiribati",2068,53,0.000298
296,"Kiribati",2068,54,0.000242
296,"Kiribati",2069,10,0.000211
296,"Kiribati",2069,11,0.002798
296,"Kiribati",2069,12,0.016595
296,"Kiribati",2069,13,0.052055
296,"Kiribati",2069,14,0.183763
296,"Kiribati",2069,15,0.421703
296,"Kiribati",2069,16,0.853453
296,"Kiribati",2069,17,1.426574
296,"Kiribati",2069,18,2.116047
296,"Kiribati",2069,19,2.795031
296,"Kiribati",2069,20,3.428911
296,"Kiribati",2069,21,4.026349
296,"Kiribati",2069,22,4.567734
296,"Kiribati",2069,23,5.022864
296,"Kiribati",2069,24,5.37728
296,"Kiribati",2069,25,5.603871
296,"Kiribati",2069,26,5.69548
296,"Kiribati",2069,27,5.703493
296,"Kiribati",2069,28,5.639585
296,"Kiribati",2069,29,5.481741
296,"Kiribati",2069,30,5.227443
296,"Kiribati",2069,31,4.931208
296,"Kiribati",2069,32,4.607427
296,"Kiribati",2069,33,4.319351
296,"Kiribati",2069,34,4.056707
296,"Kiribati",2069,35,3.746922
296,"Kiribati",2069,36,3.324004
296,"Kiribati",2069,37,2.883643
296,"Kiribati",2069,38,2.436963
296,"Kiribati",2069,39,1.964284
296,"Kiribati",2069,40,1.44048
296,"Kiribati",2069,41,1.031853
296,"Kiribati",2069,42,0.698221
296,"Kiribati",2069,43,0.439136
296,"Kiribati",2069,44,0.252117
296,"Kiribati",2069,45,0.134092
296,"Kiribati",2069,46,0.063052
296,"Kiribati",2069,47,0.022072
296,"Kiribati",2069,48,0.004401
296,"Kiribati",2069,49,0.000162
296,"Kiribati",2069,50,2.5e-05
296,"Kiribati",2069,51,0.000154
296,"Kiribati",2069,52,0.000216
296,"Kiribati",2069,53,0.000292
296,"Kiribati",2069,54,0.000236
296,"Kiribati",2070,10,0.000208
296,"Kiribati",2070,11,0.002811
296,"Kiribati",2070,12,0.016671
296,"Kiribati",2070,13,0.050858
296,"Kiribati",2070,14,0.18185
296,"Kiribati",2070,15,0.417996
296,"Kiribati",2070,16,0.847242
296,"Kiribati",2070,17,1.416947
296,"Kiribati",2070,18,2.102319
296,"Kiribati",2070,19,2.77796
296,"Kiribati",2070,20,3.409473
296,"Kiribati",2070,21,4.00645
296,"Kiribati",2070,22,4.549248
296,"Kiribati",2070,23,5.007709
296,"Kiribati",2070,24,5.367289
296,"Kiribati",2070,25,5.600279
296,"Kiribati",2070,26,5.698964
296,"Kiribati",2070,27,5.713237
296,"Kiribati",2070,28,5.654501
296,"Kiribati",2070,29,5.500105
296,"Kiribati",2070,30,5.247624
296,"Kiribati",2070,31,4.95122
296,"Kiribati",2070,32,4.625684
296,"Kiribati",2070,33,4.335252
296,"Kiribati",2070,34,4.069833
296,"Kiribati",2070,35,3.756828
296,"Kiribati",2070,36,3.33046
296,"Kiribati",2070,37,2.887026
296,"Kiribati",2070,38,2.437846
296,"Kiribati",2070,39,1.963265
296,"Kiribati",2070,40,1.438113
296,"Kiribati",2070,41,1.028957
296,"Kiribati",2070,42,0.695387
296,"Kiribati",2070,43,0.436771
296,"Kiribati",2070,44,0.250494
296,"Kiribati",2070,45,0.133211
296,"Kiribati",2070,46,0.062602
296,"Kiribati",2070,47,0.021893
296,"Kiribati",2070,48,0.004353
296,"Kiribati",2070,49,0.000159
296,"Kiribati",2070,50,2.5e-05
296,"Kiribati",2070,51,0.000152
296,"Kiribati",2070,52,0.000212
296,"Kiribati",2070,53,0.000287
296,"Kiribati",2070,54,0.000231
296,"Kiribati",2071,10,0.000206
296,"Kiribati",2071,11,0.002825
296,"Kiribati",2071,12,0.016754
296,"Kiribati",2071,13,0.04964
296,"Kiribati",2071,14,0.179844
296,"Kiribati",2071,15,0.414104
296,"Kiribati",2071,16,0.840704
296,"Kiribati",2071,17,1.406872
296,"Kiribati",2071,18,2.088046
296,"Kiribati",2071,19,2.760301
296,"Kiribati",2071,20,3.389458
296,"Kiribati",2071,21,3.985993
296,"Kiribati",2071,22,4.530237
296,"Kiribati",2071,23,4.992079
296,"Kiribati",2071,24,5.356898
296,"Kiribati",2071,25,5.5964
296,"Kiribati",2071,26,5.702313
296,"Kiribati",2071,27,5.723002
296,"Kiribati",2071,28,5.669592
296,"Kiribati",2071,29,5.518777
296,"Kiribati",2071,30,5.268226
296,"Kiribati",2071,31,4.971716
296,"Kiribati",2071,32,4.644444
296,"Kiribati",2071,33,4.35164
296,"Kiribati",2071,34,4.083405
296,"Kiribati",2071,35,3.767126
296,"Kiribati",2071,36,3.337257
296,"Kiribati",2071,37,2.890706
296,"Kiribati",2071,38,2.438986
296,"Kiribati",2071,39,1.962474
296,"Kiribati",2071,40,1.435956
296,"Kiribati",2071,41,1.026238
296,"Kiribati",2071,42,0.692691
296,"Kiribati",2071,43,0.434508
296,"Kiribati",2071,44,0.248944
296,"Kiribati",2071,45,0.132376
296,"Kiribati",2071,46,0.06218
296,"Kiribati",2071,47,0.021729
296,"Kiribati",2071,48,0.004309
296,"Kiribati",2071,49,0.000156
296,"Kiribati",2071,50,2.4e-05
296,"Kiribati",2071,51,0.000149
296,"Kiribati",2071,52,0.000208
296,"Kiribati",2071,53,0.000282
296,"Kiribati",2071,54,0.000226
296,"Kiribati",2072,10,0.000203
296,"Kiribati",2072,11,0.002841
296,"Kiribati",2072,12,0.016599
296,"Kiribati",2072,13,0.048403
296,"Kiribati",2072,14,0.177747
296,"Kiribati",2072,15,0.410032
296,"Kiribati",2072,16,0.833846
296,"Kiribati",2072,17,1.396359
296,"Kiribati",2072,18,2.073236
296,"Kiribati",2072,19,2.742064
296,"Kiribati",2072,20,3.368881
296,"Kiribati",2072,21,3.964995
296,"Kiribati",2072,22,4.510716
296,"Kiribati",2072,23,4.975986
296,"Kiribati",2072,24,5.346118
296,"Kiribati",2072,25,5.592243
296,"Kiribati",2072,26,5.705533
296,"Kiribati",2072,27,5.732797
296,"Kiribati",2072,28,5.684868
296,"Kiribati",2072,29,5.537768
296,"Kiribati",2072,30,5.289261
296,"Kiribati",2072,31,4.992708
296,"Kiribati",2072,32,4.663719
296,"Kiribati",2072,33,4.368527
296,"Kiribati",2072,34,4.097434
296,"Kiribati",2072,35,3.777822
296,"Kiribati",2072,36,3.344404
296,"Kiribati",2072,37,2.894689
296,"Kiribati",2072,38,2.440389
296,"Kiribati",2072,39,1.961914
296,"Kiribati",2072,40,1.43401
296,"Kiribati",2072,41,1.023694
296,"Kiribati",2072,42,0.690134
296,"Kiribati",2072,43,0.432349
296,"Kiribati",2072,44,0.247466
296,"Kiribati",2072,45,0.131586
296,"Kiribati",2072,46,0.061785
296,"Kiribati",2072,47,0.021578
296,"Kiribati",2072,48,0.00427
296,"Kiribati",2072,49,0.000154
296,"Kiribati",2072,50,2.4e-05
296,"Kiribati",2072,51,0.000147
296,"Kiribati",2072,52,0.000204
296,"Kiribati",2072,53,0.000277
296,"Kiribati",2072,54,0.000221
296,"Kiribati",2073,10,0.000201
296,"Kiribati",2073,11,0.002858
296,"Kiribati",2073,12,0.016332
296,"Kiribati",2073,13,0.047151
296,"Kiribati",2073,14,0.175564
296,"Kiribati",2073,15,0.405785
296,"Kiribati",2073,16,0.826677
296,"Kiribati",2073,17,1.385416
296,"Kiribati",2073,18,2.057901
296,"Kiribati",2073,19,2.723258
296,"Kiribati",2073,20,3.347746
296,"Kiribati",2073,21,3.943453
296,"Kiribati",2073,22,4.490678
296,"Kiribati",2073,23,4.959421
296,"Kiribati",2073,24,5.334937
296,"Kiribati",2073,25,5.587793
296,"Kiribati",2073,26,5.70861
296,"Kiribati",2073,27,5.742606
296,"Kiribati",2073,28,5.700314
296,"Kiribati",2073,29,5.557067
296,"Kiribati",2073,30,5.31072
296,"Kiribati",2073,31,5.014189
296,"Kiribati",2073,32,4.683501
296,"Kiribati",2073,33,4.385907
296,"Kiribati",2073,34,4.111913
296,"Kiribati",2073,35,3.788911
296,"Kiribati",2073,36,3.351894
296,"Kiribati",2073,37,2.898968
296,"Kiribati",2073,38,2.442048
296,"Kiribati",2073,39,1.961581
296,"Kiribati",2073,40,1.432272
296,"Kiribati",2073,41,1.021324
296,"Kiribati",2073,42,0.687711
296,"Kiribati",2073,43,0.430289
296,"Kiribati",2073,44,0.246059
296,"Kiribati",2073,45,0.130841
296,"Kiribati",2073,46,0.061417
296,"Kiribati",2073,47,0.02144
296,"Kiribati",2073,48,0.004236
296,"Kiribati",2073,49,0.000152
296,"Kiribati",2073,50,2.3e-05
296,"Kiribati",2073,51,0.000145
296,"Kiribati",2073,52,0.000201
296,"Kiribati",2073,53,0.000272
296,"Kiribati",2073,54,0.000216
296,"Kiribati",2074,10,0.000198
296,"Kiribati",2074,11,0.00287
296,"Kiribati",2074,12,0.016054
296,"Kiribati",2074,13,0.045885
296,"Kiribati",2074,14,0.173297
296,"Kiribati",2074,15,0.40137
296,"Kiribati",2074,16,0.819204
296,"Kiribati",2074,17,1.374053
296,"Kiribati",2074,18,2.042051
296,"Kiribati",2074,19,2.703893
296,"Kiribati",2074,20,3.326055
296,"Kiribati",2074,21,3.921369
296,"Kiribati",2074,22,4.470122
296,"Kiribati",2074,23,4.942379
296,"Kiribati",2074,24,5.323346
296,"Kiribati",2074,25,5.58304
296,"Kiribati",2074,26,5.711531
296,"Kiribati",2074,27,5.752418
296,"Kiribati",2074,28,5.71592
296,"Kiribati",2074,29,5.576664
296,"Kiribati",2074,30,5.332595
296,"Kiribati",2074,31,5.036153
296,"Kiribati",2074,32,4.703787
296,"Kiribati",2074,33,4.403774
296,"Kiribati",2074,34,4.126838
296,"Kiribati",2074,35,3.800388
296,"Kiribati",2074,36,3.359721
296,"Kiribati",2074,37,2.903538
296,"Kiribati",2074,38,2.443959
296,"Kiribati",2074,39,1.961469
296,"Kiribati",2074,40,1.430736
296,"Kiribati",2074,41,1.019123
296,"Kiribati",2074,42,0.68542
296,"Kiribati",2074,43,0.428327
296,"Kiribati",2074,44,0.244721
296,"Kiribati",2074,45,0.130139
296,"Kiribati",2074,46,0.061075
296,"Kiribati",2074,47,0.021316
296,"Kiribati",2074,48,0.004206
296,"Kiribati",2074,49,0.00015
296,"Kiribati",2074,50,2.3e-05
296,"Kiribati",2074,51,0.000143
296,"Kiribati",2074,52,0.000197
296,"Kiribati",2074,53,0.000267
296,"Kiribati",2074,54,0.000211
296,"Kiribati",2075,10,0.000195
296,"Kiribati",2075,11,0.00288
296,"Kiribati",2075,12,0.015765
296,"Kiribati",2075,13,0.044609
296,"Kiribati",2075,14,0.170951
296,"Kiribati",2075,15,0.396792
296,"Kiribati",2075,16,0.811436
296,"Kiribati",2075,17,1.36228
296,"Kiribati",2075,18,2.025696
296,"Kiribati",2075,19,2.683979
296,"Kiribati",2075,20,3.303818
296,"Kiribati",2075,21,3.898747
296,"Kiribati",2075,22,4.449049
296,"Kiribati",2075,23,4.924858
296,"Kiribati",2075,24,5.31134
296,"Kiribati",2075,25,5.577976
296,"Kiribati",2075,26,5.714289
296,"Kiribati",2075,27,5.762225
296,"Kiribati",2075,28,5.731679
296,"Kiribati",2075,29,5.596554
296,"Kiribati",2075,30,5.354883
296,"Kiribati",2075,31,5.058599
296,"Kiribati",2075,32,4.724575
296,"Kiribati",2075,33,4.422129
296,"Kiribati",2075,34,4.142206
296,"Kiribati",2075,35,3.81225
296,"Kiribati",2075,36,3.367884
296,"Kiribati",2075,37,2.908397
296,"Kiribati",2075,38,2.446118
296,"Kiribati",2075,39,1.961576
296,"Kiribati",2075,40,1.429402
296,"Kiribati",2075,41,1.017089
296,"Kiribati",2075,42,0.683259
296,"Kiribati",2075,43,0.426462
296,"Kiribati",2075,44,0.243451
296,"Kiribati",2075,45,0.12948
296,"Kiribati",2075,46,0.060759
296,"Kiribati",2075,47,0.021204
296,"Kiribati",2075,48,0.004181
296,"Kiribati",2075,49,0.000149
296,"Kiribati",2075,50,2.3e-05
296,"Kiribati",2075,51,0.000141
296,"Kiribati",2075,52,0.000194
296,"Kiribati",2075,53,0.000263
296,"Kiribati",2075,54,0.000206
296,"Kiribati",2076,10,0.000192
296,"Kiribati",2076,11,0.002889
296,"Kiribati",2076,12,0.015467
296,"Kiribati",2076,13,0.043325
296,"Kiribati",2076,14,0.16853
296,"Kiribati",2076,15,0.392058
296,"Kiribati",2076,16,0.80338
296,"Kiribati",2076,17,1.350107
296,"Kiribati",2076,18,2.008847
296,"Kiribati",2076,19,2.663525
296,"Kiribati",2076,20,3.281042
296,"Kiribati",2076,21,3.875594
296,"Kiribati",2076,22,4.427462
296,"Kiribati",2076,23,4.906857
296,"Kiribati",2076,24,5.298915
296,"Kiribati",2076,25,5.572595
296,"Kiribati",2076,26,5.716875
296,"Kiribati",2076,27,5.772018
296,"Kiribati",2076,28,5.747584
296,"Kiribati",2076,29,5.616731
296,"Kiribati",2076,30,5.377581
296,"Kiribati",2076,31,5.081524
296,"Kiribati",2076,32,4.745866
296,"Kiribati",2076,33,4.44097
296,"Kiribati",2076,34,4.158018
296,"Kiribati",2076,35,3.824496
296,"Kiribati",2076,36,3.37638
296,"Kiribati",2076,37,2.913541
296,"Kiribati",2076,38,2.448523
296,"Kiribati",2076,39,1.9619
296,"Kiribati",2076,40,1.428265
296,"Kiribati",2076,41,1.01522
296,"Kiribati",2076,42,0.681226
296,"Kiribati",2076,43,0.424691
296,"Kiribati",2076,44,0.242247
296,"Kiribati",2076,45,0.128863
296,"Kiribati",2076,46,0.060467
296,"Kiribati",2076,47,0.021105
296,"Kiribati",2076,48,0.00416
296,"Kiribati",2076,49,0.000148
296,"Kiribati",2076,50,2.3e-05
296,"Kiribati",2076,51,0.000139
296,"Kiribati",2076,52,0.000192
296,"Kiribati",2076,53,0.000259
296,"Kiribati",2076,54,0.000201
296,"Kiribati",2077,10,0.000189
296,"Kiribati",2077,11,0.002904
296,"Kiribati",2077,12,0.015159
296,"Kiribati",2077,13,0.042037
296,"Kiribati",2077,14,0.166036
296,"Kiribati",2077,15,0.387173
296,"Kiribati",2077,16,0.795047
296,"Kiribati",2077,17,1.337545
296,"Kiribati",2077,18,1.991517
296,"Kiribati",2077,19,2.642543
296,"Kiribati",2077,20,3.257735
296,"Kiribati",2077,21,3.851913
296,"Kiribati",2077,22,4.405361
296,"Kiribati",2077,23,4.888374
296,"Kiribati",2077,24,5.286067
296,"Kiribati",2077,25,5.56689
296,"Kiribati",2077,26,5.719282
296,"Kiribati",2077,27,5.781789
296,"Kiribati",2077,28,5.763629
296,"Kiribati",2077,29,5.637191
296,"Kiribati",2077,30,5.400686
296,"Kiribati",2077,31,5.104928
296,"Kiribati",2077,32,4.767656
296,"Kiribati",2077,33,4.460297
296,"Kiribati",2077,34,4.174271
296,"Kiribati",2077,35,3.837123
296,"Kiribati",2077,36,3.385206
296,"Kiribati",2077,37,2.918969
296,"Kiribati",2077,38,2.451171
296,"Kiribati",2077,39,1.962437
296,"Kiribati",2077,40,1.427324
296,"Kiribati",2077,41,1.013513
296,"Kiribati",2077,42,0.679318
296,"Kiribati",2077,43,0.423012
296,"Kiribati",2077,44,0.241109
296,"Kiribati",2077,45,0.128288
296,"Kiribati",2077,46,0.060201
296,"Kiribati",2077,47,0.021019
296,"Kiribati",2077,48,0.004142
296,"Kiribati",2077,49,0.000148
296,"Kiribati",2077,50,2.2e-05
296,"Kiribati",2077,51,0.000138
296,"Kiribati",2077,52,0.000189
296,"Kiribati",2077,53,0.000255
296,"Kiribati",2077,54,0.000196
296,"Kiribati",2078,10,0.000186
296,"Kiribati",2078,11,0.002916
296,"Kiribati",2078,12,0.014843
296,"Kiribati",2078,13,0.040746
296,"Kiribati",2078,14,0.163475
296,"Kiribati",2078,15,0.382144
296,"Kiribati",2078,16,0.786444
296,"Kiribati",2078,17,1.324605
296,"Kiribati",2078,18,1.973717
296,"Kiribati",2078,19,2.621044
296,"Kiribati",2078,20,3.233906
296,"Kiribati",2078,21,3.827711
296,"Kiribati",2078,22,4.38275
296,"Kiribati",2078,23,4.869408
296,"Kiribati",2078,24,5.272791
296,"Kiribati",2078,25,5.560855
296,"Kiribati",2078,26,5.7215
296,"Kiribati",2078,27,5.791531
296,"Kiribati",2078,28,5.779805
296,"Kiribati",2078,29,5.657929
296,"Kiribati",2078,30,5.424195
296,"Kiribati",2078,31,5.128808
296,"Kiribati",2078,32,4.789947
296,"Kiribati",2078,33,4.480109
296,"Kiribati",2078,34,4.190964
296,"Kiribati",2078,35,3.85013
296,"Kiribati",2078,36,3.394361
296,"Kiribati",2078,37,2.924678
296,"Kiribati",2078,38,2.45406
296,"Kiribati",2078,39,1.963186
296,"Kiribati",2078,40,1.426576
296,"Kiribati",2078,41,1.011966
296,"Kiribati",2078,42,0.677534
296,"Kiribati",2078,43,0.421424
296,"Kiribati",2078,44,0.240034
296,"Kiribati",2078,45,0.127753
296,"Kiribati",2078,46,0.059959
296,"Kiribati",2078,47,0.020945
296,"Kiribati",2078,48,0.00413
296,"Kiribati",2078,49,0.000147
296,"Kiribati",2078,50,2.2e-05
296,"Kiribati",2078,51,0.000137
296,"Kiribati",2078,52,0.000187
296,"Kiribati",2078,53,0.000251
296,"Kiribati",2078,54,0.000191
296,"Kiribati",2079,10,0.000183
296,"Kiribati",2079,11,0.002929
296,"Kiribati",2079,12,0.01452
296,"Kiribati",2079,13,0.039455
296,"Kiribati",2079,14,0.16085
296,"Kiribati",2079,15,0.376978
296,"Kiribati",2079,16,0.777582
296,"Kiribati",2079,17,1.311297
296,"Kiribati",2079,18,1.95546
296,"Kiribati",2079,19,2.599038
296,"Kiribati",2079,20,3.209565
296,"Kiribati",2079,21,3.802994
296,"Kiribati",2079,22,4.359631
296,"Kiribati",2079,23,4.849958
296,"Kiribati",2079,24,5.259082
296,"Kiribati",2079,25,5.554481
296,"Kiribati",2079,26,5.723523
296,"Kiribati",2079,27,5.801235
296,"Kiribati",2079,28,5.796106
296,"Kiribati",2079,29,5.678938
296,"Kiribati",2079,30,5.448103
296,"Kiribati",2079,31,5.153162
296,"Kiribati",2079,32,4.812737
296,"Kiribati",2079,33,4.500405
296,"Kiribati",2079,34,4.208096
296,"Kiribati",2079,35,3.863514
296,"Kiribati",2079,36,3.403842
296,"Kiribati",2079,37,2.930665
296,"Kiribati",2079,38,2.457186
296,"Kiribati",2079,39,1.964144
296,"Kiribati",2079,40,1.426019
296,"Kiribati",2079,41,1.010576
296,"Kiribati",2079,42,0.675872
296,"Kiribati",2079,43,0.419926
296,"Kiribati",2079,44,0.239022
296,"Kiribati",2079,45,0.127257
296,"Kiribati",2079,46,0.05974
296,"Kiribati",2079,47,0.020883
296,"Kiribati",2079,48,0.004121
296,"Kiribati",2079,49,0.000147
296,"Kiribati",2079,50,2.2e-05
296,"Kiribati",2079,51,0.000136
296,"Kiribati",2079,52,0.000184
296,"Kiribati",2079,53,0.000248
296,"Kiribati",2079,54,0.000186
296,"Kiribati",2080,10,0.000179
296,"Kiribati",2080,11,0.002944
296,"Kiribati",2080,12,0.01419
296,"Kiribati",2080,13,0.038167
296,"Kiribati",2080,14,0.158165
296,"Kiribati",2080,15,0.371682
296,"Kiribati",2080,16,0.76847
296,"Kiribati",2080,17,1.297634
296,"Kiribati",2080,18,1.936757
296,"Kiribati",2080,19,2.576538
296,"Kiribati",2080,20,3.184719
296,"Kiribati",2080,21,3.777767
296,"Kiribati",2080,22,4.336005
296,"Kiribati",2080,23,4.830022
296,"Kiribati",2080,24,5.244937
296,"Kiribati",2080,25,5.547763
296,"Kiribati",2080,26,5.72534
296,"Kiribati",2080,27,5.810892
296,"Kiribati",2080,28,5.812523
296,"Kiribati",2080,29,5.700212
296,"Kiribati",2080,30,5.472408
296,"Kiribati",2080,31,5.177989
296,"Kiribati",2080,32,4.836024
296,"Kiribati",2080,33,4.521184
296,"Kiribati",2080,34,4.225665
296,"Kiribati",2080,35,3.877274
296,"Kiribati",2080,36,3.413646
296,"Kiribati",2080,37,2.936928
296,"Kiribati",2080,38,2.460548
296,"Kiribati",2080,39,1.965307
296,"Kiribati",2080,40,1.425651
296,"Kiribati",2080,41,1.009343
296,"Kiribati",2080,42,0.67433
296,"Kiribati",2080,43,0.418516
296,"Kiribati",2080,44,0.238071
296,"Kiribati",2080,45,0.126801
296,"Kiribati",2080,46,0.059545
296,"Kiribati",2080,47,0.020833
296,"Kiribati",2080,48,0.004116
296,"Kiribati",2080,49,0.000147
296,"Kiribati",2080,50,2.2e-05
296,"Kiribati",2080,51,0.000135
296,"Kiribati",2080,52,0.000182
296,"Kiribati",2080,53,0.000244
296,"Kiribati",2080,54,0.000182
296,"Kiribati",2081,10,0.000176
296,"Kiribati",2081,11,0.00296
296,"Kiribati",2081,12,0.013854
296,"Kiribati",2081,13,0.036884
296,"Kiribati",2081,14,0.155425
296,"Kiribati",2081,15,0.366263
296,"Kiribati",2081,16,0.759118
296,"Kiribati",2081,17,1.283627
296,"Kiribati",2081,18,1.917622
296,"Kiribati",2081,19,2.553554
296,"Kiribati",2081,20,3.159378
296,"Kiribati",2081,21,3.752037
296,"Kiribati",2081,22,4.311877
296,"Kiribati",2081,23,4.809601
296,"Kiribati",2081,24,5.230351
296,"Kiribati",2081,25,5.540693
296,"Kiribati",2081,26,5.726943
296,"Kiribati",2081,27,5.820493
296,"Kiribati",2081,28,5.829049
296,"Kiribati",2081,29,5.721745
296,"Kiribati",2081,30,5.497104
296,"Kiribati",2081,31,5.203285
296,"Kiribati",2081,32,4.859807
296,"Kiribati",2081,33,4.542444
296,"Kiribati",2081,34,4.24367
296,"Kiribati",2081,35,3.891406
296,"Kiribati",2081,36,3.423771
296,"Kiribati",2081,37,2.943463
296,"Kiribati",2081,38,2.464142
296,"Kiribati",2081,39,1.966674
296,"Kiribati",2081,40,1.425468
296,"Kiribati",2081,41,1.008263
296,"Kiribati",2081,42,0.672906
296,"Kiribati",2081,43,0.417192
296,"Kiribati",2081,44,0.237182
296,"Kiribati",2081,45,0.126384
296,"Kiribati",2081,46,0.059374
296,"Kiribati",2081,47,0.020795
296,"Kiribati",2081,48,0.004115
296,"Kiribati",2081,49,0.000148
296,"Kiribati",2081,50,2.2e-05
296,"Kiribati",2081,51,0.000134
296,"Kiribati",2081,52,0.00018
296,"Kiribati",2081,53,0.000241
296,"Kiribati",2081,54,0.000177
296,"Kiribati",2082,10,0.000172
296,"Kiribati",2082,11,0.002972
296,"Kiribati",2082,12,0.013512
296,"Kiribati",2082,13,0.035608
296,"Kiribati",2082,14,0.152634
296,"Kiribati",2082,15,0.360727
296,"Kiribati",2082,16,0.749537
296,"Kiribati",2082,17,1.269288
296,"Kiribati",2082,18,1.898067
296,"Kiribati",2082,19,2.5301
296,"Kiribati",2082,20,3.133553
296,"Kiribati",2082,21,3.725809
296,"Kiribati",2082,22,4.287249
296,"Kiribati",2082,23,4.788694
296,"Kiribati",2082,24,5.215321
296,"Kiribati",2082,25,5.533263
296,"Kiribati",2082,26,5.728324
296,"Kiribati",2082,27,5.830028
296,"Kiribati",2082,28,5.845676
296,"Kiribati",2082,29,5.74353
296,"Kiribati",2082,30,5.522188
296,"Kiribati",2082,31,5.229049
296,"Kiribati",2082,32,4.884084
296,"Kiribati",2082,33,4.564184
296,"Kiribati",2082,34,4.262108
296,"Kiribati",2082,35,3.90591
296,"Kiribati",2082,36,3.434214
296,"Kiribati",2082,37,2.950269
296,"Kiribati",2082,38,2.467966
296,"Kiribati",2082,39,1.968242
296,"Kiribati",2082,40,1.425471
296,"Kiribati",2082,41,1.007335
296,"Kiribati",2082,42,0.671598
296,"Kiribati",2082,43,0.415953
296,"Kiribati",2082,44,0.236352
296,"Kiribati",2082,45,0.126005
296,"Kiribati",2082,46,0.059225
296,"Kiribati",2082,47,0.020768
296,"Kiribati",2082,48,0.004119
296,"Kiribati",2082,49,0.000149
296,"Kiribati",2082,50,2.2e-05
296,"Kiribati",2082,51,0.000133
296,"Kiribati",2082,52,0.000178
296,"Kiribati",2082,53,0.000238
296,"Kiribati",2082,54,0.000173
296,"Kiribati",2083,10,0.000168
296,"Kiribati",2083,11,0.002985
296,"Kiribati",2083,12,0.013166
296,"Kiribati",2083,13,0.034342
296,"Kiribati",2083,14,0.149796
296,"Kiribati",2083,15,0.355082
296,"Kiribati",2083,16,0.739736
296,"Kiribati",2083,17,1.25463
296,"Kiribati",2083,18,1.878107
296,"Kiribati",2083,19,2.506188
296,"Kiribati",2083,20,3.107253
296,"Kiribati",2083,21,3.699092
296,"Kiribati",2083,22,4.262123
296,"Kiribati",2083,23,4.767299
296,"Kiribati",2083,24,5.19984
296,"Kiribati",2083,25,5.525467
296,"Kiribati",2083,26,5.729473
296,"Kiribati",2083,27,5.839489
296,"Kiribati",2083,28,5.862394
296,"Kiribati",2083,29,5.765561
296,"Kiribati",2083,30,5.547655
296,"Kiribati",2083,31,5.255277
296,"Kiribati",2083,32,4.908854
296,"Kiribati",2083,33,4.586402
296,"Kiribati",2083,34,4.280977
296,"Kiribati",2083,35,3.920781
296,"Kiribati",2083,36,3.444972
296,"Kiribati",2083,37,2.957341
296,"Kiribati",2083,38,2.472017
296,"Kiribati",2083,39,1.970009
296,"Kiribati",2083,40,1.425654
296,"Kiribati",2083,41,1.006557
296,"Kiribati",2083,42,0.670405
296,"Kiribati",2083,43,0.414798
296,"Kiribati",2083,44,0.23558
296,"Kiribati",2083,45,0.125663
296,"Kiribati",2083,46,0.0591
296,"Kiribati",2083,47,0.020754
296,"Kiribati",2083,48,0.004126
296,"Kiribati",2083,49,0.00015
296,"Kiribati",2083,50,2.3e-05
296,"Kiribati",2083,51,0.000133
296,"Kiribati",2083,52,0.000177
296,"Kiribati",2083,53,0.000235
296,"Kiribati",2083,54,0.000168
296,"Kiribati",2084,10,0.000165
296,"Kiribati",2084,11,0.002999
296,"Kiribati",2084,12,0.012817
296,"Kiribati",2084,13,0.033088
296,"Kiribati",2084,14,0.146915
296,"Kiribati",2084,15,0.349335
296,"Kiribati",2084,16,0.729726
296,"Kiribati",2084,17,1.239666
296,"Kiribati",2084,18,1.857755
296,"Kiribati",2084,19,2.48183
296,"Kiribati",2084,20,3.080488
296,"Kiribati",2084,21,3.671891
296,"Kiribati",2084,22,4.236503
296,"Kiribati",2084,23,4.745416
296,"Kiribati",2084,24,5.183906
296,"Kiribati",2084,25,5.517298
296,"Kiribati",2084,26,5.730381
296,"Kiribati",2084,27,5.848865
296,"Kiribati",2084,28,5.879194
296,"Kiribati",2084,29,5.78783
296,"Kiribati",2084,30,5.573499
296,"Kiribati",2084,31,5.281965
296,"Kiribati",2084,32,4.934115
296,"Kiribati",2084,33,4.609097
296,"Kiribati",2084,34,4.300277
296,"Kiribati",2084,35,3.936017
296,"Kiribati",2084,36,3.456043
296,"Kiribati",2084,37,2.964677
296,"Kiribati",2084,38,2.476291
296,"Kiribati",2084,39,1.97197
296,"Kiribati",2084,40,1.426018
296,"Kiribati",2084,41,1.005926
296,"Kiribati",2084,42,0.669325
296,"Kiribati",2084,43,0.413725
296,"Kiribati",2084,44,0.234867
296,"Kiribati",2084,45,0.125358
296,"Kiribati",2084,46,0.058996
296,"Kiribati",2084,47,0.020751
296,"Kiribati",2084,48,0.004137
296,"Kiribati",2084,49,0.000152
296,"Kiribati",2084,50,2.3e-05
296,"Kiribati",2084,51,0.000133
296,"Kiribati",2084,52,0.000175
296,"Kiribati",2084,53,0.000232
296,"Kiribati",2084,54,0.000164
296,"Kiribati",2085,10,0.000161
296,"Kiribati",2085,11,0.003008
296,"Kiribati",2085,12,0.012464
296,"Kiribati",2085,13,0.031848
296,"Kiribati",2085,14,0.143996
296,"Kiribati",2085,15,0.343493
296,"Kiribati",2085,16,0.719519
296,"Kiribati",2085,17,1.224407
296,"Kiribati",2085,18,1.837026
296,"Kiribati",2085,19,2.457039
296,"Kiribati",2085,20,3.053269
296,"Kiribati",2085,21,3.644213
296,"Kiribati",2085,22,4.210393
296,"Kiribati",2085,23,4.723044
296,"Kiribati",2085,24,5.167515
296,"Kiribati",2085,25,5.508747
296,"Kiribati",2085,26,5.731038
296,"Kiribati",2085,27,5.858147
296,"Kiribati",2085,28,5.896068
296,"Kiribati",2085,29,5.81033
296,"Kiribati",2085,30,5.599716
296,"Kiribati",2085,31,5.309112
296,"Kiribati",2085,32,4.959864
296,"Kiribati",2085,33,4.632267
296,"Kiribati",2085,34,4.320003
296,"Kiribati",2085,35,3.951616
296,"Kiribati",2085,36,3.467423
296,"Kiribati",2085,37,2.972274
296,"Kiribati",2085,38,2.480786
296,"Kiribati",2085,39,1.974125
296,"Kiribati",2085,40,1.426558
296,"Kiribati",2085,41,1.005442
296,"Kiribati",2085,42,0.668357
296,"Kiribati",2085,43,0.412733
296,"Kiribati",2085,44,0.23421
296,"Kiribati",2085,45,0.12509
296,"Kiribati",2085,46,0.058915
296,"Kiribati",2085,47,0.020759
296,"Kiribati",2085,48,0.004153
296,"Kiribati",2085,49,0.000153
296,"Kiribati",2085,50,2.3e-05
296,"Kiribati",2085,51,0.000132
296,"Kiribati",2085,52,0.000174
296,"Kiribati",2085,53,0.00023
296,"Kiribati",2085,54,0.00016
296,"Kiribati",2086,10,0.000157
296,"Kiribati",2086,11,0.00302
296,"Kiribati",2086,12,0.012109
296,"Kiribati",2086,13,0.030623
296,"Kiribati",2086,14,0.141042
296,"Kiribati",2086,15,0.337564
296,"Kiribati",2086,16,0.709124
296,"Kiribati",2086,17,1.208869
296,"Kiribati",2086,18,1.815933
296,"Kiribati",2086,19,2.431829
296,"Kiribati",2086,20,3.025606
296,"Kiribati",2086,21,3.616067
296,"Kiribati",2086,22,4.183796
296,"Kiribati",2086,23,4.700184
296,"Kiribati",2086,24,5.150661
296,"Kiribati",2086,25,5.499808
296,"Kiribati",2086,26,5.731435
296,"Kiribati",2086,27,5.867324
296,"Kiribati",2086,28,5.913005
296,"Kiribati",2086,29,5.833052
296,"Kiribati",2086,30,5.6263
296,"Kiribati",2086,31,5.336713
296,"Kiribati",2086,32,4.986099
296,"Kiribati",2086,33,4.65591
296,"Kiribati",2086,34,4.340154
296,"Kiribati",2086,35,3.967575
296,"Kiribati",2086,36,3.479109
296,"Kiribati",2086,37,2.980129
296,"Kiribati",2086,38,2.485499
296,"Kiribati",2086,39,1.97647
296,"Kiribati",2086,40,1.427274
296,"Kiribati",2086,41,1.005101
296,"Kiribati",2086,42,0.667497
296,"Kiribati",2086,43,0.411821
296,"Kiribati",2086,44,0.233609
296,"Kiribati",2086,45,0.124858
296,"Kiribati",2086,46,0.058856
296,"Kiribati",2086,47,0.020779
296,"Kiribati",2086,48,0.004173
296,"Kiribati",2086,49,0.000156
296,"Kiribati",2086,50,2.4e-05
296,"Kiribati",2086,51,0.000132
296,"Kiribati",2086,52,0.000172
296,"Kiribati",2086,53,0.000227
296,"Kiribati",2086,54,0.000156
296,"Kiribati",2087,10,0.000153
296,"Kiribati",2087,11,0.003035
296,"Kiribati",2087,12,0.011753
296,"Kiribati",2087,13,0.029415
296,"Kiribati",2087,14,0.138059
296,"Kiribati",2087,15,0.331554
296,"Kiribati",2087,16,0.698553
296,"Kiribati",2087,17,1.193063
296,"Kiribati",2087,18,1.794491
296,"Kiribati",2087,19,2.406214
296,"Kiribati",2087,20,2.99751
296,"Kiribati",2087,21,3.58746
296,"Kiribati",2087,22,4.156715
296,"Kiribati",2087,23,4.676835
296,"Kiribati",2087,24,5.133341
296,"Kiribati",2087,25,5.490472
296,"Kiribati",2087,26,5.731562
296,"Kiribati",2087,27,5.876386
296,"Kiribati",2087,28,5.929997
296,"Kiribati",2087,29,5.855988
296,"Kiribati",2087,30,5.653245
296,"Kiribati",2087,31,5.364764
296,"Kiribati",2087,32,5.012817
296,"Kiribati",2087,33,4.680023
296,"Kiribati",2087,34,4.360728
296,"Kiribati",2087,35,3.983889
296,"Kiribati",2087,36,3.491099
296,"Kiribati",2087,37,2.988238
296,"Kiribati",2087,38,2.490426
296,"Kiribati",2087,39,1.979002
296,"Kiribati",2087,40,1.428163
296,"Kiribati",2087,41,1.004902
296,"Kiribati",2087,42,0.666747
296,"Kiribati",2087,43,0.410987
296,"Kiribati",2087,44,0.233063
296,"Kiribati",2087,45,0.124662
296,"Kiribati",2087,46,0.058819
296,"Kiribati",2087,47,0.020811
296,"Kiribati",2087,48,0.004196
296,"Kiribati",2087,49,0.000158
296,"Kiribati",2087,50,2.4e-05
296,"Kiribati",2087,51,0.000133
296,"Kiribati",2087,52,0.000171
296,"Kiribati",2087,53,0.000225
296,"Kiribati",2087,54,0.000152
296,"Kiribati",2088,10,0.00015
296,"Kiribati",2088,11,0.003046
296,"Kiribati",2088,12,0.011396
296,"Kiribati",2088,13,0.028226
296,"Kiribati",2088,14,0.13505
296,"Kiribati",2088,15,0.325472
296,"Kiribati",2088,16,0.687817
296,"Kiribati",2088,17,1.177003
296,"Kiribati",2088,18,1.772715
296,"Kiribati",2088,19,2.380207
296,"Kiribati",2088,20,2.968993
296,"Kiribati",2088,21,3.558399
296,"Kiribati",2088,22,4.129156
296,"Kiribati",2088,23,4.652998
296,"Kiribati",2088,24,5.115551
296,"Kiribati",2088,25,5.480734
296,"Kiribati",2088,26,5.731409
296,"Kiribati",2088,27,5.885321
296,"Kiribati",2088,28,5.947032
296,"Kiribati",2088,29,5.879132
296,"Kiribati",2088,30,5.680545
296,"Kiribati",2088,31,5.393261
296,"Kiribati",2088,32,5.040016
296,"Kiribati",2088,33,4.704604
296,"Kiribati",2088,34,4.381721
296,"Kiribati",2088,35,4.000557
296,"Kiribati",2088,36,3.503388
296,"Kiribati",2088,37,2.996599
296,"Kiribati",2088,38,2.495565
296,"Kiribati",2088,39,1.98172
296,"Kiribati",2088,40,1.429223
296,"Kiribati",2088,41,1.004844
296,"Kiribati",2088,42,0.666103
296,"Kiribati",2088,43,0.410231
296,"Kiribati",2088,44,0.232571
296,"Kiribati",2088,45,0.124501
296,"Kiribati",2088,46,0.058804
296,"Kiribati",2088,47,0.020855
296,"Kiribati",2088,48,0.004224
296,"Kiribati",2088,49,0.000161
296,"Kiribati",2088,50,2.4e-05
296,"Kiribati",2088,51,0.000133
296,"Kiribati",2088,52,0.00017
296,"Kiribati",2088,53,0.000222
296,"Kiribati",2088,54,0.000148
296,"Kiribati",2089,10,0.000146
296,"Kiribati",2089,11,0.00306
296,"Kiribati",2089,12,0.011039
296,"Kiribati",2089,13,0.027058
296,"Kiribati",2089,14,0.13202
296,"Kiribati",2089,15,0.319325
296,"Kiribati",2089,16,0.676928
296,"Kiribati",2089,17,1.160703
296,"Kiribati",2089,18,1.75062
296,"Kiribati",2089,19,2.353823
296,"Kiribati",2089,20,2.940066
296,"Kiribati",2089,21,3.528893
296,"Kiribati",2089,22,4.101123
296,"Kiribati",2089,23,4.628673
296,"Kiribati",2089,24,5.097288
296,"Kiribati",2089,25,5.470584
296,"Kiribati",2089,26,5.730966
296,"Kiribati",2089,27,5.89412
296,"Kiribati",2089,28,5.964102
296,"Kiribati",2089,29,5.902472
296,"Kiribati",2089,30,5.708194
296,"Kiribati",2089,31,5.422201
296,"Kiribati",2089,32,5.067693
296,"Kiribati",2089,33,4.729651
296,"Kiribati",2089,34,4.403131
296,"Kiribati",2089,35,4.017575
296,"Kiribati",2089,36,3.515974
296,"Kiribati",2089,37,3.005208
296,"Kiribati",2089,38,2.500913
296,"Kiribati",2089,39,1.984619
296,"Kiribati",2089,40,1.430452
296,"Kiribati",2089,41,1.004924
296,"Kiribati",2089,42,0.665564
296,"Kiribati",2089,43,0.40955
296,"Kiribati",2089,44,0.232134
296,"Kiribati",2089,45,0.124375
296,"Kiribati",2089,46,0.058811
296,"Kiribati",2089,47,0.02091
296,"Kiribati",2089,48,0.004257
296,"Kiribati",2089,49,0.000165
296,"Kiribati",2089,50,2.5e-05
296,"Kiribati",2089,51,0.000133
296,"Kiribati",2089,52,0.000169
296,"Kiribati",2089,53,0.00022
296,"Kiribati",2089,54,0.000144
296,"Kiribati",2090,10,0.000142
296,"Kiribati",2090,11,0.003075
296,"Kiribati",2090,12,0.010682
296,"Kiribati",2090,13,0.025912
296,"Kiribati",2090,14,0.128973
296,"Kiribati",2090,15,0.313119
296,"Kiribati",2090,16,0.665896
296,"Kiribati",2090,17,1.144178
296,"Kiribati",2090,18,1.728222
296,"Kiribati",2090,19,2.327075
296,"Kiribati",2090,20,2.910741
296,"Kiribati",2090,21,3.49895
296,"Kiribati",2090,22,4.072619
296,"Kiribati",2090,23,4.603859
296,"Kiribati",2090,24,5.078548
296,"Kiribati",2090,25,5.460017
296,"Kiribati",2090,26,5.730224
296,"Kiribati",2090,27,5.902771
296,"Kiribati",2090,28,5.981194
296,"Kiribati",2090,29,5.926001
296,"Kiribati",2090,30,5.736185
296,"Kiribati",2090,31,5.451578
296,"Kiribati",2090,32,5.095845
296,"Kiribati",2090,33,4.755161
296,"Kiribati",2090,34,4.424955
296,"Kiribati",2090,35,4.03494
296,"Kiribati",2090,36,3.528853
296,"Kiribati",2090,37,3.014062
296,"Kiribati",2090,38,2.506467
296,"Kiribati",2090,39,1.987698
296,"Kiribati",2090,40,1.431848
296,"Kiribati",2090,41,1.00514
296,"Kiribati",2090,42,0.665129
296,"Kiribati",2090,43,0.408945
296,"Kiribati",2090,44,0.231749
296,"Kiribati",2090,45,0.124284
296,"Kiribati",2090,46,0.058839
296,"Kiribati",2090,47,0.020976
296,"Kiribati",2090,48,0.004293
296,"Kiribati",2090,49,0.000168
296,"Kiribati",2090,50,2.6e-05
296,"Kiribati",2090,51,0.000134
296,"Kiribati",2090,52,0.000169
296,"Kiribati",2090,53,0.000218
296,"Kiribati",2090,54,0.00014
296,"Kiribati",2091,10,0.000138
296,"Kiribati",2091,11,0.003087
296,"Kiribati",2091,12,0.010327
296,"Kiribati",2091,13,0.024789
296,"Kiribati",2091,14,0.125912
296,"Kiribati",2091,15,0.306864
296,"Kiribati",2091,16,0.654734
296,"Kiribati",2091,17,1.12744
296,"Kiribati",2091,18,1.705535
296,"Kiribati",2091,19,2.29998
296,"Kiribati",2091,20,2.88103
296,"Kiribati",2091,21,3.46858
296,"Kiribati",2091,22,4.043651
296,"Kiribati",2091,23,4.578559
296,"Kiribati",2091,24,5.059327
296,"Kiribati",2091,25,5.449025
296,"Kiribati",2091,26,5.729173
296,"Kiribati",2091,27,5.911264
296,"Kiribati",2091,28,5.998299
296,"Kiribati",2091,29,5.94971
296,"Kiribati",2091,30,5.764512
296,"Kiribati",2091,31,5.481389
296,"Kiribati",2091,32,5.124468
296,"Kiribati",2091,33,4.781132
296,"Kiribati",2091,34,4.447189
296,"Kiribati",2091,35,4.052647
296,"Kiribati",2091,36,3.542022
296,"Kiribati",2091,37,3.023157
296,"Kiribati",2091,38,2.512222
296,"Kiribati",2091,39,1.990954
296,"Kiribati",2091,40,1.433408
296,"Kiribati",2091,41,1.005492
296,"Kiribati",2091,42,0.664796
296,"Kiribati",2091,43,0.408415
296,"Kiribati",2091,44,0.231416
296,"Kiribati",2091,45,0.124227
296,"Kiribati",2091,46,0.058888
296,"Kiribati",2091,47,0.021055
296,"Kiribati",2091,48,0.004335
296,"Kiribati",2091,49,0.000173
296,"Kiribati",2091,50,2.6e-05
296,"Kiribati",2091,51,0.000134
296,"Kiribati",2091,52,0.000168
296,"Kiribati",2091,53,0.000216
296,"Kiribati",2091,54,0.000136
296,"Kiribati",2092,10,0.000134
296,"Kiribati",2092,11,0.003098
296,"Kiribati",2092,12,0.009973
296,"Kiribati",2092,13,0.023691
296,"Kiribati",2092,14,0.122843
296,"Kiribati",2092,15,0.300565
296,"Kiribati",2092,16,0.643452
296,"Kiribati",2092,17,1.110505
296,"Kiribati",2092,18,1.682576
296,"Kiribati",2092,19,2.27255
296,"Kiribati",2092,20,2.850945
296,"Kiribati",2092,21,3.437791
296,"Kiribati",2092,22,4.014223
296,"Kiribati",2092,23,4.552774
296,"Kiribati",2092,24,5.039623
296,"Kiribati",2092,25,5.4376
296,"Kiribati",2092,26,5.727801
296,"Kiribati",2092,27,5.919587
296,"Kiribati",2092,28,6.015405
296,"Kiribati",2092,29,5.973588
296,"Kiribati",2092,30,5.793167
296,"Kiribati",2092,31,5.511627
296,"Kiribati",2092,32,5.153559
296,"Kiribati",2092,33,4.80756
296,"Kiribati",2092,34,4.469832
296,"Kiribati",2092,35,4.070694
296,"Kiribati",2092,36,3.555477
296,"Kiribati",2092,37,3.03249
296,"Kiribati",2092,38,2.518177
296,"Kiribati",2092,39,1.994383
296,"Kiribati",2092,40,1.435131
296,"Kiribati",2092,41,1.005978
296,"Kiribati",2092,42,0.664565
296,"Kiribati",2092,43,0.407957
296,"Kiribati",2092,44,0.231135
296,"Kiribati",2092,45,0.124204
296,"Kiribati",2092,46,0.058959
296,"Kiribati",2092,47,0.021145
296,"Kiribati",2092,48,0.004381
296,"Kiribati",2092,49,0.000177
296,"Kiribati",2092,50,2.7e-05
296,"Kiribati",2092,51,0.000135
296,"Kiribati",2092,52,0.000168
296,"Kiribati",2092,53,0.000215
296,"Kiribati",2092,54,0.000132
296,"Kiribati",2093,10,0.00013
296,"Kiribati",2093,11,0.00311
296,"Kiribati",2093,12,0.009623
296,"Kiribati",2093,13,0.022618
296,"Kiribati",2093,14,0.119769
296,"Kiribati",2093,15,0.29423
296,"Kiribati",2093,16,0.632062
296,"Kiribati",2093,17,1.093385
296,"Kiribati",2093,18,1.659361
296,"Kiribati",2093,19,2.244803
296,"Kiribati",2093,20,2.8205
296,"Kiribati",2093,21,3.406592
296,"Kiribati",2093,22,3.984341
296,"Kiribati",2093,23,4.526503
296,"Kiribati",2093,24,5.019432
296,"Kiribati",2093,25,5.425736
296,"Kiribati",2093,26,5.7261
296,"Kiribati",2093,27,5.927728
296,"Kiribati",2093,28,6.032502
296,"Kiribati",2093,29,5.997627
296,"Kiribati",2093,30,5.822144
296,"Kiribati",2093,31,5.542289
296,"Kiribati",2093,32,5.183114
296,"Kiribati",2093,33,4.834442
296,"Kiribati",2093,34,4.492879
296,"Kiribati",2093,35,4.089077
296,"Kiribati",2093,36,3.569214
296,"Kiribati",2093,37,3.042057
296,"Kiribati",2093,38,2.524328
296,"Kiribati",2093,39,1.997984
296,"Kiribati",2093,40,1.437014
296,"Kiribati",2093,41,1.006595
296,"Kiribati",2093,42,0.664433
296,"Kiribati",2093,43,0.407571
296,"Kiribati",2093,44,0.230905
296,"Kiribati",2093,45,0.124215
296,"Kiribati",2093,46,0.059052
296,"Kiribati",2093,47,0.021247
296,"Kiribati",2093,48,0.004431
296,"Kiribati",2093,49,0.000183
296,"Kiribati",2093,50,2.8e-05
296,"Kiribati",2093,51,0.000136
296,"Kiribati",2093,52,0.000167
296,"Kiribati",2093,53,0.000213
296,"Kiribati",2093,54,0.000128
296,"Kiribati",2094,10,0.000126
296,"Kiribati",2094,11,0.003124
296,"Kiribati",2094,12,0.009275
296,"Kiribati",2094,13,0.021572
296,"Kiribati",2094,14,0.116694
296,"Kiribati",2094,15,0.287867
296,"Kiribati",2094,16,0.620576
296,"Kiribati",2094,17,1.076097
296,"Kiribati",2094,18,1.635905
296,"Kiribati",2094,19,2.216752
296,"Kiribati",2094,20,2.789707
296,"Kiribati",2094,21,3.374993
296,"Kiribati",2094,22,3.954011
296,"Kiribati",2094,23,4.49975
296,"Kiribati",2094,24,4.998751
296,"Kiribati",2094,25,5.413426
296,"Kiribati",2094,26,5.724059
296,"Kiribati",2094,27,5.935676
296,"Kiribati",2094,28,6.049578
296,"Kiribati",2094,29,6.021817
296,"Kiribati",2094,30,5.851433
296,"Kiribati",2094,31,5.573368
296,"Kiribati",2094,32,5.21313
296,"Kiribati",2094,33,4.861776
296,"Kiribati",2094,34,4.516326
296,"Kiribati",2094,35,4.107792
296,"Kiribati",2094,36,3.583229
296,"Kiribati",2094,37,3.051855
296,"Kiribati",2094,38,2.530671
296,"Kiribati",2094,39,2.001754
296,"Kiribati",2094,40,1.439056
296,"Kiribati",2094,41,1.007342
296,"Kiribati",2094,42,0.6644
296,"Kiribati",2094,43,0.407256
296,"Kiribati",2094,44,0.230726
296,"Kiribati",2094,45,0.12426
296,"Kiribati",2094,46,0.059165
296,"Kiribati",2094,47,0.021362
296,"Kiribati",2094,48,0.004487
296,"Kiribati",2094,49,0.000188
296,"Kiribati",2094,50,2.9e-05
296,"Kiribati",2094,51,0.000137
296,"Kiribati",2094,52,0.000167
296,"Kiribati",2094,53,0.000211
296,"Kiribati",2094,54,0.000125
296,"Kiribati",2095,10,0.000122
296,"Kiribati",2095,11,0.003026
296,"Kiribati",2095,12,0.008931
296,"Kiribati",2095,13,0.020553
296,"Kiribati",2095,14,0.113621
296,"Kiribati",2095,15,0.281482
296,"Kiribati",2095,16,0.609006
296,"Kiribati",2095,17,1.058654
296,"Kiribati",2095,18,1.612225
296,"Kiribati",2095,19,2.188414
296,"Kiribati",2095,20,2.758582
296,"Kiribati",2095,21,3.343009
296,"Kiribati",2095,22,3.923243
296,"Kiribati",2095,23,4.472522
296,"Kiribati",2095,24,4.977584
296,"Kiribati",2095,25,5.400669
296,"Kiribati",2095,26,5.721675
296,"Kiribati",2095,27,5.943427
296,"Kiribati",2095,28,6.066628
296,"Kiribati",2095,29,6.046153
296,"Kiribati",2095,30,5.881036
296,"Kiribati",2095,31,5.604865
296,"Kiribati",2095,32,5.243609
296,"Kiribati",2095,33,4.889562
296,"Kiribati",2095,34,4.540176
296,"Kiribati",2095,35,4.126839
296,"Kiribati",2095,36,3.597524
296,"Kiribati",2095,37,3.061883
296,"Kiribati",2095,38,2.537206
296,"Kiribati",2095,39,2.005691
296,"Kiribati",2095,40,1.441256
296,"Kiribati",2095,41,1.00822
296,"Kiribati",2095,42,0.664465
296,"Kiribati",2095,43,0.407013
296,"Kiribati",2095,44,0.230596
296,"Kiribati",2095,45,0.124338
296,"Kiribati",2095,46,0.0593
296,"Kiribati",2095,47,0.021488
296,"Kiribati",2095,48,0.004547
296,"Kiribati",2095,49,0.000195
296,"Kiribati",2095,50,3e-05
296,"Kiribati",2095,51,0.000139
296,"Kiribati",2095,52,0.000167
296,"Kiribati",2095,53,0.00021
296,"Kiribati",2095,54,0.000121
296,"Kiribati",2096,10,0.000119
296,"Kiribati",2096,11,0.002918
296,"Kiribati",2096,12,0.008591
296,"Kiribati",2096,13,0.019562
296,"Kiribati",2096,14,0.110556
296,"Kiribati",2096,15,0.275083
296,"Kiribati",2096,16,0.597361
296,"Kiribati",2096,17,1.04107
296,"Kiribati",2096,18,1.588336
296,"Kiribati",2096,19,2.159805
296,"Kiribati",2096,20,2.727136
296,"Kiribati",2096,21,3.310645
296,"Kiribati",2096,22,3.892039
296,"Kiribati",2096,23,4.444814
296,"Kiribati",2096,24,4.955923
296,"Kiribati",2096,25,5.387453
296,"Kiribati",2096,26,5.718932
296,"Kiribati",2096,27,5.950962
296,"Kiribati",2096,28,6.083634
296,"Kiribati",2096,29,6.07062
296,"Kiribati",2096,30,5.910936
296,"Kiribati",2096,31,5.63677
296,"Kiribati",2096,32,5.27454
296,"Kiribati",2096,33,4.917793
296,"Kiribati",2096,34,4.56442
296,"Kiribati",2096,35,4.14621
296,"Kiribati",2096,36,3.612089
296,"Kiribati",2096,37,3.072136
296,"Kiribati",2096,38,2.543928
296,"Kiribati",2096,39,2.009792
296,"Kiribati",2096,40,1.443611
296,"Kiribati",2096,41,1.009224
296,"Kiribati",2096,42,0.664626
296,"Kiribati",2096,43,0.406838
296,"Kiribati",2096,44,0.230516
296,"Kiribati",2096,45,0.12445
296,"Kiribati",2096,46,0.059457
296,"Kiribati",2096,47,0.021627
296,"Kiribati",2096,48,0.004613
296,"Kiribati",2096,49,0.000202
296,"Kiribati",2096,50,3.1e-05
296,"Kiribati",2096,51,0.00014
296,"Kiribati",2096,52,0.000167
296,"Kiribati",2096,53,0.000208
296,"Kiribati",2096,54,0.000118
296,"Kiribati",2097,10,0.000115
296,"Kiribati",2097,11,0.00281
296,"Kiribati",2097,12,0.008255
296,"Kiribati",2097,13,0.018599
296,"Kiribati",2097,14,0.1075
296,"Kiribati",2097,15,0.268676
296,"Kiribati",2097,16,0.585655
296,"Kiribati",2097,17,1.02336
296,"Kiribati",2097,18,1.564257
296,"Kiribati",2097,19,2.130939
296,"Kiribati",2097,20,2.695382
296,"Kiribati",2097,21,3.277911
296,"Kiribati",2097,22,3.860406
296,"Kiribati",2097,23,4.416631
296,"Kiribati",2097,24,4.933765
296,"Kiribati",2097,25,5.37377
296,"Kiribati",2097,26,5.715819
296,"Kiribati",2097,27,5.958268
296,"Kiribati",2097,28,6.100584
296,"Kiribati",2097,29,6.095206
296,"Kiribati",2097,30,5.941126
296,"Kiribati",2097,31,5.669074
296,"Kiribati",2097,32,5.305919
296,"Kiribati",2097,33,4.946465
296,"Kiribati",2097,34,4.589054
296,"Kiribati",2097,35,4.165901
296,"Kiribati",2097,36,3.626921
296,"Kiribati",2097,37,3.082607
296,"Kiribati",2097,38,2.550832
296,"Kiribati",2097,39,2.014052
296,"Kiribati",2097,40,1.446119
296,"Kiribati",2097,41,1.010354
296,"Kiribati",2097,42,0.664883
296,"Kiribati",2097,43,0.406732
296,"Kiribati",2097,44,0.230485
296,"Kiribati",2097,45,0.124595
296,"Kiribati",2097,46,0.059635
296,"Kiribati",2097,47,0.021779
296,"Kiribati",2097,48,0.004684
296,"Kiribati",2097,49,0.000209
296,"Kiribati",2097,50,3.3e-05
296,"Kiribati",2097,51,0.000142
296,"Kiribati",2097,52,0.000167
296,"Kiribati",2097,53,0.000207
296,"Kiribati",2097,54,0.000114
296,"Kiribati",2098,10,0.000111
296,"Kiribati",2098,11,0.002703
296,"Kiribati",2098,12,0.007925
296,"Kiribati",2098,13,0.017666
296,"Kiribati",2098,14,0.104459
296,"Kiribati",2098,15,0.26227
296,"Kiribati",2098,16,0.573898
296,"Kiribati",2098,17,1.005539
296,"Kiribati",2098,18,1.540002
296,"Kiribati",2098,19,2.101835
296,"Kiribati",2098,20,2.663333
296,"Kiribati",2098,21,3.24482
296,"Kiribati",2098,22,3.828351
296,"Kiribati",2098,23,4.387974
296,"Kiribati",2098,24,4.911109
296,"Kiribati",2098,25,5.359615
296,"Kiribati",2098,26,5.712325
296,"Kiribati",2098,27,5.965335
296,"Kiribati",2098,28,6.117465
296,"Kiribati",2098,29,6.119899
296,"Kiribati",2098,30,5.971597
296,"Kiribati",2098,31,5.701772
296,"Kiribati",2098,32,5.337741
296,"Kiribati",2098,33,4.975572
296,"Kiribati",2098,34,4.614074
296,"Kiribati",2098,35,4.185907
296,"Kiribati",2098,36,3.642016
296,"Kiribati",2098,37,3.093295
296,"Kiribati",2098,38,2.557915
296,"Kiribati",2098,39,2.01847
296,"Kiribati",2098,40,1.448778
296,"Kiribati",2098,41,1.011609
296,"Kiribati",2098,42,0.665233
296,"Kiribati",2098,43,0.406694
296,"Kiribati",2098,44,0.230503
296,"Kiribati",2098,45,0.124772
296,"Kiribati",2098,46,0.059835
296,"Kiribati",2098,47,0.021944
296,"Kiribati",2098,48,0.004761
296,"Kiribati",2098,49,0.000218
296,"Kiribati",2098,50,3.4e-05
296,"Kiribati",2098,51,0.000144
296,"Kiribati",2098,52,0.000167
296,"Kiribati",2098,53,0.000206
296,"Kiribati",2098,54,0.000111
296,"Kiribati",2099,10,0.000107
296,"Kiribati",2099,11,0.002597
296,"Kiribati",2099,12,0.0076
296,"Kiribati",2099,13,0.016762
296,"Kiribati",2099,14,0.101435
296,"Kiribati",2099,15,0.255869
296,"Kiribati",2099,16,0.562102
296,"Kiribati",2099,17,0.987621
296,"Kiribati",2099,18,1.515588
296,"Kiribati",2099,19,2.072507
296,"Kiribati",2099,20,2.631005
296,"Kiribati",2099,21,3.21138
296,"Kiribati",2099,22,3.795882
296,"Kiribati",2099,23,4.358846
296,"Kiribati",2099,24,4.887953
296,"Kiribati",2099,25,5.344982
296,"Kiribati",2099,26,5.708442
296,"Kiribati",2099,27,5.972149
296,"Kiribati",2099,28,6.134265
296,"Kiribati",2099,29,6.14469
296,"Kiribati",2099,30,6.002339
296,"Kiribati",2099,31,5.734858
296,"Kiribati",2099,32,5.370002
296,"Kiribati",2099,33,5.005112
296,"Kiribati",2099,34,4.639474
296,"Kiribati",2099,35,4.206223
296,"Kiribati",2099,36,3.657368
296,"Kiribati",2099,37,3.104194
296,"Kiribati",2099,38,2.565173
296,"Kiribati",2099,39,2.023043
296,"Kiribati",2099,40,1.451586
296,"Kiribati",2099,41,1.012986
296,"Kiribati",2099,42,0.665675
296,"Kiribati",2099,43,0.406723
296,"Kiribati",2099,44,0.230569
296,"Kiribati",2099,45,0.124983
296,"Kiribati",2099,46,0.060056
296,"Kiribati",2099,47,0.022121
296,"Kiribati",2099,48,0.004843
296,"Kiribati",2099,49,0.000227
296,"Kiribati",2099,50,3.6e-05
296,"Kiribati",2099,51,0.000146
296,"Kiribati",2099,52,0.000167
296,"Kiribati",2099,53,0.000205
296,"Kiribati",2099,54,0.000108
296,"Kiribati",2100,10,0.000103
296,"Kiribati",2100,11,0.002492
296,"Kiribati",2100,12,0.007282
296,"Kiribati",2100,13,0.015888
296,"Kiribati",2100,14,0.098432
296,"Kiribati",2100,15,0.249481
296,"Kiribati",2100,16,0.550278
296,"Kiribati",2100,17,0.96962
296,"Kiribati",2100,18,1.491032
296,"Kiribati",2100,19,2.042973
296,"Kiribati",2100,20,2.598412
296,"Kiribati",2100,21,3.177605
296,"Kiribati",2100,22,3.763005
296,"Kiribati",2100,23,4.329252
296,"Kiribati",2100,24,4.864296
296,"Kiribati",2100,25,5.329863
296,"Kiribati",2100,26,5.704158
296,"Kiribati",2100,27,5.978699
296,"Kiribati",2100,28,6.150972
296,"Kiribati",2100,29,6.169566
296,"Kiribati",2100,30,6.033344
296,"Kiribati",2100,31,5.768324
296,"Kiribati",2100,32,5.402696
296,"Kiribati",2100,33,5.03508
296,"Kiribati",2100,34,4.665252
296,"Kiribati",2100,35,4.226845
296,"Kiribati",2100,36,3.672975
296,"Kiribati",2100,37,3.115301
296,"Kiribati",2100,38,2.572604
296,"Kiribati",2100,39,2.027767
296,"Kiribati",2100,40,1.45454
296,"Kiribati",2100,41,1.014484
296,"Kiribati",2100,42,0.66621
296,"Kiribati",2100,43,0.406818
296,"Kiribati",2100,44,0.230682
296,"Kiribati",2100,45,0.125226
296,"Kiribati",2100,46,0.0603
296,"Kiribati",2100,47,0.022312
296,"Kiribati",2100,48,0.004932
296,"Kiribati",2100,49,0.000237
296,"Kiribati",2100,50,3.8e-05
296,"Kiribati",2100,51,0.000148
296,"Kiribati",2100,52,0.000168
296,"Kiribati",2100,53,0.000204
296,"Kiribati",2100,54,0.000104
