"country_code","name","year","age","popM","popF","pop"
296,"Kiribati",1949,0,0.745,0.709,1.454
296,"Kiribati",1949,1,0.638,0.631,1.269
296,"Kiribati",1949,2,0.562,0.568,1.13
296,"Kiribati",1949,3,0.52,0.532,1.052
296,"Kiribati",1949,4,0.486,0.504,0.99
296,"Kiribati",1949,5,0.458,0.481,0.939
296,"Kiribati",1949,6,0.434,0.461,0.895
296,"Kiribati",1949,7,0.412,0.444,0.856
296,"Kiribati",1949,8,0.394,0.429,0.823
296,"Kiribati",1949,9,0.379,0.415,0.794
296,"Kiribati",1949,10,0.366,0.403,0.769
296,"Kiribati",1949,11,0.355,0.391,0.746
296,"Kiribati",1949,12,0.347,0.381,0.728
296,"Kiribati",1949,13,0.341,0.373,0.714
296,"Kiribati",1949,14,0.337,0.365,0.702
296,"Kiribati",1949,15,0.335,0.359,0.694
296,"Kiribati",1949,16,0.334,0.354,0.688
296,"Kiribati",1949,17,0.334,0.35,0.684
296,"Kiribati",1949,18,0.334,0.345,0.679
296,"Kiribati",1949,19,0.332,0.339,0.671
296,"Kiribati",1949,20,0.329,0.333,0.662
296,"Kiribati",1949,21,0.325,0.325,0.65
296,"Kiribati",1949,22,0.32,0.317,0.637
296,"Kiribati",1949,23,0.312,0.308,0.62
296,"Kiribati",1949,24,0.304,0.298,0.602
296,"Kiribati",1949,25,0.294,0.287,0.581
296,"Kiribati",1949,26,0.282,0.275,0.557
296,"Kiribati",1949,27,0.27,0.264,0.534
296,"Kiribati",1949,28,0.259,0.254,0.513
296,"Kiribati",1949,29,0.249,0.246,0.495
296,"Kiribati",1949,30,0.24,0.241,0.481
296,"Kiribati",1949,31,0.233,0.237,0.47
296,"Kiribati",1949,32,0.227,0.234,0.461
296,"Kiribati",1949,33,0.221,0.231,0.452
296,"Kiribati",1949,34,0.215,0.229,0.444
296,"Kiribati",1949,35,0.209,0.226,0.435
296,"Kiribati",1949,36,0.204,0.223,0.427
296,"Kiribati",1949,37,0.199,0.22,0.419
296,"Kiribati",1949,38,0.194,0.216,0.41
296,"Kiribati",1949,39,0.189,0.211,0.4
296,"Kiribati",1949,40,0.185,0.206,0.391
296,"Kiribati",1949,41,0.18,0.2,0.38
296,"Kiribati",1949,42,0.176,0.194,0.37
296,"Kiribati",1949,43,0.173,0.189,0.362
296,"Kiribati",1949,44,0.17,0.184,0.354
296,"Kiribati",1949,45,0.167,0.18,0.347
296,"Kiribati",1949,46,0.165,0.178,0.343
296,"Kiribati",1949,47,0.163,0.175,0.338
296,"Kiribati",1949,48,0.16,0.172,0.332
296,"Kiribati",1949,49,0.156,0.169,0.325
296,"Kiribati",1949,50,0.152,0.166,0.318
296,"Kiribati",1949,51,0.142,0.156,0.298
296,"Kiribati",1949,52,0.129,0.14,0.269
296,"Kiribati",1949,53,0.122,0.132,0.254
296,"Kiribati",1949,54,0.117,0.127,0.244
296,"Kiribati",1949,55,0.114,0.123,0.237
296,"Kiribati",1949,56,0.114,0.123,0.237
296,"Kiribati",1949,57,0.113,0.123,0.236
296,"Kiribati",1949,58,0.112,0.123,0.235
296,"Kiribati",1949,59,0.11,0.122,0.232
296,"Kiribati",1949,60,0.109,0.122,0.231
296,"Kiribati",1949,61,0.107,0.121,0.228
296,"Kiribati",1949,62,0.105,0.119,0.224
296,"Kiribati",1949,63,0.103,0.118,0.221
296,"Kiribati",1949,64,0.1,0.116,0.216
296,"Kiribati",1949,65,0.097,0.113,0.21
296,"Kiribati",1949,66,0.094,0.111,0.205
296,"Kiribati",1949,67,0.09,0.108,0.198
296,"Kiribati",1949,68,0.087,0.104,0.191
296,"Kiribati",1949,69,0.083,0.101,0.184
296,"Kiribati",1949,70,0.079,0.097,0.176
296,"Kiribati",1949,71,0.074,0.092,0.166
296,"Kiribati",1949,72,0.069,0.088,0.157
296,"Kiribati",1949,73,0.065,0.083,0.148
296,"Kiribati",1949,74,0.06,0.078,0.138
296,"Kiribati",1949,75,0.055,0.072,0.127
296,"Kiribati",1949,76,0.05,0.067,0.117
296,"Kiribati",1949,77,0.045,0.061,0.106
296,"Kiribati",1949,78,0.04,0.055,0.095
296,"Kiribati",1949,79,0.035,0.049,0.084
296,"Kiribati",1949,80,0.03,0.044,0.074
296,"Kiribati",1949,81,0.026,0.038,0.064
296,"Kiribati",1949,82,0.022,0.033,0.055
296,"Kiribati",1949,83,0.018,0.028,0.046
296,"Kiribati",1949,84,0.015,0.024,0.039
296,"Kiribati",1949,85,0.012,0.019,0.031
296,"Kiribati",1949,86,0.01,0.016,0.026
296,"Kiribati",1949,87,0.008,0.013,0.021
296,"Kiribati",1949,88,0.006,0.01,0.016
296,"Kiribati",1949,89,0.004,0.008,0.012
296,"Kiribati",1949,90,0.003,0.006,0.009
296,"Kiribati",1949,91,0.002,0.004,0.006
296,"Kiribati",1949,92,0.002,0.003,0.005
296,"Kiribati",1949,93,0.001,0.002,0.003
296,"Kiribati",1949,94,0.001,0.002,0.003
296,"Kiribati",1949,95,0,0.001,0.001
296,"Kiribati",1949,96,0,0.001,0.001
296,"Kiribati",1949,97,0,0,0
296,"Kiribati",1949,98,0,0,0
296,"Kiribati",1949,99,0,0,0
296,"Kiribati",1949,100,0,0,0
296,"Kiribati",1950,0,0.76,0.722,1.482
296,"Kiribati",1950,1,0.689,0.659,1.348
296,"Kiribati",1950,2,0.618,0.611,1.229
296,"Kiribati",1950,3,0.551,0.557,1.108
296,"Kiribati",1950,4,0.513,0.525,1.038
296,"Kiribati",1950,5,0.482,0.499,0.981
296,"Kiribati",1950,6,0.455,0.478,0.933
296,"Kiribati",1950,7,0.432,0.459,0.891
296,"Kiribati",1950,8,0.41,0.442,0.852
296,"Kiribati",1950,9,0.393,0.427,0.82
296,"Kiribati",1950,10,0.378,0.414,0.792
296,"Kiribati",1950,11,0.365,0.402,0.767
296,"Kiribati",1950,12,0.354,0.39,0.744
296,"Kiribati",1950,13,0.346,0.379,0.725
296,"Kiribati",1950,14,0.34,0.371,0.711
296,"Kiribati",1950,15,0.336,0.363,0.699
296,"Kiribati",1950,16,0.334,0.357,0.691
296,"Kiribati",1950,17,0.332,0.352,0.684
296,"Kiribati",1950,18,0.332,0.348,0.68
296,"Kiribati",1950,19,0.332,0.343,0.675
296,"Kiribati",1950,20,0.33,0.337,0.667
296,"Kiribati",1950,21,0.327,0.331,0.658
296,"Kiribati",1950,22,0.323,0.323,0.646
296,"Kiribati",1950,23,0.318,0.315,0.633
296,"Kiribati",1950,24,0.31,0.306,0.616
296,"Kiribati",1950,25,0.302,0.296,0.598
296,"Kiribati",1950,26,0.292,0.285,0.577
296,"Kiribati",1950,27,0.28,0.273,0.553
296,"Kiribati",1950,28,0.268,0.262,0.53
296,"Kiribati",1950,29,0.257,0.252,0.509
296,"Kiribati",1950,30,0.247,0.244,0.491
296,"Kiribati",1950,31,0.238,0.239,0.477
296,"Kiribati",1950,32,0.231,0.235,0.466
296,"Kiribati",1950,33,0.225,0.232,0.457
296,"Kiribati",1950,34,0.219,0.229,0.448
296,"Kiribati",1950,35,0.213,0.227,0.44
296,"Kiribati",1950,36,0.207,0.224,0.431
296,"Kiribati",1950,37,0.202,0.221,0.423
296,"Kiribati",1950,38,0.197,0.218,0.415
296,"Kiribati",1950,39,0.192,0.214,0.406
296,"Kiribati",1950,40,0.187,0.209,0.396
296,"Kiribati",1950,41,0.183,0.204,0.387
296,"Kiribati",1950,42,0.178,0.198,0.376
296,"Kiribati",1950,43,0.174,0.192,0.366
296,"Kiribati",1950,44,0.171,0.187,0.358
296,"Kiribati",1950,45,0.168,0.182,0.35
296,"Kiribati",1950,46,0.165,0.178,0.343
296,"Kiribati",1950,47,0.162,0.176,0.338
296,"Kiribati",1950,48,0.16,0.173,0.333
296,"Kiribati",1950,49,0.157,0.17,0.327
296,"Kiribati",1950,50,0.153,0.167,0.32
296,"Kiribati",1950,51,0.149,0.164,0.313
296,"Kiribati",1950,52,0.139,0.154,0.293
296,"Kiribati",1950,53,0.126,0.138,0.264
296,"Kiribati",1950,54,0.119,0.13,0.249
296,"Kiribati",1950,55,0.114,0.125,0.239
296,"Kiribati",1950,56,0.111,0.121,0.232
296,"Kiribati",1950,57,0.111,0.12,0.231
296,"Kiribati",1950,58,0.11,0.12,0.23
296,"Kiribati",1950,59,0.109,0.12,0.229
296,"Kiribati",1950,60,0.106,0.119,0.225
296,"Kiribati",1950,61,0.105,0.119,0.224
296,"Kiribati",1950,62,0.103,0.117,0.22
296,"Kiribati",1950,63,0.101,0.115,0.216
296,"Kiribati",1950,64,0.098,0.114,0.212
296,"Kiribati",1950,65,0.095,0.112,0.207
296,"Kiribati",1950,66,0.092,0.108,0.2
296,"Kiribati",1950,67,0.089,0.106,0.195
296,"Kiribati",1950,68,0.085,0.103,0.188
296,"Kiribati",1950,69,0.082,0.099,0.181
296,"Kiribati",1950,70,0.077,0.095,0.172
296,"Kiribati",1950,71,0.073,0.091,0.164
296,"Kiribati",1950,72,0.068,0.086,0.154
296,"Kiribati",1950,73,0.063,0.082,0.145
296,"Kiribati",1950,74,0.059,0.076,0.135
296,"Kiribati",1950,75,0.054,0.071,0.125
296,"Kiribati",1950,76,0.049,0.065,0.114
296,"Kiribati",1950,77,0.044,0.06,0.104
296,"Kiribati",1950,78,0.039,0.054,0.093
296,"Kiribati",1950,79,0.035,0.048,0.083
296,"Kiribati",1950,80,0.03,0.043,0.073
296,"Kiribati",1950,81,0.025,0.038,0.063
296,"Kiribati",1950,82,0.022,0.032,0.054
296,"Kiribati",1950,83,0.018,0.028,0.046
296,"Kiribati",1950,84,0.015,0.023,0.038
296,"Kiribati",1950,85,0.012,0.019,0.031
296,"Kiribati",1950,86,0.009,0.015,0.024
296,"Kiribati",1950,87,0.008,0.013,0.021
296,"Kiribati",1950,88,0.006,0.01,0.016
296,"Kiribati",1950,89,0.004,0.008,0.012
296,"Kiribati",1950,90,0.003,0.006,0.009
296,"Kiribati",1950,91,0.002,0.004,0.006
296,"Kiribati",1950,92,0.001,0.003,0.004
296,"Kiribati",1950,93,0.001,0.002,0.003
296,"Kiribati",1950,94,0.001,0.001,0.002
296,"Kiribati",1950,95,0.001,0.001,0.002
296,"Kiribati",1950,96,0,0.001,0.001
296,"Kiribati",1950,97,0,0.001,0.001
296,"Kiribati",1950,98,0,0,0
296,"Kiribati",1950,99,0,0,0
296,"Kiribati",1950,100,0,0,0
296,"Kiribati",1951,0,0.778,0.74,1.518
296,"Kiribati",1951,1,0.703,0.672,1.375
296,"Kiribati",1951,2,0.668,0.639,1.307
296,"Kiribati",1951,3,0.606,0.599,1.205
296,"Kiribati",1951,4,0.544,0.549,1.093
296,"Kiribati",1951,5,0.509,0.52,1.029
296,"Kiribati",1951,6,0.479,0.496,0.975
296,"Kiribati",1951,7,0.453,0.476,0.929
296,"Kiribati",1951,8,0.43,0.457,0.887
296,"Kiribati",1951,9,0.409,0.44,0.849
296,"Kiribati",1951,10,0.391,0.426,0.817
296,"Kiribati",1951,11,0.377,0.412,0.789
296,"Kiribati",1951,12,0.364,0.4,0.764
296,"Kiribati",1951,13,0.353,0.388,0.741
296,"Kiribati",1951,14,0.345,0.378,0.723
296,"Kiribati",1951,15,0.338,0.37,0.708
296,"Kiribati",1951,16,0.334,0.362,0.696
296,"Kiribati",1951,17,0.332,0.355,0.687
296,"Kiribati",1951,18,0.331,0.35,0.681
296,"Kiribati",1951,19,0.33,0.346,0.676
296,"Kiribati",1951,20,0.33,0.341,0.671
296,"Kiribati",1951,21,0.328,0.335,0.663
296,"Kiribati",1951,22,0.325,0.329,0.654
296,"Kiribati",1951,23,0.32,0.321,0.641
296,"Kiribati",1951,24,0.315,0.313,0.628
296,"Kiribati",1951,25,0.307,0.304,0.611
296,"Kiribati",1951,26,0.299,0.294,0.593
296,"Kiribati",1951,27,0.29,0.283,0.573
296,"Kiribati",1951,28,0.278,0.271,0.549
296,"Kiribati",1951,29,0.266,0.26,0.526
296,"Kiribati",1951,30,0.255,0.25,0.505
296,"Kiribati",1951,31,0.245,0.242,0.487
296,"Kiribati",1951,32,0.236,0.237,0.473
296,"Kiribati",1951,33,0.229,0.233,0.462
296,"Kiribati",1951,34,0.223,0.23,0.453
296,"Kiribati",1951,35,0.217,0.227,0.444
296,"Kiribati",1951,36,0.211,0.225,0.436
296,"Kiribati",1951,37,0.205,0.222,0.427
296,"Kiribati",1951,38,0.2,0.219,0.419
296,"Kiribati",1951,39,0.195,0.216,0.411
296,"Kiribati",1951,40,0.19,0.212,0.402
296,"Kiribati",1951,41,0.185,0.207,0.392
296,"Kiribati",1951,42,0.18,0.202,0.382
296,"Kiribati",1951,43,0.175,0.196,0.371
296,"Kiribati",1951,44,0.171,0.19,0.361
296,"Kiribati",1951,45,0.168,0.185,0.353
296,"Kiribati",1951,46,0.165,0.18,0.345
296,"Kiribati",1951,47,0.162,0.176,0.338
296,"Kiribati",1951,48,0.16,0.174,0.334
296,"Kiribati",1951,49,0.158,0.171,0.329
296,"Kiribati",1951,50,0.154,0.167,0.321
296,"Kiribati",1951,51,0.15,0.164,0.314
296,"Kiribati",1951,52,0.146,0.161,0.307
296,"Kiribati",1951,53,0.136,0.151,0.287
296,"Kiribati",1951,54,0.123,0.135,0.258
296,"Kiribati",1951,55,0.116,0.127,0.243
296,"Kiribati",1951,56,0.111,0.122,0.233
296,"Kiribati",1951,57,0.108,0.118,0.226
296,"Kiribati",1951,58,0.108,0.118,0.226
296,"Kiribati",1951,59,0.106,0.117,0.223
296,"Kiribati",1951,60,0.105,0.117,0.222
296,"Kiribati",1951,61,0.103,0.115,0.218
296,"Kiribati",1951,62,0.101,0.115,0.216
296,"Kiribati",1951,63,0.099,0.113,0.212
296,"Kiribati",1951,64,0.096,0.111,0.207
296,"Kiribati",1951,65,0.094,0.109,0.203
296,"Kiribati",1951,66,0.09,0.107,0.197
296,"Kiribati",1951,67,0.087,0.104,0.191
296,"Kiribati",1951,68,0.084,0.101,0.185
296,"Kiribati",1951,69,0.08,0.098,0.178
296,"Kiribati",1951,70,0.076,0.093,0.169
296,"Kiribati",1951,71,0.072,0.089,0.161
296,"Kiribati",1951,72,0.068,0.085,0.153
296,"Kiribati",1951,73,0.062,0.079,0.141
296,"Kiribati",1951,74,0.057,0.075,0.132
296,"Kiribati",1951,75,0.053,0.07,0.123
296,"Kiribati",1951,76,0.048,0.065,0.113
296,"Kiribati",1951,77,0.043,0.059,0.102
296,"Kiribati",1951,78,0.039,0.054,0.093
296,"Kiribati",1951,79,0.034,0.048,0.082
296,"Kiribati",1951,80,0.03,0.042,0.072
296,"Kiribati",1951,81,0.025,0.037,0.062
296,"Kiribati",1951,82,0.021,0.032,0.053
296,"Kiribati",1951,83,0.018,0.027,0.045
296,"Kiribati",1951,84,0.015,0.023,0.038
296,"Kiribati",1951,85,0.011,0.019,0.03
296,"Kiribati",1951,86,0.009,0.016,0.025
296,"Kiribati",1951,87,0.007,0.012,0.019
296,"Kiribati",1951,88,0.006,0.01,0.016
296,"Kiribati",1951,89,0.004,0.008,0.012
296,"Kiribati",1951,90,0.003,0.006,0.009
296,"Kiribati",1951,91,0.002,0.004,0.006
296,"Kiribati",1951,92,0.001,0.003,0.004
296,"Kiribati",1951,93,0.001,0.002,0.003
296,"Kiribati",1951,94,0.001,0.001,0.002
296,"Kiribati",1951,95,0,0.001,0.001
296,"Kiribati",1951,96,0,0.001,0.001
296,"Kiribati",1951,97,0,0,0
296,"Kiribati",1951,98,0,0,0
296,"Kiribati",1951,99,0,0,0
296,"Kiribati",1951,100,0,0,0
296,"Kiribati",1952,0,0.797,0.757,1.554
296,"Kiribati",1952,1,0.72,0.688,1.408
296,"Kiribati",1952,2,0.682,0.651,1.333
296,"Kiribati",1952,3,0.655,0.626,1.281
296,"Kiribati",1952,4,0.599,0.591,1.19
296,"Kiribati",1952,5,0.539,0.544,1.083
296,"Kiribati",1952,6,0.506,0.517,1.023
296,"Kiribati",1952,7,0.476,0.494,0.97
296,"Kiribati",1952,8,0.451,0.474,0.925
296,"Kiribati",1952,9,0.429,0.455,0.884
296,"Kiribati",1952,10,0.408,0.439,0.847
296,"Kiribati",1952,11,0.39,0.424,0.814
296,"Kiribati",1952,12,0.375,0.41,0.785
296,"Kiribati",1952,13,0.362,0.398,0.76
296,"Kiribati",1952,14,0.351,0.386,0.737
296,"Kiribati",1952,15,0.343,0.376,0.719
296,"Kiribati",1952,16,0.337,0.368,0.705
296,"Kiribati",1952,17,0.333,0.36,0.693
296,"Kiribati",1952,18,0.33,0.354,0.684
296,"Kiribati",1952,19,0.329,0.348,0.677
296,"Kiribati",1952,20,0.328,0.344,0.672
296,"Kiribati",1952,21,0.328,0.339,0.667
296,"Kiribati",1952,22,0.326,0.333,0.659
296,"Kiribati",1952,23,0.322,0.326,0.648
296,"Kiribati",1952,24,0.318,0.318,0.636
296,"Kiribati",1952,25,0.313,0.31,0.623
296,"Kiribati",1952,26,0.305,0.301,0.606
296,"Kiribati",1952,27,0.297,0.292,0.589
296,"Kiribati",1952,28,0.287,0.281,0.568
296,"Kiribati",1952,29,0.276,0.269,0.545
296,"Kiribati",1952,30,0.264,0.258,0.522
296,"Kiribati",1952,31,0.253,0.248,0.501
296,"Kiribati",1952,32,0.243,0.24,0.483
296,"Kiribati",1952,33,0.234,0.235,0.469
296,"Kiribati",1952,34,0.227,0.231,0.458
296,"Kiribati",1952,35,0.221,0.228,0.449
296,"Kiribati",1952,36,0.215,0.225,0.44
296,"Kiribati",1952,37,0.209,0.223,0.432
296,"Kiribati",1952,38,0.203,0.22,0.423
296,"Kiribati",1952,39,0.198,0.217,0.415
296,"Kiribati",1952,40,0.192,0.214,0.406
296,"Kiribati",1952,41,0.187,0.21,0.397
296,"Kiribati",1952,42,0.182,0.205,0.387
296,"Kiribati",1952,43,0.178,0.2,0.378
296,"Kiribati",1952,44,0.173,0.194,0.367
296,"Kiribati",1952,45,0.169,0.188,0.357
296,"Kiribati",1952,46,0.166,0.183,0.349
296,"Kiribati",1952,47,0.163,0.178,0.341
296,"Kiribati",1952,48,0.159,0.174,0.333
296,"Kiribati",1952,49,0.157,0.171,0.328
296,"Kiribati",1952,50,0.155,0.168,0.323
296,"Kiribati",1952,51,0.151,0.165,0.316
296,"Kiribati",1952,52,0.147,0.162,0.309
296,"Kiribati",1952,53,0.143,0.158,0.301
296,"Kiribati",1952,54,0.133,0.148,0.281
296,"Kiribati",1952,55,0.12,0.133,0.253
296,"Kiribati",1952,56,0.113,0.125,0.238
296,"Kiribati",1952,57,0.108,0.12,0.228
296,"Kiribati",1952,58,0.105,0.116,0.221
296,"Kiribati",1952,59,0.104,0.115,0.219
296,"Kiribati",1952,60,0.103,0.114,0.217
296,"Kiribati",1952,61,0.101,0.114,0.215
296,"Kiribati",1952,62,0.099,0.112,0.211
296,"Kiribati",1952,63,0.097,0.111,0.208
296,"Kiribati",1952,64,0.094,0.109,0.203
296,"Kiribati",1952,65,0.092,0.107,0.199
296,"Kiribati",1952,66,0.089,0.105,0.194
296,"Kiribati",1952,67,0.086,0.102,0.188
296,"Kiribati",1952,68,0.082,0.099,0.181
296,"Kiribati",1952,69,0.079,0.096,0.175
296,"Kiribati",1952,70,0.074,0.092,0.166
296,"Kiribati",1952,71,0.071,0.087,0.158
296,"Kiribati",1952,72,0.066,0.083,0.149
296,"Kiribati",1952,73,0.062,0.079,0.141
296,"Kiribati",1952,74,0.057,0.073,0.13
296,"Kiribati",1952,75,0.052,0.069,0.121
296,"Kiribati",1952,76,0.047,0.063,0.11
296,"Kiribati",1952,77,0.043,0.058,0.101
296,"Kiribati",1952,78,0.038,0.052,0.09
296,"Kiribati",1952,79,0.033,0.047,0.08
296,"Kiribati",1952,80,0.029,0.042,0.071
296,"Kiribati",1952,81,0.025,0.036,0.061
296,"Kiribati",1952,82,0.021,0.031,0.052
296,"Kiribati",1952,83,0.017,0.027,0.044
296,"Kiribati",1952,84,0.014,0.022,0.036
296,"Kiribati",1952,85,0.012,0.018,0.03
296,"Kiribati",1952,86,0.009,0.015,0.024
296,"Kiribati",1952,87,0.007,0.012,0.019
296,"Kiribati",1952,88,0.005,0.009,0.014
296,"Kiribati",1952,89,0.004,0.007,0.011
296,"Kiribati",1952,90,0.003,0.006,0.009
296,"Kiribati",1952,91,0.002,0.004,0.006
296,"Kiribati",1952,92,0.001,0.003,0.004
296,"Kiribati",1952,93,0.001,0.002,0.003
296,"Kiribati",1952,94,0.001,0.001,0.002
296,"Kiribati",1952,95,0.001,0.001,0.002
296,"Kiribati",1952,96,0,0.001,0.001
296,"Kiribati",1952,97,0,0.001,0.001
296,"Kiribati",1952,98,0,0,0
296,"Kiribati",1952,99,0,0,0
296,"Kiribati",1952,100,0,0,0
296,"Kiribati",1953,0,0.816,0.776,1.592
296,"Kiribati",1953,1,0.738,0.704,1.442
296,"Kiribati",1953,2,0.699,0.667,1.366
296,"Kiribati",1953,3,0.669,0.638,1.307
296,"Kiribati",1953,4,0.647,0.618,1.265
296,"Kiribati",1953,5,0.593,0.586,1.179
296,"Kiribati",1953,6,0.536,0.541,1.077
296,"Kiribati",1953,7,0.503,0.514,1.017
296,"Kiribati",1953,8,0.475,0.492,0.967
296,"Kiribati",1953,9,0.45,0.472,0.922
296,"Kiribati",1953,10,0.427,0.453,0.88
296,"Kiribati",1953,11,0.406,0.437,0.843
296,"Kiribati",1953,12,0.389,0.423,0.812
296,"Kiribati",1953,13,0.374,0.409,0.783
296,"Kiribati",1953,14,0.361,0.397,0.758
296,"Kiribati",1953,15,0.35,0.385,0.735
296,"Kiribati",1953,16,0.342,0.374,0.716
296,"Kiribati",1953,17,0.335,0.366,0.701
296,"Kiribati",1953,18,0.331,0.358,0.689
296,"Kiribati",1953,19,0.329,0.352,0.681
296,"Kiribati",1953,20,0.327,0.346,0.673
296,"Kiribati",1953,21,0.326,0.342,0.668
296,"Kiribati",1953,22,0.326,0.337,0.663
296,"Kiribati",1953,23,0.323,0.33,0.653
296,"Kiribati",1953,24,0.32,0.324,0.644
296,"Kiribati",1953,25,0.316,0.316,0.632
296,"Kiribati",1953,26,0.311,0.308,0.619
296,"Kiribati",1953,27,0.303,0.299,0.602
296,"Kiribati",1953,28,0.295,0.289,0.584
296,"Kiribati",1953,29,0.285,0.278,0.563
296,"Kiribati",1953,30,0.273,0.267,0.54
296,"Kiribati",1953,31,0.262,0.256,0.518
296,"Kiribati",1953,32,0.251,0.246,0.497
296,"Kiribati",1953,33,0.241,0.238,0.479
296,"Kiribati",1953,34,0.232,0.233,0.465
296,"Kiribati",1953,35,0.225,0.229,0.454
296,"Kiribati",1953,36,0.219,0.226,0.445
296,"Kiribati",1953,37,0.213,0.223,0.436
296,"Kiribati",1953,38,0.206,0.221,0.427
296,"Kiribati",1953,39,0.2,0.218,0.418
296,"Kiribati",1953,40,0.195,0.214,0.409
296,"Kiribati",1953,41,0.19,0.211,0.401
296,"Kiribati",1953,42,0.185,0.207,0.392
296,"Kiribati",1953,43,0.18,0.202,0.382
296,"Kiribati",1953,44,0.176,0.197,0.373
296,"Kiribati",1953,45,0.17,0.191,0.361
296,"Kiribati",1953,46,0.166,0.186,0.352
296,"Kiribati",1953,47,0.163,0.181,0.344
296,"Kiribati",1953,48,0.16,0.176,0.336
296,"Kiribati",1953,49,0.157,0.171,0.328
296,"Kiribati",1953,50,0.154,0.169,0.323
296,"Kiribati",1953,51,0.152,0.166,0.318
296,"Kiribati",1953,52,0.148,0.162,0.31
296,"Kiribati",1953,53,0.144,0.159,0.303
296,"Kiribati",1953,54,0.14,0.156,0.296
296,"Kiribati",1953,55,0.13,0.146,0.276
296,"Kiribati",1953,56,0.117,0.13,0.247
296,"Kiribati",1953,57,0.11,0.122,0.232
296,"Kiribati",1953,58,0.105,0.117,0.222
296,"Kiribati",1953,59,0.102,0.113,0.215
296,"Kiribati",1953,60,0.101,0.112,0.213
296,"Kiribati",1953,61,0.099,0.111,0.21
296,"Kiribati",1953,62,0.097,0.11,0.207
296,"Kiribati",1953,63,0.095,0.108,0.203
296,"Kiribati",1953,64,0.093,0.107,0.2
296,"Kiribati",1953,65,0.09,0.105,0.195
296,"Kiribati",1953,66,0.087,0.102,0.189
296,"Kiribati",1953,67,0.084,0.1,0.184
296,"Kiribati",1953,68,0.081,0.097,0.178
296,"Kiribati",1953,69,0.077,0.094,0.171
296,"Kiribati",1953,70,0.073,0.091,0.164
296,"Kiribati",1953,71,0.069,0.086,0.155
296,"Kiribati",1953,72,0.065,0.082,0.147
296,"Kiribati",1953,73,0.061,0.077,0.138
296,"Kiribati",1953,74,0.056,0.072,0.128
296,"Kiribati",1953,75,0.051,0.067,0.118
296,"Kiribati",1953,76,0.046,0.062,0.108
296,"Kiribati",1953,77,0.042,0.057,0.099
296,"Kiribati",1953,78,0.037,0.052,0.089
296,"Kiribati",1953,79,0.033,0.046,0.079
296,"Kiribati",1953,80,0.029,0.041,0.07
296,"Kiribati",1953,81,0.025,0.036,0.061
296,"Kiribati",1953,82,0.021,0.031,0.052
296,"Kiribati",1953,83,0.017,0.026,0.043
296,"Kiribati",1953,84,0.014,0.022,0.036
296,"Kiribati",1953,85,0.011,0.018,0.029
296,"Kiribati",1953,86,0.009,0.015,0.024
296,"Kiribati",1953,87,0.007,0.012,0.019
296,"Kiribati",1953,88,0.005,0.009,0.014
296,"Kiribati",1953,89,0.004,0.007,0.011
296,"Kiribati",1953,90,0.003,0.005,0.008
296,"Kiribati",1953,91,0.002,0.004,0.006
296,"Kiribati",1953,92,0.001,0.003,0.004
296,"Kiribati",1953,93,0.001,0.002,0.003
296,"Kiribati",1953,94,0.001,0.001,0.002
296,"Kiribati",1953,95,0,0.001,0.001
296,"Kiribati",1953,96,0,0.001,0.001
296,"Kiribati",1953,97,0,0,0
296,"Kiribati",1953,98,0,0,0
296,"Kiribati",1953,99,0,0,0
296,"Kiribati",1953,100,0,0,0
296,"Kiribati",1954,0,0.836,0.794,1.63
296,"Kiribati",1954,1,0.756,0.722,1.478
296,"Kiribati",1954,2,0.715,0.683,1.398
296,"Kiribati",1954,3,0.685,0.654,1.339
296,"Kiribati",1954,4,0.66,0.63,1.29
296,"Kiribati",1954,5,0.641,0.612,1.253
296,"Kiribati",1954,6,0.59,0.582,1.172
296,"Kiribati",1954,7,0.533,0.538,1.071
296,"Kiribati",1954,8,0.501,0.512,1.013
296,"Kiribati",1954,9,0.473,0.49,0.963
296,"Kiribati",1954,10,0.448,0.47,0.918
296,"Kiribati",1954,11,0.426,0.452,0.878
296,"Kiribati",1954,12,0.405,0.436,0.841
296,"Kiribati",1954,13,0.387,0.421,0.808
296,"Kiribati",1954,14,0.373,0.407,0.78
296,"Kiribati",1954,15,0.36,0.395,0.755
296,"Kiribati",1954,16,0.348,0.383,0.731
296,"Kiribati",1954,17,0.34,0.373,0.713
296,"Kiribati",1954,18,0.334,0.364,0.698
296,"Kiribati",1954,19,0.329,0.356,0.685
296,"Kiribati",1954,20,0.327,0.349,0.676
296,"Kiribati",1954,21,0.325,0.344,0.669
296,"Kiribati",1954,22,0.324,0.34,0.664
296,"Kiribati",1954,23,0.323,0.334,0.657
296,"Kiribati",1954,24,0.321,0.328,0.649
296,"Kiribati",1954,25,0.318,0.322,0.64
296,"Kiribati",1954,26,0.313,0.314,0.627
296,"Kiribati",1954,27,0.308,0.306,0.614
296,"Kiribati",1954,28,0.3,0.297,0.597
296,"Kiribati",1954,29,0.293,0.287,0.58
296,"Kiribati",1954,30,0.283,0.276,0.559
296,"Kiribati",1954,31,0.271,0.264,0.535
296,"Kiribati",1954,32,0.259,0.254,0.513
296,"Kiribati",1954,33,0.248,0.244,0.492
296,"Kiribati",1954,34,0.238,0.236,0.474
296,"Kiribati",1954,35,0.23,0.231,0.461
296,"Kiribati",1954,36,0.222,0.227,0.449
296,"Kiribati",1954,37,0.216,0.224,0.44
296,"Kiribati",1954,38,0.21,0.221,0.431
296,"Kiribati",1954,39,0.204,0.218,0.422
296,"Kiribati",1954,40,0.198,0.215,0.413
296,"Kiribati",1954,41,0.193,0.212,0.405
296,"Kiribati",1954,42,0.188,0.209,0.397
296,"Kiribati",1954,43,0.182,0.205,0.387
296,"Kiribati",1954,44,0.177,0.2,0.377
296,"Kiribati",1954,45,0.173,0.195,0.368
296,"Kiribati",1954,46,0.168,0.189,0.357
296,"Kiribati",1954,47,0.164,0.183,0.347
296,"Kiribati",1954,48,0.161,0.178,0.339
296,"Kiribati",1954,49,0.157,0.173,0.33
296,"Kiribati",1954,50,0.154,0.169,0.323
296,"Kiribati",1954,51,0.151,0.167,0.318
296,"Kiribati",1954,52,0.149,0.163,0.312
296,"Kiribati",1954,53,0.145,0.16,0.305
296,"Kiribati",1954,54,0.141,0.156,0.297
296,"Kiribati",1954,55,0.136,0.153,0.289
296,"Kiribati",1954,56,0.126,0.143,0.269
296,"Kiribati",1954,57,0.114,0.128,0.242
296,"Kiribati",1954,58,0.107,0.12,0.227
296,"Kiribati",1954,59,0.102,0.114,0.216
296,"Kiribati",1954,60,0.098,0.11,0.208
296,"Kiribati",1954,61,0.097,0.109,0.206
296,"Kiribati",1954,62,0.095,0.108,0.203
296,"Kiribati",1954,63,0.093,0.106,0.199
296,"Kiribati",1954,64,0.09,0.104,0.194
296,"Kiribati",1954,65,0.088,0.103,0.191
296,"Kiribati",1954,66,0.085,0.101,0.186
296,"Kiribati",1954,67,0.082,0.098,0.18
296,"Kiribati",1954,68,0.079,0.096,0.175
296,"Kiribati",1954,69,0.076,0.092,0.168
296,"Kiribati",1954,70,0.072,0.088,0.16
296,"Kiribati",1954,71,0.068,0.085,0.153
296,"Kiribati",1954,72,0.064,0.081,0.145
296,"Kiribati",1954,73,0.06,0.076,0.136
296,"Kiribati",1954,74,0.055,0.071,0.126
296,"Kiribati",1954,75,0.051,0.066,0.117
296,"Kiribati",1954,76,0.046,0.061,0.107
296,"Kiribati",1954,77,0.041,0.056,0.097
296,"Kiribati",1954,78,0.037,0.051,0.088
296,"Kiribati",1954,79,0.032,0.045,0.077
296,"Kiribati",1954,80,0.028,0.04,0.068
296,"Kiribati",1954,81,0.024,0.035,0.059
296,"Kiribati",1954,82,0.02,0.03,0.05
296,"Kiribati",1954,83,0.017,0.026,0.043
296,"Kiribati",1954,84,0.014,0.021,0.035
296,"Kiribati",1954,85,0.011,0.018,0.029
296,"Kiribati",1954,86,0.009,0.014,0.023
296,"Kiribati",1954,87,0.007,0.012,0.019
296,"Kiribati",1954,88,0.005,0.009,0.014
296,"Kiribati",1954,89,0.004,0.007,0.011
296,"Kiribati",1954,90,0.003,0.005,0.008
296,"Kiribati",1954,91,0.002,0.004,0.006
296,"Kiribati",1954,92,0.001,0.003,0.004
296,"Kiribati",1954,93,0.001,0.002,0.003
296,"Kiribati",1954,94,0.001,0.001,0.002
296,"Kiribati",1954,95,0,0.001,0.001
296,"Kiribati",1954,96,0,0.001,0.001
296,"Kiribati",1954,97,0,0,0
296,"Kiribati",1954,98,0,0,0
296,"Kiribati",1954,99,0,0,0
296,"Kiribati",1954,100,0,0,0
296,"Kiribati",1955,0,0.853,0.811,1.664
296,"Kiribati",1955,1,0.775,0.74,1.515
296,"Kiribati",1955,2,0.734,0.701,1.435
296,"Kiribati",1955,3,0.702,0.67,1.372
296,"Kiribati",1955,4,0.676,0.645,1.321
296,"Kiribati",1955,5,0.654,0.624,1.278
296,"Kiribati",1955,6,0.637,0.609,1.246
296,"Kiribati",1955,7,0.587,0.579,1.166
296,"Kiribati",1955,8,0.531,0.536,1.067
296,"Kiribati",1955,9,0.5,0.51,1.01
296,"Kiribati",1955,10,0.471,0.488,0.959
296,"Kiribati",1955,11,0.447,0.468,0.915
296,"Kiribati",1955,12,0.425,0.45,0.875
296,"Kiribati",1955,13,0.404,0.434,0.838
296,"Kiribati",1955,14,0.386,0.419,0.805
296,"Kiribati",1955,15,0.371,0.405,0.776
296,"Kiribati",1955,16,0.358,0.393,0.751
296,"Kiribati",1955,17,0.347,0.381,0.728
296,"Kiribati",1955,18,0.338,0.371,0.709
296,"Kiribati",1955,19,0.332,0.362,0.694
296,"Kiribati",1955,20,0.327,0.354,0.681
296,"Kiribati",1955,21,0.324,0.347,0.671
296,"Kiribati",1955,22,0.323,0.342,0.665
296,"Kiribati",1955,23,0.322,0.337,0.659
296,"Kiribati",1955,24,0.321,0.332,0.653
296,"Kiribati",1955,25,0.319,0.326,0.645
296,"Kiribati",1955,26,0.315,0.32,0.635
296,"Kiribati",1955,27,0.311,0.312,0.623
296,"Kiribati",1955,28,0.306,0.304,0.61
296,"Kiribati",1955,29,0.298,0.295,0.593
296,"Kiribati",1955,30,0.29,0.285,0.575
296,"Kiribati",1955,31,0.281,0.274,0.555
296,"Kiribati",1955,32,0.269,0.262,0.531
296,"Kiribati",1955,33,0.257,0.252,0.509
296,"Kiribati",1955,34,0.246,0.242,0.488
296,"Kiribati",1955,35,0.236,0.234,0.47
296,"Kiribati",1955,36,0.227,0.229,0.456
296,"Kiribati",1955,37,0.22,0.225,0.445
296,"Kiribati",1955,38,0.214,0.222,0.436
296,"Kiribati",1955,39,0.208,0.218,0.426
296,"Kiribati",1955,40,0.202,0.216,0.418
296,"Kiribati",1955,41,0.196,0.213,0.409
296,"Kiribati",1955,42,0.19,0.21,0.4
296,"Kiribati",1955,43,0.185,0.207,0.392
296,"Kiribati",1955,44,0.18,0.203,0.383
296,"Kiribati",1955,45,0.175,0.198,0.373
296,"Kiribati",1955,46,0.171,0.193,0.364
296,"Kiribati",1955,47,0.165,0.187,0.352
296,"Kiribati",1955,48,0.161,0.181,0.342
296,"Kiribati",1955,49,0.158,0.176,0.334
296,"Kiribati",1955,50,0.154,0.171,0.325
296,"Kiribati",1955,51,0.151,0.167,0.318
296,"Kiribati",1955,52,0.148,0.164,0.312
296,"Kiribati",1955,53,0.145,0.16,0.305
296,"Kiribati",1955,54,0.142,0.157,0.299
296,"Kiribati",1955,55,0.137,0.153,0.29
296,"Kiribati",1955,56,0.133,0.15,0.283
296,"Kiribati",1955,57,0.123,0.14,0.263
296,"Kiribati",1955,58,0.111,0.125,0.236
296,"Kiribati",1955,59,0.104,0.117,0.221
296,"Kiribati",1955,60,0.099,0.111,0.21
296,"Kiribati",1955,61,0.095,0.107,0.202
296,"Kiribati",1955,62,0.094,0.106,0.2
296,"Kiribati",1955,63,0.092,0.104,0.196
296,"Kiribati",1955,64,0.089,0.103,0.192
296,"Kiribati",1955,65,0.086,0.1,0.186
296,"Kiribati",1955,66,0.084,0.099,0.183
296,"Kiribati",1955,67,0.081,0.096,0.177
296,"Kiribati",1955,68,0.078,0.093,0.171
296,"Kiribati",1955,69,0.075,0.091,0.166
296,"Kiribati",1955,70,0.071,0.087,0.158
296,"Kiribati",1955,71,0.067,0.083,0.15
296,"Kiribati",1955,72,0.063,0.079,0.142
296,"Kiribati",1955,73,0.058,0.075,0.133
296,"Kiribati",1955,74,0.054,0.07,0.124
296,"Kiribati",1955,75,0.05,0.065,0.115
296,"Kiribati",1955,76,0.045,0.06,0.105
296,"Kiribati",1955,77,0.04,0.054,0.094
296,"Kiribati",1955,78,0.036,0.05,0.086
296,"Kiribati",1955,79,0.032,0.045,0.077
296,"Kiribati",1955,80,0.028,0.04,0.068
296,"Kiribati",1955,81,0.024,0.034,0.058
296,"Kiribati",1955,82,0.02,0.03,0.05
296,"Kiribati",1955,83,0.017,0.025,0.042
296,"Kiribati",1955,84,0.014,0.021,0.035
296,"Kiribati",1955,85,0.011,0.017,0.028
296,"Kiribati",1955,86,0.009,0.014,0.023
296,"Kiribati",1955,87,0.007,0.011,0.018
296,"Kiribati",1955,88,0.005,0.009,0.014
296,"Kiribati",1955,89,0.004,0.007,0.011
296,"Kiribati",1955,90,0.003,0.005,0.008
296,"Kiribati",1955,91,0.002,0.004,0.006
296,"Kiribati",1955,92,0.001,0.003,0.004
296,"Kiribati",1955,93,0.001,0.002,0.003
296,"Kiribati",1955,94,0.001,0.001,0.002
296,"Kiribati",1955,95,0,0.001,0.001
296,"Kiribati",1955,96,0,0.001,0.001
296,"Kiribati",1955,97,0,0,0
296,"Kiribati",1955,98,0,0,0
296,"Kiribati",1955,99,0,0,0
296,"Kiribati",1955,100,0,0,0
296,"Kiribati",1956,0,0.871,0.828,1.699
296,"Kiribati",1956,1,0.791,0.756,1.547
296,"Kiribati",1956,2,0.752,0.718,1.47
296,"Kiribati",1956,3,0.72,0.687,1.407
296,"Kiribati",1956,4,0.693,0.661,1.354
296,"Kiribati",1956,5,0.671,0.64,1.311
296,"Kiribati",1956,6,0.651,0.62,1.271
296,"Kiribati",1956,7,0.634,0.606,1.24
296,"Kiribati",1956,8,0.585,0.577,1.162
296,"Kiribati",1956,9,0.529,0.534,1.063
296,"Kiribati",1956,10,0.498,0.509,1.007
296,"Kiribati",1956,11,0.47,0.487,0.957
296,"Kiribati",1956,12,0.445,0.467,0.912
296,"Kiribati",1956,13,0.423,0.449,0.872
296,"Kiribati",1956,14,0.402,0.432,0.834
296,"Kiribati",1956,15,0.385,0.418,0.803
296,"Kiribati",1956,16,0.37,0.404,0.774
296,"Kiribati",1956,17,0.356,0.391,0.747
296,"Kiribati",1956,18,0.345,0.379,0.724
296,"Kiribati",1956,19,0.337,0.368,0.705
296,"Kiribati",1956,20,0.33,0.36,0.69
296,"Kiribati",1956,21,0.325,0.352,0.677
296,"Kiribati",1956,22,0.322,0.345,0.667
296,"Kiribati",1956,23,0.32,0.34,0.66
296,"Kiribati",1956,24,0.32,0.335,0.655
296,"Kiribati",1956,25,0.319,0.33,0.649
296,"Kiribati",1956,26,0.316,0.323,0.639
296,"Kiribati",1956,27,0.313,0.317,0.63
296,"Kiribati",1956,28,0.309,0.309,0.618
296,"Kiribati",1956,29,0.304,0.301,0.605
296,"Kiribati",1956,30,0.296,0.292,0.588
296,"Kiribati",1956,31,0.288,0.283,0.571
296,"Kiribati",1956,32,0.278,0.272,0.55
296,"Kiribati",1956,33,0.266,0.26,0.526
296,"Kiribati",1956,34,0.255,0.249,0.504
296,"Kiribati",1956,35,0.244,0.24,0.484
296,"Kiribati",1956,36,0.234,0.232,0.466
296,"Kiribati",1956,37,0.225,0.227,0.452
296,"Kiribati",1956,38,0.218,0.223,0.441
296,"Kiribati",1956,39,0.212,0.219,0.431
296,"Kiribati",1956,40,0.206,0.216,0.422
296,"Kiribati",1956,41,0.199,0.214,0.413
296,"Kiribati",1956,42,0.193,0.211,0.404
296,"Kiribati",1956,43,0.188,0.208,0.396
296,"Kiribati",1956,44,0.183,0.205,0.388
296,"Kiribati",1956,45,0.177,0.201,0.378
296,"Kiribati",1956,46,0.172,0.196,0.368
296,"Kiribati",1956,47,0.168,0.191,0.359
296,"Kiribati",1956,48,0.163,0.185,0.348
296,"Kiribati",1956,49,0.158,0.179,0.337
296,"Kiribati",1956,50,0.155,0.174,0.329
296,"Kiribati",1956,51,0.151,0.168,0.319
296,"Kiribati",1956,52,0.148,0.164,0.312
296,"Kiribati",1956,53,0.145,0.161,0.306
296,"Kiribati",1956,54,0.142,0.158,0.3
296,"Kiribati",1956,55,0.138,0.154,0.292
296,"Kiribati",1956,56,0.134,0.15,0.284
296,"Kiribati",1956,57,0.129,0.147,0.276
296,"Kiribati",1956,58,0.12,0.137,0.257
296,"Kiribati",1956,59,0.108,0.122,0.23
296,"Kiribati",1956,60,0.101,0.114,0.215
296,"Kiribati",1956,61,0.095,0.108,0.203
296,"Kiribati",1956,62,0.091,0.104,0.195
296,"Kiribati",1956,63,0.09,0.102,0.192
296,"Kiribati",1956,64,0.088,0.101,0.189
296,"Kiribati",1956,65,0.085,0.099,0.184
296,"Kiribati",1956,66,0.082,0.096,0.178
296,"Kiribati",1956,67,0.079,0.095,0.174
296,"Kiribati",1956,68,0.076,0.092,0.168
296,"Kiribati",1956,69,0.073,0.088,0.161
296,"Kiribati",1956,70,0.07,0.086,0.156
296,"Kiribati",1956,71,0.066,0.082,0.148
296,"Kiribati",1956,72,0.062,0.078,0.14
296,"Kiribati",1956,73,0.058,0.074,0.132
296,"Kiribati",1956,74,0.053,0.069,0.122
296,"Kiribati",1956,75,0.049,0.064,0.113
296,"Kiribati",1956,76,0.044,0.059,0.103
296,"Kiribati",1956,77,0.04,0.054,0.094
296,"Kiribati",1956,78,0.035,0.049,0.084
296,"Kiribati",1956,79,0.031,0.044,0.075
296,"Kiribati",1956,80,0.027,0.039,0.066
296,"Kiribati",1956,81,0.023,0.034,0.057
296,"Kiribati",1956,82,0.02,0.029,0.049
296,"Kiribati",1956,83,0.017,0.025,0.042
296,"Kiribati",1956,84,0.014,0.021,0.035
296,"Kiribati",1956,85,0.011,0.017,0.028
296,"Kiribati",1956,86,0.009,0.014,0.023
296,"Kiribati",1956,87,0.007,0.011,0.018
296,"Kiribati",1956,88,0.005,0.009,0.014
296,"Kiribati",1956,89,0.004,0.007,0.011
296,"Kiribati",1956,90,0.003,0.005,0.008
296,"Kiribati",1956,91,0.002,0.004,0.006
296,"Kiribati",1956,92,0.001,0.003,0.004
296,"Kiribati",1956,93,0.001,0.002,0.003
296,"Kiribati",1956,94,0.001,0.001,0.002
296,"Kiribati",1956,95,0,0.001,0.001
296,"Kiribati",1956,96,0,0.001,0.001
296,"Kiribati",1956,97,0,0,0
296,"Kiribati",1956,98,0,0,0
296,"Kiribati",1956,99,0,0,0
296,"Kiribati",1956,100,0,0,0
296,"Kiribati",1957,0,0.891,0.846,1.737
296,"Kiribati",1957,1,0.809,0.773,1.582
296,"Kiribati",1957,2,0.769,0.734,1.503
296,"Kiribati",1957,3,0.738,0.704,1.442
296,"Kiribati",1957,4,0.711,0.678,1.389
296,"Kiribati",1957,5,0.687,0.656,1.343
296,"Kiribati",1957,6,0.667,0.636,1.303
296,"Kiribati",1957,7,0.648,0.617,1.265
296,"Kiribati",1957,8,0.632,0.603,1.235
296,"Kiribati",1957,9,0.583,0.575,1.158
296,"Kiribati",1957,10,0.528,0.532,1.06
296,"Kiribati",1957,11,0.496,0.507,1.003
296,"Kiribati",1957,12,0.468,0.485,0.953
296,"Kiribati",1957,13,0.444,0.465,0.909
296,"Kiribati",1957,14,0.422,0.447,0.869
296,"Kiribati",1957,15,0.401,0.43,0.831
296,"Kiribati",1957,16,0.383,0.416,0.799
296,"Kiribati",1957,17,0.368,0.402,0.77
296,"Kiribati",1957,18,0.355,0.389,0.744
296,"Kiribati",1957,19,0.343,0.377,0.72
296,"Kiribati",1957,20,0.335,0.366,0.701
296,"Kiribati",1957,21,0.328,0.358,0.686
296,"Kiribati",1957,22,0.323,0.349,0.672
296,"Kiribati",1957,23,0.32,0.343,0.663
296,"Kiribati",1957,24,0.318,0.337,0.655
296,"Kiribati",1957,25,0.317,0.333,0.65
296,"Kiribati",1957,26,0.316,0.327,0.643
296,"Kiribati",1957,27,0.314,0.321,0.635
296,"Kiribati",1957,28,0.311,0.315,0.626
296,"Kiribati",1957,29,0.306,0.307,0.613
296,"Kiribati",1957,30,0.301,0.299,0.6
296,"Kiribati",1957,31,0.293,0.29,0.583
296,"Kiribati",1957,32,0.286,0.28,0.566
296,"Kiribati",1957,33,0.276,0.27,0.546
296,"Kiribati",1957,34,0.264,0.258,0.522
296,"Kiribati",1957,35,0.252,0.247,0.499
296,"Kiribati",1957,36,0.242,0.237,0.479
296,"Kiribati",1957,37,0.232,0.23,0.462
296,"Kiribati",1957,38,0.223,0.225,0.448
296,"Kiribati",1957,39,0.216,0.22,0.436
296,"Kiribati",1957,40,0.209,0.217,0.426
296,"Kiribati",1957,41,0.203,0.214,0.417
296,"Kiribati",1957,42,0.197,0.212,0.409
296,"Kiribati",1957,43,0.191,0.209,0.4
296,"Kiribati",1957,44,0.185,0.206,0.391
296,"Kiribati",1957,45,0.18,0.203,0.383
296,"Kiribati",1957,46,0.175,0.199,0.374
296,"Kiribati",1957,47,0.17,0.194,0.364
296,"Kiribati",1957,48,0.165,0.189,0.354
296,"Kiribati",1957,49,0.16,0.183,0.343
296,"Kiribati",1957,50,0.156,0.176,0.332
296,"Kiribati",1957,51,0.152,0.171,0.323
296,"Kiribati",1957,52,0.148,0.166,0.314
296,"Kiribati",1957,53,0.145,0.161,0.306
296,"Kiribati",1957,54,0.142,0.159,0.301
296,"Kiribati",1957,55,0.139,0.155,0.294
296,"Kiribati",1957,56,0.135,0.151,0.286
296,"Kiribati",1957,57,0.13,0.147,0.277
296,"Kiribati",1957,58,0.126,0.144,0.27
296,"Kiribati",1957,59,0.116,0.134,0.25
296,"Kiribati",1957,60,0.104,0.119,0.223
296,"Kiribati",1957,61,0.097,0.111,0.208
296,"Kiribati",1957,62,0.092,0.105,0.197
296,"Kiribati",1957,63,0.088,0.1,0.188
296,"Kiribati",1957,64,0.086,0.099,0.185
296,"Kiribati",1957,65,0.084,0.097,0.181
296,"Kiribati",1957,66,0.081,0.095,0.176
296,"Kiribati",1957,67,0.078,0.092,0.17
296,"Kiribati",1957,68,0.075,0.09,0.165
296,"Kiribati",1957,69,0.072,0.087,0.159
296,"Kiribati",1957,70,0.068,0.084,0.152
296,"Kiribati",1957,71,0.065,0.081,0.146
296,"Kiribati",1957,72,0.061,0.077,0.138
296,"Kiribati",1957,73,0.057,0.072,0.129
296,"Kiribati",1957,74,0.052,0.068,0.12
296,"Kiribati",1957,75,0.048,0.063,0.111
296,"Kiribati",1957,76,0.044,0.058,0.102
296,"Kiribati",1957,77,0.039,0.053,0.092
296,"Kiribati",1957,78,0.035,0.048,0.083
296,"Kiribati",1957,79,0.031,0.043,0.074
296,"Kiribati",1957,80,0.027,0.038,0.065
296,"Kiribati",1957,81,0.023,0.033,0.056
296,"Kiribati",1957,82,0.019,0.029,0.048
296,"Kiribati",1957,83,0.016,0.024,0.04
296,"Kiribati",1957,84,0.013,0.021,0.034
296,"Kiribati",1957,85,0.011,0.017,0.028
296,"Kiribati",1957,86,0.009,0.014,0.023
296,"Kiribati",1957,87,0.007,0.011,0.018
296,"Kiribati",1957,88,0.005,0.009,0.014
296,"Kiribati",1957,89,0.004,0.007,0.011
296,"Kiribati",1957,90,0.003,0.005,0.008
296,"Kiribati",1957,91,0.002,0.004,0.006
296,"Kiribati",1957,92,0.001,0.003,0.004
296,"Kiribati",1957,93,0.001,0.002,0.003
296,"Kiribati",1957,94,0.001,0.001,0.002
296,"Kiribati",1957,95,0,0.001,0.001
296,"Kiribati",1957,96,0,0.001,0.001
296,"Kiribati",1957,97,0,0,0
296,"Kiribati",1957,98,0,0,0
296,"Kiribati",1957,99,0,0,0
296,"Kiribati",1957,100,0,0,0
296,"Kiribati",1958,0,0.91,0.864,1.774
296,"Kiribati",1958,1,0.828,0.791,1.619
296,"Kiribati",1958,2,0.786,0.75,1.536
296,"Kiribati",1958,3,0.755,0.72,1.475
296,"Kiribati",1958,4,0.729,0.696,1.425
296,"Kiribati",1958,5,0.705,0.673,1.378
296,"Kiribati",1958,6,0.683,0.652,1.335
296,"Kiribati",1958,7,0.664,0.633,1.297
296,"Kiribati",1958,8,0.645,0.615,1.26
296,"Kiribati",1958,9,0.63,0.601,1.231
296,"Kiribati",1958,10,0.581,0.573,1.154
296,"Kiribati",1958,11,0.526,0.531,1.057
296,"Kiribati",1958,12,0.495,0.505,1
296,"Kiribati",1958,13,0.467,0.483,0.95
296,"Kiribati",1958,14,0.442,0.463,0.905
296,"Kiribati",1958,15,0.42,0.445,0.865
296,"Kiribati",1958,16,0.399,0.429,0.828
296,"Kiribati",1958,17,0.381,0.414,0.795
296,"Kiribati",1958,18,0.366,0.399,0.765
296,"Kiribati",1958,19,0.353,0.387,0.74
296,"Kiribati",1958,20,0.341,0.375,0.716
296,"Kiribati",1958,21,0.333,0.364,0.697
296,"Kiribati",1958,22,0.326,0.356,0.682
296,"Kiribati",1958,23,0.321,0.347,0.668
296,"Kiribati",1958,24,0.318,0.34,0.658
296,"Kiribati",1958,25,0.316,0.335,0.651
296,"Kiribati",1958,26,0.315,0.33,0.645
296,"Kiribati",1958,27,0.314,0.325,0.639
296,"Kiribati",1958,28,0.312,0.319,0.631
296,"Kiribati",1958,29,0.308,0.313,0.621
296,"Kiribati",1958,30,0.304,0.305,0.609
296,"Kiribati",1958,31,0.299,0.297,0.596
296,"Kiribati",1958,32,0.291,0.288,0.579
296,"Kiribati",1958,33,0.283,0.278,0.561
296,"Kiribati",1958,34,0.273,0.267,0.54
296,"Kiribati",1958,35,0.262,0.256,0.518
296,"Kiribati",1958,36,0.25,0.245,0.495
296,"Kiribati",1958,37,0.239,0.235,0.474
296,"Kiribati",1958,38,0.229,0.227,0.456
296,"Kiribati",1958,39,0.22,0.222,0.442
296,"Kiribati",1958,40,0.213,0.218,0.431
296,"Kiribati",1958,41,0.207,0.215,0.422
296,"Kiribati",1958,42,0.201,0.212,0.413
296,"Kiribati",1958,43,0.195,0.21,0.405
296,"Kiribati",1958,44,0.188,0.207,0.395
296,"Kiribati",1958,45,0.183,0.204,0.387
296,"Kiribati",1958,46,0.178,0.2,0.378
296,"Kiribati",1958,47,0.172,0.196,0.368
296,"Kiribati",1958,48,0.167,0.191,0.358
296,"Kiribati",1958,49,0.163,0.186,0.349
296,"Kiribati",1958,50,0.157,0.18,0.337
296,"Kiribati",1958,51,0.153,0.174,0.327
296,"Kiribati",1958,52,0.149,0.169,0.318
296,"Kiribati",1958,53,0.145,0.163,0.308
296,"Kiribati",1958,54,0.141,0.159,0.3
296,"Kiribati",1958,55,0.138,0.156,0.294
296,"Kiribati",1958,56,0.135,0.152,0.287
296,"Kiribati",1958,57,0.131,0.148,0.279
296,"Kiribati",1958,58,0.127,0.144,0.271
296,"Kiribati",1958,59,0.122,0.14,0.262
296,"Kiribati",1958,60,0.112,0.13,0.242
296,"Kiribati",1958,61,0.1,0.116,0.216
296,"Kiribati",1958,62,0.093,0.107,0.2
296,"Kiribati",1958,63,0.088,0.102,0.19
296,"Kiribati",1958,64,0.084,0.097,0.181
296,"Kiribati",1958,65,0.082,0.095,0.177
296,"Kiribati",1958,66,0.079,0.093,0.172
296,"Kiribati",1958,67,0.077,0.091,0.168
296,"Kiribati",1958,68,0.073,0.088,0.161
296,"Kiribati",1958,69,0.07,0.086,0.156
296,"Kiribati",1958,70,0.067,0.083,0.15
296,"Kiribati",1958,71,0.063,0.079,0.142
296,"Kiribati",1958,72,0.06,0.075,0.135
296,"Kiribati",1958,73,0.056,0.071,0.127
296,"Kiribati",1958,74,0.051,0.066,0.117
296,"Kiribati",1958,75,0.047,0.062,0.109
296,"Kiribati",1958,76,0.043,0.057,0.1
296,"Kiribati",1958,77,0.039,0.052,0.091
296,"Kiribati",1958,78,0.035,0.047,0.082
296,"Kiribati",1958,79,0.03,0.042,0.072
296,"Kiribati",1958,80,0.026,0.037,0.063
296,"Kiribati",1958,81,0.022,0.033,0.055
296,"Kiribati",1958,82,0.019,0.028,0.047
296,"Kiribati",1958,83,0.016,0.024,0.04
296,"Kiribati",1958,84,0.013,0.02,0.033
296,"Kiribati",1958,85,0.011,0.017,0.028
296,"Kiribati",1958,86,0.008,0.014,0.022
296,"Kiribati",1958,87,0.006,0.011,0.017
296,"Kiribati",1958,88,0.005,0.008,0.013
296,"Kiribati",1958,89,0.004,0.007,0.011
296,"Kiribati",1958,90,0.003,0.005,0.008
296,"Kiribati",1958,91,0.002,0.004,0.006
296,"Kiribati",1958,92,0.001,0.003,0.004
296,"Kiribati",1958,93,0.001,0.002,0.003
296,"Kiribati",1958,94,0.001,0.001,0.002
296,"Kiribati",1958,95,0,0.001,0.001
296,"Kiribati",1958,96,0,0.001,0.001
296,"Kiribati",1958,97,0,0,0
296,"Kiribati",1958,98,0,0,0
296,"Kiribati",1958,99,0,0,0
296,"Kiribati",1958,100,0,0,0
296,"Kiribati",1959,0,0.933,0.886,1.819
296,"Kiribati",1959,1,0.847,0.809,1.656
296,"Kiribati",1959,2,0.805,0.769,1.574
296,"Kiribati",1959,3,0.772,0.737,1.509
296,"Kiribati",1959,4,0.746,0.711,1.457
296,"Kiribati",1959,5,0.723,0.69,1.413
296,"Kiribati",1959,6,0.701,0.669,1.37
296,"Kiribati",1959,7,0.68,0.649,1.329
296,"Kiribati",1959,8,0.661,0.631,1.292
296,"Kiribati",1959,9,0.643,0.613,1.256
296,"Kiribati",1959,10,0.628,0.599,1.227
296,"Kiribati",1959,11,0.579,0.571,1.15
296,"Kiribati",1959,12,0.525,0.529,1.054
296,"Kiribati",1959,13,0.493,0.503,0.996
296,"Kiribati",1959,14,0.465,0.481,0.946
296,"Kiribati",1959,15,0.441,0.461,0.902
296,"Kiribati",1959,16,0.418,0.443,0.861
296,"Kiribati",1959,17,0.397,0.426,0.823
296,"Kiribati",1959,18,0.379,0.412,0.791
296,"Kiribati",1959,19,0.364,0.397,0.761
296,"Kiribati",1959,20,0.351,0.385,0.736
296,"Kiribati",1959,21,0.339,0.372,0.711
296,"Kiribati",1959,22,0.33,0.362,0.692
296,"Kiribati",1959,23,0.324,0.353,0.677
296,"Kiribati",1959,24,0.319,0.345,0.664
296,"Kiribati",1959,25,0.316,0.338,0.654
296,"Kiribati",1959,26,0.314,0.333,0.647
296,"Kiribati",1959,27,0.313,0.328,0.641
296,"Kiribati",1959,28,0.312,0.323,0.635
296,"Kiribati",1959,29,0.309,0.317,0.626
296,"Kiribati",1959,30,0.306,0.31,0.616
296,"Kiribati",1959,31,0.302,0.302,0.604
296,"Kiribati",1959,32,0.297,0.294,0.591
296,"Kiribati",1959,33,0.289,0.286,0.575
296,"Kiribati",1959,34,0.281,0.276,0.557
296,"Kiribati",1959,35,0.271,0.265,0.536
296,"Kiribati",1959,36,0.259,0.254,0.513
296,"Kiribati",1959,37,0.248,0.243,0.491
296,"Kiribati",1959,38,0.237,0.233,0.47
296,"Kiribati",1959,39,0.227,0.225,0.452
296,"Kiribati",1959,40,0.218,0.22,0.438
296,"Kiribati",1959,41,0.211,0.216,0.427
296,"Kiribati",1959,42,0.205,0.213,0.418
296,"Kiribati",1959,43,0.198,0.21,0.408
296,"Kiribati",1959,44,0.192,0.208,0.4
296,"Kiribati",1959,45,0.186,0.204,0.39
296,"Kiribati",1959,46,0.18,0.201,0.381
296,"Kiribati",1959,47,0.175,0.198,0.373
296,"Kiribati",1959,48,0.17,0.194,0.364
296,"Kiribati",1959,49,0.164,0.189,0.353
296,"Kiribati",1959,50,0.16,0.184,0.344
296,"Kiribati",1959,51,0.154,0.178,0.332
296,"Kiribati",1959,52,0.15,0.171,0.321
296,"Kiribati",1959,53,0.146,0.166,0.312
296,"Kiribati",1959,54,0.142,0.161,0.303
296,"Kiribati",1959,55,0.138,0.156,0.294
296,"Kiribati",1959,56,0.135,0.153,0.288
296,"Kiribati",1959,57,0.132,0.149,0.281
296,"Kiribati",1959,58,0.128,0.145,0.273
296,"Kiribati",1959,59,0.123,0.141,0.264
296,"Kiribati",1959,60,0.118,0.137,0.255
296,"Kiribati",1959,61,0.108,0.127,0.235
296,"Kiribati",1959,62,0.097,0.112,0.209
296,"Kiribati",1959,63,0.09,0.104,0.194
296,"Kiribati",1959,64,0.084,0.098,0.182
296,"Kiribati",1959,65,0.08,0.093,0.173
296,"Kiribati",1959,66,0.078,0.091,0.169
296,"Kiribati",1959,67,0.075,0.089,0.164
296,"Kiribati",1959,68,0.072,0.087,0.159
296,"Kiribati",1959,69,0.069,0.084,0.153
296,"Kiribati",1959,70,0.066,0.081,0.147
296,"Kiribati",1959,71,0.062,0.078,0.14
296,"Kiribati",1959,72,0.059,0.074,0.133
296,"Kiribati",1959,73,0.055,0.07,0.125
296,"Kiribati",1959,74,0.051,0.066,0.117
296,"Kiribati",1959,75,0.046,0.061,0.107
296,"Kiribati",1959,76,0.042,0.056,0.098
296,"Kiribati",1959,77,0.038,0.052,0.09
296,"Kiribati",1959,78,0.034,0.046,0.08
296,"Kiribati",1959,79,0.03,0.042,0.072
296,"Kiribati",1959,80,0.026,0.037,0.063
296,"Kiribati",1959,81,0.022,0.032,0.054
296,"Kiribati",1959,82,0.019,0.028,0.047
296,"Kiribati",1959,83,0.016,0.024,0.04
296,"Kiribati",1959,84,0.013,0.02,0.033
296,"Kiribati",1959,85,0.01,0.016,0.026
296,"Kiribati",1959,86,0.008,0.013,0.021
296,"Kiribati",1959,87,0.006,0.011,0.017
296,"Kiribati",1959,88,0.005,0.008,0.013
296,"Kiribati",1959,89,0.004,0.006,0.01
296,"Kiribati",1959,90,0.003,0.005,0.008
296,"Kiribati",1959,91,0.002,0.004,0.006
296,"Kiribati",1959,92,0.001,0.003,0.004
296,"Kiribati",1959,93,0.001,0.002,0.003
296,"Kiribati",1959,94,0.001,0.001,0.002
296,"Kiribati",1959,95,0,0.001,0.001
296,"Kiribati",1959,96,0,0.001,0.001
296,"Kiribati",1959,97,0,0,0
296,"Kiribati",1959,98,0,0,0
296,"Kiribati",1959,99,0,0,0
296,"Kiribati",1959,100,0,0,0
296,"Kiribati",1960,0,0.96,0.911,1.871
296,"Kiribati",1960,1,0.87,0.83,1.7
296,"Kiribati",1960,2,0.825,0.787,1.612
296,"Kiribati",1960,3,0.791,0.755,1.546
296,"Kiribati",1960,4,0.763,0.728,1.491
296,"Kiribati",1960,5,0.74,0.706,1.446
296,"Kiribati",1960,6,0.719,0.686,1.405
296,"Kiribati",1960,7,0.698,0.666,1.364
296,"Kiribati",1960,8,0.678,0.646,1.324
296,"Kiribati",1960,9,0.659,0.628,1.287
296,"Kiribati",1960,10,0.641,0.611,1.252
296,"Kiribati",1960,11,0.626,0.597,1.223
296,"Kiribati",1960,12,0.577,0.569,1.146
296,"Kiribati",1960,13,0.523,0.527,1.05
296,"Kiribati",1960,14,0.492,0.501,0.993
296,"Kiribati",1960,15,0.464,0.479,0.943
296,"Kiribati",1960,16,0.439,0.459,0.898
296,"Kiribati",1960,17,0.417,0.441,0.858
296,"Kiribati",1960,18,0.395,0.424,0.819
296,"Kiribati",1960,19,0.378,0.409,0.787
296,"Kiribati",1960,20,0.362,0.395,0.757
296,"Kiribati",1960,21,0.349,0.383,0.732
296,"Kiribati",1960,22,0.337,0.37,0.707
296,"Kiribati",1960,23,0.328,0.36,0.688
296,"Kiribati",1960,24,0.321,0.351,0.672
296,"Kiribati",1960,25,0.316,0.343,0.659
296,"Kiribati",1960,26,0.313,0.336,0.649
296,"Kiribati",1960,27,0.311,0.33,0.641
296,"Kiribati",1960,28,0.31,0.326,0.636
296,"Kiribati",1960,29,0.31,0.321,0.631
296,"Kiribati",1960,30,0.307,0.314,0.621
296,"Kiribati",1960,31,0.304,0.308,0.612
296,"Kiribati",1960,32,0.299,0.3,0.599
296,"Kiribati",1960,33,0.294,0.292,0.586
296,"Kiribati",1960,34,0.286,0.283,0.569
296,"Kiribati",1960,35,0.278,0.273,0.551
296,"Kiribati",1960,36,0.269,0.263,0.532
296,"Kiribati",1960,37,0.257,0.251,0.508
296,"Kiribati",1960,38,0.245,0.241,0.486
296,"Kiribati",1960,39,0.234,0.231,0.465
296,"Kiribati",1960,40,0.224,0.223,0.447
296,"Kiribati",1960,41,0.215,0.218,0.433
296,"Kiribati",1960,42,0.208,0.214,0.422
296,"Kiribati",1960,43,0.202,0.211,0.413
296,"Kiribati",1960,44,0.196,0.208,0.404
296,"Kiribati",1960,45,0.189,0.206,0.395
296,"Kiribati",1960,46,0.183,0.202,0.385
296,"Kiribati",1960,47,0.178,0.199,0.377
296,"Kiribati",1960,48,0.172,0.196,0.368
296,"Kiribati",1960,49,0.167,0.192,0.359
296,"Kiribati",1960,50,0.162,0.186,0.348
296,"Kiribati",1960,51,0.157,0.181,0.338
296,"Kiribati",1960,52,0.151,0.175,0.326
296,"Kiribati",1960,53,0.147,0.169,0.316
296,"Kiribati",1960,54,0.143,0.163,0.306
296,"Kiribati",1960,55,0.139,0.158,0.297
296,"Kiribati",1960,56,0.135,0.153,0.288
296,"Kiribati",1960,57,0.132,0.15,0.282
296,"Kiribati",1960,58,0.128,0.146,0.274
296,"Kiribati",1960,59,0.124,0.142,0.266
296,"Kiribati",1960,60,0.119,0.138,0.257
296,"Kiribati",1960,61,0.114,0.133,0.247
296,"Kiribati",1960,62,0.104,0.123,0.227
296,"Kiribati",1960,63,0.093,0.109,0.202
296,"Kiribati",1960,64,0.086,0.1,0.186
296,"Kiribati",1960,65,0.08,0.095,0.175
296,"Kiribati",1960,66,0.076,0.09,0.166
296,"Kiribati",1960,67,0.074,0.087,0.161
296,"Kiribati",1960,68,0.071,0.085,0.156
296,"Kiribati",1960,69,0.068,0.082,0.15
296,"Kiribati",1960,70,0.064,0.079,0.143
296,"Kiribati",1960,71,0.061,0.076,0.137
296,"Kiribati",1960,72,0.058,0.073,0.131
296,"Kiribati",1960,73,0.054,0.068,0.122
296,"Kiribati",1960,74,0.05,0.065,0.115
296,"Kiribati",1960,75,0.046,0.06,0.106
296,"Kiribati",1960,76,0.042,0.055,0.097
296,"Kiribati",1960,77,0.038,0.051,0.089
296,"Kiribati",1960,78,0.033,0.046,0.079
296,"Kiribati",1960,79,0.03,0.041,0.071
296,"Kiribati",1960,80,0.026,0.037,0.063
296,"Kiribati",1960,81,0.022,0.032,0.054
296,"Kiribati",1960,82,0.019,0.027,0.046
296,"Kiribati",1960,83,0.015,0.024,0.039
296,"Kiribati",1960,84,0.013,0.02,0.033
296,"Kiribati",1960,85,0.01,0.016,0.026
296,"Kiribati",1960,86,0.008,0.013,0.021
296,"Kiribati",1960,87,0.006,0.011,0.017
296,"Kiribati",1960,88,0.005,0.008,0.013
296,"Kiribati",1960,89,0.004,0.006,0.01
296,"Kiribati",1960,90,0.003,0.005,0.008
296,"Kiribati",1960,91,0.002,0.004,0.006
296,"Kiribati",1960,92,0.001,0.003,0.004
296,"Kiribati",1960,93,0.001,0.002,0.003
296,"Kiribati",1960,94,0.001,0.001,0.002
296,"Kiribati",1960,95,0,0.001,0.001
296,"Kiribati",1960,96,0,0.001,0.001
296,"Kiribati",1960,97,0,0,0
296,"Kiribati",1960,98,0,0,0
296,"Kiribati",1960,99,0,0,0
296,"Kiribati",1960,100,0,0,0
296,"Kiribati",1961,0,0.987,0.938,1.925
296,"Kiribati",1961,1,0.896,0.856,1.752
296,"Kiribati",1961,2,0.847,0.808,1.655
296,"Kiribati",1961,3,0.811,0.773,1.584
296,"Kiribati",1961,4,0.783,0.746,1.529
296,"Kiribati",1961,5,0.757,0.722,1.479
296,"Kiribati",1961,6,0.736,0.702,1.438
296,"Kiribati",1961,7,0.716,0.683,1.399
296,"Kiribati",1961,8,0.696,0.663,1.359
296,"Kiribati",1961,9,0.676,0.644,1.32
296,"Kiribati",1961,10,0.657,0.626,1.283
296,"Kiribati",1961,11,0.639,0.609,1.248
296,"Kiribati",1961,12,0.624,0.595,1.219
296,"Kiribati",1961,13,0.576,0.567,1.143
296,"Kiribati",1961,14,0.521,0.525,1.046
296,"Kiribati",1961,15,0.49,0.499,0.989
296,"Kiribati",1961,16,0.462,0.477,0.939
296,"Kiribati",1961,17,0.437,0.457,0.894
296,"Kiribati",1961,18,0.415,0.439,0.854
296,"Kiribati",1961,19,0.393,0.422,0.815
296,"Kiribati",1961,20,0.375,0.407,0.782
296,"Kiribati",1961,21,0.36,0.393,0.753
296,"Kiribati",1961,22,0.347,0.38,0.727
296,"Kiribati",1961,23,0.335,0.368,0.703
296,"Kiribati",1961,24,0.326,0.357,0.683
296,"Kiribati",1961,25,0.319,0.349,0.668
296,"Kiribati",1961,26,0.314,0.34,0.654
296,"Kiribati",1961,27,0.311,0.334,0.645
296,"Kiribati",1961,28,0.309,0.328,0.637
296,"Kiribati",1961,29,0.308,0.324,0.632
296,"Kiribati",1961,30,0.307,0.318,0.625
296,"Kiribati",1961,31,0.305,0.312,0.617
296,"Kiribati",1961,32,0.301,0.306,0.607
296,"Kiribati",1961,33,0.297,0.298,0.595
296,"Kiribati",1961,34,0.292,0.29,0.582
296,"Kiribati",1961,35,0.284,0.281,0.565
296,"Kiribati",1961,36,0.276,0.271,0.547
296,"Kiribati",1961,37,0.266,0.261,0.527
296,"Kiribati",1961,38,0.254,0.249,0.503
296,"Kiribati",1961,39,0.243,0.239,0.482
296,"Kiribati",1961,40,0.232,0.229,0.461
296,"Kiribati",1961,41,0.222,0.221,0.443
296,"Kiribati",1961,42,0.213,0.216,0.429
296,"Kiribati",1961,43,0.206,0.212,0.418
296,"Kiribati",1961,44,0.199,0.209,0.408
296,"Kiribati",1961,45,0.193,0.206,0.399
296,"Kiribati",1961,46,0.187,0.203,0.39
296,"Kiribati",1961,47,0.181,0.2,0.381
296,"Kiribati",1961,48,0.175,0.197,0.372
296,"Kiribati",1961,49,0.17,0.194,0.364
296,"Kiribati",1961,50,0.164,0.189,0.353
296,"Kiribati",1961,51,0.159,0.184,0.343
296,"Kiribati",1961,52,0.154,0.179,0.333
296,"Kiribati",1961,53,0.148,0.172,0.32
296,"Kiribati",1961,54,0.144,0.166,0.31
296,"Kiribati",1961,55,0.14,0.16,0.3
296,"Kiribati",1961,56,0.136,0.155,0.291
296,"Kiribati",1961,57,0.131,0.15,0.281
296,"Kiribati",1961,58,0.128,0.147,0.275
296,"Kiribati",1961,59,0.125,0.143,0.268
296,"Kiribati",1961,60,0.12,0.138,0.258
296,"Kiribati",1961,61,0.115,0.134,0.249
296,"Kiribati",1961,62,0.11,0.129,0.239
296,"Kiribati",1961,63,0.1,0.119,0.219
296,"Kiribati",1961,64,0.089,0.105,0.194
296,"Kiribati",1961,65,0.082,0.097,0.179
296,"Kiribati",1961,66,0.077,0.091,0.168
296,"Kiribati",1961,67,0.072,0.086,0.158
296,"Kiribati",1961,68,0.07,0.083,0.153
296,"Kiribati",1961,69,0.067,0.081,0.148
296,"Kiribati",1961,70,0.064,0.078,0.142
296,"Kiribati",1961,71,0.06,0.074,0.134
296,"Kiribati",1961,72,0.057,0.071,0.128
296,"Kiribati",1961,73,0.053,0.068,0.121
296,"Kiribati",1961,74,0.049,0.063,0.112
296,"Kiribati",1961,75,0.045,0.059,0.104
296,"Kiribati",1961,76,0.041,0.055,0.096
296,"Kiribati",1961,77,0.037,0.05,0.087
296,"Kiribati",1961,78,0.033,0.046,0.079
296,"Kiribati",1961,79,0.029,0.041,0.07
296,"Kiribati",1961,80,0.025,0.036,0.061
296,"Kiribati",1961,81,0.022,0.032,0.054
296,"Kiribati",1961,82,0.019,0.027,0.046
296,"Kiribati",1961,83,0.015,0.023,0.038
296,"Kiribati",1961,84,0.013,0.019,0.032
296,"Kiribati",1961,85,0.01,0.016,0.026
296,"Kiribati",1961,86,0.008,0.013,0.021
296,"Kiribati",1961,87,0.006,0.01,0.016
296,"Kiribati",1961,88,0.005,0.008,0.013
296,"Kiribati",1961,89,0.004,0.006,0.01
296,"Kiribati",1961,90,0.003,0.005,0.008
296,"Kiribati",1961,91,0.002,0.003,0.005
296,"Kiribati",1961,92,0.001,0.003,0.004
296,"Kiribati",1961,93,0.001,0.002,0.003
296,"Kiribati",1961,94,0.001,0.001,0.002
296,"Kiribati",1961,95,0,0.001,0.001
296,"Kiribati",1961,96,0,0.001,0.001
296,"Kiribati",1961,97,0,0,0
296,"Kiribati",1961,98,0,0,0
296,"Kiribati",1961,99,0,0,0
296,"Kiribati",1961,100,0,0,0
296,"Kiribati",1962,0,1.003,0.952,1.955
296,"Kiribati",1962,1,0.924,0.882,1.806
296,"Kiribati",1962,2,0.874,0.834,1.708
296,"Kiribati",1962,3,0.834,0.795,1.629
296,"Kiribati",1962,4,0.802,0.765,1.567
296,"Kiribati",1962,5,0.777,0.741,1.518
296,"Kiribati",1962,6,0.753,0.718,1.471
296,"Kiribati",1962,7,0.733,0.699,1.432
296,"Kiribati",1962,8,0.714,0.68,1.394
296,"Kiribati",1962,9,0.694,0.661,1.355
296,"Kiribati",1962,10,0.674,0.642,1.316
296,"Kiribati",1962,11,0.656,0.625,1.281
296,"Kiribati",1962,12,0.638,0.607,1.245
296,"Kiribati",1962,13,0.622,0.593,1.215
296,"Kiribati",1962,14,0.574,0.565,1.139
296,"Kiribati",1962,15,0.519,0.523,1.042
296,"Kiribati",1962,16,0.488,0.497,0.985
296,"Kiribati",1962,17,0.46,0.475,0.935
296,"Kiribati",1962,18,0.435,0.455,0.89
296,"Kiribati",1962,19,0.413,0.437,0.85
296,"Kiribati",1962,20,0.391,0.42,0.811
296,"Kiribati",1962,21,0.373,0.405,0.778
296,"Kiribati",1962,22,0.358,0.391,0.749
296,"Kiribati",1962,23,0.344,0.378,0.722
296,"Kiribati",1962,24,0.333,0.366,0.699
296,"Kiribati",1962,25,0.324,0.355,0.679
296,"Kiribati",1962,26,0.317,0.347,0.664
296,"Kiribati",1962,27,0.312,0.338,0.65
296,"Kiribati",1962,28,0.309,0.332,0.641
296,"Kiribati",1962,29,0.307,0.326,0.633
296,"Kiribati",1962,30,0.306,0.321,0.627
296,"Kiribati",1962,31,0.305,0.316,0.621
296,"Kiribati",1962,32,0.302,0.31,0.612
296,"Kiribati",1962,33,0.299,0.303,0.602
296,"Kiribati",1962,34,0.294,0.295,0.589
296,"Kiribati",1962,35,0.289,0.288,0.577
296,"Kiribati",1962,36,0.281,0.279,0.56
296,"Kiribati",1962,37,0.273,0.269,0.542
296,"Kiribati",1962,38,0.264,0.258,0.522
296,"Kiribati",1962,39,0.252,0.247,0.499
296,"Kiribati",1962,40,0.24,0.237,0.477
296,"Kiribati",1962,41,0.229,0.227,0.456
296,"Kiribati",1962,42,0.22,0.219,0.439
296,"Kiribati",1962,43,0.21,0.214,0.424
296,"Kiribati",1962,44,0.203,0.21,0.413
296,"Kiribati",1962,45,0.197,0.207,0.404
296,"Kiribati",1962,46,0.191,0.204,0.395
296,"Kiribati",1962,47,0.184,0.201,0.385
296,"Kiribati",1962,48,0.178,0.198,0.376
296,"Kiribati",1962,49,0.172,0.195,0.367
296,"Kiribati",1962,50,0.167,0.191,0.358
296,"Kiribati",1962,51,0.161,0.187,0.348
296,"Kiribati",1962,52,0.156,0.181,0.337
296,"Kiribati",1962,53,0.151,0.176,0.327
296,"Kiribati",1962,54,0.145,0.17,0.315
296,"Kiribati",1962,55,0.14,0.163,0.303
296,"Kiribati",1962,56,0.136,0.158,0.294
296,"Kiribati",1962,57,0.132,0.152,0.284
296,"Kiribati",1962,58,0.128,0.147,0.275
296,"Kiribati",1962,59,0.124,0.144,0.268
296,"Kiribati",1962,60,0.121,0.139,0.26
296,"Kiribati",1962,61,0.116,0.135,0.251
296,"Kiribati",1962,62,0.111,0.13,0.241
296,"Kiribati",1962,63,0.106,0.125,0.231
296,"Kiribati",1962,64,0.096,0.115,0.211
296,"Kiribati",1962,65,0.085,0.101,0.186
296,"Kiribati",1962,66,0.078,0.093,0.171
296,"Kiribati",1962,67,0.073,0.087,0.16
296,"Kiribati",1962,68,0.068,0.082,0.15
296,"Kiribati",1962,69,0.066,0.079,0.145
296,"Kiribati",1962,70,0.063,0.077,0.14
296,"Kiribati",1962,71,0.059,0.074,0.133
296,"Kiribati",1962,72,0.056,0.07,0.126
296,"Kiribati",1962,73,0.052,0.066,0.118
296,"Kiribati",1962,74,0.048,0.063,0.111
296,"Kiribati",1962,75,0.044,0.058,0.102
296,"Kiribati",1962,76,0.041,0.054,0.095
296,"Kiribati",1962,77,0.037,0.049,0.086
296,"Kiribati",1962,78,0.033,0.045,0.078
296,"Kiribati",1962,79,0.029,0.04,0.069
296,"Kiribati",1962,80,0.025,0.036,0.061
296,"Kiribati",1962,81,0.022,0.031,0.053
296,"Kiribati",1962,82,0.018,0.027,0.045
296,"Kiribati",1962,83,0.015,0.023,0.038
296,"Kiribati",1962,84,0.012,0.019,0.031
296,"Kiribati",1962,85,0.01,0.016,0.026
296,"Kiribati",1962,86,0.008,0.013,0.021
296,"Kiribati",1962,87,0.006,0.01,0.016
296,"Kiribati",1962,88,0.005,0.008,0.013
296,"Kiribati",1962,89,0.003,0.006,0.009
296,"Kiribati",1962,90,0.003,0.005,0.008
296,"Kiribati",1962,91,0.002,0.003,0.005
296,"Kiribati",1962,92,0.001,0.002,0.003
296,"Kiribati",1962,93,0.001,0.002,0.003
296,"Kiribati",1962,94,0.001,0.001,0.002
296,"Kiribati",1962,95,0,0.001,0.001
296,"Kiribati",1962,96,0,0.001,0.001
296,"Kiribati",1962,97,0,0,0
296,"Kiribati",1962,98,0,0,0
296,"Kiribati",1962,99,0,0,0
296,"Kiribati",1962,100,0,0,0
296,"Kiribati",1963,0,1.019,0.967,1.986
296,"Kiribati",1963,1,0.941,0.898,1.839
296,"Kiribati",1963,2,0.903,0.861,1.764
296,"Kiribati",1963,3,0.861,0.821,1.682
296,"Kiribati",1963,4,0.825,0.787,1.612
296,"Kiribati",1963,5,0.796,0.759,1.555
296,"Kiribati",1963,6,0.773,0.737,1.51
296,"Kiribati",1963,7,0.75,0.716,1.466
296,"Kiribati",1963,8,0.73,0.697,1.427
296,"Kiribati",1963,9,0.712,0.678,1.39
296,"Kiribati",1963,10,0.692,0.659,1.351
296,"Kiribati",1963,11,0.672,0.64,1.312
296,"Kiribati",1963,12,0.654,0.623,1.277
296,"Kiribati",1963,13,0.636,0.605,1.241
296,"Kiribati",1963,14,0.62,0.591,1.211
296,"Kiribati",1963,15,0.572,0.563,1.135
296,"Kiribati",1963,16,0.517,0.521,1.038
296,"Kiribati",1963,17,0.486,0.495,0.981
296,"Kiribati",1963,18,0.458,0.473,0.931
296,"Kiribati",1963,19,0.433,0.453,0.886
296,"Kiribati",1963,20,0.41,0.434,0.844
296,"Kiribati",1963,21,0.389,0.418,0.807
296,"Kiribati",1963,22,0.371,0.403,0.774
296,"Kiribati",1963,23,0.356,0.388,0.744
296,"Kiribati",1963,24,0.342,0.376,0.718
296,"Kiribati",1963,25,0.331,0.364,0.695
296,"Kiribati",1963,26,0.322,0.353,0.675
296,"Kiribati",1963,27,0.315,0.344,0.659
296,"Kiribati",1963,28,0.31,0.336,0.646
296,"Kiribati",1963,29,0.307,0.329,0.636
296,"Kiribati",1963,30,0.305,0.324,0.629
296,"Kiribati",1963,31,0.304,0.319,0.623
296,"Kiribati",1963,32,0.303,0.314,0.617
296,"Kiribati",1963,33,0.3,0.307,0.607
296,"Kiribati",1963,34,0.296,0.301,0.597
296,"Kiribati",1963,35,0.292,0.293,0.585
296,"Kiribati",1963,36,0.287,0.285,0.572
296,"Kiribati",1963,37,0.279,0.276,0.555
296,"Kiribati",1963,38,0.271,0.267,0.538
296,"Kiribati",1963,39,0.261,0.256,0.517
296,"Kiribati",1963,40,0.249,0.245,0.494
296,"Kiribati",1963,41,0.238,0.234,0.472
296,"Kiribati",1963,42,0.227,0.225,0.452
296,"Kiribati",1963,43,0.217,0.217,0.434
296,"Kiribati",1963,44,0.208,0.212,0.42
296,"Kiribati",1963,45,0.201,0.208,0.409
296,"Kiribati",1963,46,0.194,0.205,0.399
296,"Kiribati",1963,47,0.188,0.202,0.39
296,"Kiribati",1963,48,0.182,0.199,0.381
296,"Kiribati",1963,49,0.175,0.196,0.371
296,"Kiribati",1963,50,0.17,0.192,0.362
296,"Kiribati",1963,51,0.164,0.189,0.353
296,"Kiribati",1963,52,0.158,0.184,0.342
296,"Kiribati",1963,53,0.153,0.179,0.332
296,"Kiribati",1963,54,0.148,0.173,0.321
296,"Kiribati",1963,55,0.142,0.167,0.309
296,"Kiribati",1963,56,0.137,0.16,0.297
296,"Kiribati",1963,57,0.133,0.155,0.288
296,"Kiribati",1963,58,0.129,0.149,0.278
296,"Kiribati",1963,59,0.124,0.144,0.268
296,"Kiribati",1963,60,0.121,0.14,0.261
296,"Kiribati",1963,61,0.117,0.136,0.253
296,"Kiribati",1963,62,0.112,0.131,0.243
296,"Kiribati",1963,63,0.107,0.126,0.233
296,"Kiribati",1963,64,0.101,0.121,0.222
296,"Kiribati",1963,65,0.092,0.111,0.203
296,"Kiribati",1963,66,0.081,0.097,0.178
296,"Kiribati",1963,67,0.074,0.089,0.163
296,"Kiribati",1963,68,0.069,0.083,0.152
296,"Kiribati",1963,69,0.064,0.078,0.142
296,"Kiribati",1963,70,0.062,0.075,0.137
296,"Kiribati",1963,71,0.058,0.072,0.13
296,"Kiribati",1963,72,0.055,0.069,0.124
296,"Kiribati",1963,73,0.051,0.065,0.116
296,"Kiribati",1963,74,0.048,0.062,0.11
296,"Kiribati",1963,75,0.044,0.057,0.101
296,"Kiribati",1963,76,0.04,0.053,0.093
296,"Kiribati",1963,77,0.036,0.049,0.085
296,"Kiribati",1963,78,0.032,0.044,0.076
296,"Kiribati",1963,79,0.028,0.04,0.068
296,"Kiribati",1963,80,0.025,0.035,0.06
296,"Kiribati",1963,81,0.021,0.031,0.052
296,"Kiribati",1963,82,0.018,0.027,0.045
296,"Kiribati",1963,83,0.015,0.023,0.038
296,"Kiribati",1963,84,0.012,0.019,0.031
296,"Kiribati",1963,85,0.01,0.016,0.026
296,"Kiribati",1963,86,0.008,0.013,0.021
296,"Kiribati",1963,87,0.006,0.01,0.016
296,"Kiribati",1963,88,0.005,0.008,0.013
296,"Kiribati",1963,89,0.003,0.006,0.009
296,"Kiribati",1963,90,0.003,0.005,0.008
296,"Kiribati",1963,91,0.002,0.003,0.005
296,"Kiribati",1963,92,0.001,0.002,0.003
296,"Kiribati",1963,93,0.001,0.002,0.003
296,"Kiribati",1963,94,0.001,0.001,0.002
296,"Kiribati",1963,95,0,0.001,0.001
296,"Kiribati",1963,96,0,0.001,0.001
296,"Kiribati",1963,97,0,0,0
296,"Kiribati",1963,98,0,0,0
296,"Kiribati",1963,99,0,0,0
296,"Kiribati",1963,100,0,0,0
296,"Kiribati",1964,0,1.038,0.984,2.022
296,"Kiribati",1964,1,0.958,0.914,1.872
296,"Kiribati",1964,2,0.92,0.877,1.797
296,"Kiribati",1964,3,0.889,0.848,1.737
296,"Kiribati",1964,4,0.852,0.812,1.664
296,"Kiribati",1964,5,0.819,0.781,1.6
296,"Kiribati",1964,6,0.792,0.756,1.548
296,"Kiribati",1964,7,0.77,0.734,1.504
296,"Kiribati",1964,8,0.748,0.713,1.461
296,"Kiribati",1964,9,0.728,0.694,1.422
296,"Kiribati",1964,10,0.71,0.677,1.387
296,"Kiribati",1964,11,0.69,0.658,1.348
296,"Kiribati",1964,12,0.67,0.638,1.308
296,"Kiribati",1964,13,0.652,0.621,1.273
296,"Kiribati",1964,14,0.634,0.603,1.237
296,"Kiribati",1964,15,0.618,0.589,1.207
296,"Kiribati",1964,16,0.57,0.561,1.131
296,"Kiribati",1964,17,0.516,0.519,1.035
296,"Kiribati",1964,18,0.484,0.493,0.977
296,"Kiribati",1964,19,0.456,0.471,0.927
296,"Kiribati",1964,20,0.431,0.451,0.882
296,"Kiribati",1964,21,0.408,0.432,0.84
296,"Kiribati",1964,22,0.387,0.416,0.803
296,"Kiribati",1964,23,0.369,0.401,0.77
296,"Kiribati",1964,24,0.354,0.386,0.74
296,"Kiribati",1964,25,0.34,0.374,0.714
296,"Kiribati",1964,26,0.328,0.361,0.689
296,"Kiribati",1964,27,0.32,0.351,0.671
296,"Kiribati",1964,28,0.313,0.342,0.655
296,"Kiribati",1964,29,0.308,0.334,0.642
296,"Kiribati",1964,30,0.305,0.327,0.632
296,"Kiribati",1964,31,0.303,0.322,0.625
296,"Kiribati",1964,32,0.302,0.317,0.619
296,"Kiribati",1964,33,0.301,0.312,0.613
296,"Kiribati",1964,34,0.298,0.305,0.603
296,"Kiribati",1964,35,0.294,0.299,0.593
296,"Kiribati",1964,36,0.29,0.291,0.581
296,"Kiribati",1964,37,0.284,0.283,0.567
296,"Kiribati",1964,38,0.276,0.274,0.55
296,"Kiribati",1964,39,0.268,0.265,0.533
296,"Kiribati",1964,40,0.258,0.254,0.512
296,"Kiribati",1964,41,0.247,0.243,0.49
296,"Kiribati",1964,42,0.235,0.232,0.467
296,"Kiribati",1964,43,0.224,0.223,0.447
296,"Kiribati",1964,44,0.214,0.215,0.429
296,"Kiribati",1964,45,0.205,0.21,0.415
296,"Kiribati",1964,46,0.198,0.206,0.404
296,"Kiribati",1964,47,0.192,0.203,0.395
296,"Kiribati",1964,48,0.185,0.199,0.384
296,"Kiribati",1964,49,0.179,0.197,0.376
296,"Kiribati",1964,50,0.172,0.193,0.365
296,"Kiribati",1964,51,0.167,0.19,0.357
296,"Kiribati",1964,52,0.161,0.186,0.347
296,"Kiribati",1964,53,0.155,0.181,0.336
296,"Kiribati",1964,54,0.15,0.176,0.326
296,"Kiribati",1964,55,0.145,0.17,0.315
296,"Kiribati",1964,56,0.139,0.164,0.303
296,"Kiribati",1964,57,0.134,0.157,0.291
296,"Kiribati",1964,58,0.13,0.152,0.282
296,"Kiribati",1964,59,0.125,0.146,0.271
296,"Kiribati",1964,60,0.121,0.141,0.262
296,"Kiribati",1964,61,0.117,0.137,0.254
296,"Kiribati",1964,62,0.113,0.132,0.245
296,"Kiribati",1964,63,0.108,0.127,0.235
296,"Kiribati",1964,64,0.102,0.122,0.224
296,"Kiribati",1964,65,0.097,0.117,0.214
296,"Kiribati",1964,66,0.088,0.107,0.195
296,"Kiribati",1964,67,0.077,0.094,0.171
296,"Kiribati",1964,68,0.07,0.086,0.156
296,"Kiribati",1964,69,0.065,0.08,0.145
296,"Kiribati",1964,70,0.06,0.074,0.134
296,"Kiribati",1964,71,0.058,0.071,0.129
296,"Kiribati",1964,72,0.054,0.068,0.122
296,"Kiribati",1964,73,0.051,0.064,0.115
296,"Kiribati",1964,74,0.047,0.06,0.107
296,"Kiribati",1964,75,0.043,0.057,0.1
296,"Kiribati",1964,76,0.039,0.052,0.091
296,"Kiribati",1964,77,0.036,0.048,0.084
296,"Kiribati",1964,78,0.032,0.044,0.076
296,"Kiribati",1964,79,0.028,0.039,0.067
296,"Kiribati",1964,80,0.024,0.035,0.059
296,"Kiribati",1964,81,0.021,0.031,0.052
296,"Kiribati",1964,82,0.018,0.026,0.044
296,"Kiribati",1964,83,0.015,0.022,0.037
296,"Kiribati",1964,84,0.012,0.019,0.031
296,"Kiribati",1964,85,0.01,0.016,0.026
296,"Kiribati",1964,86,0.008,0.013,0.021
296,"Kiribati",1964,87,0.006,0.01,0.016
296,"Kiribati",1964,88,0.005,0.008,0.013
296,"Kiribati",1964,89,0.003,0.006,0.009
296,"Kiribati",1964,90,0.003,0.005,0.008
296,"Kiribati",1964,91,0.002,0.003,0.005
296,"Kiribati",1964,92,0.001,0.002,0.003
296,"Kiribati",1964,93,0.001,0.002,0.003
296,"Kiribati",1964,94,0.001,0.001,0.002
296,"Kiribati",1964,95,0,0.001,0.001
296,"Kiribati",1964,96,0,0.001,0.001
296,"Kiribati",1964,97,0,0,0
296,"Kiribati",1964,98,0,0,0
296,"Kiribati",1964,99,0,0,0
296,"Kiribati",1964,100,0,0,0
296,"Kiribati",1965,0,1.064,1.009,2.073
296,"Kiribati",1965,1,0.978,0.932,1.91
296,"Kiribati",1965,2,0.938,0.894,1.832
296,"Kiribati",1965,3,0.907,0.864,1.771
296,"Kiribati",1965,4,0.881,0.84,1.721
296,"Kiribati",1965,5,0.847,0.807,1.654
296,"Kiribati",1965,6,0.816,0.777,1.593
296,"Kiribati",1965,7,0.789,0.753,1.542
296,"Kiribati",1965,8,0.767,0.732,1.499
296,"Kiribati",1965,9,0.746,0.711,1.457
296,"Kiribati",1965,10,0.727,0.693,1.42
296,"Kiribati",1965,11,0.708,0.675,1.383
296,"Kiribati",1965,12,0.688,0.656,1.344
296,"Kiribati",1965,13,0.668,0.637,1.305
296,"Kiribati",1965,14,0.65,0.619,1.269
296,"Kiribati",1965,15,0.632,0.601,1.233
296,"Kiribati",1965,16,0.616,0.587,1.203
296,"Kiribati",1965,17,0.568,0.559,1.127
296,"Kiribati",1965,18,0.513,0.516,1.029
296,"Kiribati",1965,19,0.482,0.491,0.973
296,"Kiribati",1965,20,0.454,0.468,0.922
296,"Kiribati",1965,21,0.429,0.448,0.877
296,"Kiribati",1965,22,0.406,0.43,0.836
296,"Kiribati",1965,23,0.385,0.413,0.798
296,"Kiribati",1965,24,0.367,0.398,0.765
296,"Kiribati",1965,25,0.351,0.384,0.735
296,"Kiribati",1965,26,0.338,0.372,0.71
296,"Kiribati",1965,27,0.326,0.359,0.685
296,"Kiribati",1965,28,0.318,0.349,0.667
296,"Kiribati",1965,29,0.311,0.34,0.651
296,"Kiribati",1965,30,0.306,0.332,0.638
296,"Kiribati",1965,31,0.303,0.325,0.628
296,"Kiribati",1965,32,0.301,0.319,0.62
296,"Kiribati",1965,33,0.3,0.315,0.615
296,"Kiribati",1965,34,0.298,0.309,0.607
296,"Kiribati",1965,35,0.296,0.303,0.599
296,"Kiribati",1965,36,0.292,0.297,0.589
296,"Kiribati",1965,37,0.287,0.289,0.576
296,"Kiribati",1965,38,0.282,0.281,0.563
296,"Kiribati",1965,39,0.274,0.272,0.546
296,"Kiribati",1965,40,0.266,0.263,0.529
296,"Kiribati",1965,41,0.256,0.252,0.508
296,"Kiribati",1965,42,0.244,0.241,0.485
296,"Kiribati",1965,43,0.233,0.23,0.463
296,"Kiribati",1965,44,0.222,0.221,0.443
296,"Kiribati",1965,45,0.212,0.213,0.425
296,"Kiribati",1965,46,0.203,0.208,0.411
296,"Kiribati",1965,47,0.196,0.204,0.4
296,"Kiribati",1965,48,0.189,0.201,0.39
296,"Kiribati",1965,49,0.183,0.197,0.38
296,"Kiribati",1965,50,0.176,0.195,0.371
296,"Kiribati",1965,51,0.17,0.191,0.361
296,"Kiribati",1965,52,0.164,0.187,0.351
296,"Kiribati",1965,53,0.158,0.183,0.341
296,"Kiribati",1965,54,0.152,0.179,0.331
296,"Kiribati",1965,55,0.146,0.173,0.319
296,"Kiribati",1965,56,0.141,0.168,0.309
296,"Kiribati",1965,57,0.136,0.161,0.297
296,"Kiribati",1965,58,0.13,0.154,0.284
296,"Kiribati",1965,59,0.126,0.149,0.275
296,"Kiribati",1965,60,0.122,0.143,0.265
296,"Kiribati",1965,61,0.117,0.137,0.254
296,"Kiribati",1965,62,0.113,0.133,0.246
296,"Kiribati",1965,63,0.109,0.128,0.237
296,"Kiribati",1965,64,0.104,0.123,0.227
296,"Kiribati",1965,65,0.098,0.118,0.216
296,"Kiribati",1965,66,0.093,0.113,0.206
296,"Kiribati",1965,67,0.084,0.103,0.187
296,"Kiribati",1965,68,0.073,0.09,0.163
296,"Kiribati",1965,69,0.066,0.082,0.148
296,"Kiribati",1965,70,0.061,0.076,0.137
296,"Kiribati",1965,71,0.056,0.07,0.126
296,"Kiribati",1965,72,0.053,0.067,0.12
296,"Kiribati",1965,73,0.05,0.063,0.113
296,"Kiribati",1965,74,0.046,0.06,0.106
296,"Kiribati",1965,75,0.042,0.055,0.097
296,"Kiribati",1965,76,0.039,0.052,0.091
296,"Kiribati",1965,77,0.035,0.048,0.083
296,"Kiribati",1965,78,0.031,0.043,0.074
296,"Kiribati",1965,79,0.028,0.039,0.067
296,"Kiribati",1965,80,0.024,0.035,0.059
296,"Kiribati",1965,81,0.021,0.03,0.051
296,"Kiribati",1965,82,0.018,0.026,0.044
296,"Kiribati",1965,83,0.015,0.022,0.037
296,"Kiribati",1965,84,0.012,0.019,0.031
296,"Kiribati",1965,85,0.01,0.016,0.026
296,"Kiribati",1965,86,0.008,0.013,0.021
296,"Kiribati",1965,87,0.006,0.01,0.016
296,"Kiribati",1965,88,0.005,0.008,0.013
296,"Kiribati",1965,89,0.003,0.006,0.009
296,"Kiribati",1965,90,0.002,0.005,0.007
296,"Kiribati",1965,91,0.002,0.003,0.005
296,"Kiribati",1965,92,0.001,0.002,0.003
296,"Kiribati",1965,93,0.001,0.002,0.003
296,"Kiribati",1965,94,0.001,0.001,0.002
296,"Kiribati",1965,95,0,0.001,0.001
296,"Kiribati",1965,96,0,0.001,0.001
296,"Kiribati",1965,97,0,0,0
296,"Kiribati",1965,98,0,0,0
296,"Kiribati",1965,99,0,0,0
296,"Kiribati",1965,100,0,0,0
296,"Kiribati",1966,0,1.118,1.046,2.164
296,"Kiribati",1966,1,1.006,0.956,1.962
296,"Kiribati",1966,2,0.955,0.909,1.864
296,"Kiribati",1966,3,0.929,0.883,1.812
296,"Kiribati",1966,4,0.9,0.857,1.757
296,"Kiribati",1966,5,0.874,0.833,1.707
296,"Kiribati",1966,6,0.842,0.802,1.644
296,"Kiribati",1966,7,0.811,0.774,1.585
296,"Kiribati",1966,8,0.782,0.748,1.53
296,"Kiribati",1966,9,0.756,0.725,1.481
296,"Kiribati",1966,10,0.731,0.702,1.433
296,"Kiribati",1966,11,0.707,0.681,1.388
296,"Kiribati",1966,12,0.684,0.661,1.345
296,"Kiribati",1966,13,0.659,0.64,1.299
296,"Kiribati",1966,14,0.637,0.619,1.256
296,"Kiribati",1966,15,0.614,0.599,1.213
296,"Kiribati",1966,16,0.592,0.579,1.171
296,"Kiribati",1966,17,0.572,0.562,1.134
296,"Kiribati",1966,18,0.532,0.535,1.067
296,"Kiribati",1966,19,0.487,0.499,0.986
296,"Kiribati",1966,20,0.459,0.475,0.934
296,"Kiribati",1966,21,0.432,0.453,0.885
296,"Kiribati",1966,22,0.409,0.433,0.842
296,"Kiribati",1966,23,0.389,0.416,0.805
296,"Kiribati",1966,24,0.369,0.4,0.769
296,"Kiribati",1966,25,0.353,0.385,0.738
296,"Kiribati",1966,26,0.339,0.372,0.711
296,"Kiribati",1966,27,0.328,0.361,0.689
296,"Kiribati",1966,28,0.319,0.35,0.669
296,"Kiribati",1966,29,0.312,0.342,0.654
296,"Kiribati",1966,30,0.307,0.333,0.64
296,"Kiribati",1966,31,0.303,0.326,0.629
296,"Kiribati",1966,32,0.3,0.319,0.619
296,"Kiribati",1966,33,0.299,0.313,0.612
296,"Kiribati",1966,34,0.297,0.308,0.605
296,"Kiribati",1966,35,0.295,0.301,0.596
296,"Kiribati",1966,36,0.291,0.294,0.585
296,"Kiribati",1966,37,0.285,0.287,0.572
296,"Kiribati",1966,38,0.279,0.278,0.557
296,"Kiribati",1966,39,0.272,0.269,0.541
296,"Kiribati",1966,40,0.263,0.261,0.524
296,"Kiribati",1966,41,0.255,0.251,0.506
296,"Kiribati",1966,42,0.245,0.243,0.488
296,"Kiribati",1966,43,0.236,0.234,0.47
296,"Kiribati",1966,44,0.225,0.225,0.45
296,"Kiribati",1966,45,0.215,0.218,0.433
296,"Kiribati",1966,46,0.206,0.212,0.418
296,"Kiribati",1966,47,0.198,0.208,0.406
296,"Kiribati",1966,48,0.192,0.205,0.397
296,"Kiribati",1966,49,0.185,0.201,0.386
296,"Kiribati",1966,50,0.179,0.198,0.377
296,"Kiribati",1966,51,0.172,0.194,0.366
296,"Kiribati",1966,52,0.165,0.188,0.353
296,"Kiribati",1966,53,0.158,0.183,0.341
296,"Kiribati",1966,54,0.152,0.178,0.33
296,"Kiribati",1966,55,0.145,0.172,0.317
296,"Kiribati",1966,56,0.139,0.165,0.304
296,"Kiribati",1966,57,0.134,0.16,0.294
296,"Kiribati",1966,58,0.129,0.153,0.282
296,"Kiribati",1966,59,0.124,0.146,0.27
296,"Kiribati",1966,60,0.12,0.141,0.261
296,"Kiribati",1966,61,0.116,0.135,0.251
296,"Kiribati",1966,62,0.111,0.13,0.241
296,"Kiribati",1966,63,0.107,0.126,0.233
296,"Kiribati",1966,64,0.102,0.121,0.223
296,"Kiribati",1966,65,0.097,0.116,0.213
296,"Kiribati",1966,66,0.092,0.111,0.203
296,"Kiribati",1966,67,0.086,0.106,0.192
296,"Kiribati",1966,68,0.078,0.098,0.176
296,"Kiribati",1966,69,0.07,0.087,0.157
296,"Kiribati",1966,70,0.063,0.08,0.143
296,"Kiribati",1966,71,0.059,0.074,0.133
296,"Kiribati",1966,72,0.054,0.069,0.123
296,"Kiribati",1966,73,0.051,0.065,0.116
296,"Kiribati",1966,74,0.048,0.062,0.11
296,"Kiribati",1966,75,0.044,0.058,0.102
296,"Kiribati",1966,76,0.04,0.054,0.094
296,"Kiribati",1966,77,0.037,0.05,0.087
296,"Kiribati",1966,78,0.033,0.046,0.079
296,"Kiribati",1966,79,0.029,0.041,0.07
296,"Kiribati",1966,80,0.026,0.036,0.062
296,"Kiribati",1966,81,0.023,0.032,0.055
296,"Kiribati",1966,82,0.019,0.028,0.047
296,"Kiribati",1966,83,0.016,0.024,0.04
296,"Kiribati",1966,84,0.013,0.02,0.033
296,"Kiribati",1966,85,0.011,0.016,0.027
296,"Kiribati",1966,86,0.009,0.014,0.023
296,"Kiribati",1966,87,0.006,0.011,0.017
296,"Kiribati",1966,88,0.005,0.009,0.014
296,"Kiribati",1966,89,0.003,0.007,0.01
296,"Kiribati",1966,90,0.002,0.006,0.008
296,"Kiribati",1966,91,0.002,0.003,0.005
296,"Kiribati",1966,92,0.001,0.002,0.003
296,"Kiribati",1966,93,0.001,0.002,0.003
296,"Kiribati",1966,94,0.001,0.001,0.002
296,"Kiribati",1966,95,0,0.001,0.001
296,"Kiribati",1966,96,0,0.001,0.001
296,"Kiribati",1966,97,0,0,0
296,"Kiribati",1966,98,0,0,0
296,"Kiribati",1966,99,0,0,0
296,"Kiribati",1966,100,0,0,0
296,"Kiribati",1967,0,1.102,1.026,2.128
296,"Kiribati",1967,1,1.042,0.979,2.021
296,"Kiribati",1967,2,0.984,0.931,1.915
296,"Kiribati",1967,3,0.952,0.901,1.853
296,"Kiribati",1967,4,0.926,0.877,1.803
296,"Kiribati",1967,5,0.898,0.852,1.75
296,"Kiribati",1967,6,0.87,0.828,1.698
296,"Kiribati",1967,7,0.838,0.8,1.638
296,"Kiribati",1967,8,0.806,0.77,1.576
296,"Kiribati",1967,9,0.775,0.745,1.52
296,"Kiribati",1967,10,0.746,0.718,1.464
296,"Kiribati",1967,11,0.717,0.694,1.411
296,"Kiribati",1967,12,0.687,0.669,1.356
296,"Kiribati",1967,13,0.661,0.647,1.308
296,"Kiribati",1967,14,0.631,0.624,1.255
296,"Kiribati",1967,15,0.605,0.601,1.206
296,"Kiribati",1967,16,0.578,0.579,1.157
296,"Kiribati",1967,17,0.552,0.557,1.109
296,"Kiribati",1967,18,0.528,0.536,1.064
296,"Kiribati",1967,19,0.495,0.51,1.005
296,"Kiribati",1967,20,0.461,0.481,0.942
296,"Kiribati",1967,21,0.435,0.458,0.893
296,"Kiribati",1967,22,0.411,0.438,0.849
296,"Kiribati",1967,23,0.39,0.418,0.808
296,"Kiribati",1967,24,0.371,0.401,0.772
296,"Kiribati",1967,25,0.353,0.386,0.739
296,"Kiribati",1967,26,0.339,0.372,0.711
296,"Kiribati",1967,27,0.327,0.36,0.687
296,"Kiribati",1967,28,0.318,0.35,0.668
296,"Kiribati",1967,29,0.311,0.341,0.652
296,"Kiribati",1967,30,0.306,0.335,0.641
296,"Kiribati",1967,31,0.302,0.326,0.628
296,"Kiribati",1967,32,0.3,0.32,0.62
296,"Kiribati",1967,33,0.297,0.313,0.61
296,"Kiribati",1967,34,0.297,0.307,0.604
296,"Kiribati",1967,35,0.295,0.301,0.596
296,"Kiribati",1967,36,0.292,0.293,0.585
296,"Kiribati",1967,37,0.287,0.285,0.572
296,"Kiribati",1967,38,0.279,0.277,0.556
296,"Kiribati",1967,39,0.271,0.267,0.538
296,"Kiribati",1967,40,0.263,0.257,0.52
296,"Kiribati",1967,41,0.253,0.249,0.502
296,"Kiribati",1967,42,0.245,0.24,0.485
296,"Kiribati",1967,43,0.235,0.234,0.469
296,"Kiribati",1967,44,0.227,0.227,0.454
296,"Kiribati",1967,45,0.218,0.22,0.438
296,"Kiribati",1967,46,0.209,0.215,0.424
296,"Kiribati",1967,47,0.201,0.211,0.412
296,"Kiribati",1967,48,0.194,0.208,0.402
296,"Kiribati",1967,49,0.188,0.206,0.394
296,"Kiribati",1967,50,0.182,0.202,0.384
296,"Kiribati",1967,51,0.175,0.199,0.374
296,"Kiribati",1967,52,0.168,0.194,0.362
296,"Kiribati",1967,53,0.16,0.186,0.346
296,"Kiribati",1967,54,0.152,0.178,0.33
296,"Kiribati",1967,55,0.146,0.172,0.318
296,"Kiribati",1967,56,0.138,0.164,0.302
296,"Kiribati",1967,57,0.132,0.157,0.289
296,"Kiribati",1967,58,0.127,0.151,0.278
296,"Kiribati",1967,59,0.123,0.145,0.268
296,"Kiribati",1967,60,0.117,0.138,0.255
296,"Kiribati",1967,61,0.115,0.133,0.248
296,"Kiribati",1967,62,0.11,0.128,0.238
296,"Kiribati",1967,63,0.105,0.122,0.227
296,"Kiribati",1967,64,0.101,0.119,0.22
296,"Kiribati",1967,65,0.096,0.114,0.21
296,"Kiribati",1967,66,0.091,0.109,0.2
296,"Kiribati",1967,67,0.085,0.104,0.189
296,"Kiribati",1967,68,0.08,0.098,0.178
296,"Kiribati",1967,69,0.073,0.092,0.165
296,"Kiribati",1967,70,0.067,0.083,0.15
296,"Kiribati",1967,71,0.06,0.077,0.137
296,"Kiribati",1967,72,0.057,0.073,0.13
296,"Kiribati",1967,73,0.052,0.067,0.119
296,"Kiribati",1967,74,0.049,0.064,0.113
296,"Kiribati",1967,75,0.045,0.06,0.105
296,"Kiribati",1967,76,0.042,0.056,0.098
296,"Kiribati",1967,77,0.038,0.052,0.09
296,"Kiribati",1967,78,0.035,0.048,0.083
296,"Kiribati",1967,79,0.031,0.044,0.075
296,"Kiribati",1967,80,0.028,0.039,0.067
296,"Kiribati",1967,81,0.024,0.035,0.059
296,"Kiribati",1967,82,0.021,0.03,0.051
296,"Kiribati",1967,83,0.017,0.026,0.043
296,"Kiribati",1967,84,0.014,0.022,0.036
296,"Kiribati",1967,85,0.012,0.017,0.029
296,"Kiribati",1967,86,0.01,0.014,0.024
296,"Kiribati",1967,87,0.008,0.012,0.02
296,"Kiribati",1967,88,0.006,0.01,0.016
296,"Kiribati",1967,89,0.004,0.008,0.012
296,"Kiribati",1967,90,0.002,0.006,0.008
296,"Kiribati",1967,91,0.002,0.005,0.007
296,"Kiribati",1967,92,0.001,0.003,0.004
296,"Kiribati",1967,93,0.001,0.002,0.003
296,"Kiribati",1967,94,0.001,0.001,0.002
296,"Kiribati",1967,95,0,0.001,0.001
296,"Kiribati",1967,96,0,0.001,0.001
296,"Kiribati",1967,97,0,0,0
296,"Kiribati",1967,98,0,0,0
296,"Kiribati",1967,99,0,0,0
296,"Kiribati",1967,100,0,0,0
296,"Kiribati",1968,0,1.06,0.99,2.05
296,"Kiribati",1968,1,1.03,0.963,1.993
296,"Kiribati",1968,2,1.006,0.943,1.949
296,"Kiribati",1968,3,0.981,0.922,1.903
296,"Kiribati",1968,4,0.953,0.898,1.851
296,"Kiribati",1968,5,0.926,0.874,1.8
296,"Kiribati",1968,6,0.897,0.85,1.747
296,"Kiribati",1968,7,0.868,0.824,1.692
296,"Kiribati",1968,8,0.836,0.797,1.633
296,"Kiribati",1968,9,0.802,0.769,1.571
296,"Kiribati",1968,10,0.768,0.741,1.509
296,"Kiribati",1968,11,0.734,0.711,1.445
296,"Kiribati",1968,12,0.701,0.684,1.385
296,"Kiribati",1968,13,0.667,0.657,1.324
296,"Kiribati",1968,14,0.637,0.633,1.27
296,"Kiribati",1968,15,0.603,0.609,1.212
296,"Kiribati",1968,16,0.573,0.584,1.157
296,"Kiribati",1968,17,0.543,0.56,1.103
296,"Kiribati",1968,18,0.514,0.536,1.05
296,"Kiribati",1968,19,0.486,0.511,0.997
296,"Kiribati",1968,20,0.461,0.487,0.948
296,"Kiribati",1968,21,0.436,0.464,0.9
296,"Kiribati",1968,22,0.413,0.442,0.855
296,"Kiribati",1968,23,0.391,0.423,0.814
296,"Kiribati",1968,24,0.371,0.403,0.774
296,"Kiribati",1968,25,0.354,0.387,0.741
296,"Kiribati",1968,26,0.338,0.373,0.711
296,"Kiribati",1968,27,0.326,0.36,0.686
296,"Kiribati",1968,28,0.317,0.349,0.666
296,"Kiribati",1968,29,0.309,0.34,0.649
296,"Kiribati",1968,30,0.304,0.333,0.637
296,"Kiribati",1968,31,0.3,0.328,0.628
296,"Kiribati",1968,32,0.298,0.32,0.618
296,"Kiribati",1968,33,0.297,0.314,0.611
296,"Kiribati",1968,34,0.294,0.307,0.601
296,"Kiribati",1968,35,0.295,0.301,0.596
296,"Kiribati",1968,36,0.293,0.294,0.587
296,"Kiribati",1968,37,0.289,0.285,0.574
296,"Kiribati",1968,38,0.283,0.276,0.559
296,"Kiribati",1968,39,0.273,0.267,0.54
296,"Kiribati",1968,40,0.263,0.257,0.52
296,"Kiribati",1968,41,0.254,0.246,0.5
296,"Kiribati",1968,42,0.244,0.238,0.482
296,"Kiribati",1968,43,0.235,0.23,0.465
296,"Kiribati",1968,44,0.225,0.226,0.451
296,"Kiribati",1968,45,0.219,0.221,0.44
296,"Kiribati",1968,46,0.21,0.216,0.426
296,"Kiribati",1968,47,0.203,0.213,0.416
296,"Kiribati",1968,48,0.196,0.21,0.406
296,"Kiribati",1968,49,0.19,0.208,0.398
296,"Kiribati",1968,50,0.185,0.206,0.391
296,"Kiribati",1968,51,0.178,0.203,0.381
296,"Kiribati",1968,52,0.171,0.198,0.369
296,"Kiribati",1968,53,0.164,0.192,0.356
296,"Kiribati",1968,54,0.155,0.183,0.338
296,"Kiribati",1968,55,0.147,0.173,0.32
296,"Kiribati",1968,56,0.14,0.166,0.306
296,"Kiribati",1968,57,0.132,0.157,0.289
296,"Kiribati",1968,58,0.125,0.15,0.275
296,"Kiribati",1968,59,0.12,0.143,0.263
296,"Kiribati",1968,60,0.116,0.137,0.253
296,"Kiribati",1968,61,0.111,0.13,0.241
296,"Kiribati",1968,62,0.108,0.125,0.233
296,"Kiribati",1968,63,0.104,0.12,0.224
296,"Kiribati",1968,64,0.099,0.115,0.214
296,"Kiribati",1968,65,0.095,0.112,0.207
296,"Kiribati",1968,66,0.09,0.107,0.197
296,"Kiribati",1968,67,0.085,0.103,0.188
296,"Kiribati",1968,68,0.079,0.097,0.176
296,"Kiribati",1968,69,0.073,0.092,0.165
296,"Kiribati",1968,70,0.068,0.087,0.155
296,"Kiribati",1968,71,0.064,0.08,0.144
296,"Kiribati",1968,72,0.057,0.075,0.132
296,"Kiribati",1968,73,0.054,0.071,0.125
296,"Kiribati",1968,74,0.05,0.066,0.116
296,"Kiribati",1968,75,0.047,0.062,0.109
296,"Kiribati",1968,76,0.043,0.058,0.101
296,"Kiribati",1968,77,0.039,0.054,0.093
296,"Kiribati",1968,78,0.037,0.05,0.087
296,"Kiribati",1968,79,0.032,0.046,0.078
296,"Kiribati",1968,80,0.029,0.042,0.071
296,"Kiribati",1968,81,0.026,0.037,0.063
296,"Kiribati",1968,82,0.023,0.033,0.056
296,"Kiribati",1968,83,0.02,0.028,0.048
296,"Kiribati",1968,84,0.016,0.023,0.039
296,"Kiribati",1968,85,0.012,0.02,0.032
296,"Kiribati",1968,86,0.01,0.016,0.026
296,"Kiribati",1968,87,0.008,0.012,0.02
296,"Kiribati",1968,88,0.007,0.01,0.017
296,"Kiribati",1968,89,0.005,0.008,0.013
296,"Kiribati",1968,90,0.004,0.007,0.011
296,"Kiribati",1968,91,0.003,0.006,0.009
296,"Kiribati",1968,92,0.001,0.005,0.006
296,"Kiribati",1968,93,0.001,0.003,0.004
296,"Kiribati",1968,94,0.001,0.002,0.003
296,"Kiribati",1968,95,0,0.001,0.001
296,"Kiribati",1968,96,0,0.001,0.001
296,"Kiribati",1968,97,0,0,0
296,"Kiribati",1968,98,0,0,0
296,"Kiribati",1968,99,0,0,0
296,"Kiribati",1968,100,0,0,0
296,"Kiribati",1969,0,1.092,1.026,2.118
296,"Kiribati",1969,1,1.004,0.945,1.949
296,"Kiribati",1969,2,1.001,0.938,1.939
296,"Kiribati",1969,3,0.99,0.927,1.917
296,"Kiribati",1969,4,0.964,0.904,1.868
296,"Kiribati",1969,5,0.94,0.884,1.824
296,"Kiribati",1969,6,0.916,0.866,1.782
296,"Kiribati",1969,7,0.891,0.845,1.736
296,"Kiribati",1969,8,0.869,0.827,1.696
296,"Kiribati",1969,9,0.839,0.803,1.642
296,"Kiribati",1969,10,0.802,0.771,1.573
296,"Kiribati",1969,11,0.756,0.735,1.491
296,"Kiribati",1969,12,0.713,0.698,1.411
296,"Kiribati",1969,13,0.677,0.668,1.345
296,"Kiribati",1969,14,0.645,0.646,1.291
296,"Kiribati",1969,15,0.618,0.63,1.248
296,"Kiribati",1969,16,0.584,0.608,1.192
296,"Kiribati",1969,17,0.553,0.582,1.135
296,"Kiribati",1969,18,0.527,0.559,1.086
296,"Kiribati",1969,19,0.502,0.534,1.036
296,"Kiribati",1969,20,0.477,0.508,0.985
296,"Kiribati",1969,21,0.456,0.484,0.94
296,"Kiribati",1969,22,0.431,0.457,0.888
296,"Kiribati",1969,23,0.406,0.431,0.837
296,"Kiribati",1969,24,0.382,0.411,0.793
296,"Kiribati",1969,25,0.362,0.392,0.754
296,"Kiribati",1969,26,0.346,0.379,0.725
296,"Kiribati",1969,27,0.336,0.369,0.705
296,"Kiribati",1969,28,0.329,0.36,0.689
296,"Kiribati",1969,29,0.321,0.35,0.671
296,"Kiribati",1969,30,0.312,0.342,0.654
296,"Kiribati",1969,31,0.305,0.334,0.639
296,"Kiribati",1969,32,0.298,0.327,0.625
296,"Kiribati",1969,33,0.296,0.318,0.614
296,"Kiribati",1969,34,0.293,0.31,0.603
296,"Kiribati",1969,35,0.288,0.302,0.59
296,"Kiribati",1969,36,0.29,0.296,0.586
296,"Kiribati",1969,37,0.29,0.29,0.58
296,"Kiribati",1969,38,0.289,0.283,0.572
296,"Kiribati",1969,39,0.283,0.275,0.558
296,"Kiribati",1969,40,0.272,0.267,0.539
296,"Kiribati",1969,41,0.261,0.258,0.519
296,"Kiribati",1969,42,0.251,0.247,0.498
296,"Kiribati",1969,43,0.242,0.24,0.482
296,"Kiribati",1969,44,0.235,0.233,0.468
296,"Kiribati",1969,45,0.225,0.227,0.452
296,"Kiribati",1969,46,0.217,0.22,0.437
296,"Kiribati",1969,47,0.208,0.216,0.424
296,"Kiribati",1969,48,0.202,0.212,0.414
296,"Kiribati",1969,49,0.196,0.21,0.406
296,"Kiribati",1969,50,0.19,0.207,0.397
296,"Kiribati",1969,51,0.182,0.203,0.385
296,"Kiribati",1969,52,0.172,0.197,0.369
296,"Kiribati",1969,53,0.164,0.191,0.355
296,"Kiribati",1969,54,0.158,0.185,0.343
296,"Kiribati",1969,55,0.151,0.179,0.33
296,"Kiribati",1969,56,0.145,0.171,0.316
296,"Kiribati",1969,57,0.14,0.165,0.305
296,"Kiribati",1969,58,0.132,0.157,0.289
296,"Kiribati",1969,59,0.123,0.148,0.271
296,"Kiribati",1969,60,0.115,0.139,0.254
296,"Kiribati",1969,61,0.11,0.132,0.242
296,"Kiribati",1969,62,0.104,0.124,0.228
296,"Kiribati",1969,63,0.102,0.119,0.221
296,"Kiribati",1969,64,0.099,0.117,0.216
296,"Kiribati",1969,65,0.096,0.114,0.21
296,"Kiribati",1969,66,0.091,0.111,0.202
296,"Kiribati",1969,67,0.088,0.108,0.196
296,"Kiribati",1969,68,0.083,0.105,0.188
296,"Kiribati",1969,69,0.076,0.098,0.174
296,"Kiribati",1969,70,0.07,0.091,0.161
296,"Kiribati",1969,71,0.062,0.083,0.145
296,"Kiribati",1969,72,0.057,0.073,0.13
296,"Kiribati",1969,73,0.05,0.067,0.117
296,"Kiribati",1969,74,0.047,0.062,0.109
296,"Kiribati",1969,75,0.043,0.058,0.101
296,"Kiribati",1969,76,0.04,0.054,0.094
296,"Kiribati",1969,77,0.038,0.051,0.089
296,"Kiribati",1969,78,0.034,0.048,0.082
296,"Kiribati",1969,79,0.032,0.044,0.076
296,"Kiribati",1969,80,0.028,0.04,0.068
296,"Kiribati",1969,81,0.025,0.037,0.062
296,"Kiribati",1969,82,0.022,0.032,0.054
296,"Kiribati",1969,83,0.02,0.028,0.048
296,"Kiribati",1969,84,0.017,0.023,0.04
296,"Kiribati",1969,85,0.013,0.019,0.032
296,"Kiribati",1969,86,0.01,0.016,0.026
296,"Kiribati",1969,87,0.008,0.013,0.021
296,"Kiribati",1969,88,0.006,0.01,0.016
296,"Kiribati",1969,89,0.005,0.008,0.013
296,"Kiribati",1969,90,0.004,0.006,0.01
296,"Kiribati",1969,91,0.003,0.005,0.008
296,"Kiribati",1969,92,0.002,0.004,0.006
296,"Kiribati",1969,93,0.001,0.003,0.004
296,"Kiribati",1969,94,0.001,0.002,0.003
296,"Kiribati",1969,95,0,0.001,0.001
296,"Kiribati",1969,96,0,0.001,0.001
296,"Kiribati",1969,97,0,0,0
296,"Kiribati",1969,98,0,0,0
296,"Kiribati",1969,99,0,0,0
296,"Kiribati",1969,100,0,0,0
296,"Kiribati",1970,0,1.087,1.022,2.109
296,"Kiribati",1970,1,1.03,0.975,2.005
296,"Kiribati",1970,2,0.983,0.927,1.91
296,"Kiribati",1970,3,0.991,0.927,1.918
296,"Kiribati",1970,4,0.98,0.916,1.896
296,"Kiribati",1970,5,0.951,0.89,1.841
296,"Kiribati",1970,6,0.928,0.873,1.801
296,"Kiribati",1970,7,0.907,0.858,1.765
296,"Kiribati",1970,8,0.886,0.842,1.728
296,"Kiribati",1970,9,0.871,0.83,1.701
296,"Kiribati",1970,10,0.842,0.81,1.652
296,"Kiribati",1970,11,0.801,0.774,1.575
296,"Kiribati",1970,12,0.743,0.73,1.473
296,"Kiribati",1970,13,0.693,0.684,1.377
296,"Kiribati",1970,14,0.654,0.653,1.307
296,"Kiribati",1970,15,0.622,0.634,1.256
296,"Kiribati",1970,16,0.599,0.626,1.225
296,"Kiribati",1970,17,0.565,0.607,1.172
296,"Kiribati",1970,18,0.533,0.58,1.113
296,"Kiribati",1970,19,0.511,0.558,1.069
296,"Kiribati",1970,20,0.49,0.532,1.022
296,"Kiribati",1970,21,0.467,0.505,0.972
296,"Kiribati",1970,22,0.451,0.481,0.932
296,"Kiribati",1970,23,0.425,0.45,0.875
296,"Kiribati",1970,24,0.399,0.42,0.819
296,"Kiribati",1970,25,0.373,0.399,0.772
296,"Kiribati",1970,26,0.353,0.381,0.734
296,"Kiribati",1970,27,0.338,0.372,0.71
296,"Kiribati",1970,28,0.333,0.365,0.698
296,"Kiribati",1970,29,0.332,0.36,0.692
296,"Kiribati",1970,30,0.325,0.351,0.676
296,"Kiribati",1970,31,0.314,0.343,0.657
296,"Kiribati",1970,32,0.306,0.335,0.641
296,"Kiribati",1970,33,0.297,0.326,0.623
296,"Kiribati",1970,34,0.295,0.316,0.611
296,"Kiribati",1970,35,0.289,0.306,0.595
296,"Kiribati",1970,36,0.282,0.297,0.579
296,"Kiribati",1970,37,0.285,0.291,0.576
296,"Kiribati",1970,38,0.287,0.286,0.573
296,"Kiribati",1970,39,0.289,0.281,0.57
296,"Kiribati",1970,40,0.282,0.274,0.556
296,"Kiribati",1970,41,0.27,0.267,0.537
296,"Kiribati",1970,42,0.259,0.259,0.518
296,"Kiribati",1970,43,0.249,0.248,0.497
296,"Kiribati",1970,44,0.241,0.242,0.483
296,"Kiribati",1970,45,0.235,0.235,0.47
296,"Kiribati",1970,46,0.225,0.228,0.453
296,"Kiribati",1970,47,0.216,0.219,0.435
296,"Kiribati",1970,48,0.205,0.215,0.42
296,"Kiribati",1970,49,0.2,0.212,0.412
296,"Kiribati",1970,50,0.195,0.21,0.405
296,"Kiribati",1970,51,0.189,0.205,0.394
296,"Kiribati",1970,52,0.179,0.2,0.379
296,"Kiribati",1970,53,0.166,0.192,0.358
296,"Kiribati",1970,54,0.156,0.185,0.341
296,"Kiribati",1970,55,0.152,0.179,0.331
296,"Kiribati",1970,56,0.147,0.174,0.321
296,"Kiribati",1970,57,0.143,0.168,0.311
296,"Kiribati",1970,58,0.139,0.163,0.302
296,"Kiribati",1970,59,0.131,0.156,0.287
296,"Kiribati",1970,60,0.12,0.146,0.266
296,"Kiribati",1970,61,0.111,0.135,0.246
296,"Kiribati",1970,62,0.103,0.127,0.23
296,"Kiribati",1970,63,0.098,0.117,0.215
296,"Kiribati",1970,64,0.096,0.114,0.21
296,"Kiribati",1970,65,0.094,0.113,0.207
296,"Kiribati",1970,66,0.093,0.112,0.205
296,"Kiribati",1970,67,0.088,0.11,0.198
296,"Kiribati",1970,68,0.085,0.109,0.194
296,"Kiribati",1970,69,0.08,0.106,0.186
296,"Kiribati",1970,70,0.072,0.098,0.17
296,"Kiribati",1970,71,0.067,0.091,0.158
296,"Kiribati",1970,72,0.057,0.079,0.136
296,"Kiribati",1970,73,0.051,0.067,0.118
296,"Kiribati",1970,74,0.043,0.059,0.102
296,"Kiribati",1970,75,0.04,0.054,0.094
296,"Kiribati",1970,76,0.036,0.05,0.086
296,"Kiribati",1970,77,0.034,0.046,0.08
296,"Kiribati",1970,78,0.031,0.044,0.075
296,"Kiribati",1970,79,0.029,0.042,0.071
296,"Kiribati",1970,80,0.028,0.039,0.067
296,"Kiribati",1970,81,0.024,0.035,0.059
296,"Kiribati",1970,82,0.021,0.033,0.054
296,"Kiribati",1970,83,0.018,0.027,0.045
296,"Kiribati",1970,84,0.017,0.024,0.041
296,"Kiribati",1970,85,0.015,0.019,0.034
296,"Kiribati",1970,86,0.011,0.016,0.027
296,"Kiribati",1970,87,0.007,0.013,0.02
296,"Kiribati",1970,88,0.006,0.01,0.016
296,"Kiribati",1970,89,0.005,0.007,0.012
296,"Kiribati",1970,90,0.004,0.006,0.01
296,"Kiribati",1970,91,0.003,0.005,0.008
296,"Kiribati",1970,92,0.002,0.004,0.006
296,"Kiribati",1970,93,0.001,0.003,0.004
296,"Kiribati",1970,94,0.001,0.002,0.003
296,"Kiribati",1970,95,0,0.002,0.002
296,"Kiribati",1970,96,0,0.001,0.001
296,"Kiribati",1970,97,0,0,0
296,"Kiribati",1970,98,0,0,0
296,"Kiribati",1970,99,0,0,0
296,"Kiribati",1970,100,0,0,0
296,"Kiribati",1971,0,1.077,1.011,2.088
296,"Kiribati",1971,1,1.021,0.97,1.991
296,"Kiribati",1971,2,1.001,0.952,1.953
296,"Kiribati",1971,3,0.98,0.923,1.903
296,"Kiribati",1971,4,0.985,0.923,1.908
296,"Kiribati",1971,5,0.973,0.909,1.882
296,"Kiribati",1971,6,0.94,0.878,1.818
296,"Kiribati",1971,7,0.919,0.862,1.781
296,"Kiribati",1971,8,0.899,0.851,1.75
296,"Kiribati",1971,9,0.881,0.839,1.72
296,"Kiribati",1971,10,0.874,0.833,1.707
296,"Kiribati",1971,11,0.845,0.816,1.661
296,"Kiribati",1971,12,0.8,0.778,1.578
296,"Kiribati",1971,13,0.731,0.724,1.455
296,"Kiribati",1971,14,0.672,0.67,1.342
296,"Kiribati",1971,15,0.63,0.637,1.267
296,"Kiribati",1971,16,0.599,0.622,1.221
296,"Kiribati",1971,17,0.58,0.622,1.202
296,"Kiribati",1971,18,0.546,0.606,1.152
296,"Kiribati",1971,19,0.513,0.578,1.091
296,"Kiribati",1971,20,0.495,0.555,1.05
296,"Kiribati",1971,21,0.477,0.529,1.006
296,"Kiribati",1971,22,0.458,0.502,0.96
296,"Kiribati",1971,23,0.446,0.478,0.924
296,"Kiribati",1971,24,0.42,0.443,0.863
296,"Kiribati",1971,25,0.392,0.409,0.801
296,"Kiribati",1971,26,0.364,0.387,0.751
296,"Kiribati",1971,27,0.344,0.37,0.714
296,"Kiribati",1971,28,0.33,0.364,0.694
296,"Kiribati",1971,29,0.33,0.361,0.691
296,"Kiribati",1971,30,0.335,0.36,0.695
296,"Kiribati",1971,31,0.329,0.352,0.681
296,"Kiribati",1971,32,0.316,0.344,0.66
296,"Kiribati",1971,33,0.308,0.337,0.645
296,"Kiribati",1971,34,0.295,0.325,0.62
296,"Kiribati",1971,35,0.293,0.314,0.607
296,"Kiribati",1971,36,0.286,0.302,0.588
296,"Kiribati",1971,37,0.276,0.291,0.567
296,"Kiribati",1971,38,0.28,0.287,0.567
296,"Kiribati",1971,39,0.284,0.282,0.566
296,"Kiribati",1971,40,0.288,0.279,0.567
296,"Kiribati",1971,41,0.282,0.273,0.555
296,"Kiribati",1971,42,0.269,0.267,0.536
296,"Kiribati",1971,43,0.256,0.26,0.516
296,"Kiribati",1971,44,0.247,0.249,0.496
296,"Kiribati",1971,45,0.239,0.244,0.483
296,"Kiribati",1971,46,0.234,0.237,0.471
296,"Kiribati",1971,47,0.224,0.229,0.453
296,"Kiribati",1971,48,0.214,0.218,0.432
296,"Kiribati",1971,49,0.203,0.213,0.416
296,"Kiribati",1971,50,0.198,0.212,0.41
296,"Kiribati",1971,51,0.194,0.21,0.404
296,"Kiribati",1971,52,0.188,0.204,0.392
296,"Kiribati",1971,53,0.176,0.196,0.372
296,"Kiribati",1971,54,0.16,0.186,0.346
296,"Kiribati",1971,55,0.148,0.178,0.326
296,"Kiribati",1971,56,0.146,0.172,0.318
296,"Kiribati",1971,57,0.143,0.169,0.312
296,"Kiribati",1971,58,0.14,0.165,0.305
296,"Kiribati",1971,59,0.139,0.161,0.3
296,"Kiribati",1971,60,0.131,0.155,0.286
296,"Kiribati",1971,61,0.119,0.143,0.262
296,"Kiribati",1971,62,0.106,0.13,0.236
296,"Kiribati",1971,63,0.097,0.121,0.218
296,"Kiribati",1971,64,0.091,0.111,0.202
296,"Kiribati",1971,65,0.091,0.108,0.199
296,"Kiribati",1971,66,0.089,0.109,0.198
296,"Kiribati",1971,67,0.09,0.11,0.2
296,"Kiribati",1971,68,0.085,0.11,0.195
296,"Kiribati",1971,69,0.083,0.11,0.193
296,"Kiribati",1971,70,0.078,0.108,0.186
296,"Kiribati",1971,71,0.069,0.099,0.168
296,"Kiribati",1971,72,0.063,0.089,0.152
296,"Kiribati",1971,73,0.052,0.076,0.128
296,"Kiribati",1971,74,0.044,0.06,0.104
296,"Kiribati",1971,75,0.036,0.051,0.087
296,"Kiribati",1971,76,0.032,0.044,0.076
296,"Kiribati",1971,77,0.029,0.041,0.07
296,"Kiribati",1971,78,0.027,0.038,0.065
296,"Kiribati",1971,79,0.026,0.037,0.063
296,"Kiribati",1971,80,0.024,0.036,0.06
296,"Kiribati",1971,81,0.024,0.034,0.058
296,"Kiribati",1971,82,0.02,0.03,0.05
296,"Kiribati",1971,83,0.017,0.029,0.046
296,"Kiribati",1971,84,0.015,0.023,0.038
296,"Kiribati",1971,85,0.015,0.021,0.036
296,"Kiribati",1971,86,0.013,0.016,0.029
296,"Kiribati",1971,87,0.01,0.013,0.023
296,"Kiribati",1971,88,0.006,0.01,0.016
296,"Kiribati",1971,89,0.004,0.008,0.012
296,"Kiribati",1971,90,0.003,0.006,0.009
296,"Kiribati",1971,91,0.003,0.004,0.007
296,"Kiribati",1971,92,0.002,0.003,0.005
296,"Kiribati",1971,93,0.001,0.003,0.004
296,"Kiribati",1971,94,0.001,0.002,0.003
296,"Kiribati",1971,95,0,0.002,0.002
296,"Kiribati",1971,96,0,0.001,0.001
296,"Kiribati",1971,97,0,0.001,0.001
296,"Kiribati",1971,98,0,0,0
296,"Kiribati",1971,99,0,0,0
296,"Kiribati",1971,100,0,0,0
296,"Kiribati",1972,0,1.063,0.999,2.062
296,"Kiribati",1972,1,1.01,0.957,1.967
296,"Kiribati",1972,2,0.989,0.943,1.932
296,"Kiribati",1972,3,0.991,0.942,1.933
296,"Kiribati",1972,4,0.981,0.924,1.905
296,"Kiribati",1972,5,0.983,0.92,1.903
296,"Kiribati",1972,6,0.967,0.902,1.869
296,"Kiribati",1972,7,0.929,0.868,1.797
296,"Kiribati",1972,8,0.909,0.852,1.761
296,"Kiribati",1972,9,0.891,0.844,1.735
296,"Kiribati",1972,10,0.876,0.836,1.712
296,"Kiribati",1972,11,0.876,0.837,1.713
296,"Kiribati",1972,12,0.849,0.822,1.671
296,"Kiribati",1972,13,0.8,0.781,1.581
296,"Kiribati",1972,14,0.718,0.718,1.436
296,"Kiribati",1972,15,0.652,0.657,1.309
296,"Kiribati",1972,16,0.606,0.621,1.227
296,"Kiribati",1972,17,0.577,0.61,1.187
296,"Kiribati",1972,18,0.562,0.618,1.18
296,"Kiribati",1972,19,0.527,0.605,1.132
296,"Kiribati",1972,20,0.493,0.576,1.069
296,"Kiribati",1972,21,0.479,0.554,1.033
296,"Kiribati",1972,22,0.465,0.527,0.992
296,"Kiribati",1972,23,0.449,0.499,0.948
296,"Kiribati",1972,24,0.44,0.475,0.915
296,"Kiribati",1972,25,0.415,0.436,0.851
296,"Kiribati",1972,26,0.385,0.398,0.783
296,"Kiribati",1972,27,0.355,0.375,0.73
296,"Kiribati",1972,28,0.336,0.359,0.695
296,"Kiribati",1972,29,0.323,0.356,0.679
296,"Kiribati",1972,30,0.327,0.357,0.684
296,"Kiribati",1972,31,0.339,0.362,0.701
296,"Kiribati",1972,32,0.334,0.353,0.687
296,"Kiribati",1972,33,0.318,0.345,0.663
296,"Kiribati",1972,34,0.309,0.338,0.647
296,"Kiribati",1972,35,0.293,0.324,0.617
296,"Kiribati",1972,36,0.291,0.313,0.604
296,"Kiribati",1972,37,0.282,0.298,0.58
296,"Kiribati",1972,38,0.27,0.285,0.555
296,"Kiribati",1972,39,0.275,0.282,0.557
296,"Kiribati",1972,40,0.281,0.278,0.559
296,"Kiribati",1972,41,0.288,0.277,0.565
296,"Kiribati",1972,42,0.282,0.272,0.554
296,"Kiribati",1972,43,0.268,0.267,0.535
296,"Kiribati",1972,44,0.254,0.261,0.515
296,"Kiribati",1972,45,0.244,0.25,0.494
296,"Kiribati",1972,46,0.238,0.246,0.484
296,"Kiribati",1972,47,0.233,0.239,0.472
296,"Kiribati",1972,48,0.223,0.23,0.453
296,"Kiribati",1972,49,0.213,0.217,0.43
296,"Kiribati",1972,50,0.2,0.212,0.412
296,"Kiribati",1972,51,0.197,0.211,0.408
296,"Kiribati",1972,52,0.193,0.209,0.402
296,"Kiribati",1972,53,0.187,0.202,0.389
296,"Kiribati",1972,54,0.173,0.193,0.366
296,"Kiribati",1972,55,0.154,0.181,0.335
296,"Kiribati",1972,56,0.14,0.172,0.312
296,"Kiribati",1972,57,0.14,0.165,0.305
296,"Kiribati",1972,58,0.138,0.164,0.302
296,"Kiribati",1972,59,0.138,0.162,0.3
296,"Kiribati",1972,60,0.138,0.158,0.296
296,"Kiribati",1972,61,0.13,0.153,0.283
296,"Kiribati",1972,62,0.117,0.141,0.258
296,"Kiribati",1972,63,0.102,0.126,0.228
296,"Kiribati",1972,64,0.09,0.116,0.206
296,"Kiribati",1972,65,0.085,0.105,0.19
296,"Kiribati",1972,66,0.085,0.103,0.188
296,"Kiribati",1972,67,0.084,0.105,0.189
296,"Kiribati",1972,68,0.086,0.108,0.194
296,"Kiribati",1972,69,0.081,0.109,0.19
296,"Kiribati",1972,70,0.08,0.111,0.191
296,"Kiribati",1972,71,0.077,0.11,0.187
296,"Kiribati",1972,72,0.065,0.1,0.165
296,"Kiribati",1972,73,0.059,0.089,0.148
296,"Kiribati",1972,74,0.047,0.071,0.118
296,"Kiribati",1972,75,0.037,0.054,0.091
296,"Kiribati",1972,76,0.03,0.043,0.073
296,"Kiribati",1972,77,0.025,0.035,0.06
296,"Kiribati",1972,78,0.022,0.033,0.055
296,"Kiribati",1972,79,0.021,0.031,0.052
296,"Kiribati",1972,80,0.02,0.031,0.051
296,"Kiribati",1972,81,0.02,0.03,0.05
296,"Kiribati",1972,82,0.02,0.029,0.049
296,"Kiribati",1972,83,0.017,0.026,0.043
296,"Kiribati",1972,84,0.014,0.025,0.039
296,"Kiribati",1972,85,0.012,0.02,0.032
296,"Kiribati",1972,86,0.013,0.018,0.031
296,"Kiribati",1972,87,0.011,0.014,0.025
296,"Kiribati",1972,88,0.009,0.01,0.019
296,"Kiribati",1972,89,0.005,0.008,0.013
296,"Kiribati",1972,90,0.003,0.006,0.009
296,"Kiribati",1972,91,0.002,0.004,0.006
296,"Kiribati",1972,92,0.002,0.003,0.005
296,"Kiribati",1972,93,0.001,0.002,0.003
296,"Kiribati",1972,94,0.001,0.002,0.003
296,"Kiribati",1972,95,0.001,0.001,0.002
296,"Kiribati",1972,96,0,0.001,0.001
296,"Kiribati",1972,97,0,0.001,0.001
296,"Kiribati",1972,98,0,0,0
296,"Kiribati",1972,99,0,0,0
296,"Kiribati",1972,100,0,0,0
296,"Kiribati",1973,0,1.03,0.972,2.002
296,"Kiribati",1973,1,0.995,0.942,1.937
296,"Kiribati",1973,2,0.975,0.927,1.902
296,"Kiribati",1973,3,0.973,0.928,1.901
296,"Kiribati",1973,4,0.983,0.935,1.918
296,"Kiribati",1973,5,0.983,0.926,1.909
296,"Kiribati",1973,6,0.982,0.918,1.9
296,"Kiribati",1973,7,0.962,0.897,1.859
296,"Kiribati",1973,8,0.92,0.858,1.778
296,"Kiribati",1973,9,0.9,0.842,1.742
296,"Kiribati",1973,10,0.883,0.837,1.72
296,"Kiribati",1973,11,0.871,0.833,1.704
296,"Kiribati",1973,12,0.876,0.839,1.715
296,"Kiribati",1973,13,0.85,0.827,1.677
296,"Kiribati",1973,14,0.797,0.782,1.579
296,"Kiribati",1973,15,0.704,0.711,1.415
296,"Kiribati",1973,16,0.631,0.643,1.274
296,"Kiribati",1973,17,0.582,0.605,1.187
296,"Kiribati",1973,18,0.554,0.597,1.151
296,"Kiribati",1973,19,0.542,0.612,1.154
296,"Kiribati",1973,20,0.508,0.603,1.111
296,"Kiribati",1973,21,0.473,0.572,1.045
296,"Kiribati",1973,22,0.464,0.551,1.015
296,"Kiribati",1973,23,0.453,0.524,0.977
296,"Kiribati",1973,24,0.44,0.495,0.935
296,"Kiribati",1973,25,0.434,0.471,0.905
296,"Kiribati",1973,26,0.41,0.428,0.838
296,"Kiribati",1973,27,0.378,0.388,0.766
296,"Kiribati",1973,28,0.347,0.363,0.71
296,"Kiribati",1973,29,0.327,0.349,0.676
296,"Kiribati",1973,30,0.316,0.348,0.664
296,"Kiribati",1973,31,0.325,0.354,0.679
296,"Kiribati",1973,32,0.341,0.362,0.703
296,"Kiribati",1973,33,0.337,0.355,0.692
296,"Kiribati",1973,34,0.32,0.346,0.666
296,"Kiribati",1973,35,0.309,0.338,0.647
296,"Kiribati",1973,36,0.291,0.322,0.613
296,"Kiribati",1973,37,0.288,0.31,0.598
296,"Kiribati",1973,38,0.277,0.293,0.57
296,"Kiribati",1973,39,0.264,0.28,0.544
296,"Kiribati",1973,40,0.269,0.276,0.545
296,"Kiribati",1973,41,0.277,0.274,0.551
296,"Kiribati",1973,42,0.287,0.274,0.561
296,"Kiribati",1973,43,0.281,0.27,0.551
296,"Kiribati",1973,44,0.266,0.267,0.533
296,"Kiribati",1973,45,0.25,0.261,0.511
296,"Kiribati",1973,46,0.241,0.251,0.492
296,"Kiribati",1973,47,0.236,0.248,0.484
296,"Kiribati",1973,48,0.232,0.24,0.472
296,"Kiribati",1973,49,0.222,0.23,0.452
296,"Kiribati",1973,50,0.21,0.216,0.426
296,"Kiribati",1973,51,0.196,0.21,0.406
296,"Kiribati",1973,52,0.195,0.21,0.405
296,"Kiribati",1973,53,0.192,0.208,0.4
296,"Kiribati",1973,54,0.184,0.201,0.385
296,"Kiribati",1973,55,0.17,0.189,0.359
296,"Kiribati",1973,56,0.148,0.175,0.323
296,"Kiribati",1973,57,0.132,0.165,0.297
296,"Kiribati",1973,58,0.134,0.159,0.293
296,"Kiribati",1973,59,0.134,0.159,0.293
296,"Kiribati",1973,60,0.135,0.158,0.293
296,"Kiribati",1973,61,0.137,0.156,0.293
296,"Kiribati",1973,62,0.129,0.152,0.281
296,"Kiribati",1973,63,0.114,0.138,0.252
296,"Kiribati",1973,64,0.097,0.121,0.218
296,"Kiribati",1973,65,0.084,0.11,0.194
296,"Kiribati",1973,66,0.078,0.098,0.176
296,"Kiribati",1973,67,0.079,0.097,0.176
296,"Kiribati",1973,68,0.079,0.101,0.18
296,"Kiribati",1973,69,0.083,0.106,0.189
296,"Kiribati",1973,70,0.078,0.107,0.185
296,"Kiribati",1973,71,0.077,0.111,0.188
296,"Kiribati",1973,72,0.073,0.111,0.184
296,"Kiribati",1973,73,0.061,0.1,0.161
296,"Kiribati",1973,74,0.056,0.087,0.143
296,"Kiribati",1973,75,0.041,0.067,0.108
296,"Kiribati",1973,76,0.031,0.046,0.077
296,"Kiribati",1973,77,0.024,0.035,0.059
296,"Kiribati",1973,78,0.018,0.027,0.045
296,"Kiribati",1973,79,0.015,0.026,0.041
296,"Kiribati",1973,80,0.015,0.024,0.039
296,"Kiribati",1973,81,0.015,0.025,0.04
296,"Kiribati",1973,82,0.016,0.025,0.041
296,"Kiribati",1973,83,0.016,0.024,0.04
296,"Kiribati",1973,84,0.014,0.022,0.036
296,"Kiribati",1973,85,0.012,0.022,0.034
296,"Kiribati",1973,86,0.009,0.016,0.025
296,"Kiribati",1973,87,0.011,0.015,0.026
296,"Kiribati",1973,88,0.009,0.012,0.021
296,"Kiribati",1973,89,0.007,0.008,0.015
296,"Kiribati",1973,90,0.005,0.006,0.011
296,"Kiribati",1973,91,0.002,0.004,0.006
296,"Kiribati",1973,92,0.002,0.003,0.005
296,"Kiribati",1973,93,0.001,0.002,0.003
296,"Kiribati",1973,94,0.001,0.002,0.003
296,"Kiribati",1973,95,0.001,0.001,0.002
296,"Kiribati",1973,96,0,0.001,0.001
296,"Kiribati",1973,97,0,0.001,0.001
296,"Kiribati",1973,98,0,0,0
296,"Kiribati",1973,99,0,0,0
296,"Kiribati",1973,100,0,0,0
296,"Kiribati",1974,0,1.057,0.992,2.049
296,"Kiribati",1974,1,0.951,0.905,1.856
296,"Kiribati",1974,2,0.938,0.892,1.83
296,"Kiribati",1974,3,0.933,0.887,1.82
296,"Kiribati",1974,4,0.936,0.891,1.827
296,"Kiribati",1974,5,0.949,0.901,1.85
296,"Kiribati",1974,6,0.956,0.899,1.855
296,"Kiribati",1974,7,0.961,0.896,1.857
296,"Kiribati",1974,8,0.946,0.882,1.828
296,"Kiribati",1974,9,0.91,0.85,1.76
296,"Kiribati",1974,10,0.889,0.834,1.723
296,"Kiribati",1974,11,0.868,0.826,1.694
296,"Kiribati",1974,12,0.848,0.816,1.664
296,"Kiribati",1974,13,0.842,0.813,1.655
296,"Kiribati",1974,14,0.811,0.797,1.608
296,"Kiribati",1974,15,0.759,0.753,1.512
296,"Kiribati",1974,16,0.675,0.689,1.364
296,"Kiribati",1974,17,0.608,0.627,1.235
296,"Kiribati",1974,18,0.564,0.591,1.155
296,"Kiribati",1974,19,0.536,0.581,1.117
296,"Kiribati",1974,20,0.523,0.589,1.112
296,"Kiribati",1974,21,0.494,0.58,1.074
296,"Kiribati",1974,22,0.465,0.553,1.018
296,"Kiribati",1974,23,0.455,0.532,0.987
296,"Kiribati",1974,24,0.443,0.506,0.949
296,"Kiribati",1974,25,0.429,0.476,0.905
296,"Kiribati",1974,26,0.421,0.451,0.872
296,"Kiribati",1974,27,0.398,0.411,0.809
296,"Kiribati",1974,28,0.37,0.375,0.745
296,"Kiribati",1974,29,0.343,0.354,0.697
296,"Kiribati",1974,30,0.327,0.341,0.668
296,"Kiribati",1974,31,0.318,0.342,0.66
296,"Kiribati",1974,32,0.324,0.347,0.671
296,"Kiribati",1974,33,0.335,0.353,0.688
296,"Kiribati",1974,34,0.329,0.345,0.674
296,"Kiribati",1974,35,0.31,0.334,0.644
296,"Kiribati",1974,36,0.295,0.324,0.619
296,"Kiribati",1974,37,0.276,0.308,0.584
296,"Kiribati",1974,38,0.273,0.296,0.569
296,"Kiribati",1974,39,0.264,0.28,0.544
296,"Kiribati",1974,40,0.255,0.27,0.525
296,"Kiribati",1974,41,0.264,0.267,0.531
296,"Kiribati",1974,42,0.273,0.266,0.539
296,"Kiribati",1974,43,0.281,0.267,0.548
296,"Kiribati",1974,44,0.276,0.263,0.539
296,"Kiribati",1974,45,0.26,0.259,0.519
296,"Kiribati",1974,46,0.243,0.254,0.497
296,"Kiribati",1974,47,0.231,0.244,0.475
296,"Kiribati",1974,48,0.224,0.24,0.464
296,"Kiribati",1974,49,0.218,0.23,0.448
296,"Kiribati",1974,50,0.208,0.221,0.429
296,"Kiribati",1974,51,0.198,0.206,0.404
296,"Kiribati",1974,52,0.186,0.2,0.386
296,"Kiribati",1974,53,0.185,0.198,0.383
296,"Kiribati",1974,54,0.181,0.196,0.377
296,"Kiribati",1974,55,0.174,0.19,0.364
296,"Kiribati",1974,56,0.161,0.181,0.342
296,"Kiribati",1974,57,0.143,0.17,0.313
296,"Kiribati",1974,58,0.129,0.162,0.291
296,"Kiribati",1974,59,0.129,0.156,0.285
296,"Kiribati",1974,60,0.127,0.154,0.281
296,"Kiribati",1974,61,0.126,0.15,0.276
296,"Kiribati",1974,62,0.127,0.147,0.274
296,"Kiribati",1974,63,0.12,0.142,0.262
296,"Kiribati",1974,64,0.106,0.13,0.236
296,"Kiribati",1974,65,0.091,0.114,0.205
296,"Kiribati",1974,66,0.079,0.105,0.184
296,"Kiribati",1974,67,0.074,0.093,0.167
296,"Kiribati",1974,68,0.074,0.091,0.165
296,"Kiribati",1974,69,0.073,0.094,0.167
296,"Kiribati",1974,70,0.075,0.096,0.171
296,"Kiribati",1974,71,0.069,0.096,0.165
296,"Kiribati",1974,72,0.068,0.098,0.166
296,"Kiribati",1974,73,0.064,0.097,0.161
296,"Kiribati",1974,74,0.054,0.088,0.142
296,"Kiribati",1974,75,0.049,0.077,0.126
296,"Kiribati",1974,76,0.036,0.06,0.096
296,"Kiribati",1974,77,0.027,0.042,0.069
296,"Kiribati",1974,78,0.021,0.032,0.053
296,"Kiribati",1974,79,0.016,0.025,0.041
296,"Kiribati",1974,80,0.013,0.023,0.036
296,"Kiribati",1974,81,0.013,0.021,0.034
296,"Kiribati",1974,82,0.013,0.022,0.035
296,"Kiribati",1974,83,0.013,0.021,0.034
296,"Kiribati",1974,84,0.013,0.02,0.033
296,"Kiribati",1974,85,0.011,0.017,0.028
296,"Kiribati",1974,86,0.009,0.018,0.027
296,"Kiribati",1974,87,0.007,0.013,0.02
296,"Kiribati",1974,88,0.008,0.012,0.02
296,"Kiribati",1974,89,0.007,0.009,0.016
296,"Kiribati",1974,90,0.005,0.006,0.011
296,"Kiribati",1974,91,0.003,0.004,0.007
296,"Kiribati",1974,92,0.002,0.003,0.005
296,"Kiribati",1974,93,0.001,0.002,0.003
296,"Kiribati",1974,94,0.001,0.002,0.003
296,"Kiribati",1974,95,0.001,0.001,0.002
296,"Kiribati",1974,96,0,0.001,0.001
296,"Kiribati",1974,97,0,0.001,0.001
296,"Kiribati",1974,98,0,0,0
296,"Kiribati",1974,99,0,0,0
296,"Kiribati",1974,100,0,0,0
296,"Kiribati",1975,0,1.032,0.969,2.001
296,"Kiribati",1975,1,0.968,0.917,1.885
296,"Kiribati",1975,2,0.902,0.86,1.762
296,"Kiribati",1975,3,0.897,0.854,1.751
296,"Kiribati",1975,4,0.895,0.851,1.746
296,"Kiribati",1975,5,0.901,0.857,1.758
296,"Kiribati",1975,6,0.918,0.869,1.787
296,"Kiribati",1975,7,0.931,0.874,1.805
296,"Kiribati",1975,8,0.941,0.875,1.816
296,"Kiribati",1975,9,0.931,0.867,1.798
296,"Kiribati",1975,10,0.9,0.842,1.742
296,"Kiribati",1975,11,0.877,0.825,1.702
296,"Kiribati",1975,12,0.852,0.814,1.666
296,"Kiribati",1975,13,0.825,0.799,1.624
296,"Kiribati",1975,14,0.808,0.788,1.596
296,"Kiribati",1975,15,0.772,0.767,1.539
296,"Kiribati",1975,16,0.721,0.724,1.445
296,"Kiribati",1975,17,0.646,0.667,1.313
296,"Kiribati",1975,18,0.585,0.611,1.196
296,"Kiribati",1975,19,0.545,0.577,1.122
296,"Kiribati",1975,20,0.517,0.565,1.082
296,"Kiribati",1975,21,0.504,0.567,1.071
296,"Kiribati",1975,22,0.48,0.557,1.037
296,"Kiribati",1975,23,0.457,0.534,0.991
296,"Kiribati",1975,24,0.446,0.513,0.959
296,"Kiribati",1975,25,0.433,0.488,0.921
296,"Kiribati",1975,26,0.418,0.457,0.875
296,"Kiribati",1975,27,0.407,0.431,0.838
296,"Kiribati",1975,28,0.387,0.394,0.781
296,"Kiribati",1975,29,0.363,0.362,0.725
296,"Kiribati",1975,30,0.339,0.344,0.683
296,"Kiribati",1975,31,0.328,0.333,0.661
296,"Kiribati",1975,32,0.321,0.337,0.658
296,"Kiribati",1975,33,0.323,0.34,0.663
296,"Kiribati",1975,34,0.329,0.344,0.673
296,"Kiribati",1975,35,0.321,0.335,0.656
296,"Kiribati",1975,36,0.299,0.322,0.621
296,"Kiribati",1975,37,0.281,0.31,0.591
296,"Kiribati",1975,38,0.261,0.295,0.556
296,"Kiribati",1975,39,0.258,0.282,0.54
296,"Kiribati",1975,40,0.251,0.268,0.519
296,"Kiribati",1975,41,0.246,0.26,0.506
296,"Kiribati",1975,42,0.259,0.258,0.517
296,"Kiribati",1975,43,0.269,0.258,0.527
296,"Kiribati",1975,44,0.275,0.259,0.534
296,"Kiribati",1975,45,0.27,0.256,0.526
296,"Kiribati",1975,46,0.253,0.251,0.504
296,"Kiribati",1975,47,0.235,0.247,0.482
296,"Kiribati",1975,48,0.221,0.237,0.458
296,"Kiribati",1975,49,0.211,0.232,0.443
296,"Kiribati",1975,50,0.204,0.221,0.425
296,"Kiribati",1975,51,0.194,0.211,0.405
296,"Kiribati",1975,52,0.186,0.197,0.383
296,"Kiribati",1975,53,0.176,0.189,0.365
296,"Kiribati",1975,54,0.174,0.187,0.361
296,"Kiribati",1975,55,0.17,0.184,0.354
296,"Kiribati",1975,56,0.164,0.179,0.343
296,"Kiribati",1975,57,0.153,0.173,0.326
296,"Kiribati",1975,58,0.138,0.166,0.304
296,"Kiribati",1975,59,0.124,0.159,0.283
296,"Kiribati",1975,60,0.123,0.153,0.276
296,"Kiribati",1975,61,0.121,0.149,0.27
296,"Kiribati",1975,62,0.118,0.143,0.261
296,"Kiribati",1975,63,0.117,0.138,0.255
296,"Kiribati",1975,64,0.111,0.132,0.243
296,"Kiribati",1975,65,0.098,0.121,0.219
296,"Kiribati",1975,66,0.086,0.106,0.192
296,"Kiribati",1975,67,0.075,0.099,0.174
296,"Kiribati",1975,68,0.069,0.087,0.156
296,"Kiribati",1975,69,0.069,0.086,0.155
296,"Kiribati",1975,70,0.067,0.087,0.154
296,"Kiribati",1975,71,0.067,0.086,0.153
296,"Kiribati",1975,72,0.06,0.085,0.145
296,"Kiribati",1975,73,0.059,0.085,0.144
296,"Kiribati",1975,74,0.055,0.083,0.138
296,"Kiribati",1975,75,0.046,0.076,0.122
296,"Kiribati",1975,76,0.041,0.065,0.106
296,"Kiribati",1975,77,0.031,0.053,0.084
296,"Kiribati",1975,78,0.024,0.038,0.062
296,"Kiribati",1975,79,0.018,0.028,0.046
296,"Kiribati",1975,80,0.014,0.023,0.037
296,"Kiribati",1975,81,0.011,0.02,0.031
296,"Kiribati",1975,82,0.011,0.018,0.029
296,"Kiribati",1975,83,0.011,0.018,0.029
296,"Kiribati",1975,84,0.011,0.017,0.028
296,"Kiribati",1975,85,0.011,0.016,0.027
296,"Kiribati",1975,86,0.009,0.013,0.022
296,"Kiribati",1975,87,0.007,0.013,0.02
296,"Kiribati",1975,88,0.006,0.01,0.016
296,"Kiribati",1975,89,0.006,0.009,0.015
296,"Kiribati",1975,90,0.005,0.007,0.012
296,"Kiribati",1975,91,0.004,0.004,0.008
296,"Kiribati",1975,92,0.002,0.003,0.005
296,"Kiribati",1975,93,0.001,0.002,0.003
296,"Kiribati",1975,94,0.001,0.001,0.002
296,"Kiribati",1975,95,0.001,0.001,0.002
296,"Kiribati",1975,96,0,0.001,0.001
296,"Kiribati",1975,97,0,0.001,0.001
296,"Kiribati",1975,98,0,0,0
296,"Kiribati",1975,99,0,0,0
296,"Kiribati",1975,100,0,0,0
296,"Kiribati",1976,0,1.02,0.956,1.976
296,"Kiribati",1976,1,0.95,0.899,1.849
296,"Kiribati",1976,2,0.91,0.866,1.776
296,"Kiribati",1976,3,0.867,0.827,1.694
296,"Kiribati",1976,4,0.86,0.82,1.68
296,"Kiribati",1976,5,0.859,0.818,1.677
296,"Kiribati",1976,6,0.868,0.824,1.692
296,"Kiribati",1976,7,0.887,0.838,1.725
296,"Kiribati",1976,8,0.907,0.849,1.756
296,"Kiribati",1976,9,0.921,0.856,1.777
296,"Kiribati",1976,10,0.917,0.852,1.769
296,"Kiribati",1976,11,0.891,0.835,1.726
296,"Kiribati",1976,12,0.865,0.816,1.681
296,"Kiribati",1976,13,0.836,0.802,1.638
296,"Kiribati",1976,14,0.802,0.783,1.585
296,"Kiribati",1976,15,0.775,0.762,1.537
296,"Kiribati",1976,16,0.733,0.737,1.47
296,"Kiribati",1976,17,0.682,0.695,1.377
296,"Kiribati",1976,18,0.617,0.645,1.262
296,"Kiribati",1976,19,0.562,0.595,1.157
296,"Kiribati",1976,20,0.526,0.563,1.089
296,"Kiribati",1976,21,0.498,0.549,1.047
296,"Kiribati",1976,22,0.485,0.545,1.03
296,"Kiribati",1976,23,0.466,0.533,0.999
296,"Kiribati",1976,24,0.449,0.515,0.964
296,"Kiribati",1976,25,0.437,0.494,0.931
296,"Kiribati",1976,26,0.423,0.469,0.892
296,"Kiribati",1976,27,0.407,0.438,0.845
296,"Kiribati",1976,28,0.394,0.411,0.805
296,"Kiribati",1976,29,0.375,0.377,0.752
296,"Kiribati",1976,30,0.355,0.349,0.704
296,"Kiribati",1976,31,0.336,0.334,0.67
296,"Kiribati",1976,32,0.328,0.326,0.654
296,"Kiribati",1976,33,0.323,0.331,0.654
296,"Kiribati",1976,34,0.323,0.333,0.656
296,"Kiribati",1976,35,0.323,0.335,0.658
296,"Kiribati",1976,36,0.312,0.325,0.637
296,"Kiribati",1976,37,0.288,0.311,0.599
296,"Kiribati",1976,38,0.267,0.296,0.563
296,"Kiribati",1976,39,0.247,0.281,0.528
296,"Kiribati",1976,40,0.243,0.268,0.511
296,"Kiribati",1976,41,0.238,0.255,0.493
296,"Kiribati",1976,42,0.237,0.249,0.486
296,"Kiribati",1976,43,0.254,0.25,0.504
296,"Kiribati",1976,44,0.264,0.251,0.515
296,"Kiribati",1976,45,0.27,0.251,0.521
296,"Kiribati",1976,46,0.264,0.248,0.512
296,"Kiribati",1976,47,0.246,0.243,0.489
296,"Kiribati",1976,48,0.228,0.24,0.468
296,"Kiribati",1976,49,0.212,0.23,0.442
296,"Kiribati",1976,50,0.198,0.224,0.422
296,"Kiribati",1976,51,0.189,0.212,0.401
296,"Kiribati",1976,52,0.18,0.202,0.382
296,"Kiribati",1976,53,0.174,0.188,0.362
296,"Kiribati",1976,54,0.166,0.179,0.345
296,"Kiribati",1976,55,0.163,0.175,0.338
296,"Kiribati",1976,56,0.158,0.172,0.33
296,"Kiribati",1976,57,0.153,0.168,0.321
296,"Kiribati",1976,58,0.145,0.165,0.31
296,"Kiribati",1976,59,0.133,0.161,0.294
296,"Kiribati",1976,60,0.12,0.156,0.276
296,"Kiribati",1976,61,0.118,0.15,0.268
296,"Kiribati",1976,62,0.114,0.143,0.257
296,"Kiribati",1976,63,0.109,0.135,0.244
296,"Kiribati",1976,64,0.107,0.128,0.235
296,"Kiribati",1976,65,0.1,0.121,0.221
296,"Kiribati",1976,66,0.09,0.111,0.201
296,"Kiribati",1976,67,0.079,0.098,0.177
296,"Kiribati",1976,68,0.07,0.093,0.163
296,"Kiribati",1976,69,0.064,0.082,0.146
296,"Kiribati",1976,70,0.064,0.08,0.144
296,"Kiribati",1976,71,0.061,0.078,0.139
296,"Kiribati",1976,72,0.059,0.076,0.135
296,"Kiribati",1976,73,0.052,0.074,0.126
296,"Kiribati",1976,74,0.049,0.073,0.122
296,"Kiribati",1976,75,0.045,0.07,0.115
296,"Kiribati",1976,76,0.038,0.064,0.102
296,"Kiribati",1976,77,0.034,0.055,0.089
296,"Kiribati",1976,78,0.027,0.045,0.072
296,"Kiribati",1976,79,0.021,0.033,0.054
296,"Kiribati",1976,80,0.016,0.025,0.041
296,"Kiribati",1976,81,0.012,0.021,0.033
296,"Kiribati",1976,82,0.01,0.017,0.027
296,"Kiribati",1976,83,0.009,0.015,0.024
296,"Kiribati",1976,84,0.009,0.015,0.024
296,"Kiribati",1976,85,0.009,0.013,0.022
296,"Kiribati",1976,86,0.007,0.012,0.019
296,"Kiribati",1976,87,0.006,0.009,0.015
296,"Kiribati",1976,88,0.005,0.01,0.015
296,"Kiribati",1976,89,0.004,0.007,0.011
296,"Kiribati",1976,90,0.005,0.006,0.011
296,"Kiribati",1976,91,0.004,0.005,0.009
296,"Kiribati",1976,92,0.003,0.003,0.006
296,"Kiribati",1976,93,0.002,0.002,0.004
296,"Kiribati",1976,94,0.001,0.002,0.003
296,"Kiribati",1976,95,0,0.001,0.001
296,"Kiribati",1976,96,0,0.001,0.001
296,"Kiribati",1976,97,0,0,0
296,"Kiribati",1976,98,0,0,0
296,"Kiribati",1976,99,0,0,0
296,"Kiribati",1976,100,0,0,0
296,"Kiribati",1977,0,1.016,0.953,1.969
296,"Kiribati",1977,1,0.944,0.892,1.836
296,"Kiribati",1977,2,0.898,0.852,1.75
296,"Kiribati",1977,3,0.868,0.826,1.694
296,"Kiribati",1977,4,0.836,0.797,1.633
296,"Kiribati",1977,5,0.826,0.788,1.614
296,"Kiribati",1977,6,0.825,0.786,1.611
296,"Kiribati",1977,7,0.836,0.792,1.628
296,"Kiribati",1977,8,0.857,0.808,1.665
296,"Kiribati",1977,9,0.883,0.824,1.707
296,"Kiribati",1977,10,0.901,0.836,1.737
296,"Kiribati",1977,11,0.902,0.838,1.74
296,"Kiribati",1977,12,0.883,0.827,1.71
296,"Kiribati",1977,13,0.854,0.808,1.662
296,"Kiribati",1977,14,0.82,0.791,1.611
296,"Kiribati",1977,15,0.779,0.766,1.545
296,"Kiribati",1977,16,0.74,0.736,1.476
296,"Kiribati",1977,17,0.694,0.707,1.401
296,"Kiribati",1977,18,0.643,0.666,1.309
296,"Kiribati",1977,19,0.588,0.623,1.211
296,"Kiribati",1977,20,0.539,0.579,1.118
296,"Kiribati",1977,21,0.506,0.549,1.055
296,"Kiribati",1977,22,0.478,0.533,1.011
296,"Kiribati",1977,23,0.466,0.523,0.989
296,"Kiribati",1977,24,0.452,0.51,0.962
296,"Kiribati",1977,25,0.44,0.496,0.936
296,"Kiribati",1977,26,0.428,0.474,0.902
296,"Kiribati",1977,27,0.413,0.45,0.863
296,"Kiribati",1977,28,0.396,0.419,0.815
296,"Kiribati",1977,29,0.38,0.391,0.771
296,"Kiribati",1977,30,0.363,0.36,0.723
296,"Kiribati",1977,31,0.347,0.337,0.684
296,"Kiribati",1977,32,0.332,0.325,0.657
296,"Kiribati",1977,33,0.328,0.318,0.646
296,"Kiribati",1977,34,0.325,0.325,0.65
296,"Kiribati",1977,35,0.322,0.326,0.648
296,"Kiribati",1977,36,0.317,0.326,0.643
296,"Kiribati",1977,37,0.303,0.315,0.618
296,"Kiribati",1977,38,0.277,0.299,0.576
296,"Kiribati",1977,39,0.253,0.282,0.535
296,"Kiribati",1977,40,0.232,0.267,0.499
296,"Kiribati",1977,41,0.228,0.255,0.483
296,"Kiribati",1977,42,0.225,0.242,0.467
296,"Kiribati",1977,43,0.228,0.239,0.467
296,"Kiribati",1977,44,0.249,0.241,0.49
296,"Kiribati",1977,45,0.26,0.243,0.503
296,"Kiribati",1977,46,0.264,0.243,0.507
296,"Kiribati",1977,47,0.258,0.24,0.498
296,"Kiribati",1977,48,0.239,0.235,0.474
296,"Kiribati",1977,49,0.22,0.232,0.452
296,"Kiribati",1977,50,0.202,0.223,0.425
296,"Kiribati",1977,51,0.185,0.215,0.4
296,"Kiribati",1977,52,0.174,0.202,0.376
296,"Kiribati",1977,53,0.166,0.193,0.359
296,"Kiribati",1977,54,0.162,0.178,0.34
296,"Kiribati",1977,55,0.156,0.168,0.324
296,"Kiribati",1977,56,0.152,0.163,0.315
296,"Kiribati",1977,57,0.147,0.159,0.306
296,"Kiribati",1977,58,0.143,0.156,0.299
296,"Kiribati",1977,59,0.136,0.156,0.292
296,"Kiribati",1977,60,0.127,0.155,0.282
296,"Kiribati",1977,61,0.116,0.153,0.269
296,"Kiribati",1977,62,0.112,0.146,0.258
296,"Kiribati",1977,63,0.107,0.138,0.245
296,"Kiribati",1977,64,0.1,0.128,0.228
296,"Kiribati",1977,65,0.097,0.118,0.215
296,"Kiribati",1977,66,0.09,0.11,0.2
296,"Kiribati",1977,67,0.081,0.101,0.182
296,"Kiribati",1977,68,0.072,0.091,0.163
296,"Kiribati",1977,69,0.066,0.087,0.153
296,"Kiribati",1977,70,0.06,0.076,0.136
296,"Kiribati",1977,71,0.059,0.074,0.133
296,"Kiribati",1977,72,0.055,0.07,0.125
296,"Kiribati",1977,73,0.051,0.067,0.118
296,"Kiribati",1977,74,0.044,0.063,0.107
296,"Kiribati",1977,75,0.04,0.059,0.099
296,"Kiribati",1977,76,0.036,0.057,0.093
296,"Kiribati",1977,77,0.03,0.051,0.081
296,"Kiribati",1977,78,0.027,0.044,0.071
296,"Kiribati",1977,79,0.022,0.037,0.059
296,"Kiribati",1977,80,0.019,0.028,0.047
296,"Kiribati",1977,81,0.014,0.022,0.036
296,"Kiribati",1977,82,0.01,0.019,0.029
296,"Kiribati",1977,83,0.008,0.016,0.024
296,"Kiribati",1977,84,0.008,0.013,0.021
296,"Kiribati",1977,85,0.007,0.013,0.02
296,"Kiribati",1977,86,0.006,0.01,0.016
296,"Kiribati",1977,87,0.005,0.008,0.013
296,"Kiribati",1977,88,0.004,0.006,0.01
296,"Kiribati",1977,89,0.003,0.006,0.009
296,"Kiribati",1977,90,0.002,0.004,0.006
296,"Kiribati",1977,91,0.002,0.004,0.006
296,"Kiribati",1977,92,0.002,0.003,0.005
296,"Kiribati",1977,93,0.002,0.002,0.004
296,"Kiribati",1977,94,0.001,0.002,0.003
296,"Kiribati",1977,95,0,0.001,0.001
296,"Kiribati",1977,96,0,0.001,0.001
296,"Kiribati",1977,97,0,0,0
296,"Kiribati",1977,98,0,0,0
296,"Kiribati",1977,99,0,0,0
296,"Kiribati",1977,100,0,0,0
296,"Kiribati",1978,0,1.016,0.959,1.975
296,"Kiribati",1978,1,0.947,0.895,1.842
296,"Kiribati",1978,2,0.898,0.851,1.749
296,"Kiribati",1978,3,0.861,0.819,1.68
296,"Kiribati",1978,4,0.831,0.791,1.622
296,"Kiribati",1978,5,0.807,0.771,1.578
296,"Kiribati",1978,6,0.794,0.759,1.553
296,"Kiribati",1978,7,0.793,0.756,1.549
296,"Kiribati",1978,8,0.805,0.762,1.567
296,"Kiribati",1978,9,0.829,0.78,1.609
296,"Kiribati",1978,10,0.859,0.801,1.66
296,"Kiribati",1978,11,0.882,0.817,1.699
296,"Kiribati",1978,12,0.887,0.824,1.711
296,"Kiribati",1978,13,0.873,0.819,1.692
296,"Kiribati",1978,14,0.842,0.799,1.641
296,"Kiribati",1978,15,0.804,0.779,1.583
296,"Kiribati",1978,16,0.756,0.749,1.505
296,"Kiribati",1978,17,0.706,0.711,1.417
296,"Kiribati",1978,18,0.656,0.678,1.334
296,"Kiribati",1978,19,0.605,0.638,1.243
296,"Kiribati",1978,20,0.56,0.602,1.162
296,"Kiribati",1978,21,0.517,0.564,1.081
296,"Kiribati",1978,22,0.487,0.536,1.023
296,"Kiribati",1978,23,0.46,0.517,0.977
296,"Kiribati",1978,24,0.448,0.502,0.95
296,"Kiribati",1978,25,0.439,0.488,0.927
296,"Kiribati",1978,26,0.432,0.478,0.91
296,"Kiribati",1978,27,0.419,0.456,0.875
296,"Kiribati",1978,28,0.403,0.432,0.835
296,"Kiribati",1978,29,0.386,0.401,0.787
296,"Kiribati",1978,30,0.367,0.371,0.738
296,"Kiribati",1978,31,0.351,0.344,0.695
296,"Kiribati",1978,32,0.339,0.325,0.664
296,"Kiribati",1978,33,0.328,0.316,0.644
296,"Kiribati",1978,34,0.328,0.31,0.638
296,"Kiribati",1978,35,0.326,0.32,0.646
296,"Kiribati",1978,36,0.321,0.32,0.641
296,"Kiribati",1978,37,0.311,0.317,0.628
296,"Kiribati",1978,38,0.294,0.305,0.599
296,"Kiribati",1978,39,0.267,0.287,0.554
296,"Kiribati",1978,40,0.241,0.269,0.51
296,"Kiribati",1978,41,0.218,0.253,0.471
296,"Kiribati",1978,42,0.214,0.241,0.455
296,"Kiribati",1978,43,0.212,0.231,0.443
296,"Kiribati",1978,44,0.219,0.229,0.448
296,"Kiribati",1978,45,0.243,0.232,0.475
296,"Kiribati",1978,46,0.254,0.235,0.489
296,"Kiribati",1978,47,0.258,0.235,0.493
296,"Kiribati",1978,48,0.252,0.232,0.484
296,"Kiribati",1978,49,0.233,0.227,0.46
296,"Kiribati",1978,50,0.212,0.225,0.437
296,"Kiribati",1978,51,0.192,0.215,0.407
296,"Kiribati",1978,52,0.173,0.207,0.38
296,"Kiribati",1978,53,0.161,0.193,0.354
296,"Kiribati",1978,54,0.152,0.183,0.335
296,"Kiribati",1978,55,0.15,0.169,0.319
296,"Kiribati",1978,56,0.146,0.158,0.304
296,"Kiribati",1978,57,0.141,0.151,0.292
296,"Kiribati",1978,58,0.136,0.147,0.283
296,"Kiribati",1978,59,0.132,0.145,0.277
296,"Kiribati",1978,60,0.128,0.147,0.275
296,"Kiribati",1978,61,0.122,0.15,0.272
296,"Kiribati",1978,62,0.111,0.149,0.26
296,"Kiribati",1978,63,0.107,0.141,0.248
296,"Kiribati",1978,64,0.1,0.132,0.232
296,"Kiribati",1978,65,0.091,0.12,0.211
296,"Kiribati",1978,66,0.087,0.108,0.195
296,"Kiribati",1978,67,0.08,0.099,0.179
296,"Kiribati",1978,68,0.072,0.091,0.163
296,"Kiribati",1978,69,0.065,0.083,0.148
296,"Kiribati",1978,70,0.061,0.081,0.142
296,"Kiribati",1978,71,0.055,0.07,0.125
296,"Kiribati",1978,72,0.054,0.068,0.122
296,"Kiribati",1978,73,0.048,0.062,0.11
296,"Kiribati",1978,74,0.043,0.056,0.099
296,"Kiribati",1978,75,0.035,0.052,0.087
296,"Kiribati",1978,76,0.031,0.047,0.078
296,"Kiribati",1978,77,0.026,0.044,0.07
296,"Kiribati",1978,78,0.023,0.039,0.062
296,"Kiribati",1978,79,0.021,0.033,0.054
296,"Kiribati",1978,80,0.017,0.03,0.047
296,"Kiribati",1978,81,0.016,0.024,0.04
296,"Kiribati",1978,82,0.012,0.019,0.031
296,"Kiribati",1978,83,0.008,0.018,0.026
296,"Kiribati",1978,84,0.007,0.014,0.021
296,"Kiribati",1978,85,0.006,0.011,0.017
296,"Kiribati",1978,86,0.006,0.01,0.016
296,"Kiribati",1978,87,0.004,0.007,0.011
296,"Kiribati",1978,88,0.003,0.006,0.009
296,"Kiribati",1978,89,0.002,0.004,0.006
296,"Kiribati",1978,90,0.001,0.004,0.005
296,"Kiribati",1978,91,0,0.002,0.002
296,"Kiribati",1978,92,0.001,0.002,0.003
296,"Kiribati",1978,93,0.002,0.001,0.003
296,"Kiribati",1978,94,0.001,0.002,0.003
296,"Kiribati",1978,95,0.001,0.001,0.002
296,"Kiribati",1978,96,0,0.001,0.001
296,"Kiribati",1978,97,0,0,0
296,"Kiribati",1978,98,0,0,0
296,"Kiribati",1978,99,0,0,0
296,"Kiribati",1978,100,0,0,0
296,"Kiribati",1979,0,1.085,1.021,2.106
296,"Kiribati",1979,1,0.954,0.91,1.864
296,"Kiribati",1979,2,0.91,0.865,1.775
296,"Kiribati",1979,3,0.872,0.83,1.702
296,"Kiribati",1979,4,0.838,0.799,1.637
296,"Kiribati",1979,5,0.809,0.773,1.582
296,"Kiribati",1979,6,0.789,0.756,1.545
296,"Kiribati",1979,7,0.778,0.747,1.525
296,"Kiribati",1979,8,0.78,0.749,1.529
296,"Kiribati",1979,9,0.796,0.76,1.556
296,"Kiribati",1979,10,0.822,0.781,1.603
296,"Kiribati",1979,11,0.85,0.804,1.654
296,"Kiribati",1979,12,0.87,0.819,1.689
296,"Kiribati",1979,13,0.872,0.823,1.695
296,"Kiribati",1979,14,0.855,0.814,1.669
296,"Kiribati",1979,15,0.821,0.789,1.61
296,"Kiribati",1979,16,0.783,0.767,1.55
296,"Kiribati",1979,17,0.737,0.736,1.473
296,"Kiribati",1979,18,0.69,0.698,1.388
296,"Kiribati",1979,19,0.643,0.666,1.309
296,"Kiribati",1979,20,0.597,0.63,1.227
296,"Kiribati",1979,21,0.556,0.596,1.152
296,"Kiribati",1979,22,0.515,0.56,1.075
296,"Kiribati",1979,23,0.487,0.533,1.02
296,"Kiribati",1979,24,0.46,0.514,0.974
296,"Kiribati",1979,25,0.447,0.498,0.945
296,"Kiribati",1979,26,0.436,0.483,0.919
296,"Kiribati",1979,27,0.429,0.472,0.901
296,"Kiribati",1979,28,0.415,0.451,0.866
296,"Kiribati",1979,29,0.401,0.428,0.829
296,"Kiribati",1979,30,0.386,0.399,0.785
296,"Kiribati",1979,31,0.369,0.372,0.741
296,"Kiribati",1979,32,0.353,0.346,0.699
296,"Kiribati",1979,33,0.341,0.327,0.668
296,"Kiribati",1979,34,0.326,0.318,0.644
296,"Kiribati",1979,35,0.324,0.309,0.633
296,"Kiribati",1979,36,0.318,0.315,0.633
296,"Kiribati",1979,37,0.311,0.313,0.624
296,"Kiribati",1979,38,0.301,0.31,0.611
296,"Kiribati",1979,39,0.286,0.297,0.583
296,"Kiribati",1979,40,0.263,0.281,0.544
296,"Kiribati",1979,41,0.241,0.266,0.507
296,"Kiribati",1979,42,0.22,0.253,0.473
296,"Kiribati",1979,43,0.217,0.241,0.458
296,"Kiribati",1979,44,0.214,0.231,0.445
296,"Kiribati",1979,45,0.218,0.228,0.446
296,"Kiribati",1979,46,0.238,0.23,0.468
296,"Kiribati",1979,47,0.245,0.231,0.476
296,"Kiribati",1979,48,0.247,0.23,0.477
296,"Kiribati",1979,49,0.241,0.226,0.467
296,"Kiribati",1979,50,0.222,0.219,0.441
296,"Kiribati",1979,51,0.203,0.218,0.421
296,"Kiribati",1979,52,0.186,0.208,0.394
296,"Kiribati",1979,53,0.168,0.202,0.37
296,"Kiribati",1979,54,0.157,0.19,0.347
296,"Kiribati",1979,55,0.15,0.182,0.332
296,"Kiribati",1979,56,0.147,0.17,0.317
296,"Kiribati",1979,57,0.142,0.16,0.302
296,"Kiribati",1979,58,0.137,0.153,0.29
296,"Kiribati",1979,59,0.131,0.147,0.278
296,"Kiribati",1979,60,0.128,0.142,0.27
296,"Kiribati",1979,61,0.122,0.142,0.264
296,"Kiribati",1979,62,0.116,0.144,0.26
296,"Kiribati",1979,63,0.106,0.142,0.248
296,"Kiribati",1979,64,0.102,0.134,0.236
296,"Kiribati",1979,65,0.096,0.125,0.221
296,"Kiribati",1979,66,0.086,0.115,0.201
296,"Kiribati",1979,67,0.082,0.104,0.186
296,"Kiribati",1979,68,0.075,0.095,0.17
296,"Kiribati",1979,69,0.068,0.087,0.155
296,"Kiribati",1979,70,0.062,0.08,0.142
296,"Kiribati",1979,71,0.057,0.078,0.135
296,"Kiribati",1979,72,0.051,0.066,0.117
296,"Kiribati",1979,73,0.051,0.064,0.115
296,"Kiribati",1979,74,0.044,0.058,0.102
296,"Kiribati",1979,75,0.039,0.052,0.091
296,"Kiribati",1979,76,0.032,0.048,0.08
296,"Kiribati",1979,77,0.028,0.043,0.071
296,"Kiribati",1979,78,0.024,0.04,0.064
296,"Kiribati",1979,79,0.02,0.035,0.055
296,"Kiribati",1979,80,0.018,0.029,0.047
296,"Kiribati",1979,81,0.014,0.026,0.04
296,"Kiribati",1979,82,0.014,0.021,0.035
296,"Kiribati",1979,83,0.01,0.016,0.026
296,"Kiribati",1979,84,0.007,0.015,0.022
296,"Kiribati",1979,85,0.005,0.012,0.017
296,"Kiribati",1979,86,0.005,0.009,0.014
296,"Kiribati",1979,87,0.004,0.008,0.012
296,"Kiribati",1979,88,0.003,0.005,0.008
296,"Kiribati",1979,89,0.002,0.004,0.006
296,"Kiribati",1979,90,0.001,0.003,0.004
296,"Kiribati",1979,91,0.001,0.003,0.004
296,"Kiribati",1979,92,0,0.002,0.002
296,"Kiribati",1979,93,0,0.001,0.001
296,"Kiribati",1979,94,0.001,0.001,0.002
296,"Kiribati",1979,95,0.001,0.001,0.002
296,"Kiribati",1979,96,0,0.001,0.001
296,"Kiribati",1979,97,0,0,0
296,"Kiribati",1979,98,0,0,0
296,"Kiribati",1979,99,0,0,0
296,"Kiribati",1979,100,0,0,0
296,"Kiribati",1980,0,1.089,1.025,2.114
296,"Kiribati",1980,1,1.022,0.972,1.994
296,"Kiribati",1980,2,0.921,0.883,1.804
296,"Kiribati",1980,3,0.888,0.846,1.734
296,"Kiribati",1980,4,0.853,0.814,1.667
296,"Kiribati",1980,5,0.821,0.784,1.605
296,"Kiribati",1980,6,0.793,0.759,1.552
296,"Kiribati",1980,7,0.774,0.743,1.517
296,"Kiribati",1980,8,0.764,0.735,1.499
296,"Kiribati",1980,9,0.767,0.739,1.506
296,"Kiribati",1980,10,0.785,0.752,1.537
296,"Kiribati",1980,11,0.813,0.776,1.589
296,"Kiribati",1980,12,0.842,0.8,1.642
296,"Kiribati",1980,13,0.862,0.817,1.679
296,"Kiribati",1980,14,0.864,0.821,1.685
296,"Kiribati",1980,15,0.844,0.811,1.655
296,"Kiribati",1980,16,0.808,0.784,1.592
296,"Kiribati",1980,17,0.767,0.759,1.526
296,"Kiribati",1980,18,0.721,0.727,1.448
296,"Kiribati",1980,19,0.674,0.688,1.362
296,"Kiribati",1980,20,0.629,0.656,1.285
296,"Kiribati",1980,21,0.586,0.62,1.206
296,"Kiribati",1980,22,0.546,0.588,1.134
296,"Kiribati",1980,23,0.508,0.553,1.061
296,"Kiribati",1980,24,0.482,0.526,1.008
296,"Kiribati",1980,25,0.456,0.508,0.964
296,"Kiribati",1980,26,0.445,0.493,0.938
296,"Kiribati",1980,27,0.433,0.478,0.911
296,"Kiribati",1980,28,0.426,0.467,0.893
296,"Kiribati",1980,29,0.412,0.446,0.858
296,"Kiribati",1980,30,0.398,0.423,0.821
296,"Kiribati",1980,31,0.384,0.394,0.778
296,"Kiribati",1980,32,0.367,0.37,0.737
296,"Kiribati",1980,33,0.353,0.344,0.697
296,"Kiribati",1980,34,0.34,0.327,0.667
296,"Kiribati",1980,35,0.325,0.317,0.642
296,"Kiribati",1980,36,0.322,0.308,0.63
296,"Kiribati",1980,37,0.315,0.313,0.628
296,"Kiribati",1980,38,0.306,0.309,0.615
296,"Kiribati",1980,39,0.295,0.305,0.6
296,"Kiribati",1980,40,0.279,0.292,0.571
296,"Kiribati",1980,41,0.257,0.275,0.532
296,"Kiribati",1980,42,0.236,0.26,0.496
296,"Kiribati",1980,43,0.217,0.248,0.465
296,"Kiribati",1980,44,0.215,0.238,0.453
296,"Kiribati",1980,45,0.213,0.228,0.441
296,"Kiribati",1980,46,0.217,0.227,0.444
296,"Kiribati",1980,47,0.236,0.228,0.464
296,"Kiribati",1980,48,0.241,0.228,0.469
296,"Kiribati",1980,49,0.241,0.227,0.468
296,"Kiribati",1980,50,0.234,0.222,0.456
296,"Kiribati",1980,51,0.214,0.214,0.428
296,"Kiribati",1980,52,0.194,0.213,0.407
296,"Kiribati",1980,53,0.179,0.202,0.381
296,"Kiribati",1980,54,0.161,0.196,0.357
296,"Kiribati",1980,55,0.151,0.184,0.335
296,"Kiribati",1980,56,0.145,0.177,0.322
296,"Kiribati",1980,57,0.142,0.166,0.308
296,"Kiribati",1980,58,0.138,0.157,0.295
296,"Kiribati",1980,59,0.133,0.15,0.283
296,"Kiribati",1980,60,0.127,0.145,0.272
296,"Kiribati",1980,61,0.123,0.14,0.263
296,"Kiribati",1980,62,0.117,0.139,0.256
296,"Kiribati",1980,63,0.111,0.14,0.251
296,"Kiribati",1980,64,0.101,0.137,0.238
296,"Kiribati",1980,65,0.096,0.128,0.224
296,"Kiribati",1980,66,0.09,0.118,0.208
296,"Kiribati",1980,67,0.08,0.109,0.189
296,"Kiribati",1980,68,0.077,0.098,0.175
296,"Kiribati",1980,69,0.07,0.091,0.161
296,"Kiribati",1980,70,0.064,0.083,0.147
296,"Kiribati",1980,71,0.057,0.076,0.133
296,"Kiribati",1980,72,0.052,0.074,0.126
296,"Kiribati",1980,73,0.047,0.062,0.109
296,"Kiribati",1980,74,0.046,0.059,0.105
296,"Kiribati",1980,75,0.039,0.054,0.093
296,"Kiribati",1980,76,0.034,0.047,0.081
296,"Kiribati",1980,77,0.028,0.043,0.071
296,"Kiribati",1980,78,0.024,0.039,0.063
296,"Kiribati",1980,79,0.021,0.036,0.057
296,"Kiribati",1980,80,0.017,0.031,0.048
296,"Kiribati",1980,81,0.016,0.026,0.042
296,"Kiribati",1980,82,0.012,0.023,0.035
296,"Kiribati",1980,83,0.011,0.018,0.029
296,"Kiribati",1980,84,0.008,0.014,0.022
296,"Kiribati",1980,85,0.006,0.012,0.018
296,"Kiribati",1980,86,0.004,0.01,0.014
296,"Kiribati",1980,87,0.004,0.007,0.011
296,"Kiribati",1980,88,0.003,0.007,0.01
296,"Kiribati",1980,89,0.002,0.004,0.006
296,"Kiribati",1980,90,0.001,0.003,0.004
296,"Kiribati",1980,91,0.001,0.002,0.003
296,"Kiribati",1980,92,0.001,0.002,0.003
296,"Kiribati",1980,93,0,0.001,0.001
296,"Kiribati",1980,94,0,0.001,0.001
296,"Kiribati",1980,95,0.001,0,0.001
296,"Kiribati",1980,96,0,0.001,0.001
296,"Kiribati",1980,97,0,0,0
296,"Kiribati",1980,98,0,0,0
296,"Kiribati",1980,99,0,0,0
296,"Kiribati",1980,100,0,0,0
296,"Kiribati",1981,0,1.124,1.058,2.182
296,"Kiribati",1981,1,1.026,0.976,2.002
296,"Kiribati",1981,2,0.987,0.944,1.931
296,"Kiribati",1981,3,0.899,0.863,1.762
296,"Kiribati",1981,4,0.867,0.829,1.696
296,"Kiribati",1981,5,0.835,0.799,1.634
296,"Kiribati",1981,6,0.805,0.771,1.576
296,"Kiribati",1981,7,0.777,0.746,1.523
296,"Kiribati",1981,8,0.759,0.73,1.489
296,"Kiribati",1981,9,0.75,0.725,1.475
296,"Kiribati",1981,10,0.756,0.73,1.486
296,"Kiribati",1981,11,0.775,0.746,1.521
296,"Kiribati",1981,12,0.803,0.772,1.575
296,"Kiribati",1981,13,0.833,0.799,1.632
296,"Kiribati",1981,14,0.853,0.816,1.669
296,"Kiribati",1981,15,0.852,0.818,1.67
296,"Kiribati",1981,16,0.83,0.806,1.636
296,"Kiribati",1981,17,0.792,0.776,1.568
296,"Kiribati",1981,18,0.75,0.749,1.499
296,"Kiribati",1981,19,0.704,0.715,1.419
296,"Kiribati",1981,20,0.659,0.678,1.337
296,"Kiribati",1981,21,0.617,0.647,1.264
296,"Kiribati",1981,22,0.576,0.612,1.188
296,"Kiribati",1981,23,0.539,0.581,1.12
296,"Kiribati",1981,24,0.503,0.546,1.049
296,"Kiribati",1981,25,0.478,0.52,0.998
296,"Kiribati",1981,26,0.454,0.503,0.957
296,"Kiribati",1981,27,0.442,0.488,0.93
296,"Kiribati",1981,28,0.43,0.472,0.902
296,"Kiribati",1981,29,0.423,0.461,0.884
296,"Kiribati",1981,30,0.409,0.44,0.849
296,"Kiribati",1981,31,0.395,0.418,0.813
296,"Kiribati",1981,32,0.382,0.391,0.773
296,"Kiribati",1981,33,0.366,0.368,0.734
296,"Kiribati",1981,34,0.353,0.344,0.697
296,"Kiribati",1981,35,0.339,0.326,0.665
296,"Kiribati",1981,36,0.324,0.316,0.64
296,"Kiribati",1981,37,0.318,0.306,0.624
296,"Kiribati",1981,38,0.31,0.309,0.619
296,"Kiribati",1981,39,0.3,0.304,0.604
296,"Kiribati",1981,40,0.288,0.299,0.587
296,"Kiribati",1981,41,0.272,0.286,0.558
296,"Kiribati",1981,42,0.252,0.27,0.522
296,"Kiribati",1981,43,0.232,0.256,0.488
296,"Kiribati",1981,44,0.215,0.244,0.459
296,"Kiribati",1981,45,0.214,0.235,0.449
296,"Kiribati",1981,46,0.212,0.227,0.439
296,"Kiribati",1981,47,0.215,0.225,0.44
296,"Kiribati",1981,48,0.232,0.226,0.458
296,"Kiribati",1981,49,0.235,0.225,0.46
296,"Kiribati",1981,50,0.233,0.223,0.456
296,"Kiribati",1981,51,0.224,0.217,0.441
296,"Kiribati",1981,52,0.205,0.208,0.413
296,"Kiribati",1981,53,0.186,0.206,0.392
296,"Kiribati",1981,54,0.171,0.195,0.366
296,"Kiribati",1981,55,0.155,0.191,0.346
296,"Kiribati",1981,56,0.146,0.18,0.326
296,"Kiribati",1981,57,0.14,0.174,0.314
296,"Kiribati",1981,58,0.138,0.164,0.302
296,"Kiribati",1981,59,0.134,0.154,0.288
296,"Kiribati",1981,60,0.128,0.149,0.277
296,"Kiribati",1981,61,0.123,0.143,0.266
296,"Kiribati",1981,62,0.119,0.138,0.257
296,"Kiribati",1981,63,0.113,0.136,0.249
296,"Kiribati",1981,64,0.106,0.136,0.242
296,"Kiribati",1981,65,0.095,0.131,0.226
296,"Kiribati",1981,66,0.09,0.121,0.211
296,"Kiribati",1981,67,0.084,0.111,0.195
296,"Kiribati",1981,68,0.076,0.103,0.179
296,"Kiribati",1981,69,0.072,0.093,0.165
296,"Kiribati",1981,70,0.065,0.086,0.151
296,"Kiribati",1981,71,0.059,0.078,0.137
296,"Kiribati",1981,72,0.052,0.072,0.124
296,"Kiribati",1981,73,0.048,0.07,0.118
296,"Kiribati",1981,74,0.042,0.058,0.1
296,"Kiribati",1981,75,0.041,0.055,0.096
296,"Kiribati",1981,76,0.035,0.048,0.083
296,"Kiribati",1981,77,0.03,0.042,0.072
296,"Kiribati",1981,78,0.024,0.039,0.063
296,"Kiribati",1981,79,0.021,0.035,0.056
296,"Kiribati",1981,80,0.018,0.032,0.05
296,"Kiribati",1981,81,0.015,0.027,0.042
296,"Kiribati",1981,82,0.013,0.022,0.035
296,"Kiribati",1981,83,0.01,0.019,0.029
296,"Kiribati",1981,84,0.009,0.015,0.024
296,"Kiribati",1981,85,0.007,0.011,0.018
296,"Kiribati",1981,86,0.004,0.01,0.014
296,"Kiribati",1981,87,0.003,0.008,0.011
296,"Kiribati",1981,88,0.003,0.006,0.009
296,"Kiribati",1981,89,0.003,0.005,0.008
296,"Kiribati",1981,90,0.002,0.003,0.005
296,"Kiribati",1981,91,0.001,0.002,0.003
296,"Kiribati",1981,92,0.001,0.002,0.003
296,"Kiribati",1981,93,0,0.001,0.001
296,"Kiribati",1981,94,0,0.001,0.001
296,"Kiribati",1981,95,0,0.001,0.001
296,"Kiribati",1981,96,0,0,0
296,"Kiribati",1981,97,0,0,0
296,"Kiribati",1981,98,0,0,0
296,"Kiribati",1981,99,0,0,0
296,"Kiribati",1981,100,0,0,0
296,"Kiribati",1982,0,1.157,1.09,2.247
296,"Kiribati",1982,1,1.06,1.008,2.068
296,"Kiribati",1982,2,0.99,0.947,1.937
296,"Kiribati",1982,3,0.964,0.924,1.888
296,"Kiribati",1982,4,0.879,0.847,1.726
296,"Kiribati",1982,5,0.85,0.814,1.664
296,"Kiribati",1982,6,0.818,0.785,1.603
296,"Kiribati",1982,7,0.788,0.757,1.545
296,"Kiribati",1982,8,0.762,0.733,1.495
296,"Kiribati",1982,9,0.745,0.719,1.464
296,"Kiribati",1982,10,0.738,0.717,1.455
296,"Kiribati",1982,11,0.745,0.724,1.469
296,"Kiribati",1982,12,0.765,0.743,1.508
296,"Kiribati",1982,13,0.795,0.771,1.566
296,"Kiribati",1982,14,0.824,0.797,1.621
296,"Kiribati",1982,15,0.841,0.813,1.654
296,"Kiribati",1982,16,0.838,0.813,1.651
296,"Kiribati",1982,17,0.813,0.798,1.611
296,"Kiribati",1982,18,0.773,0.766,1.539
296,"Kiribati",1982,19,0.733,0.737,1.47
296,"Kiribati",1982,20,0.688,0.704,1.392
296,"Kiribati",1982,21,0.647,0.669,1.316
296,"Kiribati",1982,22,0.606,0.639,1.245
296,"Kiribati",1982,23,0.569,0.605,1.174
296,"Kiribati",1982,24,0.533,0.574,1.107
296,"Kiribati",1982,25,0.499,0.54,1.039
296,"Kiribati",1982,26,0.475,0.514,0.989
296,"Kiribati",1982,27,0.451,0.497,0.948
296,"Kiribati",1982,28,0.439,0.482,0.921
296,"Kiribati",1982,29,0.427,0.466,0.893
296,"Kiribati",1982,30,0.419,0.455,0.874
296,"Kiribati",1982,31,0.406,0.435,0.841
296,"Kiribati",1982,32,0.394,0.415,0.809
296,"Kiribati",1982,33,0.381,0.39,0.771
296,"Kiribati",1982,34,0.366,0.367,0.733
296,"Kiribati",1982,35,0.352,0.343,0.695
296,"Kiribati",1982,36,0.337,0.326,0.663
296,"Kiribati",1982,37,0.32,0.314,0.634
296,"Kiribati",1982,38,0.313,0.303,0.616
296,"Kiribati",1982,39,0.303,0.305,0.608
296,"Kiribati",1982,40,0.293,0.299,0.592
296,"Kiribati",1982,41,0.281,0.293,0.574
296,"Kiribati",1982,42,0.266,0.28,0.546
296,"Kiribati",1982,43,0.248,0.265,0.513
296,"Kiribati",1982,44,0.23,0.252,0.482
296,"Kiribati",1982,45,0.214,0.242,0.456
296,"Kiribati",1982,46,0.213,0.233,0.446
296,"Kiribati",1982,47,0.21,0.225,0.435
296,"Kiribati",1982,48,0.212,0.222,0.434
296,"Kiribati",1982,49,0.226,0.223,0.449
296,"Kiribati",1982,50,0.227,0.221,0.448
296,"Kiribati",1982,51,0.224,0.218,0.442
296,"Kiribati",1982,52,0.215,0.21,0.425
296,"Kiribati",1982,53,0.196,0.202,0.398
296,"Kiribati",1982,54,0.178,0.2,0.378
296,"Kiribati",1982,55,0.165,0.19,0.355
296,"Kiribati",1982,56,0.151,0.186,0.337
296,"Kiribati",1982,57,0.142,0.176,0.318
296,"Kiribati",1982,58,0.136,0.171,0.307
296,"Kiribati",1982,59,0.134,0.162,0.296
296,"Kiribati",1982,60,0.129,0.153,0.282
296,"Kiribati",1982,61,0.124,0.147,0.271
296,"Kiribati",1982,62,0.118,0.141,0.259
296,"Kiribati",1982,63,0.114,0.135,0.249
296,"Kiribati",1982,64,0.107,0.131,0.238
296,"Kiribati",1982,65,0.1,0.13,0.23
296,"Kiribati",1982,66,0.089,0.124,0.213
296,"Kiribati",1982,67,0.084,0.114,0.198
296,"Kiribati",1982,68,0.079,0.105,0.184
296,"Kiribati",1982,69,0.071,0.098,0.169
296,"Kiribati",1982,70,0.067,0.088,0.155
296,"Kiribati",1982,71,0.061,0.081,0.142
296,"Kiribati",1982,72,0.054,0.074,0.128
296,"Kiribati",1982,73,0.047,0.068,0.115
296,"Kiribati",1982,74,0.043,0.065,0.108
296,"Kiribati",1982,75,0.038,0.054,0.092
296,"Kiribati",1982,76,0.036,0.05,0.086
296,"Kiribati",1982,77,0.03,0.043,0.073
296,"Kiribati",1982,78,0.026,0.037,0.063
296,"Kiribati",1982,79,0.021,0.035,0.056
296,"Kiribati",1982,80,0.019,0.031,0.05
296,"Kiribati",1982,81,0.016,0.028,0.044
296,"Kiribati",1982,82,0.013,0.024,0.037
296,"Kiribati",1982,83,0.011,0.019,0.03
296,"Kiribati",1982,84,0.008,0.016,0.024
296,"Kiribati",1982,85,0.008,0.012,0.02
296,"Kiribati",1982,86,0.005,0.009,0.014
296,"Kiribati",1982,87,0.003,0.008,0.011
296,"Kiribati",1982,88,0.003,0.006,0.009
296,"Kiribati",1982,89,0.002,0.004,0.006
296,"Kiribati",1982,90,0.002,0.004,0.006
296,"Kiribati",1982,91,0.001,0.002,0.003
296,"Kiribati",1982,92,0.001,0.002,0.003
296,"Kiribati",1982,93,0,0.001,0.001
296,"Kiribati",1982,94,0,0.001,0.001
296,"Kiribati",1982,95,0,0.001,0.001
296,"Kiribati",1982,96,0,0,0
296,"Kiribati",1982,97,0,0,0
296,"Kiribati",1982,98,0,0,0
296,"Kiribati",1982,99,0,0,0
296,"Kiribati",1982,100,0,0,0
296,"Kiribati",1983,0,1.185,1.115,2.3
296,"Kiribati",1983,1,1.092,1.039,2.131
296,"Kiribati",1983,2,1.023,0.977,2
296,"Kiribati",1983,3,0.966,0.926,1.892
296,"Kiribati",1983,4,0.942,0.906,1.848
296,"Kiribati",1983,5,0.86,0.831,1.691
296,"Kiribati",1983,6,0.832,0.799,1.631
296,"Kiribati",1983,7,0.801,0.77,1.571
296,"Kiribati",1983,8,0.771,0.744,1.515
296,"Kiribati",1983,9,0.747,0.722,1.469
296,"Kiribati",1983,10,0.732,0.711,1.443
296,"Kiribati",1983,11,0.728,0.71,1.438
296,"Kiribati",1983,12,0.736,0.721,1.457
296,"Kiribati",1983,13,0.757,0.742,1.499
296,"Kiribati",1983,14,0.785,0.77,1.555
296,"Kiribati",1983,15,0.812,0.794,1.606
296,"Kiribati",1983,16,0.826,0.807,1.633
296,"Kiribati",1983,17,0.82,0.805,1.625
296,"Kiribati",1983,18,0.795,0.787,1.582
296,"Kiribati",1983,19,0.755,0.755,1.51
296,"Kiribati",1983,20,0.716,0.726,1.442
296,"Kiribati",1983,21,0.675,0.694,1.369
296,"Kiribati",1983,22,0.636,0.66,1.296
296,"Kiribati",1983,23,0.598,0.631,1.229
296,"Kiribati",1983,24,0.563,0.598,1.161
296,"Kiribati",1983,25,0.529,0.568,1.097
296,"Kiribati",1983,26,0.496,0.534,1.03
296,"Kiribati",1983,27,0.472,0.508,0.98
296,"Kiribati",1983,28,0.448,0.491,0.939
296,"Kiribati",1983,29,0.436,0.476,0.912
296,"Kiribati",1983,30,0.423,0.46,0.883
296,"Kiribati",1983,31,0.416,0.45,0.866
296,"Kiribati",1983,32,0.404,0.431,0.835
296,"Kiribati",1983,33,0.393,0.413,0.806
296,"Kiribati",1983,34,0.381,0.389,0.77
296,"Kiribati",1983,35,0.367,0.366,0.733
296,"Kiribati",1983,36,0.35,0.342,0.692
296,"Kiribati",1983,37,0.333,0.323,0.656
296,"Kiribati",1983,38,0.315,0.31,0.625
296,"Kiribati",1983,39,0.306,0.298,0.604
296,"Kiribati",1983,40,0.296,0.299,0.595
296,"Kiribati",1983,41,0.286,0.292,0.578
296,"Kiribati",1983,42,0.275,0.287,0.562
296,"Kiribati",1983,43,0.262,0.275,0.537
296,"Kiribati",1983,44,0.246,0.261,0.507
296,"Kiribati",1983,45,0.229,0.249,0.478
296,"Kiribati",1983,46,0.213,0.24,0.453
296,"Kiribati",1983,47,0.211,0.231,0.442
296,"Kiribati",1983,48,0.206,0.222,0.428
296,"Kiribati",1983,49,0.206,0.219,0.425
296,"Kiribati",1983,50,0.219,0.219,0.438
296,"Kiribati",1983,51,0.218,0.216,0.434
296,"Kiribati",1983,52,0.215,0.211,0.426
296,"Kiribati",1983,53,0.206,0.204,0.41
296,"Kiribati",1983,54,0.187,0.195,0.382
296,"Kiribati",1983,55,0.171,0.194,0.365
296,"Kiribati",1983,56,0.16,0.185,0.345
296,"Kiribati",1983,57,0.146,0.182,0.328
296,"Kiribati",1983,58,0.137,0.173,0.31
296,"Kiribati",1983,59,0.132,0.169,0.301
296,"Kiribati",1983,60,0.13,0.16,0.29
296,"Kiribati",1983,61,0.125,0.15,0.275
296,"Kiribati",1983,62,0.119,0.144,0.263
296,"Kiribati",1983,63,0.113,0.138,0.251
296,"Kiribati",1983,64,0.108,0.13,0.238
296,"Kiribati",1983,65,0.101,0.126,0.227
296,"Kiribati",1983,66,0.094,0.123,0.217
296,"Kiribati",1983,67,0.083,0.117,0.2
296,"Kiribati",1983,68,0.079,0.107,0.186
296,"Kiribati",1983,69,0.074,0.099,0.173
296,"Kiribati",1983,70,0.066,0.093,0.159
296,"Kiribati",1983,71,0.062,0.083,0.145
296,"Kiribati",1983,72,0.056,0.077,0.133
296,"Kiribati",1983,73,0.049,0.07,0.119
296,"Kiribati",1983,74,0.043,0.063,0.106
296,"Kiribati",1983,75,0.038,0.061,0.099
296,"Kiribati",1983,76,0.033,0.049,0.082
296,"Kiribati",1983,77,0.031,0.045,0.076
296,"Kiribati",1983,78,0.026,0.038,0.064
296,"Kiribati",1983,79,0.023,0.033,0.056
296,"Kiribati",1983,80,0.018,0.031,0.049
296,"Kiribati",1983,81,0.016,0.027,0.043
296,"Kiribati",1983,82,0.013,0.024,0.037
296,"Kiribati",1983,83,0.011,0.02,0.031
296,"Kiribati",1983,84,0.009,0.016,0.025
296,"Kiribati",1983,85,0.007,0.013,0.02
296,"Kiribati",1983,86,0.006,0.01,0.016
296,"Kiribati",1983,87,0.004,0.007,0.011
296,"Kiribati",1983,88,0.003,0.006,0.009
296,"Kiribati",1983,89,0.002,0.005,0.007
296,"Kiribati",1983,90,0.002,0.003,0.005
296,"Kiribati",1983,91,0.001,0.003,0.004
296,"Kiribati",1983,92,0.001,0.002,0.003
296,"Kiribati",1983,93,0,0.001,0.001
296,"Kiribati",1983,94,0,0.001,0.001
296,"Kiribati",1983,95,0,0.001,0.001
296,"Kiribati",1983,96,0,0,0
296,"Kiribati",1983,97,0,0,0
296,"Kiribati",1983,98,0,0,0
296,"Kiribati",1983,99,0,0,0
296,"Kiribati",1983,100,0,0,0
296,"Kiribati",1984,0,1.219,1.147,2.366
296,"Kiribati",1984,1,1.119,1.063,2.182
296,"Kiribati",1984,2,1.055,1.009,2.064
296,"Kiribati",1984,3,0.998,0.957,1.955
296,"Kiribati",1984,4,0.945,0.908,1.853
296,"Kiribati",1984,5,0.923,0.89,1.813
296,"Kiribati",1984,6,0.841,0.816,1.657
296,"Kiribati",1984,7,0.814,0.785,1.599
296,"Kiribati",1984,8,0.785,0.757,1.542
296,"Kiribati",1984,9,0.756,0.731,1.487
296,"Kiribati",1984,10,0.734,0.713,1.447
296,"Kiribati",1984,11,0.721,0.705,1.426
296,"Kiribati",1984,12,0.718,0.707,1.425
296,"Kiribati",1984,13,0.727,0.72,1.447
296,"Kiribati",1984,14,0.746,0.74,1.486
296,"Kiribati",1984,15,0.773,0.767,1.54
296,"Kiribati",1984,16,0.797,0.788,1.585
296,"Kiribati",1984,17,0.808,0.798,1.606
296,"Kiribati",1984,18,0.801,0.794,1.595
296,"Kiribati",1984,19,0.776,0.774,1.55
296,"Kiribati",1984,20,0.738,0.743,1.481
296,"Kiribati",1984,21,0.702,0.716,1.418
296,"Kiribati",1984,22,0.664,0.685,1.349
296,"Kiribati",1984,23,0.628,0.651,1.279
296,"Kiribati",1984,24,0.591,0.623,1.214
296,"Kiribati",1984,25,0.558,0.591,1.149
296,"Kiribati",1984,26,0.525,0.561,1.086
296,"Kiribati",1984,27,0.493,0.527,1.02
296,"Kiribati",1984,28,0.469,0.502,0.971
296,"Kiribati",1984,29,0.445,0.485,0.93
296,"Kiribati",1984,30,0.432,0.47,0.902
296,"Kiribati",1984,31,0.42,0.455,0.875
296,"Kiribati",1984,32,0.414,0.446,0.86
296,"Kiribati",1984,33,0.403,0.429,0.832
296,"Kiribati",1984,34,0.393,0.412,0.805
296,"Kiribati",1984,35,0.381,0.388,0.769
296,"Kiribati",1984,36,0.365,0.365,0.73
296,"Kiribati",1984,37,0.346,0.34,0.686
296,"Kiribati",1984,38,0.327,0.319,0.646
296,"Kiribati",1984,39,0.308,0.305,0.613
296,"Kiribati",1984,40,0.298,0.291,0.589
296,"Kiribati",1984,41,0.289,0.292,0.581
296,"Kiribati",1984,42,0.28,0.286,0.566
296,"Kiribati",1984,43,0.271,0.283,0.554
296,"Kiribati",1984,44,0.26,0.271,0.531
296,"Kiribati",1984,45,0.245,0.258,0.503
296,"Kiribati",1984,46,0.228,0.247,0.475
296,"Kiribati",1984,47,0.211,0.238,0.449
296,"Kiribati",1984,48,0.207,0.229,0.436
296,"Kiribati",1984,49,0.201,0.218,0.419
296,"Kiribati",1984,50,0.199,0.215,0.414
296,"Kiribati",1984,51,0.21,0.213,0.423
296,"Kiribati",1984,52,0.208,0.21,0.418
296,"Kiribati",1984,53,0.205,0.205,0.41
296,"Kiribati",1984,54,0.198,0.198,0.396
296,"Kiribati",1984,55,0.18,0.19,0.37
296,"Kiribati",1984,56,0.166,0.19,0.356
296,"Kiribati",1984,57,0.155,0.181,0.336
296,"Kiribati",1984,58,0.14,0.179,0.319
296,"Kiribati",1984,59,0.133,0.171,0.304
296,"Kiribati",1984,60,0.127,0.167,0.294
296,"Kiribati",1984,61,0.125,0.158,0.283
296,"Kiribati",1984,62,0.12,0.148,0.268
296,"Kiribati",1984,63,0.114,0.141,0.255
296,"Kiribati",1984,64,0.107,0.132,0.239
296,"Kiribati",1984,65,0.102,0.125,0.227
296,"Kiribati",1984,66,0.095,0.119,0.214
296,"Kiribati",1984,67,0.088,0.116,0.204
296,"Kiribati",1984,68,0.078,0.111,0.189
296,"Kiribati",1984,69,0.074,0.101,0.175
296,"Kiribati",1984,70,0.069,0.094,0.163
296,"Kiribati",1984,71,0.061,0.088,0.149
296,"Kiribati",1984,72,0.057,0.079,0.136
296,"Kiribati",1984,73,0.051,0.072,0.123
296,"Kiribati",1984,74,0.044,0.065,0.109
296,"Kiribati",1984,75,0.038,0.059,0.097
296,"Kiribati",1984,76,0.034,0.055,0.089
296,"Kiribati",1984,77,0.029,0.044,0.073
296,"Kiribati",1984,78,0.027,0.039,0.066
296,"Kiribati",1984,79,0.023,0.034,0.057
296,"Kiribati",1984,80,0.02,0.03,0.05
296,"Kiribati",1984,81,0.016,0.027,0.043
296,"Kiribati",1984,82,0.014,0.023,0.037
296,"Kiribati",1984,83,0.011,0.021,0.032
296,"Kiribati",1984,84,0.009,0.017,0.026
296,"Kiribati",1984,85,0.008,0.013,0.021
296,"Kiribati",1984,86,0.005,0.011,0.016
296,"Kiribati",1984,87,0.005,0.008,0.013
296,"Kiribati",1984,88,0.003,0.006,0.009
296,"Kiribati",1984,89,0.002,0.005,0.007
296,"Kiribati",1984,90,0.001,0.004,0.005
296,"Kiribati",1984,91,0.001,0.002,0.003
296,"Kiribati",1984,92,0.001,0.002,0.003
296,"Kiribati",1984,93,0.001,0.001,0.002
296,"Kiribati",1984,94,0,0.001,0.001
296,"Kiribati",1984,95,0,0.001,0.001
296,"Kiribati",1984,96,0,0,0
296,"Kiribati",1984,97,0,0,0
296,"Kiribati",1984,98,0,0,0
296,"Kiribati",1984,99,0,0,0
296,"Kiribati",1984,100,0,0,0
296,"Kiribati",1985,0,1.255,1.181,2.436
296,"Kiribati",1985,1,1.165,1.105,2.27
296,"Kiribati",1985,2,1.092,1.04,2.132
296,"Kiribati",1985,3,1.037,0.993,2.03
296,"Kiribati",1985,4,0.983,0.944,1.927
296,"Kiribati",1985,5,0.932,0.898,1.83
296,"Kiribati",1985,6,0.911,0.879,1.79
296,"Kiribati",1985,7,0.83,0.806,1.636
296,"Kiribati",1985,8,0.803,0.776,1.579
296,"Kiribati",1985,9,0.775,0.75,1.525
296,"Kiribati",1985,10,0.747,0.725,1.472
296,"Kiribati",1985,11,0.727,0.709,1.436
296,"Kiribati",1985,12,0.715,0.703,1.418
296,"Kiribati",1985,13,0.711,0.706,1.417
296,"Kiribati",1985,14,0.72,0.718,1.438
296,"Kiribati",1985,15,0.739,0.738,1.477
296,"Kiribati",1985,16,0.763,0.763,1.526
296,"Kiribati",1985,17,0.786,0.783,1.569
296,"Kiribati",1985,18,0.795,0.791,1.586
296,"Kiribati",1985,19,0.789,0.786,1.575
296,"Kiribati",1985,20,0.765,0.767,1.532
296,"Kiribati",1985,21,0.729,0.736,1.465
296,"Kiribati",1985,22,0.695,0.71,1.405
296,"Kiribati",1985,23,0.658,0.679,1.337
296,"Kiribati",1985,24,0.623,0.646,1.269
296,"Kiribati",1985,25,0.588,0.618,1.206
296,"Kiribati",1985,26,0.556,0.587,1.143
296,"Kiribati",1985,27,0.523,0.557,1.08
296,"Kiribati",1985,28,0.49,0.523,1.013
296,"Kiribati",1985,29,0.466,0.498,0.964
296,"Kiribati",1985,30,0.443,0.481,0.924
296,"Kiribati",1985,31,0.429,0.466,0.895
296,"Kiribati",1985,32,0.418,0.452,0.87
296,"Kiribati",1985,33,0.413,0.444,0.857
296,"Kiribati",1985,34,0.402,0.428,0.83
296,"Kiribati",1985,35,0.392,0.411,0.803
296,"Kiribati",1985,36,0.379,0.386,0.765
296,"Kiribati",1985,37,0.362,0.364,0.726
296,"Kiribati",1985,38,0.342,0.337,0.679
296,"Kiribati",1985,39,0.322,0.315,0.637
296,"Kiribati",1985,40,0.303,0.301,0.604
296,"Kiribati",1985,41,0.293,0.287,0.58
296,"Kiribati",1985,42,0.285,0.287,0.572
296,"Kiribati",1985,43,0.276,0.282,0.558
296,"Kiribati",1985,44,0.269,0.28,0.549
296,"Kiribati",1985,45,0.258,0.27,0.528
296,"Kiribati",1985,46,0.244,0.257,0.501
296,"Kiribati",1985,47,0.226,0.245,0.471
296,"Kiribati",1985,48,0.208,0.236,0.444
296,"Kiribati",1985,49,0.202,0.226,0.428
296,"Kiribati",1985,50,0.195,0.215,0.41
296,"Kiribati",1985,51,0.192,0.211,0.403
296,"Kiribati",1985,52,0.203,0.209,0.412
296,"Kiribati",1985,53,0.201,0.205,0.406
296,"Kiribati",1985,54,0.199,0.201,0.4
296,"Kiribati",1985,55,0.192,0.193,0.385
296,"Kiribati",1985,56,0.176,0.186,0.362
296,"Kiribati",1985,57,0.162,0.186,0.348
296,"Kiribati",1985,58,0.15,0.179,0.329
296,"Kiribati",1985,59,0.136,0.176,0.312
296,"Kiribati",1985,60,0.129,0.169,0.298
296,"Kiribati",1985,61,0.123,0.165,0.288
296,"Kiribati",1985,62,0.12,0.154,0.274
296,"Kiribati",1985,63,0.115,0.145,0.26
296,"Kiribati",1985,64,0.109,0.136,0.245
296,"Kiribati",1985,65,0.102,0.127,0.229
296,"Kiribati",1985,66,0.097,0.119,0.216
296,"Kiribati",1985,67,0.09,0.113,0.203
296,"Kiribati",1985,68,0.083,0.11,0.193
296,"Kiribati",1985,69,0.073,0.105,0.178
296,"Kiribati",1985,70,0.07,0.097,0.167
296,"Kiribati",1985,71,0.065,0.089,0.154
296,"Kiribati",1985,72,0.057,0.083,0.14
296,"Kiribati",1985,73,0.053,0.074,0.127
296,"Kiribati",1985,74,0.047,0.068,0.115
296,"Kiribati",1985,75,0.041,0.061,0.102
296,"Kiribati",1985,76,0.034,0.054,0.088
296,"Kiribati",1985,77,0.03,0.05,0.08
296,"Kiribati",1985,78,0.026,0.04,0.066
296,"Kiribati",1985,79,0.024,0.035,0.059
296,"Kiribati",1985,80,0.02,0.031,0.051
296,"Kiribati",1985,81,0.017,0.026,0.043
296,"Kiribati",1985,82,0.013,0.024,0.037
296,"Kiribati",1985,83,0.011,0.02,0.031
296,"Kiribati",1985,84,0.009,0.017,0.026
296,"Kiribati",1985,85,0.007,0.014,0.021
296,"Kiribati",1985,86,0.006,0.011,0.017
296,"Kiribati",1985,87,0.004,0.009,0.013
296,"Kiribati",1985,88,0.004,0.006,0.01
296,"Kiribati",1985,89,0.002,0.005,0.007
296,"Kiribati",1985,90,0.001,0.004,0.005
296,"Kiribati",1985,91,0.001,0.003,0.004
296,"Kiribati",1985,92,0.001,0.002,0.003
296,"Kiribati",1985,93,0.001,0.001,0.002
296,"Kiribati",1985,94,0,0.001,0.001
296,"Kiribati",1985,95,0,0.001,0.001
296,"Kiribati",1985,96,0,0,0
296,"Kiribati",1985,97,0,0,0
296,"Kiribati",1985,98,0,0,0
296,"Kiribati",1985,99,0,0,0
296,"Kiribati",1985,100,0,0,0
296,"Kiribati",1986,0,1.285,1.21,2.495
296,"Kiribati",1986,1,1.19,1.135,2.325
296,"Kiribati",1986,2,1.131,1.083,2.214
296,"Kiribati",1986,3,1.072,1.027,2.099
296,"Kiribati",1986,4,1.021,0.985,2.006
296,"Kiribati",1986,5,0.971,0.937,1.908
296,"Kiribati",1986,6,0.923,0.893,1.816
296,"Kiribati",1986,7,0.905,0.877,1.782
296,"Kiribati",1986,8,0.827,0.805,1.632
296,"Kiribati",1986,9,0.801,0.775,1.576
296,"Kiribati",1986,10,0.773,0.747,1.52
296,"Kiribati",1986,11,0.744,0.722,1.466
296,"Kiribati",1986,12,0.723,0.706,1.429
296,"Kiribati",1986,13,0.71,0.698,1.408
296,"Kiribati",1986,14,0.706,0.702,1.408
296,"Kiribati",1986,15,0.715,0.716,1.431
296,"Kiribati",1986,16,0.734,0.736,1.47
296,"Kiribati",1986,17,0.759,0.763,1.522
296,"Kiribati",1986,18,0.782,0.784,1.566
296,"Kiribati",1986,19,0.791,0.791,1.582
296,"Kiribati",1986,20,0.783,0.784,1.567
296,"Kiribati",1986,21,0.758,0.764,1.522
296,"Kiribati",1986,22,0.72,0.732,1.452
296,"Kiribati",1986,23,0.686,0.704,1.39
296,"Kiribati",1986,24,0.65,0.674,1.324
296,"Kiribati",1986,25,0.615,0.642,1.257
296,"Kiribati",1986,26,0.582,0.616,1.198
296,"Kiribati",1986,27,0.551,0.586,1.137
296,"Kiribati",1986,28,0.519,0.559,1.078
296,"Kiribati",1986,29,0.487,0.526,1.013
296,"Kiribati",1986,30,0.464,0.501,0.965
296,"Kiribati",1986,31,0.44,0.483,0.923
296,"Kiribati",1986,32,0.426,0.466,0.892
296,"Kiribati",1986,33,0.414,0.45,0.864
296,"Kiribati",1986,34,0.409,0.44,0.849
296,"Kiribati",1986,35,0.397,0.423,0.82
296,"Kiribati",1986,36,0.387,0.407,0.794
296,"Kiribati",1986,37,0.373,0.382,0.755
296,"Kiribati",1986,38,0.355,0.36,0.715
296,"Kiribati",1986,39,0.336,0.334,0.67
296,"Kiribati",1986,40,0.316,0.313,0.629
296,"Kiribati",1986,41,0.298,0.298,0.596
296,"Kiribati",1986,42,0.289,0.284,0.573
296,"Kiribati",1986,43,0.282,0.285,0.567
296,"Kiribati",1986,44,0.274,0.28,0.554
296,"Kiribati",1986,45,0.268,0.278,0.546
296,"Kiribati",1986,46,0.257,0.269,0.526
296,"Kiribati",1986,47,0.243,0.257,0.5
296,"Kiribati",1986,48,0.224,0.247,0.471
296,"Kiribati",1986,49,0.206,0.237,0.443
296,"Kiribati",1986,50,0.2,0.226,0.426
296,"Kiribati",1986,51,0.192,0.213,0.405
296,"Kiribati",1986,52,0.188,0.208,0.396
296,"Kiribati",1986,53,0.198,0.204,0.402
296,"Kiribati",1986,54,0.195,0.199,0.394
296,"Kiribati",1986,55,0.194,0.195,0.389
296,"Kiribati",1986,56,0.187,0.189,0.376
296,"Kiribati",1986,57,0.172,0.184,0.356
296,"Kiribati",1986,58,0.158,0.185,0.343
296,"Kiribati",1986,59,0.148,0.179,0.327
296,"Kiribati",1986,60,0.134,0.177,0.311
296,"Kiribati",1986,61,0.126,0.169,0.295
296,"Kiribati",1986,62,0.12,0.162,0.282
296,"Kiribati",1986,63,0.116,0.15,0.266
296,"Kiribati",1986,64,0.11,0.139,0.249
296,"Kiribati",1986,65,0.103,0.129,0.232
296,"Kiribati",1986,66,0.096,0.12,0.216
296,"Kiribati",1986,67,0.091,0.112,0.203
296,"Kiribati",1986,68,0.084,0.107,0.191
296,"Kiribati",1986,69,0.078,0.105,0.183
296,"Kiribati",1986,70,0.068,0.101,0.169
296,"Kiribati",1986,71,0.065,0.092,0.157
296,"Kiribati",1986,72,0.06,0.084,0.144
296,"Kiribati",1986,73,0.052,0.079,0.131
296,"Kiribati",1986,74,0.048,0.07,0.118
296,"Kiribati",1986,75,0.043,0.063,0.106
296,"Kiribati",1986,76,0.037,0.055,0.092
296,"Kiribati",1986,77,0.03,0.049,0.079
296,"Kiribati",1986,78,0.027,0.046,0.073
296,"Kiribati",1986,79,0.023,0.036,0.059
296,"Kiribati",1986,80,0.021,0.032,0.053
296,"Kiribati",1986,81,0.017,0.027,0.044
296,"Kiribati",1986,82,0.015,0.023,0.038
296,"Kiribati",1986,83,0.011,0.02,0.031
296,"Kiribati",1986,84,0.009,0.017,0.026
296,"Kiribati",1986,85,0.007,0.014,0.021
296,"Kiribati",1986,86,0.006,0.012,0.018
296,"Kiribati",1986,87,0.005,0.009,0.014
296,"Kiribati",1986,88,0.003,0.007,0.01
296,"Kiribati",1986,89,0.003,0.005,0.008
296,"Kiribati",1986,90,0.002,0.003,0.005
296,"Kiribati",1986,91,0.001,0.003,0.004
296,"Kiribati",1986,92,0.001,0.002,0.003
296,"Kiribati",1986,93,0.001,0.001,0.002
296,"Kiribati",1986,94,0,0.001,0.001
296,"Kiribati",1986,95,0,0.001,0.001
296,"Kiribati",1986,96,0,0,0
296,"Kiribati",1986,97,0,0,0
296,"Kiribati",1986,98,0,0,0
296,"Kiribati",1986,99,0,0,0
296,"Kiribati",1986,100,0,0,0
296,"Kiribati",1987,0,1.31,1.233,2.543
296,"Kiribati",1987,1,1.218,1.163,2.381
296,"Kiribati",1987,2,1.155,1.113,2.268
296,"Kiribati",1987,3,1.109,1.07,2.179
296,"Kiribati",1987,4,1.055,1.018,2.073
296,"Kiribati",1987,5,1.008,0.978,1.986
296,"Kiribati",1987,6,0.961,0.933,1.894
296,"Kiribati",1987,7,0.917,0.892,1.809
296,"Kiribati",1987,8,0.902,0.876,1.778
296,"Kiribati",1987,9,0.825,0.803,1.628
296,"Kiribati",1987,10,0.799,0.773,1.572
296,"Kiribati",1987,11,0.77,0.744,1.514
296,"Kiribati",1987,12,0.74,0.718,1.458
296,"Kiribati",1987,13,0.718,0.701,1.419
296,"Kiribati",1987,14,0.703,0.694,1.397
296,"Kiribati",1987,15,0.701,0.699,1.4
296,"Kiribati",1987,16,0.71,0.715,1.425
296,"Kiribati",1987,17,0.73,0.737,1.467
296,"Kiribati",1987,18,0.755,0.765,1.52
296,"Kiribati",1987,19,0.778,0.785,1.563
296,"Kiribati",1987,20,0.784,0.79,1.574
296,"Kiribati",1987,21,0.775,0.781,1.556
296,"Kiribati",1987,22,0.749,0.76,1.509
296,"Kiribati",1987,23,0.71,0.726,1.436
296,"Kiribati",1987,24,0.677,0.699,1.376
296,"Kiribati",1987,25,0.641,0.67,1.311
296,"Kiribati",1987,26,0.607,0.64,1.247
296,"Kiribati",1987,27,0.576,0.617,1.193
296,"Kiribati",1987,28,0.547,0.589,1.136
296,"Kiribati",1987,29,0.516,0.563,1.079
296,"Kiribati",1987,30,0.484,0.531,1.015
296,"Kiribati",1987,31,0.461,0.503,0.964
296,"Kiribati",1987,32,0.437,0.483,0.92
296,"Kiribati",1987,33,0.423,0.464,0.887
296,"Kiribati",1987,34,0.409,0.446,0.855
296,"Kiribati",1987,35,0.404,0.435,0.839
296,"Kiribati",1987,36,0.391,0.418,0.809
296,"Kiribati",1987,37,0.381,0.403,0.784
296,"Kiribati",1987,38,0.367,0.378,0.745
296,"Kiribati",1987,39,0.348,0.357,0.705
296,"Kiribati",1987,40,0.33,0.331,0.661
296,"Kiribati",1987,41,0.31,0.31,0.62
296,"Kiribati",1987,42,0.293,0.295,0.588
296,"Kiribati",1987,43,0.286,0.281,0.567
296,"Kiribati",1987,44,0.28,0.282,0.562
296,"Kiribati",1987,45,0.273,0.278,0.551
296,"Kiribati",1987,46,0.267,0.277,0.544
296,"Kiribati",1987,47,0.257,0.27,0.527
296,"Kiribati",1987,48,0.242,0.258,0.5
296,"Kiribati",1987,49,0.223,0.248,0.471
296,"Kiribati",1987,50,0.204,0.237,0.441
296,"Kiribati",1987,51,0.197,0.224,0.421
296,"Kiribati",1987,52,0.187,0.209,0.396
296,"Kiribati",1987,53,0.182,0.203,0.385
296,"Kiribati",1987,54,0.192,0.198,0.39
296,"Kiribati",1987,55,0.19,0.193,0.383
296,"Kiribati",1987,56,0.188,0.191,0.379
296,"Kiribati",1987,57,0.182,0.186,0.368
296,"Kiribati",1987,58,0.168,0.183,0.351
296,"Kiribati",1987,59,0.156,0.186,0.342
296,"Kiribati",1987,60,0.145,0.179,0.324
296,"Kiribati",1987,61,0.13,0.177,0.307
296,"Kiribati",1987,62,0.122,0.166,0.288
296,"Kiribati",1987,63,0.115,0.157,0.272
296,"Kiribati",1987,64,0.11,0.143,0.253
296,"Kiribati",1987,65,0.104,0.131,0.235
296,"Kiribati",1987,66,0.097,0.122,0.219
296,"Kiribati",1987,67,0.09,0.114,0.204
296,"Kiribati",1987,68,0.085,0.106,0.191
296,"Kiribati",1987,69,0.078,0.102,0.18
296,"Kiribati",1987,70,0.073,0.1,0.173
296,"Kiribati",1987,71,0.063,0.096,0.159
296,"Kiribati",1987,72,0.06,0.087,0.147
296,"Kiribati",1987,73,0.054,0.08,0.134
296,"Kiribati",1987,74,0.047,0.074,0.121
296,"Kiribati",1987,75,0.043,0.065,0.108
296,"Kiribati",1987,76,0.039,0.057,0.096
296,"Kiribati",1987,77,0.033,0.05,0.083
296,"Kiribati",1987,78,0.027,0.044,0.071
296,"Kiribati",1987,79,0.024,0.041,0.065
296,"Kiribati",1987,80,0.02,0.032,0.052
296,"Kiribati",1987,81,0.018,0.028,0.046
296,"Kiribati",1987,82,0.015,0.023,0.038
296,"Kiribati",1987,83,0.012,0.019,0.031
296,"Kiribati",1987,84,0.009,0.017,0.026
296,"Kiribati",1987,85,0.008,0.014,0.022
296,"Kiribati",1987,86,0.006,0.012,0.018
296,"Kiribati",1987,87,0.004,0.009,0.013
296,"Kiribati",1987,88,0.004,0.007,0.011
296,"Kiribati",1987,89,0.002,0.005,0.007
296,"Kiribati",1987,90,0.002,0.004,0.006
296,"Kiribati",1987,91,0.001,0.003,0.004
296,"Kiribati",1987,92,0.001,0.002,0.003
296,"Kiribati",1987,93,0,0.001,0.001
296,"Kiribati",1987,94,0,0.001,0.001
296,"Kiribati",1987,95,0,0.001,0.001
296,"Kiribati",1987,96,0,0,0
296,"Kiribati",1987,97,0,0,0
296,"Kiribati",1987,98,0,0,0
296,"Kiribati",1987,99,0,0,0
296,"Kiribati",1987,100,0,0,0
296,"Kiribati",1988,0,1.331,1.252,2.583
296,"Kiribati",1988,1,1.243,1.185,2.428
296,"Kiribati",1988,2,1.181,1.139,2.32
296,"Kiribati",1988,3,1.133,1.1,2.233
296,"Kiribati",1988,4,1.093,1.061,2.154
296,"Kiribati",1988,5,1.042,1.012,2.054
296,"Kiribati",1988,6,0.998,0.974,1.972
296,"Kiribati",1988,7,0.954,0.931,1.885
296,"Kiribati",1988,8,0.913,0.89,1.803
296,"Kiribati",1988,9,0.899,0.874,1.773
296,"Kiribati",1988,10,0.822,0.801,1.623
296,"Kiribati",1988,11,0.796,0.77,1.566
296,"Kiribati",1988,12,0.765,0.74,1.505
296,"Kiribati",1988,13,0.734,0.714,1.448
296,"Kiribati",1988,14,0.711,0.697,1.408
296,"Kiribati",1988,15,0.698,0.692,1.39
296,"Kiribati",1988,16,0.696,0.699,1.395
296,"Kiribati",1988,17,0.707,0.716,1.423
296,"Kiribati",1988,18,0.727,0.738,1.465
296,"Kiribati",1988,19,0.751,0.766,1.517
296,"Kiribati",1988,20,0.771,0.784,1.555
296,"Kiribati",1988,21,0.777,0.787,1.564
296,"Kiribati",1988,22,0.766,0.776,1.542
296,"Kiribati",1988,23,0.738,0.753,1.491
296,"Kiribati",1988,24,0.701,0.719,1.42
296,"Kiribati",1988,25,0.667,0.695,1.362
296,"Kiribati",1988,26,0.634,0.668,1.302
296,"Kiribati",1988,27,0.602,0.641,1.243
296,"Kiribati",1988,28,0.572,0.62,1.192
296,"Kiribati",1988,29,0.544,0.593,1.137
296,"Kiribati",1988,30,0.513,0.567,1.08
296,"Kiribati",1988,31,0.481,0.533,1.014
296,"Kiribati",1988,32,0.458,0.503,0.961
296,"Kiribati",1988,33,0.433,0.481,0.914
296,"Kiribati",1988,34,0.418,0.46,0.878
296,"Kiribati",1988,35,0.405,0.442,0.847
296,"Kiribati",1988,36,0.398,0.43,0.828
296,"Kiribati",1988,37,0.385,0.413,0.798
296,"Kiribati",1988,38,0.374,0.399,0.773
296,"Kiribati",1988,39,0.36,0.375,0.735
296,"Kiribati",1988,40,0.341,0.354,0.695
296,"Kiribati",1988,41,0.324,0.329,0.653
296,"Kiribati",1988,42,0.305,0.307,0.612
296,"Kiribati",1988,43,0.29,0.293,0.583
296,"Kiribati",1988,44,0.284,0.279,0.563
296,"Kiribati",1988,45,0.279,0.28,0.559
296,"Kiribati",1988,46,0.273,0.278,0.551
296,"Kiribati",1988,47,0.267,0.278,0.545
296,"Kiribati",1988,48,0.255,0.272,0.527
296,"Kiribati",1988,49,0.241,0.259,0.5
296,"Kiribati",1988,50,0.221,0.248,0.469
296,"Kiribati",1988,51,0.201,0.236,0.437
296,"Kiribati",1988,52,0.192,0.219,0.411
296,"Kiribati",1988,53,0.182,0.204,0.386
296,"Kiribati",1988,54,0.176,0.197,0.373
296,"Kiribati",1988,55,0.186,0.191,0.377
296,"Kiribati",1988,56,0.185,0.188,0.373
296,"Kiribati",1988,57,0.184,0.188,0.372
296,"Kiribati",1988,58,0.179,0.185,0.364
296,"Kiribati",1988,59,0.165,0.184,0.349
296,"Kiribati",1988,60,0.153,0.187,0.34
296,"Kiribati",1988,61,0.143,0.179,0.322
296,"Kiribati",1988,62,0.127,0.174,0.301
296,"Kiribati",1988,63,0.117,0.162,0.279
296,"Kiribati",1988,64,0.109,0.151,0.26
296,"Kiribati",1988,65,0.104,0.135,0.239
296,"Kiribati",1988,66,0.098,0.123,0.221
296,"Kiribati",1988,67,0.091,0.114,0.205
296,"Kiribati",1988,68,0.084,0.107,0.191
296,"Kiribati",1988,69,0.08,0.101,0.181
296,"Kiribati",1988,70,0.073,0.096,0.169
296,"Kiribati",1988,71,0.068,0.095,0.163
296,"Kiribati",1988,72,0.058,0.091,0.149
296,"Kiribati",1988,73,0.055,0.082,0.137
296,"Kiribati",1988,74,0.049,0.075,0.124
296,"Kiribati",1988,75,0.042,0.068,0.11
296,"Kiribati",1988,76,0.038,0.059,0.097
296,"Kiribati",1988,77,0.035,0.052,0.087
296,"Kiribati",1988,78,0.03,0.044,0.074
296,"Kiribati",1988,79,0.024,0.04,0.064
296,"Kiribati",1988,80,0.021,0.037,0.058
296,"Kiribati",1988,81,0.017,0.028,0.045
296,"Kiribati",1988,82,0.015,0.024,0.039
296,"Kiribati",1988,83,0.012,0.02,0.032
296,"Kiribati",1988,84,0.01,0.016,0.026
296,"Kiribati",1988,85,0.008,0.014,0.022
296,"Kiribati",1988,86,0.006,0.012,0.018
296,"Kiribati",1988,87,0.005,0.01,0.015
296,"Kiribati",1988,88,0.003,0.007,0.01
296,"Kiribati",1988,89,0.003,0.005,0.008
296,"Kiribati",1988,90,0.002,0.004,0.006
296,"Kiribati",1988,91,0.001,0.003,0.004
296,"Kiribati",1988,92,0.001,0.002,0.003
296,"Kiribati",1988,93,0,0.001,0.001
296,"Kiribati",1988,94,0,0.001,0.001
296,"Kiribati",1988,95,0,0.001,0.001
296,"Kiribati",1988,96,0,0,0
296,"Kiribati",1988,97,0,0,0
296,"Kiribati",1988,98,0,0,0
296,"Kiribati",1988,99,0,0,0
296,"Kiribati",1988,100,0,0,0
296,"Kiribati",1989,0,1.355,1.275,2.63
296,"Kiribati",1989,1,1.262,1.204,2.466
296,"Kiribati",1989,2,1.205,1.162,2.367
296,"Kiribati",1989,3,1.159,1.126,2.285
296,"Kiribati",1989,4,1.115,1.091,2.206
296,"Kiribati",1989,5,1.079,1.055,2.134
296,"Kiribati",1989,6,1.032,1.007,2.039
296,"Kiribati",1989,7,0.991,0.972,1.963
296,"Kiribati",1989,8,0.95,0.93,1.88
296,"Kiribati",1989,9,0.91,0.889,1.799
296,"Kiribati",1989,10,0.897,0.872,1.769
296,"Kiribati",1989,11,0.819,0.798,1.617
296,"Kiribati",1989,12,0.79,0.766,1.556
296,"Kiribati",1989,13,0.759,0.735,1.494
296,"Kiribati",1989,14,0.728,0.71,1.438
296,"Kiribati",1989,15,0.705,0.694,1.399
296,"Kiribati",1989,16,0.694,0.692,1.386
296,"Kiribati",1989,17,0.693,0.7,1.393
296,"Kiribati",1989,18,0.703,0.717,1.42
296,"Kiribati",1989,19,0.722,0.739,1.461
296,"Kiribati",1989,20,0.744,0.765,1.509
296,"Kiribati",1989,21,0.763,0.78,1.543
296,"Kiribati",1989,22,0.767,0.781,1.548
296,"Kiribati",1989,23,0.755,0.77,1.525
296,"Kiribati",1989,24,0.728,0.747,1.475
296,"Kiribati",1989,25,0.691,0.715,1.406
296,"Kiribati",1989,26,0.66,0.692,1.352
296,"Kiribati",1989,27,0.628,0.668,1.296
296,"Kiribati",1989,28,0.598,0.643,1.241
296,"Kiribati",1989,29,0.569,0.625,1.194
296,"Kiribati",1989,30,0.541,0.597,1.138
296,"Kiribati",1989,31,0.51,0.57,1.08
296,"Kiribati",1989,32,0.478,0.532,1.01
296,"Kiribati",1989,33,0.454,0.5,0.954
296,"Kiribati",1989,34,0.428,0.476,0.904
296,"Kiribati",1989,35,0.413,0.454,0.867
296,"Kiribati",1989,36,0.399,0.437,0.836
296,"Kiribati",1989,37,0.391,0.425,0.816
296,"Kiribati",1989,38,0.378,0.409,0.787
296,"Kiribati",1989,39,0.367,0.396,0.763
296,"Kiribati",1989,40,0.353,0.373,0.726
296,"Kiribati",1989,41,0.335,0.351,0.686
296,"Kiribati",1989,42,0.319,0.326,0.645
296,"Kiribati",1989,43,0.302,0.305,0.607
296,"Kiribati",1989,44,0.288,0.29,0.578
296,"Kiribati",1989,45,0.282,0.277,0.559
296,"Kiribati",1989,46,0.278,0.28,0.558
296,"Kiribati",1989,47,0.272,0.279,0.551
296,"Kiribati",1989,48,0.265,0.28,0.545
296,"Kiribati",1989,49,0.254,0.274,0.528
296,"Kiribati",1989,50,0.238,0.26,0.498
296,"Kiribati",1989,51,0.216,0.246,0.462
296,"Kiribati",1989,52,0.196,0.232,0.428
296,"Kiribati",1989,53,0.186,0.213,0.399
296,"Kiribati",1989,54,0.176,0.197,0.373
296,"Kiribati",1989,55,0.171,0.19,0.361
296,"Kiribati",1989,56,0.181,0.187,0.368
296,"Kiribati",1989,57,0.18,0.186,0.366
296,"Kiribati",1989,58,0.18,0.187,0.367
296,"Kiribati",1989,59,0.176,0.186,0.362
296,"Kiribati",1989,60,0.162,0.186,0.348
296,"Kiribati",1989,61,0.15,0.186,0.336
296,"Kiribati",1989,62,0.139,0.176,0.315
296,"Kiribati",1989,63,0.122,0.169,0.291
296,"Kiribati",1989,64,0.112,0.155,0.267
296,"Kiribati",1989,65,0.103,0.143,0.246
296,"Kiribati",1989,66,0.098,0.127,0.225
296,"Kiribati",1989,67,0.092,0.116,0.208
296,"Kiribati",1989,68,0.085,0.107,0.192
296,"Kiribati",1989,69,0.079,0.101,0.18
296,"Kiribati",1989,70,0.074,0.096,0.17
296,"Kiribati",1989,71,0.068,0.092,0.16
296,"Kiribati",1989,72,0.062,0.09,0.152
296,"Kiribati",1989,73,0.053,0.086,0.139
296,"Kiribati",1989,74,0.05,0.077,0.127
296,"Kiribati",1989,75,0.044,0.069,0.113
296,"Kiribati",1989,76,0.038,0.062,0.1
296,"Kiribati",1989,77,0.035,0.053,0.088
296,"Kiribati",1989,78,0.032,0.046,0.078
296,"Kiribati",1989,79,0.026,0.04,0.066
296,"Kiribati",1989,80,0.021,0.036,0.057
296,"Kiribati",1989,81,0.018,0.032,0.05
296,"Kiribati",1989,82,0.015,0.024,0.039
296,"Kiribati",1989,83,0.013,0.021,0.034
296,"Kiribati",1989,84,0.01,0.017,0.027
296,"Kiribati",1989,85,0.008,0.014,0.022
296,"Kiribati",1989,86,0.006,0.012,0.018
296,"Kiribati",1989,87,0.005,0.009,0.014
296,"Kiribati",1989,88,0.004,0.008,0.012
296,"Kiribati",1989,89,0.003,0.006,0.009
296,"Kiribati",1989,90,0.002,0.004,0.006
296,"Kiribati",1989,91,0.001,0.003,0.004
296,"Kiribati",1989,92,0.001,0.002,0.003
296,"Kiribati",1989,93,0.001,0.001,0.002
296,"Kiribati",1989,94,0,0.001,0.001
296,"Kiribati",1989,95,0,0.001,0.001
296,"Kiribati",1989,96,0,0,0
296,"Kiribati",1989,97,0,0,0
296,"Kiribati",1989,98,0,0,0
296,"Kiribati",1989,99,0,0,0
296,"Kiribati",1989,100,0,0,0
296,"Kiribati",1990,0,1.382,1.3,2.682
296,"Kiribati",1990,1,1.278,1.222,2.5
296,"Kiribati",1990,2,1.217,1.177,2.394
296,"Kiribati",1990,3,1.178,1.147,2.325
296,"Kiribati",1990,4,1.138,1.115,2.253
296,"Kiribati",1990,5,1.099,1.084,2.183
296,"Kiribati",1990,6,1.067,1.049,2.116
296,"Kiribati",1990,7,1.024,1.006,2.03
296,"Kiribati",1990,8,0.986,0.971,1.957
296,"Kiribati",1990,9,0.946,0.928,1.874
296,"Kiribati",1990,10,0.907,0.887,1.794
296,"Kiribati",1990,11,0.893,0.868,1.761
296,"Kiribati",1990,12,0.813,0.793,1.606
296,"Kiribati",1990,13,0.783,0.76,1.543
296,"Kiribati",1990,14,0.75,0.73,1.48
296,"Kiribati",1990,15,0.72,0.707,1.427
296,"Kiribati",1990,16,0.7,0.694,1.394
296,"Kiribati",1990,17,0.689,0.693,1.382
296,"Kiribati",1990,18,0.688,0.702,1.39
296,"Kiribati",1990,19,0.698,0.72,1.418
296,"Kiribati",1990,20,0.714,0.739,1.453
296,"Kiribati",1990,21,0.734,0.762,1.496
296,"Kiribati",1990,22,0.751,0.774,1.525
296,"Kiribati",1990,23,0.754,0.774,1.528
296,"Kiribati",1990,24,0.742,0.762,1.504
296,"Kiribati",1990,25,0.716,0.742,1.458
296,"Kiribati",1990,26,0.682,0.713,1.395
296,"Kiribati",1990,27,0.652,0.694,1.346
296,"Kiribati",1990,28,0.623,0.673,1.296
296,"Kiribati",1990,29,0.595,0.65,1.245
296,"Kiribati",1990,30,0.566,0.63,1.196
296,"Kiribati",1990,31,0.538,0.601,1.139
296,"Kiribati",1990,32,0.506,0.571,1.077
296,"Kiribati",1990,33,0.473,0.53,1.003
296,"Kiribati",1990,34,0.448,0.495,0.943
296,"Kiribati",1990,35,0.421,0.469,0.89
296,"Kiribati",1990,36,0.406,0.447,0.853
296,"Kiribati",1990,37,0.391,0.431,0.822
296,"Kiribati",1990,38,0.382,0.421,0.803
296,"Kiribati",1990,39,0.369,0.405,0.774
296,"Kiribati",1990,40,0.358,0.393,0.751
296,"Kiribati",1990,41,0.346,0.37,0.716
296,"Kiribati",1990,42,0.329,0.348,0.677
296,"Kiribati",1990,43,0.314,0.322,0.636
296,"Kiribati",1990,44,0.3,0.302,0.602
296,"Kiribati",1990,45,0.287,0.288,0.575
296,"Kiribati",1990,46,0.282,0.277,0.559
296,"Kiribati",1990,47,0.279,0.283,0.562
296,"Kiribati",1990,48,0.272,0.282,0.554
296,"Kiribati",1990,49,0.264,0.283,0.547
296,"Kiribati",1990,50,0.25,0.275,0.525
296,"Kiribati",1990,51,0.233,0.258,0.491
296,"Kiribati",1990,52,0.21,0.242,0.452
296,"Kiribati",1990,53,0.189,0.225,0.414
296,"Kiribati",1990,54,0.18,0.205,0.385
296,"Kiribati",1990,55,0.169,0.19,0.359
296,"Kiribati",1990,56,0.165,0.185,0.35
296,"Kiribati",1990,57,0.176,0.185,0.361
296,"Kiribati",1990,58,0.177,0.186,0.363
296,"Kiribati",1990,59,0.177,0.189,0.366
296,"Kiribati",1990,60,0.173,0.189,0.362
296,"Kiribati",1990,61,0.159,0.186,0.345
296,"Kiribati",1990,62,0.146,0.185,0.331
296,"Kiribati",1990,63,0.133,0.172,0.305
296,"Kiribati",1990,64,0.116,0.161,0.277
296,"Kiribati",1990,65,0.105,0.146,0.251
296,"Kiribati",1990,66,0.096,0.133,0.229
296,"Kiribati",1990,67,0.091,0.118,0.209
296,"Kiribati",1990,68,0.086,0.109,0.195
296,"Kiribati",1990,69,0.079,0.101,0.18
296,"Kiribati",1990,70,0.074,0.095,0.169
296,"Kiribati",1990,71,0.069,0.091,0.16
296,"Kiribati",1990,72,0.063,0.087,0.15
296,"Kiribati",1990,73,0.057,0.085,0.142
296,"Kiribati",1990,74,0.048,0.081,0.129
296,"Kiribati",1990,75,0.045,0.071,0.116
296,"Kiribati",1990,76,0.04,0.063,0.103
296,"Kiribati",1990,77,0.033,0.056,0.089
296,"Kiribati",1990,78,0.031,0.047,0.078
296,"Kiribati",1990,79,0.028,0.041,0.069
296,"Kiribati",1990,80,0.023,0.036,0.059
296,"Kiribati",1990,81,0.018,0.032,0.05
296,"Kiribati",1990,82,0.016,0.028,0.044
296,"Kiribati",1990,83,0.012,0.021,0.033
296,"Kiribati",1990,84,0.011,0.018,0.029
296,"Kiribati",1990,85,0.008,0.014,0.022
296,"Kiribati",1990,86,0.007,0.011,0.018
296,"Kiribati",1990,87,0.005,0.01,0.015
296,"Kiribati",1990,88,0.004,0.007,0.011
296,"Kiribati",1990,89,0.003,0.006,0.009
296,"Kiribati",1990,90,0.002,0.004,0.006
296,"Kiribati",1990,91,0.001,0.003,0.004
296,"Kiribati",1990,92,0.001,0.002,0.003
296,"Kiribati",1990,93,0.001,0.001,0.002
296,"Kiribati",1990,94,0,0.001,0.001
296,"Kiribati",1990,95,0,0.001,0.001
296,"Kiribati",1990,96,0,0,0
296,"Kiribati",1990,97,0,0,0
296,"Kiribati",1990,98,0,0,0
296,"Kiribati",1990,99,0,0,0
296,"Kiribati",1990,100,0,0,0
296,"Kiribati",1991,0,1.401,1.319,2.72
296,"Kiribati",1991,1,1.314,1.247,2.561
296,"Kiribati",1991,2,1.242,1.194,2.436
296,"Kiribati",1991,3,1.194,1.157,2.351
296,"Kiribati",1991,4,1.159,1.131,2.29
296,"Kiribati",1991,5,1.124,1.102,2.226
296,"Kiribati",1991,6,1.087,1.073,2.16
296,"Kiribati",1991,7,1.057,1.039,2.096
296,"Kiribati",1991,8,1.015,0.997,2.012
296,"Kiribati",1991,9,0.979,0.964,1.943
296,"Kiribati",1991,10,0.94,0.922,1.862
296,"Kiribati",1991,11,0.901,0.882,1.783
296,"Kiribati",1991,12,0.887,0.863,1.75
296,"Kiribati",1991,13,0.806,0.788,1.594
296,"Kiribati",1991,14,0.775,0.754,1.529
296,"Kiribati",1991,15,0.74,0.724,1.464
296,"Kiribati",1991,16,0.709,0.701,1.41
296,"Kiribati",1991,17,0.688,0.686,1.374
296,"Kiribati",1991,18,0.677,0.686,1.363
296,"Kiribati",1991,19,0.675,0.695,1.37
296,"Kiribati",1991,20,0.684,0.713,1.397
296,"Kiribati",1991,21,0.7,0.733,1.433
296,"Kiribati",1991,22,0.719,0.756,1.475
296,"Kiribati",1991,23,0.735,0.768,1.503
296,"Kiribati",1991,24,0.738,0.769,1.507
296,"Kiribati",1991,25,0.727,0.756,1.483
296,"Kiribati",1991,26,0.702,0.736,1.438
296,"Kiribati",1991,27,0.669,0.708,1.377
296,"Kiribati",1991,28,0.643,0.689,1.332
296,"Kiribati",1991,29,0.615,0.668,1.283
296,"Kiribati",1991,30,0.589,0.645,1.234
296,"Kiribati",1991,31,0.561,0.625,1.186
296,"Kiribati",1991,32,0.533,0.595,1.128
296,"Kiribati",1991,33,0.5,0.565,1.065
296,"Kiribati",1991,34,0.467,0.523,0.99
296,"Kiribati",1991,35,0.442,0.488,0.93
296,"Kiribati",1991,36,0.413,0.461,0.874
296,"Kiribati",1991,37,0.398,0.439,0.837
296,"Kiribati",1991,38,0.383,0.422,0.805
296,"Kiribati",1991,39,0.374,0.412,0.786
296,"Kiribati",1991,40,0.361,0.396,0.757
296,"Kiribati",1991,41,0.35,0.384,0.734
296,"Kiribati",1991,42,0.34,0.362,0.702
296,"Kiribati",1991,43,0.324,0.34,0.664
296,"Kiribati",1991,44,0.309,0.314,0.623
296,"Kiribati",1991,45,0.296,0.295,0.591
296,"Kiribati",1991,46,0.283,0.282,0.565
296,"Kiribati",1991,47,0.277,0.273,0.55
296,"Kiribati",1991,48,0.274,0.279,0.553
296,"Kiribati",1991,49,0.265,0.279,0.544
296,"Kiribati",1991,50,0.256,0.28,0.536
296,"Kiribati",1991,51,0.242,0.27,0.512
296,"Kiribati",1991,52,0.224,0.253,0.477
296,"Kiribati",1991,53,0.202,0.236,0.438
296,"Kiribati",1991,54,0.181,0.217,0.398
296,"Kiribati",1991,55,0.172,0.198,0.37
296,"Kiribati",1991,56,0.161,0.183,0.344
296,"Kiribati",1991,57,0.158,0.181,0.339
296,"Kiribati",1991,58,0.17,0.182,0.352
296,"Kiribati",1991,59,0.171,0.184,0.355
296,"Kiribati",1991,60,0.171,0.188,0.359
296,"Kiribati",1991,61,0.166,0.187,0.353
296,"Kiribati",1991,62,0.153,0.183,0.336
296,"Kiribati",1991,63,0.14,0.179,0.319
296,"Kiribati",1991,64,0.126,0.164,0.29
296,"Kiribati",1991,65,0.109,0.152,0.261
296,"Kiribati",1991,66,0.098,0.136,0.234
296,"Kiribati",1991,67,0.09,0.123,0.213
296,"Kiribati",1991,68,0.085,0.11,0.195
296,"Kiribati",1991,69,0.08,0.103,0.183
296,"Kiribati",1991,70,0.074,0.096,0.17
296,"Kiribati",1991,71,0.069,0.09,0.159
296,"Kiribati",1991,72,0.064,0.087,0.151
296,"Kiribati",1991,73,0.058,0.083,0.141
296,"Kiribati",1991,74,0.052,0.08,0.132
296,"Kiribati",1991,75,0.043,0.074,0.117
296,"Kiribati",1991,76,0.04,0.065,0.105
296,"Kiribati",1991,77,0.035,0.057,0.092
296,"Kiribati",1991,78,0.029,0.05,0.079
296,"Kiribati",1991,79,0.027,0.043,0.07
296,"Kiribati",1991,80,0.025,0.036,0.061
296,"Kiribati",1991,81,0.02,0.031,0.051
296,"Kiribati",1991,82,0.016,0.028,0.044
296,"Kiribati",1991,83,0.013,0.024,0.037
296,"Kiribati",1991,84,0.01,0.018,0.028
296,"Kiribati",1991,85,0.009,0.015,0.024
296,"Kiribati",1991,86,0.007,0.012,0.019
296,"Kiribati",1991,87,0.005,0.009,0.014
296,"Kiribati",1991,88,0.004,0.008,0.012
296,"Kiribati",1991,89,0.003,0.006,0.009
296,"Kiribati",1991,90,0.002,0.004,0.006
296,"Kiribati",1991,91,0.001,0.003,0.004
296,"Kiribati",1991,92,0.001,0.002,0.003
296,"Kiribati",1991,93,0.001,0.002,0.003
296,"Kiribati",1991,94,0,0.001,0.001
296,"Kiribati",1991,95,0,0.001,0.001
296,"Kiribati",1991,96,0,0,0
296,"Kiribati",1991,97,0,0,0
296,"Kiribati",1991,98,0,0,0
296,"Kiribati",1991,99,0,0,0
296,"Kiribati",1991,100,0,0,0
296,"Kiribati",1992,0,1.397,1.314,2.711
296,"Kiribati",1992,1,1.331,1.264,2.595
296,"Kiribati",1992,2,1.276,1.217,2.493
296,"Kiribati",1992,3,1.217,1.173,2.39
296,"Kiribati",1992,4,1.174,1.14,2.314
296,"Kiribati",1992,5,1.143,1.116,2.259
296,"Kiribati",1992,6,1.111,1.089,2.2
296,"Kiribati",1992,7,1.076,1.061,2.137
296,"Kiribati",1992,8,1.048,1.029,2.077
296,"Kiribati",1992,9,1.008,0.989,1.997
296,"Kiribati",1992,10,0.972,0.956,1.928
296,"Kiribati",1992,11,0.934,0.916,1.85
296,"Kiribati",1992,12,0.894,0.876,1.77
296,"Kiribati",1992,13,0.878,0.857,1.735
296,"Kiribati",1992,14,0.797,0.782,1.579
296,"Kiribati",1992,15,0.764,0.747,1.511
296,"Kiribati",1992,16,0.728,0.717,1.445
296,"Kiribati",1992,17,0.696,0.693,1.389
296,"Kiribati",1992,18,0.675,0.678,1.353
296,"Kiribati",1992,19,0.662,0.678,1.34
296,"Kiribati",1992,20,0.66,0.688,1.348
296,"Kiribati",1992,21,0.668,0.706,1.374
296,"Kiribati",1992,22,0.683,0.728,1.411
296,"Kiribati",1992,23,0.701,0.75,1.451
296,"Kiribati",1992,24,0.716,0.762,1.478
296,"Kiribati",1992,25,0.72,0.763,1.483
296,"Kiribati",1992,26,0.711,0.75,1.461
296,"Kiribati",1992,27,0.688,0.729,1.417
296,"Kiribati",1992,28,0.659,0.702,1.361
296,"Kiribati",1992,29,0.635,0.684,1.319
296,"Kiribati",1992,30,0.609,0.663,1.272
296,"Kiribati",1992,31,0.584,0.64,1.224
296,"Kiribati",1992,32,0.556,0.619,1.175
296,"Kiribati",1992,33,0.527,0.588,1.115
296,"Kiribati",1992,34,0.493,0.557,1.05
296,"Kiribati",1992,35,0.459,0.514,0.973
296,"Kiribati",1992,36,0.434,0.478,0.912
296,"Kiribati",1992,37,0.405,0.451,0.856
296,"Kiribati",1992,38,0.389,0.429,0.818
296,"Kiribati",1992,39,0.374,0.412,0.786
296,"Kiribati",1992,40,0.366,0.402,0.768
296,"Kiribati",1992,41,0.353,0.388,0.741
296,"Kiribati",1992,42,0.343,0.375,0.718
296,"Kiribati",1992,43,0.333,0.353,0.686
296,"Kiribati",1992,44,0.319,0.331,0.65
296,"Kiribati",1992,45,0.304,0.307,0.611
296,"Kiribati",1992,46,0.29,0.288,0.578
296,"Kiribati",1992,47,0.278,0.278,0.556
296,"Kiribati",1992,48,0.27,0.269,0.539
296,"Kiribati",1992,49,0.266,0.276,0.542
296,"Kiribati",1992,50,0.257,0.276,0.533
296,"Kiribati",1992,51,0.247,0.275,0.522
296,"Kiribati",1992,52,0.233,0.265,0.498
296,"Kiribati",1992,53,0.214,0.247,0.461
296,"Kiribati",1992,54,0.192,0.228,0.42
296,"Kiribati",1992,55,0.172,0.209,0.381
296,"Kiribati",1992,56,0.164,0.19,0.354
296,"Kiribati",1992,57,0.154,0.178,0.332
296,"Kiribati",1992,58,0.151,0.177,0.328
296,"Kiribati",1992,59,0.163,0.18,0.343
296,"Kiribati",1992,60,0.165,0.183,0.348
296,"Kiribati",1992,61,0.165,0.186,0.351
296,"Kiribati",1992,62,0.16,0.183,0.343
296,"Kiribati",1992,63,0.146,0.177,0.323
296,"Kiribati",1992,64,0.132,0.17,0.302
296,"Kiribati",1992,65,0.119,0.153,0.272
296,"Kiribati",1992,66,0.102,0.142,0.244
296,"Kiribati",1992,67,0.091,0.126,0.217
296,"Kiribati",1992,68,0.085,0.115,0.2
296,"Kiribati",1992,69,0.08,0.103,0.183
296,"Kiribati",1992,70,0.075,0.097,0.172
296,"Kiribati",1992,71,0.069,0.09,0.159
296,"Kiribati",1992,72,0.064,0.086,0.15
296,"Kiribati",1992,73,0.059,0.082,0.141
296,"Kiribati",1992,74,0.052,0.078,0.13
296,"Kiribati",1992,75,0.047,0.074,0.121
296,"Kiribati",1992,76,0.038,0.068,0.106
296,"Kiribati",1992,77,0.035,0.059,0.094
296,"Kiribati",1992,78,0.03,0.051,0.081
296,"Kiribati",1992,79,0.024,0.045,0.069
296,"Kiribati",1992,80,0.024,0.038,0.062
296,"Kiribati",1992,81,0.021,0.032,0.053
296,"Kiribati",1992,82,0.017,0.027,0.044
296,"Kiribati",1992,83,0.013,0.024,0.037
296,"Kiribati",1992,84,0.011,0.021,0.032
296,"Kiribati",1992,85,0.008,0.015,0.023
296,"Kiribati",1992,86,0.007,0.012,0.019
296,"Kiribati",1992,87,0.005,0.009,0.014
296,"Kiribati",1992,88,0.004,0.007,0.011
296,"Kiribati",1992,89,0.003,0.006,0.009
296,"Kiribati",1992,90,0.002,0.004,0.006
296,"Kiribati",1992,91,0.001,0.003,0.004
296,"Kiribati",1992,92,0.001,0.002,0.003
296,"Kiribati",1992,93,0.001,0.002,0.003
296,"Kiribati",1992,94,0,0.001,0.001
296,"Kiribati",1992,95,0,0.001,0.001
296,"Kiribati",1992,96,0,0,0
296,"Kiribati",1992,97,0,0,0
296,"Kiribati",1992,98,0,0,0
296,"Kiribati",1992,99,0,0,0
296,"Kiribati",1992,100,0,0,0
296,"Kiribati",1993,0,1.388,1.305,2.693
296,"Kiribati",1993,1,1.328,1.26,2.588
296,"Kiribati",1993,2,1.292,1.235,2.527
296,"Kiribati",1993,3,1.251,1.196,2.447
296,"Kiribati",1993,4,1.197,1.156,2.353
296,"Kiribati",1993,5,1.158,1.125,2.283
296,"Kiribati",1993,6,1.13,1.103,2.233
296,"Kiribati",1993,7,1.1,1.077,2.177
296,"Kiribati",1993,8,1.067,1.052,2.119
296,"Kiribati",1993,9,1.041,1.021,2.062
296,"Kiribati",1993,10,1,0.982,1.982
296,"Kiribati",1993,11,0.965,0.95,1.915
296,"Kiribati",1993,12,0.927,0.91,1.837
296,"Kiribati",1993,13,0.885,0.87,1.755
296,"Kiribati",1993,14,0.869,0.851,1.72
296,"Kiribati",1993,15,0.785,0.775,1.56
296,"Kiribati",1993,16,0.751,0.74,1.491
296,"Kiribati",1993,17,0.714,0.708,1.422
296,"Kiribati",1993,18,0.681,0.685,1.366
296,"Kiribati",1993,19,0.66,0.671,1.331
296,"Kiribati",1993,20,0.647,0.671,1.318
296,"Kiribati",1993,21,0.644,0.681,1.325
296,"Kiribati",1993,22,0.651,0.699,1.35
296,"Kiribati",1993,23,0.665,0.722,1.387
296,"Kiribati",1993,24,0.683,0.744,1.427
296,"Kiribati",1993,25,0.699,0.756,1.455
296,"Kiribati",1993,26,0.705,0.757,1.462
296,"Kiribati",1993,27,0.698,0.744,1.442
296,"Kiribati",1993,28,0.678,0.723,1.401
296,"Kiribati",1993,29,0.651,0.696,1.347
296,"Kiribati",1993,30,0.629,0.679,1.308
296,"Kiribati",1993,31,0.603,0.658,1.261
296,"Kiribati",1993,32,0.578,0.634,1.212
296,"Kiribati",1993,33,0.55,0.612,1.162
296,"Kiribati",1993,34,0.52,0.58,1.1
296,"Kiribati",1993,35,0.485,0.548,1.033
296,"Kiribati",1993,36,0.451,0.504,0.955
296,"Kiribati",1993,37,0.425,0.468,0.893
296,"Kiribati",1993,38,0.396,0.441,0.837
296,"Kiribati",1993,39,0.38,0.419,0.799
296,"Kiribati",1993,40,0.365,0.402,0.767
296,"Kiribati",1993,41,0.358,0.393,0.751
296,"Kiribati",1993,42,0.346,0.379,0.725
296,"Kiribati",1993,43,0.337,0.366,0.703
296,"Kiribati",1993,44,0.328,0.344,0.672
296,"Kiribati",1993,45,0.314,0.323,0.637
296,"Kiribati",1993,46,0.299,0.3,0.599
296,"Kiribati",1993,47,0.285,0.284,0.569
296,"Kiribati",1993,48,0.271,0.274,0.545
296,"Kiribati",1993,49,0.263,0.266,0.529
296,"Kiribati",1993,50,0.258,0.272,0.53
296,"Kiribati",1993,51,0.249,0.272,0.521
296,"Kiribati",1993,52,0.237,0.27,0.507
296,"Kiribati",1993,53,0.223,0.257,0.48
296,"Kiribati",1993,54,0.204,0.238,0.442
296,"Kiribati",1993,55,0.183,0.22,0.403
296,"Kiribati",1993,56,0.163,0.201,0.364
296,"Kiribati",1993,57,0.156,0.185,0.341
296,"Kiribati",1993,58,0.147,0.175,0.322
296,"Kiribati",1993,59,0.145,0.175,0.32
296,"Kiribati",1993,60,0.158,0.179,0.337
296,"Kiribati",1993,61,0.159,0.182,0.341
296,"Kiribati",1993,62,0.159,0.182,0.341
296,"Kiribati",1993,63,0.152,0.177,0.329
296,"Kiribati",1993,64,0.138,0.168,0.306
296,"Kiribati",1993,65,0.125,0.16,0.285
296,"Kiribati",1993,66,0.112,0.143,0.255
296,"Kiribati",1993,67,0.095,0.132,0.227
296,"Kiribati",1993,68,0.085,0.118,0.203
296,"Kiribati",1993,69,0.079,0.108,0.187
296,"Kiribati",1993,70,0.075,0.097,0.172
296,"Kiribati",1993,71,0.07,0.092,0.162
296,"Kiribati",1993,72,0.064,0.086,0.15
296,"Kiribati",1993,73,0.058,0.081,0.139
296,"Kiribati",1993,74,0.053,0.077,0.13
296,"Kiribati",1993,75,0.047,0.072,0.119
296,"Kiribati",1993,76,0.042,0.067,0.109
296,"Kiribati",1993,77,0.034,0.061,0.095
296,"Kiribati",1993,78,0.031,0.053,0.084
296,"Kiribati",1993,79,0.026,0.046,0.072
296,"Kiribati",1993,80,0.021,0.04,0.061
296,"Kiribati",1993,81,0.021,0.034,0.055
296,"Kiribati",1993,82,0.018,0.028,0.046
296,"Kiribati",1993,83,0.015,0.024,0.039
296,"Kiribati",1993,84,0.011,0.02,0.031
296,"Kiribati",1993,85,0.009,0.017,0.026
296,"Kiribati",1993,86,0.007,0.012,0.019
296,"Kiribati",1993,87,0.006,0.01,0.016
296,"Kiribati",1993,88,0.004,0.007,0.011
296,"Kiribati",1993,89,0.003,0.006,0.009
296,"Kiribati",1993,90,0.002,0.004,0.006
296,"Kiribati",1993,91,0.001,0.003,0.004
296,"Kiribati",1993,92,0.001,0.002,0.003
296,"Kiribati",1993,93,0.001,0.002,0.003
296,"Kiribati",1993,94,0,0.001,0.001
296,"Kiribati",1993,95,0,0.001,0.001
296,"Kiribati",1993,96,0,0,0
296,"Kiribati",1993,97,0,0,0
296,"Kiribati",1993,98,0,0,0
296,"Kiribati",1993,99,0,0,0
296,"Kiribati",1993,100,0,0,0
296,"Kiribati",1994,0,1.389,1.306,2.695
296,"Kiribati",1994,1,1.319,1.251,2.57
296,"Kiribati",1994,2,1.289,1.23,2.519
296,"Kiribati",1994,3,1.266,1.214,2.48
296,"Kiribati",1994,4,1.23,1.179,2.409
296,"Kiribati",1994,5,1.179,1.141,2.32
296,"Kiribati",1994,6,1.144,1.112,2.256
296,"Kiribati",1994,7,1.119,1.091,2.21
296,"Kiribati",1994,8,1.091,1.067,2.158
296,"Kiribati",1994,9,1.058,1.043,2.101
296,"Kiribati",1994,10,1.033,1.014,2.047
296,"Kiribati",1994,11,0.993,0.976,1.969
296,"Kiribati",1994,12,0.958,0.944,1.902
296,"Kiribati",1994,13,0.919,0.904,1.823
296,"Kiribati",1994,14,0.875,0.864,1.739
296,"Kiribati",1994,15,0.858,0.844,1.702
296,"Kiribati",1994,16,0.773,0.768,1.541
296,"Kiribati",1994,17,0.738,0.732,1.47
296,"Kiribati",1994,18,0.7,0.7,1.4
296,"Kiribati",1994,19,0.666,0.677,1.343
296,"Kiribati",1994,20,0.644,0.663,1.307
296,"Kiribati",1994,21,0.63,0.664,1.294
296,"Kiribati",1994,22,0.626,0.675,1.301
296,"Kiribati",1994,23,0.633,0.694,1.327
296,"Kiribati",1994,24,0.647,0.716,1.363
296,"Kiribati",1994,25,0.665,0.738,1.403
296,"Kiribati",1994,26,0.683,0.75,1.433
296,"Kiribati",1994,27,0.692,0.751,1.443
296,"Kiribati",1994,28,0.688,0.738,1.426
296,"Kiribati",1994,29,0.67,0.717,1.387
296,"Kiribati",1994,30,0.645,0.691,1.336
296,"Kiribati",1994,31,0.623,0.673,1.296
296,"Kiribati",1994,32,0.597,0.652,1.249
296,"Kiribati",1994,33,0.572,0.627,1.199
296,"Kiribati",1994,34,0.543,0.604,1.147
296,"Kiribati",1994,35,0.512,0.571,1.083
296,"Kiribati",1994,36,0.476,0.538,1.014
296,"Kiribati",1994,37,0.442,0.494,0.936
296,"Kiribati",1994,38,0.416,0.458,0.874
296,"Kiribati",1994,39,0.387,0.431,0.818
296,"Kiribati",1994,40,0.371,0.409,0.78
296,"Kiribati",1994,41,0.357,0.393,0.75
296,"Kiribati",1994,42,0.351,0.383,0.734
296,"Kiribati",1994,43,0.34,0.37,0.71
296,"Kiribati",1994,44,0.332,0.357,0.689
296,"Kiribati",1994,45,0.323,0.336,0.659
296,"Kiribati",1994,46,0.308,0.316,0.624
296,"Kiribati",1994,47,0.293,0.295,0.588
296,"Kiribati",1994,48,0.279,0.28,0.559
296,"Kiribati",1994,49,0.264,0.271,0.535
296,"Kiribati",1994,50,0.254,0.263,0.517
296,"Kiribati",1994,51,0.249,0.268,0.517
296,"Kiribati",1994,52,0.239,0.266,0.505
296,"Kiribati",1994,53,0.227,0.262,0.489
296,"Kiribati",1994,54,0.213,0.249,0.462
296,"Kiribati",1994,55,0.195,0.23,0.425
296,"Kiribati",1994,56,0.174,0.212,0.386
296,"Kiribati",1994,57,0.155,0.196,0.351
296,"Kiribati",1994,58,0.149,0.181,0.33
296,"Kiribati",1994,59,0.141,0.173,0.314
296,"Kiribati",1994,60,0.139,0.175,0.314
296,"Kiribati",1994,61,0.152,0.178,0.33
296,"Kiribati",1994,62,0.153,0.179,0.332
296,"Kiribati",1994,63,0.151,0.176,0.327
296,"Kiribati",1994,64,0.145,0.168,0.313
296,"Kiribati",1994,65,0.13,0.158,0.288
296,"Kiribati",1994,66,0.117,0.15,0.267
296,"Kiribati",1994,67,0.104,0.133,0.237
296,"Kiribati",1994,68,0.089,0.123,0.212
296,"Kiribati",1994,69,0.079,0.111,0.19
296,"Kiribati",1994,70,0.074,0.102,0.176
296,"Kiribati",1994,71,0.07,0.092,0.162
296,"Kiribati",1994,72,0.065,0.088,0.153
296,"Kiribati",1994,73,0.059,0.081,0.14
296,"Kiribati",1994,74,0.053,0.076,0.129
296,"Kiribati",1994,75,0.048,0.071,0.119
296,"Kiribati",1994,76,0.042,0.065,0.107
296,"Kiribati",1994,77,0.037,0.061,0.098
296,"Kiribati",1994,78,0.029,0.055,0.084
296,"Kiribati",1994,79,0.026,0.048,0.074
296,"Kiribati",1994,80,0.023,0.041,0.064
296,"Kiribati",1994,81,0.019,0.036,0.055
296,"Kiribati",1994,82,0.018,0.03,0.048
296,"Kiribati",1994,83,0.016,0.024,0.04
296,"Kiribati",1994,84,0.012,0.02,0.032
296,"Kiribati",1994,85,0.009,0.017,0.026
296,"Kiribati",1994,86,0.007,0.014,0.021
296,"Kiribati",1994,87,0.005,0.01,0.015
296,"Kiribati",1994,88,0.004,0.008,0.012
296,"Kiribati",1994,89,0.003,0.006,0.009
296,"Kiribati",1994,90,0.002,0.004,0.006
296,"Kiribati",1994,91,0.001,0.003,0.004
296,"Kiribati",1994,92,0.001,0.002,0.003
296,"Kiribati",1994,93,0.001,0.002,0.003
296,"Kiribati",1994,94,0,0.001,0.001
296,"Kiribati",1994,95,0,0.001,0.001
296,"Kiribati",1994,96,0,0,0
296,"Kiribati",1994,97,0,0,0
296,"Kiribati",1994,98,0,0,0
296,"Kiribati",1994,99,0,0,0
296,"Kiribati",1994,100,0,0,0
296,"Kiribati",1995,0,1.395,1.312,2.707
296,"Kiribati",1995,1,1.325,1.255,2.58
296,"Kiribati",1995,2,1.283,1.223,2.506
296,"Kiribati",1995,3,1.266,1.21,2.476
296,"Kiribati",1995,4,1.246,1.198,2.444
296,"Kiribati",1995,5,1.214,1.165,2.379
296,"Kiribati",1995,6,1.167,1.129,2.296
296,"Kiribati",1995,7,1.133,1.101,2.234
296,"Kiribati",1995,8,1.111,1.082,2.193
296,"Kiribati",1995,9,1.083,1.058,2.141
296,"Kiribati",1995,10,1.052,1.036,2.088
296,"Kiribati",1995,11,1.027,1.008,2.035
296,"Kiribati",1995,12,0.986,0.97,1.956
296,"Kiribati",1995,13,0.95,0.938,1.888
296,"Kiribati",1995,14,0.909,0.898,1.807
296,"Kiribati",1995,15,0.865,0.856,1.721
296,"Kiribati",1995,16,0.845,0.836,1.681
296,"Kiribati",1995,17,0.761,0.76,1.521
296,"Kiribati",1995,18,0.724,0.725,1.449
296,"Kiribati",1995,19,0.686,0.693,1.379
296,"Kiribati",1995,20,0.652,0.67,1.322
296,"Kiribati",1995,21,0.629,0.657,1.286
296,"Kiribati",1995,22,0.613,0.659,1.272
296,"Kiribati",1995,23,0.61,0.669,1.279
296,"Kiribati",1995,24,0.616,0.688,1.304
296,"Kiribati",1995,25,0.63,0.71,1.34
296,"Kiribati",1995,26,0.65,0.732,1.382
296,"Kiribati",1995,27,0.67,0.744,1.414
296,"Kiribati",1995,28,0.682,0.745,1.427
296,"Kiribati",1995,29,0.68,0.733,1.413
296,"Kiribati",1995,30,0.664,0.712,1.376
296,"Kiribati",1995,31,0.64,0.686,1.326
296,"Kiribati",1995,32,0.618,0.667,1.285
296,"Kiribati",1995,33,0.591,0.645,1.236
296,"Kiribati",1995,34,0.565,0.619,1.184
296,"Kiribati",1995,35,0.535,0.595,1.13
296,"Kiribati",1995,36,0.504,0.561,1.065
296,"Kiribati",1995,37,0.467,0.528,0.995
296,"Kiribati",1995,38,0.434,0.484,0.918
296,"Kiribati",1995,39,0.407,0.448,0.855
296,"Kiribati",1995,40,0.379,0.422,0.801
296,"Kiribati",1995,41,0.363,0.4,0.763
296,"Kiribati",1995,42,0.35,0.384,0.734
296,"Kiribati",1995,43,0.345,0.374,0.719
296,"Kiribati",1995,44,0.335,0.362,0.697
296,"Kiribati",1995,45,0.327,0.349,0.676
296,"Kiribati",1995,46,0.318,0.329,0.647
296,"Kiribati",1995,47,0.303,0.311,0.614
296,"Kiribati",1995,48,0.287,0.291,0.578
296,"Kiribati",1995,49,0.272,0.277,0.549
296,"Kiribati",1995,50,0.256,0.268,0.524
296,"Kiribati",1995,51,0.245,0.259,0.504
296,"Kiribati",1995,52,0.241,0.263,0.504
296,"Kiribati",1995,53,0.229,0.26,0.489
296,"Kiribati",1995,54,0.218,0.255,0.473
296,"Kiribati",1995,55,0.204,0.241,0.445
296,"Kiribati",1995,56,0.187,0.223,0.41
296,"Kiribati",1995,57,0.167,0.207,0.374
296,"Kiribati",1995,58,0.148,0.192,0.34
296,"Kiribati",1995,59,0.143,0.18,0.323
296,"Kiribati",1995,60,0.136,0.172,0.308
296,"Kiribati",1995,61,0.134,0.173,0.307
296,"Kiribati",1995,62,0.146,0.175,0.321
296,"Kiribati",1995,63,0.147,0.173,0.32
296,"Kiribati",1995,64,0.144,0.168,0.312
296,"Kiribati",1995,65,0.137,0.158,0.295
296,"Kiribati",1995,66,0.123,0.147,0.27
296,"Kiribati",1995,67,0.111,0.14,0.251
296,"Kiribati",1995,68,0.098,0.125,0.223
296,"Kiribati",1995,69,0.084,0.116,0.2
296,"Kiribati",1995,70,0.074,0.106,0.18
296,"Kiribati",1995,71,0.069,0.096,0.165
296,"Kiribati",1995,72,0.065,0.087,0.152
296,"Kiribati",1995,73,0.06,0.083,0.143
296,"Kiribati",1995,74,0.053,0.077,0.13
296,"Kiribati",1995,75,0.048,0.07,0.118
296,"Kiribati",1995,76,0.043,0.065,0.108
296,"Kiribati",1995,77,0.037,0.059,0.096
296,"Kiribati",1995,78,0.032,0.055,0.087
296,"Kiribati",1995,79,0.026,0.05,0.076
296,"Kiribati",1995,80,0.023,0.043,0.066
296,"Kiribati",1995,81,0.02,0.036,0.056
296,"Kiribati",1995,82,0.016,0.031,0.047
296,"Kiribati",1995,83,0.015,0.025,0.04
296,"Kiribati",1995,84,0.013,0.02,0.033
296,"Kiribati",1995,85,0.01,0.017,0.027
296,"Kiribati",1995,86,0.007,0.014,0.021
296,"Kiribati",1995,87,0.006,0.011,0.017
296,"Kiribati",1995,88,0.004,0.008,0.012
296,"Kiribati",1995,89,0.003,0.006,0.009
296,"Kiribati",1995,90,0.002,0.004,0.006
296,"Kiribati",1995,91,0.002,0.003,0.005
296,"Kiribati",1995,92,0.001,0.002,0.003
296,"Kiribati",1995,93,0.001,0.002,0.003
296,"Kiribati",1995,94,0,0.001,0.001
296,"Kiribati",1995,95,0,0.001,0.001
296,"Kiribati",1995,96,0,0,0
296,"Kiribati",1995,97,0,0,0
296,"Kiribati",1995,98,0,0,0
296,"Kiribati",1995,99,0,0,0
296,"Kiribati",1995,100,0,0,0
296,"Kiribati",1996,0,1.413,1.329,2.742
296,"Kiribati",1996,1,1.335,1.271,2.606
296,"Kiribati",1996,2,1.293,1.234,2.527
296,"Kiribati",1996,3,1.26,1.206,2.466
296,"Kiribati",1996,4,1.246,1.194,2.44
296,"Kiribati",1996,5,1.229,1.183,2.412
296,"Kiribati",1996,6,1.198,1.152,2.35
296,"Kiribati",1996,7,1.154,1.118,2.272
296,"Kiribati",1996,8,1.123,1.092,2.215
296,"Kiribati",1996,9,1.102,1.075,2.177
296,"Kiribati",1996,10,1.076,1.053,2.129
296,"Kiribati",1996,11,1.046,1.032,2.078
296,"Kiribati",1996,12,1.021,1.006,2.027
296,"Kiribati",1996,13,0.979,0.969,1.948
296,"Kiribati",1996,14,0.942,0.937,1.879
296,"Kiribati",1996,15,0.901,0.896,1.797
296,"Kiribati",1996,16,0.855,0.853,1.708
296,"Kiribati",1996,17,0.835,0.831,1.666
296,"Kiribati",1996,18,0.749,0.753,1.502
296,"Kiribati",1996,19,0.713,0.717,1.43
296,"Kiribati",1996,20,0.674,0.685,1.359
296,"Kiribati",1996,21,0.64,0.664,1.304
296,"Kiribati",1996,22,0.617,0.652,1.269
296,"Kiribati",1996,23,0.603,0.656,1.259
296,"Kiribati",1996,24,0.599,0.669,1.268
296,"Kiribati",1996,25,0.606,0.688,1.294
296,"Kiribati",1996,26,0.62,0.709,1.329
296,"Kiribati",1996,27,0.641,0.729,1.37
296,"Kiribati",1996,28,0.662,0.74,1.402
296,"Kiribati",1996,29,0.675,0.739,1.414
296,"Kiribati",1996,30,0.674,0.726,1.4
296,"Kiribati",1996,31,0.658,0.705,1.363
296,"Kiribati",1996,32,0.634,0.679,1.313
296,"Kiribati",1996,33,0.613,0.661,1.274
296,"Kiribati",1996,34,0.585,0.64,1.225
296,"Kiribati",1996,35,0.559,0.614,1.173
296,"Kiribati",1996,36,0.529,0.59,1.119
296,"Kiribati",1996,37,0.497,0.555,1.052
296,"Kiribati",1996,38,0.46,0.522,0.982
296,"Kiribati",1996,39,0.427,0.478,0.905
296,"Kiribati",1996,40,0.4,0.442,0.842
296,"Kiribati",1996,41,0.373,0.416,0.789
296,"Kiribati",1996,42,0.359,0.395,0.754
296,"Kiribati",1996,43,0.345,0.379,0.724
296,"Kiribati",1996,44,0.341,0.37,0.711
296,"Kiribati",1996,45,0.331,0.358,0.689
296,"Kiribati",1996,46,0.324,0.347,0.671
296,"Kiribati",1996,47,0.313,0.326,0.639
296,"Kiribati",1996,48,0.298,0.309,0.607
296,"Kiribati",1996,49,0.282,0.289,0.571
296,"Kiribati",1996,50,0.266,0.275,0.541
296,"Kiribati",1996,51,0.251,0.266,0.517
296,"Kiribati",1996,52,0.24,0.256,0.496
296,"Kiribati",1996,53,0.234,0.259,0.493
296,"Kiribati",1996,54,0.222,0.254,0.476
296,"Kiribati",1996,55,0.212,0.248,0.46
296,"Kiribati",1996,56,0.198,0.234,0.432
296,"Kiribati",1996,57,0.181,0.217,0.398
296,"Kiribati",1996,58,0.161,0.201,0.362
296,"Kiribati",1996,59,0.143,0.188,0.331
296,"Kiribati",1996,60,0.138,0.176,0.314
296,"Kiribati",1996,61,0.13,0.169,0.299
296,"Kiribati",1996,62,0.129,0.17,0.299
296,"Kiribati",1996,63,0.14,0.171,0.311
296,"Kiribati",1996,64,0.14,0.169,0.309
296,"Kiribati",1996,65,0.136,0.163,0.299
296,"Kiribati",1996,66,0.129,0.153,0.282
296,"Kiribati",1996,67,0.115,0.141,0.256
296,"Kiribati",1996,68,0.103,0.134,0.237
296,"Kiribati",1996,69,0.09,0.118,0.208
296,"Kiribati",1996,70,0.077,0.109,0.186
296,"Kiribati",1996,71,0.068,0.1,0.168
296,"Kiribati",1996,72,0.062,0.091,0.153
296,"Kiribati",1996,73,0.058,0.082,0.14
296,"Kiribati",1996,74,0.053,0.077,0.13
296,"Kiribati",1996,75,0.048,0.071,0.119
296,"Kiribati",1996,76,0.043,0.064,0.107
296,"Kiribati",1996,77,0.038,0.059,0.097
296,"Kiribati",1996,78,0.033,0.053,0.086
296,"Kiribati",1996,79,0.028,0.049,0.077
296,"Kiribati",1996,80,0.022,0.044,0.066
296,"Kiribati",1996,81,0.019,0.038,0.057
296,"Kiribati",1996,82,0.016,0.032,0.048
296,"Kiribati",1996,83,0.014,0.027,0.041
296,"Kiribati",1996,84,0.013,0.022,0.035
296,"Kiribati",1996,85,0.011,0.017,0.028
296,"Kiribati",1996,86,0.008,0.014,0.022
296,"Kiribati",1996,87,0.006,0.011,0.017
296,"Kiribati",1996,88,0.004,0.009,0.013
296,"Kiribati",1996,89,0.003,0.006,0.009
296,"Kiribati",1996,90,0.002,0.005,0.007
296,"Kiribati",1996,91,0.002,0.003,0.005
296,"Kiribati",1996,92,0.001,0.002,0.003
296,"Kiribati",1996,93,0.001,0.002,0.003
296,"Kiribati",1996,94,0,0.001,0.001
296,"Kiribati",1996,95,0,0.001,0.001
296,"Kiribati",1996,96,0,0.001,0.001
296,"Kiribati",1996,97,0,0,0
296,"Kiribati",1996,98,0,0,0
296,"Kiribati",1996,99,0,0,0
296,"Kiribati",1996,100,0,0,0
296,"Kiribati",1997,0,1.414,1.33,2.744
296,"Kiribati",1997,1,1.355,1.289,2.644
296,"Kiribati",1997,2,1.304,1.25,2.554
296,"Kiribati",1997,3,1.27,1.216,2.486
296,"Kiribati",1997,4,1.24,1.19,2.43
296,"Kiribati",1997,5,1.229,1.18,2.409
296,"Kiribati",1997,6,1.215,1.17,2.385
296,"Kiribati",1997,7,1.185,1.14,2.325
296,"Kiribati",1997,8,1.144,1.108,2.252
296,"Kiribati",1997,9,1.114,1.085,2.199
296,"Kiribati",1997,10,1.095,1.07,2.165
296,"Kiribati",1997,11,1.07,1.049,2.119
296,"Kiribati",1997,12,1.04,1.03,2.07
296,"Kiribati",1997,13,1.014,1.005,2.019
296,"Kiribati",1997,14,0.972,0.968,1.94
296,"Kiribati",1997,15,0.934,0.935,1.869
296,"Kiribati",1997,16,0.892,0.893,1.785
296,"Kiribati",1997,17,0.845,0.848,1.693
296,"Kiribati",1997,18,0.823,0.825,1.648
296,"Kiribati",1997,19,0.737,0.746,1.483
296,"Kiribati",1997,20,0.701,0.71,1.411
296,"Kiribati",1997,21,0.663,0.679,1.342
296,"Kiribati",1997,22,0.628,0.659,1.287
296,"Kiribati",1997,23,0.606,0.65,1.256
296,"Kiribati",1997,24,0.592,0.656,1.248
296,"Kiribati",1997,25,0.589,0.669,1.258
296,"Kiribati",1997,26,0.598,0.688,1.286
296,"Kiribati",1997,27,0.611,0.707,1.318
296,"Kiribati",1997,28,0.633,0.725,1.358
296,"Kiribati",1997,29,0.655,0.734,1.389
296,"Kiribati",1997,30,0.669,0.732,1.401
296,"Kiribati",1997,31,0.668,0.719,1.387
296,"Kiribati",1997,32,0.652,0.698,1.35
296,"Kiribati",1997,33,0.629,0.673,1.302
296,"Kiribati",1997,34,0.607,0.656,1.263
296,"Kiribati",1997,35,0.579,0.635,1.214
296,"Kiribati",1997,36,0.553,0.609,1.162
296,"Kiribati",1997,37,0.522,0.584,1.106
296,"Kiribati",1997,38,0.49,0.549,1.039
296,"Kiribati",1997,39,0.453,0.516,0.969
296,"Kiribati",1997,40,0.42,0.472,0.892
296,"Kiribati",1997,41,0.394,0.437,0.831
296,"Kiribati",1997,42,0.368,0.412,0.78
296,"Kiribati",1997,43,0.353,0.39,0.743
296,"Kiribati",1997,44,0.341,0.375,0.716
296,"Kiribati",1997,45,0.338,0.366,0.704
296,"Kiribati",1997,46,0.328,0.355,0.683
296,"Kiribati",1997,47,0.319,0.343,0.662
296,"Kiribati",1997,48,0.309,0.324,0.633
296,"Kiribati",1997,49,0.294,0.307,0.601
296,"Kiribati",1997,50,0.277,0.287,0.564
296,"Kiribati",1997,51,0.261,0.273,0.534
296,"Kiribati",1997,52,0.245,0.262,0.507
296,"Kiribati",1997,53,0.233,0.251,0.484
296,"Kiribati",1997,54,0.227,0.253,0.48
296,"Kiribati",1997,55,0.216,0.249,0.465
296,"Kiribati",1997,56,0.206,0.242,0.448
296,"Kiribati",1997,57,0.192,0.229,0.421
296,"Kiribati",1997,58,0.175,0.211,0.386
296,"Kiribati",1997,59,0.156,0.196,0.352
296,"Kiribati",1997,60,0.138,0.184,0.322
296,"Kiribati",1997,61,0.133,0.173,0.306
296,"Kiribati",1997,62,0.125,0.166,0.291
296,"Kiribati",1997,63,0.123,0.166,0.289
296,"Kiribati",1997,64,0.134,0.168,0.302
296,"Kiribati",1997,65,0.133,0.164,0.297
296,"Kiribati",1997,66,0.128,0.157,0.285
296,"Kiribati",1997,67,0.121,0.147,0.268
296,"Kiribati",1997,68,0.107,0.135,0.242
296,"Kiribati",1997,69,0.096,0.127,0.223
296,"Kiribati",1997,70,0.083,0.113,0.196
296,"Kiribati",1997,71,0.07,0.104,0.174
296,"Kiribati",1997,72,0.062,0.094,0.156
296,"Kiribati",1997,73,0.056,0.085,0.141
296,"Kiribati",1997,74,0.052,0.076,0.128
296,"Kiribati",1997,75,0.048,0.071,0.119
296,"Kiribati",1997,76,0.043,0.065,0.108
296,"Kiribati",1997,77,0.038,0.058,0.096
296,"Kiribati",1997,78,0.033,0.053,0.086
296,"Kiribati",1997,79,0.028,0.047,0.075
296,"Kiribati",1997,80,0.023,0.043,0.066
296,"Kiribati",1997,81,0.018,0.039,0.057
296,"Kiribati",1997,82,0.015,0.033,0.048
296,"Kiribati",1997,83,0.014,0.027,0.041
296,"Kiribati",1997,84,0.011,0.023,0.034
296,"Kiribati",1997,85,0.01,0.018,0.028
296,"Kiribati",1997,86,0.009,0.014,0.023
296,"Kiribati",1997,87,0.006,0.011,0.017
296,"Kiribati",1997,88,0.004,0.009,0.013
296,"Kiribati",1997,89,0.003,0.007,0.01
296,"Kiribati",1997,90,0.002,0.005,0.007
296,"Kiribati",1997,91,0.002,0.003,0.005
296,"Kiribati",1997,92,0.001,0.002,0.003
296,"Kiribati",1997,93,0.001,0.002,0.003
296,"Kiribati",1997,94,0,0.001,0.001
296,"Kiribati",1997,95,0,0.001,0.001
296,"Kiribati",1997,96,0,0.001,0.001
296,"Kiribati",1997,97,0,0,0
296,"Kiribati",1997,98,0,0,0
296,"Kiribati",1997,99,0,0,0
296,"Kiribati",1997,100,0,0,0
296,"Kiribati",1998,0,1.409,1.325,2.734
296,"Kiribati",1998,1,1.355,1.29,2.645
296,"Kiribati",1998,2,1.322,1.267,2.589
296,"Kiribati",1998,3,1.281,1.233,2.514
296,"Kiribati",1998,4,1.25,1.201,2.451
296,"Kiribati",1998,5,1.223,1.175,2.398
296,"Kiribati",1998,6,1.213,1.168,2.381
296,"Kiribati",1998,7,1.202,1.158,2.36
296,"Kiribati",1998,8,1.175,1.131,2.306
296,"Kiribati",1998,9,1.135,1.101,2.236
296,"Kiribati",1998,10,1.107,1.079,2.186
296,"Kiribati",1998,11,1.088,1.066,2.154
296,"Kiribati",1998,12,1.064,1.047,2.111
296,"Kiribati",1998,13,1.033,1.029,2.062
296,"Kiribati",1998,14,1.007,1.004,2.011
296,"Kiribati",1998,15,0.963,0.966,1.929
296,"Kiribati",1998,16,0.925,0.932,1.857
296,"Kiribati",1998,17,0.881,0.887,1.768
296,"Kiribati",1998,18,0.833,0.84,1.673
296,"Kiribati",1998,19,0.811,0.816,1.627
296,"Kiribati",1998,20,0.725,0.738,1.463
296,"Kiribati",1998,21,0.689,0.703,1.392
296,"Kiribati",1998,22,0.651,0.675,1.326
296,"Kiribati",1998,23,0.616,0.657,1.273
296,"Kiribati",1998,24,0.595,0.65,1.245
296,"Kiribati",1998,25,0.582,0.656,1.238
296,"Kiribati",1998,26,0.579,0.668,1.247
296,"Kiribati",1998,27,0.589,0.685,1.274
296,"Kiribati",1998,28,0.604,0.703,1.307
296,"Kiribati",1998,29,0.627,0.719,1.346
296,"Kiribati",1998,30,0.648,0.727,1.375
296,"Kiribati",1998,31,0.663,0.725,1.388
296,"Kiribati",1998,32,0.662,0.712,1.374
296,"Kiribati",1998,33,0.646,0.692,1.338
296,"Kiribati",1998,34,0.623,0.667,1.29
296,"Kiribati",1998,35,0.601,0.651,1.252
296,"Kiribati",1998,36,0.573,0.63,1.203
296,"Kiribati",1998,37,0.545,0.603,1.148
296,"Kiribati",1998,38,0.515,0.578,1.093
296,"Kiribati",1998,39,0.483,0.543,1.026
296,"Kiribati",1998,40,0.446,0.51,0.956
296,"Kiribati",1998,41,0.414,0.466,0.88
296,"Kiribati",1998,42,0.389,0.431,0.82
296,"Kiribati",1998,43,0.363,0.407,0.77
296,"Kiribati",1998,44,0.349,0.386,0.735
296,"Kiribati",1998,45,0.337,0.371,0.708
296,"Kiribati",1998,46,0.335,0.363,0.698
296,"Kiribati",1998,47,0.323,0.352,0.675
296,"Kiribati",1998,48,0.315,0.341,0.656
296,"Kiribati",1998,49,0.304,0.322,0.626
296,"Kiribati",1998,50,0.288,0.305,0.593
296,"Kiribati",1998,51,0.271,0.285,0.556
296,"Kiribati",1998,52,0.254,0.269,0.523
296,"Kiribati",1998,53,0.238,0.258,0.496
296,"Kiribati",1998,54,0.226,0.246,0.472
296,"Kiribati",1998,55,0.219,0.247,0.466
296,"Kiribati",1998,56,0.209,0.242,0.451
296,"Kiribati",1998,57,0.199,0.236,0.435
296,"Kiribati",1998,58,0.185,0.223,0.408
296,"Kiribati",1998,59,0.169,0.207,0.376
296,"Kiribati",1998,60,0.15,0.192,0.342
296,"Kiribati",1998,61,0.133,0.181,0.314
296,"Kiribati",1998,62,0.128,0.17,0.298
296,"Kiribati",1998,63,0.12,0.163,0.283
296,"Kiribati",1998,64,0.117,0.162,0.279
296,"Kiribati",1998,65,0.126,0.163,0.289
296,"Kiribati",1998,66,0.125,0.159,0.284
296,"Kiribati",1998,67,0.12,0.151,0.271
296,"Kiribati",1998,68,0.113,0.14,0.253
296,"Kiribati",1998,69,0.099,0.128,0.227
296,"Kiribati",1998,70,0.088,0.12,0.208
296,"Kiribati",1998,71,0.076,0.107,0.183
296,"Kiribati",1998,72,0.064,0.098,0.162
296,"Kiribati",1998,73,0.056,0.088,0.144
296,"Kiribati",1998,74,0.05,0.079,0.129
296,"Kiribati",1998,75,0.046,0.07,0.116
296,"Kiribati",1998,76,0.043,0.065,0.108
296,"Kiribati",1998,77,0.038,0.059,0.097
296,"Kiribati",1998,78,0.033,0.052,0.085
296,"Kiribati",1998,79,0.029,0.047,0.076
296,"Kiribati",1998,80,0.024,0.041,0.065
296,"Kiribati",1998,81,0.019,0.038,0.057
296,"Kiribati",1998,82,0.015,0.034,0.049
296,"Kiribati",1998,83,0.013,0.029,0.042
296,"Kiribati",1998,84,0.011,0.023,0.034
296,"Kiribati",1998,85,0.009,0.019,0.028
296,"Kiribati",1998,86,0.008,0.015,0.023
296,"Kiribati",1998,87,0.007,0.011,0.018
296,"Kiribati",1998,88,0.005,0.009,0.014
296,"Kiribati",1998,89,0.003,0.007,0.01
296,"Kiribati",1998,90,0.002,0.005,0.007
296,"Kiribati",1998,91,0.002,0.004,0.006
296,"Kiribati",1998,92,0.001,0.003,0.004
296,"Kiribati",1998,93,0.001,0.002,0.003
296,"Kiribati",1998,94,0.001,0.001,0.002
296,"Kiribati",1998,95,0,0.001,0.001
296,"Kiribati",1998,96,0,0.001,0.001
296,"Kiribati",1998,97,0,0,0
296,"Kiribati",1998,98,0,0,0
296,"Kiribati",1998,99,0,0,0
296,"Kiribati",1998,100,0,0,0
296,"Kiribati",1999,0,1.395,1.312,2.707
296,"Kiribati",1999,1,1.35,1.285,2.635
296,"Kiribati",1999,2,1.323,1.269,2.592
296,"Kiribati",1999,3,1.3,1.25,2.55
296,"Kiribati",1999,4,1.261,1.217,2.478
296,"Kiribati",1999,5,1.232,1.186,2.418
296,"Kiribati",1999,6,1.207,1.162,2.369
296,"Kiribati",1999,7,1.2,1.156,2.356
296,"Kiribati",1999,8,1.192,1.148,2.34
296,"Kiribati",1999,9,1.167,1.123,2.29
296,"Kiribati",1999,10,1.128,1.095,2.223
296,"Kiribati",1999,11,1.1,1.075,2.175
296,"Kiribati",1999,12,1.081,1.064,2.145
296,"Kiribati",1999,13,1.056,1.046,2.102
296,"Kiribati",1999,14,1.024,1.028,2.052
296,"Kiribati",1999,15,0.998,1.001,1.999
296,"Kiribati",1999,16,0.954,0.962,1.916
296,"Kiribati",1999,17,0.914,0.926,1.84
296,"Kiribati",1999,18,0.869,0.88,1.749
296,"Kiribati",1999,19,0.82,0.832,1.652
296,"Kiribati",1999,20,0.798,0.808,1.606
296,"Kiribati",1999,21,0.712,0.732,1.444
296,"Kiribati",1999,22,0.677,0.699,1.376
296,"Kiribati",1999,23,0.639,0.672,1.311
296,"Kiribati",1999,24,0.606,0.657,1.263
296,"Kiribati",1999,25,0.586,0.65,1.236
296,"Kiribati",1999,26,0.573,0.656,1.229
296,"Kiribati",1999,27,0.571,0.666,1.237
296,"Kiribati",1999,28,0.581,0.68,1.261
296,"Kiribati",1999,29,0.597,0.697,1.294
296,"Kiribati",1999,30,0.62,0.713,1.333
296,"Kiribati",1999,31,0.642,0.72,1.362
296,"Kiribati",1999,32,0.657,0.718,1.375
296,"Kiribati",1999,33,0.656,0.706,1.362
296,"Kiribati",1999,34,0.64,0.686,1.326
296,"Kiribati",1999,35,0.617,0.662,1.279
296,"Kiribati",1999,36,0.593,0.646,1.239
296,"Kiribati",1999,37,0.566,0.623,1.189
296,"Kiribati",1999,38,0.538,0.597,1.135
296,"Kiribati",1999,39,0.507,0.572,1.079
296,"Kiribati",1999,40,0.475,0.537,1.012
296,"Kiribati",1999,41,0.44,0.504,0.944
296,"Kiribati",1999,42,0.407,0.46,0.867
296,"Kiribati",1999,43,0.384,0.426,0.81
296,"Kiribati",1999,44,0.359,0.402,0.761
296,"Kiribati",1999,45,0.345,0.382,0.727
296,"Kiribati",1999,46,0.334,0.368,0.702
296,"Kiribati",1999,47,0.33,0.36,0.69
296,"Kiribati",1999,48,0.319,0.35,0.669
296,"Kiribati",1999,49,0.31,0.339,0.649
296,"Kiribati",1999,50,0.298,0.32,0.618
296,"Kiribati",1999,51,0.282,0.303,0.585
296,"Kiribati",1999,52,0.264,0.281,0.545
296,"Kiribati",1999,53,0.247,0.265,0.512
296,"Kiribati",1999,54,0.231,0.253,0.484
296,"Kiribati",1999,55,0.219,0.239,0.458
296,"Kiribati",1999,56,0.213,0.24,0.453
296,"Kiribati",1999,57,0.203,0.236,0.439
296,"Kiribati",1999,58,0.193,0.23,0.423
296,"Kiribati",1999,59,0.18,0.218,0.398
296,"Kiribati",1999,60,0.164,0.202,0.366
296,"Kiribati",1999,61,0.145,0.189,0.334
296,"Kiribati",1999,62,0.128,0.177,0.305
296,"Kiribati",1999,63,0.122,0.167,0.289
296,"Kiribati",1999,64,0.114,0.159,0.273
296,"Kiribati",1999,65,0.111,0.158,0.269
296,"Kiribati",1999,66,0.119,0.156,0.275
296,"Kiribati",1999,67,0.117,0.152,0.269
296,"Kiribati",1999,68,0.112,0.144,0.256
296,"Kiribati",1999,69,0.105,0.133,0.238
296,"Kiribati",1999,70,0.091,0.121,0.212
296,"Kiribati",1999,71,0.08,0.114,0.194
296,"Kiribati",1999,72,0.07,0.101,0.171
296,"Kiribati",1999,73,0.058,0.092,0.15
296,"Kiribati",1999,74,0.05,0.082,0.132
296,"Kiribati",1999,75,0.045,0.073,0.118
296,"Kiribati",1999,76,0.041,0.064,0.105
296,"Kiribati",1999,77,0.038,0.059,0.097
296,"Kiribati",1999,78,0.033,0.053,0.086
296,"Kiribati",1999,79,0.029,0.046,0.075
296,"Kiribati",1999,80,0.024,0.041,0.065
296,"Kiribati",1999,81,0.02,0.037,0.057
296,"Kiribati",1999,82,0.016,0.033,0.049
296,"Kiribati",1999,83,0.012,0.029,0.041
296,"Kiribati",1999,84,0.011,0.024,0.035
296,"Kiribati",1999,85,0.009,0.019,0.028
296,"Kiribati",1999,86,0.007,0.016,0.023
296,"Kiribati",1999,87,0.007,0.012,0.019
296,"Kiribati",1999,88,0.005,0.009,0.014
296,"Kiribati",1999,89,0.004,0.007,0.011
296,"Kiribati",1999,90,0.002,0.005,0.007
296,"Kiribati",1999,91,0.002,0.004,0.006
296,"Kiribati",1999,92,0.001,0.003,0.004
296,"Kiribati",1999,93,0.001,0.002,0.003
296,"Kiribati",1999,94,0.001,0.001,0.002
296,"Kiribati",1999,95,0,0.001,0.001
296,"Kiribati",1999,96,0,0.001,0.001
296,"Kiribati",1999,97,0,0,0
296,"Kiribati",1999,98,0,0,0
296,"Kiribati",1999,99,0,0,0
296,"Kiribati",1999,100,0,0,0
296,"Kiribati",2000,0,1.378,1.296,2.674
296,"Kiribati",2000,1,1.344,1.276,2.62
296,"Kiribati",2000,2,1.321,1.266,2.587
296,"Kiribati",2000,3,1.303,1.253,2.556
296,"Kiribati",2000,4,1.282,1.236,2.518
296,"Kiribati",2000,5,1.246,1.204,2.45
296,"Kiribati",2000,6,1.219,1.175,2.394
296,"Kiribati",2000,7,1.196,1.151,2.347
296,"Kiribati",2000,8,1.191,1.148,2.339
296,"Kiribati",2000,9,1.184,1.141,2.325
296,"Kiribati",2000,10,1.16,1.118,2.278
296,"Kiribati",2000,11,1.122,1.092,2.214
296,"Kiribati",2000,12,1.094,1.073,2.167
296,"Kiribati",2000,13,1.075,1.063,2.138
296,"Kiribati",2000,14,1.049,1.045,2.094
296,"Kiribati",2000,15,1.017,1.026,2.043
296,"Kiribati",2000,16,0.99,0.998,1.988
296,"Kiribati",2000,17,0.944,0.958,1.902
296,"Kiribati",2000,18,0.903,0.92,1.823
296,"Kiribati",2000,19,0.858,0.872,1.73
296,"Kiribati",2000,20,0.809,0.825,1.634
296,"Kiribati",2000,21,0.787,0.802,1.589
296,"Kiribati",2000,22,0.701,0.727,1.428
296,"Kiribati",2000,23,0.668,0.697,1.365
296,"Kiribati",2000,24,0.629,0.672,1.301
296,"Kiribati",2000,25,0.597,0.656,1.253
296,"Kiribati",2000,26,0.577,0.65,1.227
296,"Kiribati",2000,27,0.565,0.653,1.218
296,"Kiribati",2000,28,0.564,0.662,1.226
296,"Kiribati",2000,29,0.575,0.675,1.25
296,"Kiribati",2000,30,0.591,0.691,1.282
296,"Kiribati",2000,31,0.615,0.706,1.321
296,"Kiribati",2000,32,0.637,0.714,1.351
296,"Kiribati",2000,33,0.652,0.712,1.364
296,"Kiribati",2000,34,0.651,0.701,1.352
296,"Kiribati",2000,35,0.634,0.681,1.315
296,"Kiribati",2000,36,0.61,0.657,1.267
296,"Kiribati",2000,37,0.587,0.64,1.227
296,"Kiribati",2000,38,0.56,0.617,1.177
296,"Kiribati",2000,39,0.532,0.59,1.122
296,"Kiribati",2000,40,0.501,0.566,1.067
296,"Kiribati",2000,41,0.469,0.531,1
296,"Kiribati",2000,42,0.435,0.499,0.934
296,"Kiribati",2000,43,0.403,0.455,0.858
296,"Kiribati",2000,44,0.38,0.422,0.802
296,"Kiribati",2000,45,0.356,0.398,0.754
296,"Kiribati",2000,46,0.342,0.379,0.721
296,"Kiribati",2000,47,0.33,0.365,0.695
296,"Kiribati",2000,48,0.326,0.358,0.684
296,"Kiribati",2000,49,0.314,0.348,0.662
296,"Kiribati",2000,50,0.304,0.337,0.641
296,"Kiribati",2000,51,0.292,0.318,0.61
296,"Kiribati",2000,52,0.276,0.299,0.575
296,"Kiribati",2000,53,0.258,0.277,0.535
296,"Kiribati",2000,54,0.241,0.26,0.501
296,"Kiribati",2000,55,0.225,0.247,0.472
296,"Kiribati",2000,56,0.212,0.234,0.446
296,"Kiribati",2000,57,0.207,0.234,0.441
296,"Kiribati",2000,58,0.197,0.231,0.428
296,"Kiribati",2000,59,0.187,0.225,0.412
296,"Kiribati",2000,60,0.174,0.214,0.388
296,"Kiribati",2000,61,0.158,0.199,0.357
296,"Kiribati",2000,62,0.139,0.186,0.325
296,"Kiribati",2000,63,0.122,0.174,0.296
296,"Kiribati",2000,64,0.117,0.163,0.28
296,"Kiribati",2000,65,0.108,0.155,0.263
296,"Kiribati",2000,66,0.105,0.153,0.258
296,"Kiribati",2000,67,0.112,0.15,0.262
296,"Kiribati",2000,68,0.109,0.145,0.254
296,"Kiribati",2000,69,0.104,0.137,0.241
296,"Kiribati",2000,70,0.098,0.127,0.225
296,"Kiribati",2000,71,0.085,0.115,0.2
296,"Kiribati",2000,72,0.073,0.108,0.181
296,"Kiribati",2000,73,0.063,0.095,0.158
296,"Kiribati",2000,74,0.053,0.085,0.138
296,"Kiribati",2000,75,0.045,0.076,0.121
296,"Kiribati",2000,76,0.04,0.067,0.107
296,"Kiribati",2000,77,0.037,0.058,0.095
296,"Kiribati",2000,78,0.034,0.053,0.087
296,"Kiribati",2000,79,0.029,0.047,0.076
296,"Kiribati",2000,80,0.024,0.041,0.065
296,"Kiribati",2000,81,0.02,0.037,0.057
296,"Kiribati",2000,82,0.017,0.032,0.049
296,"Kiribati",2000,83,0.013,0.029,0.042
296,"Kiribati",2000,84,0.01,0.025,0.035
296,"Kiribati",2000,85,0.009,0.02,0.029
296,"Kiribati",2000,86,0.007,0.016,0.023
296,"Kiribati",2000,87,0.006,0.013,0.019
296,"Kiribati",2000,88,0.005,0.01,0.015
296,"Kiribati",2000,89,0.004,0.007,0.011
296,"Kiribati",2000,90,0.003,0.005,0.008
296,"Kiribati",2000,91,0.002,0.004,0.006
296,"Kiribati",2000,92,0.001,0.003,0.004
296,"Kiribati",2000,93,0.001,0.002,0.003
296,"Kiribati",2000,94,0.001,0.001,0.002
296,"Kiribati",2000,95,0,0.001,0.001
296,"Kiribati",2000,96,0,0.001,0.001
296,"Kiribati",2000,97,0,0,0
296,"Kiribati",2000,98,0,0,0
296,"Kiribati",2000,99,0,0,0
296,"Kiribati",2000,100,0,0,0
296,"Kiribati",2001,0,1.364,1.283,2.647
296,"Kiribati",2001,1,1.336,1.272,2.608
296,"Kiribati",2001,2,1.331,1.274,2.605
296,"Kiribati",2001,3,1.318,1.27,2.588
296,"Kiribati",2001,4,1.303,1.258,2.561
296,"Kiribati",2001,5,1.281,1.241,2.522
296,"Kiribati",2001,6,1.243,1.206,2.449
296,"Kiribati",2001,7,1.213,1.173,2.386
296,"Kiribati",2001,8,1.187,1.147,2.334
296,"Kiribati",2001,9,1.182,1.142,2.324
296,"Kiribati",2001,10,1.175,1.134,2.309
296,"Kiribati",2001,11,1.153,1.114,2.267
296,"Kiribati",2001,12,1.117,1.091,2.208
296,"Kiribati",2001,13,1.093,1.076,2.169
296,"Kiribati",2001,14,1.075,1.069,2.144
296,"Kiribati",2001,15,1.051,1.052,2.103
296,"Kiribati",2001,16,1.018,1.032,2.05
296,"Kiribati",2001,17,0.989,1.002,1.991
296,"Kiribati",2001,18,0.941,0.959,1.9
296,"Kiribati",2001,19,0.898,0.917,1.815
296,"Kiribati",2001,20,0.852,0.869,1.721
296,"Kiribati",2001,21,0.803,0.821,1.624
296,"Kiribati",2001,22,0.78,0.8,1.58
296,"Kiribati",2001,23,0.694,0.727,1.421
296,"Kiribati",2001,24,0.662,0.698,1.36
296,"Kiribati",2001,25,0.625,0.674,1.299
296,"Kiribati",2001,26,0.593,0.659,1.252
296,"Kiribati",2001,27,0.574,0.651,1.225
296,"Kiribati",2001,28,0.563,0.654,1.217
296,"Kiribati",2001,29,0.562,0.661,1.223
296,"Kiribati",2001,30,0.572,0.672,1.244
296,"Kiribati",2001,31,0.589,0.688,1.277
296,"Kiribati",2001,32,0.612,0.702,1.314
296,"Kiribati",2001,33,0.634,0.71,1.344
296,"Kiribati",2001,34,0.649,0.708,1.357
296,"Kiribati",2001,35,0.648,0.697,1.345
296,"Kiribati",2001,36,0.629,0.676,1.305
296,"Kiribati",2001,37,0.606,0.652,1.258
296,"Kiribati",2001,38,0.582,0.634,1.216
296,"Kiribati",2001,39,0.554,0.611,1.165
296,"Kiribati",2001,40,0.527,0.583,1.11
296,"Kiribati",2001,41,0.496,0.558,1.054
296,"Kiribati",2001,42,0.464,0.524,0.988
296,"Kiribati",2001,43,0.431,0.493,0.924
296,"Kiribati",2001,44,0.399,0.45,0.849
296,"Kiribati",2001,45,0.375,0.417,0.792
296,"Kiribati",2001,46,0.351,0.394,0.745
296,"Kiribati",2001,47,0.337,0.376,0.713
296,"Kiribati",2001,48,0.326,0.363,0.689
296,"Kiribati",2001,49,0.32,0.356,0.676
296,"Kiribati",2001,50,0.308,0.346,0.654
296,"Kiribati",2001,51,0.298,0.334,0.632
296,"Kiribati",2001,52,0.285,0.315,0.6
296,"Kiribati",2001,53,0.269,0.296,0.565
296,"Kiribati",2001,54,0.251,0.273,0.524
296,"Kiribati",2001,55,0.233,0.255,0.488
296,"Kiribati",2001,56,0.218,0.243,0.461
296,"Kiribati",2001,57,0.206,0.229,0.435
296,"Kiribati",2001,58,0.2,0.229,0.429
296,"Kiribati",2001,59,0.191,0.226,0.417
296,"Kiribati",2001,60,0.181,0.219,0.4
296,"Kiribati",2001,61,0.168,0.208,0.376
296,"Kiribati",2001,62,0.152,0.194,0.346
296,"Kiribati",2001,63,0.134,0.18,0.314
296,"Kiribati",2001,64,0.117,0.168,0.285
296,"Kiribati",2001,65,0.111,0.157,0.268
296,"Kiribati",2001,66,0.103,0.15,0.253
296,"Kiribati",2001,67,0.099,0.147,0.246
296,"Kiribati",2001,68,0.106,0.144,0.25
296,"Kiribati",2001,69,0.104,0.14,0.244
296,"Kiribati",2001,70,0.098,0.132,0.23
296,"Kiribati",2001,71,0.092,0.122,0.214
296,"Kiribati",2001,72,0.079,0.109,0.188
296,"Kiribati",2001,73,0.068,0.102,0.17
296,"Kiribati",2001,74,0.058,0.089,0.147
296,"Kiribati",2001,75,0.049,0.081,0.13
296,"Kiribati",2001,76,0.042,0.072,0.114
296,"Kiribati",2001,77,0.036,0.063,0.099
296,"Kiribati",2001,78,0.033,0.054,0.087
296,"Kiribati",2001,79,0.03,0.049,0.079
296,"Kiribati",2001,80,0.025,0.043,0.068
296,"Kiribati",2001,81,0.021,0.037,0.058
296,"Kiribati",2001,82,0.017,0.033,0.05
296,"Kiribati",2001,83,0.014,0.029,0.043
296,"Kiribati",2001,84,0.011,0.025,0.036
296,"Kiribati",2001,85,0.009,0.022,0.031
296,"Kiribati",2001,86,0.007,0.017,0.024
296,"Kiribati",2001,87,0.006,0.013,0.019
296,"Kiribati",2001,88,0.005,0.01,0.015
296,"Kiribati",2001,89,0.004,0.008,0.012
296,"Kiribati",2001,90,0.003,0.005,0.008
296,"Kiribati",2001,91,0.002,0.004,0.006
296,"Kiribati",2001,92,0.001,0.003,0.004
296,"Kiribati",2001,93,0.001,0.002,0.003
296,"Kiribati",2001,94,0.001,0.001,0.002
296,"Kiribati",2001,95,0,0.001,0.001
296,"Kiribati",2001,96,0,0.001,0.001
296,"Kiribati",2001,97,0,0,0
296,"Kiribati",2001,98,0,0,0
296,"Kiribati",2001,99,0,0,0
296,"Kiribati",2001,100,0,0,0
296,"Kiribati",2002,0,1.344,1.263,2.607
296,"Kiribati",2002,1,1.331,1.261,2.592
296,"Kiribati",2002,2,1.326,1.268,2.594
296,"Kiribati",2002,3,1.327,1.276,2.603
296,"Kiribati",2002,4,1.318,1.273,2.591
296,"Kiribati",2002,5,1.303,1.26,2.563
296,"Kiribati",2002,6,1.278,1.242,2.52
296,"Kiribati",2002,7,1.239,1.205,2.444
296,"Kiribati",2002,8,1.207,1.17,2.377
296,"Kiribati",2002,9,1.18,1.142,2.322
296,"Kiribati",2002,10,1.175,1.137,2.312
296,"Kiribati",2002,11,1.17,1.131,2.301
296,"Kiribati",2002,12,1.15,1.113,2.263
296,"Kiribati",2002,13,1.116,1.093,2.209
296,"Kiribati",2002,14,1.093,1.08,2.173
296,"Kiribati",2002,15,1.076,1.073,2.149
296,"Kiribati",2002,16,1.051,1.056,2.107
296,"Kiribati",2002,17,1.018,1.033,2.051
296,"Kiribati",2002,18,0.987,1.001,1.988
296,"Kiribati",2002,19,0.937,0.956,1.893
296,"Kiribati",2002,20,0.893,0.914,1.807
296,"Kiribati",2002,21,0.847,0.865,1.712
296,"Kiribati",2002,22,0.798,0.818,1.616
296,"Kiribati",2002,23,0.775,0.799,1.574
296,"Kiribati",2002,24,0.689,0.728,1.417
296,"Kiribati",2002,25,0.658,0.7,1.358
296,"Kiribati",2002,26,0.621,0.676,1.297
296,"Kiribati",2002,27,0.59,0.659,1.249
296,"Kiribati",2002,28,0.571,0.651,1.222
296,"Kiribati",2002,29,0.56,0.652,1.212
296,"Kiribati",2002,30,0.56,0.658,1.218
296,"Kiribati",2002,31,0.571,0.669,1.24
296,"Kiribati",2002,32,0.587,0.684,1.271
296,"Kiribati",2002,33,0.611,0.698,1.309
296,"Kiribati",2002,34,0.632,0.706,1.338
296,"Kiribati",2002,35,0.646,0.704,1.35
296,"Kiribati",2002,36,0.644,0.693,1.337
296,"Kiribati",2002,37,0.626,0.672,1.298
296,"Kiribati",2002,38,0.602,0.647,1.249
296,"Kiribati",2002,39,0.578,0.629,1.207
296,"Kiribati",2002,40,0.55,0.606,1.156
296,"Kiribati",2002,41,0.522,0.578,1.1
296,"Kiribati",2002,42,0.492,0.553,1.045
296,"Kiribati",2002,43,0.46,0.519,0.979
296,"Kiribati",2002,44,0.427,0.489,0.916
296,"Kiribati",2002,45,0.396,0.446,0.842
296,"Kiribati",2002,46,0.372,0.414,0.786
296,"Kiribati",2002,47,0.348,0.391,0.739
296,"Kiribati",2002,48,0.333,0.374,0.707
296,"Kiribati",2002,49,0.321,0.361,0.682
296,"Kiribati",2002,50,0.315,0.353,0.668
296,"Kiribati",2002,51,0.303,0.344,0.647
296,"Kiribati",2002,52,0.293,0.332,0.625
296,"Kiribati",2002,53,0.279,0.311,0.59
296,"Kiribati",2002,54,0.263,0.292,0.555
296,"Kiribati",2002,55,0.244,0.269,0.513
296,"Kiribati",2002,56,0.228,0.25,0.478
296,"Kiribati",2002,57,0.213,0.238,0.451
296,"Kiribati",2002,58,0.2,0.224,0.424
296,"Kiribati",2002,59,0.194,0.224,0.418
296,"Kiribati",2002,60,0.187,0.222,0.409
296,"Kiribati",2002,61,0.176,0.215,0.391
296,"Kiribati",2002,62,0.163,0.203,0.366
296,"Kiribati",2002,63,0.147,0.189,0.336
296,"Kiribati",2002,64,0.129,0.175,0.304
296,"Kiribati",2002,65,0.112,0.163,0.275
296,"Kiribati",2002,66,0.106,0.152,0.258
296,"Kiribati",2002,67,0.098,0.145,0.243
296,"Kiribati",2002,68,0.094,0.142,0.236
296,"Kiribati",2002,69,0.1,0.139,0.239
296,"Kiribati",2002,70,0.098,0.135,0.233
296,"Kiribati",2002,71,0.092,0.126,0.218
296,"Kiribati",2002,72,0.086,0.116,0.202
296,"Kiribati",2002,73,0.074,0.104,0.178
296,"Kiribati",2002,74,0.063,0.096,0.159
296,"Kiribati",2002,75,0.054,0.084,0.138
296,"Kiribati",2002,76,0.045,0.076,0.121
296,"Kiribati",2002,77,0.038,0.067,0.105
296,"Kiribati",2002,78,0.033,0.059,0.092
296,"Kiribati",2002,79,0.03,0.05,0.08
296,"Kiribati",2002,80,0.026,0.045,0.071
296,"Kiribati",2002,81,0.022,0.039,0.061
296,"Kiribati",2002,82,0.018,0.034,0.052
296,"Kiribati",2002,83,0.015,0.029,0.044
296,"Kiribati",2002,84,0.012,0.024,0.036
296,"Kiribati",2002,85,0.009,0.021,0.03
296,"Kiribati",2002,86,0.007,0.018,0.025
296,"Kiribati",2002,87,0.006,0.014,0.02
296,"Kiribati",2002,88,0.005,0.01,0.015
296,"Kiribati",2002,89,0.003,0.008,0.011
296,"Kiribati",2002,90,0.003,0.006,0.009
296,"Kiribati",2002,91,0.002,0.004,0.006
296,"Kiribati",2002,92,0.001,0.003,0.004
296,"Kiribati",2002,93,0.001,0.002,0.003
296,"Kiribati",2002,94,0.001,0.001,0.002
296,"Kiribati",2002,95,0,0.001,0.001
296,"Kiribati",2002,96,0,0.001,0.001
296,"Kiribati",2002,97,0,0,0
296,"Kiribati",2002,98,0,0,0
296,"Kiribati",2002,99,0,0,0
296,"Kiribati",2002,100,0,0,0
296,"Kiribati",2003,0,1.333,1.253,2.586
296,"Kiribati",2003,1,1.31,1.242,2.552
296,"Kiribati",2003,2,1.32,1.258,2.578
296,"Kiribati",2003,3,1.323,1.27,2.593
296,"Kiribati",2003,4,1.326,1.278,2.604
296,"Kiribati",2003,5,1.317,1.275,2.592
296,"Kiribati",2003,6,1.299,1.262,2.561
296,"Kiribati",2003,7,1.273,1.241,2.514
296,"Kiribati",2003,8,1.232,1.202,2.434
296,"Kiribati",2003,9,1.2,1.165,2.365
296,"Kiribati",2003,10,1.173,1.137,2.31
296,"Kiribati",2003,11,1.168,1.133,2.301
296,"Kiribati",2003,12,1.166,1.13,2.296
296,"Kiribati",2003,13,1.149,1.115,2.264
296,"Kiribati",2003,14,1.115,1.097,2.212
296,"Kiribati",2003,15,1.093,1.085,2.178
296,"Kiribati",2003,16,1.077,1.076,2.153
296,"Kiribati",2003,17,1.051,1.058,2.109
296,"Kiribati",2003,18,1.015,1.033,2.048
296,"Kiribati",2003,19,0.983,0.999,1.982
296,"Kiribati",2003,20,0.932,0.952,1.884
296,"Kiribati",2003,21,0.887,0.91,1.797
296,"Kiribati",2003,22,0.841,0.863,1.704
296,"Kiribati",2003,23,0.793,0.818,1.611
296,"Kiribati",2003,24,0.77,0.8,1.57
296,"Kiribati",2003,25,0.685,0.729,1.414
296,"Kiribati",2003,26,0.654,0.701,1.355
296,"Kiribati",2003,27,0.618,0.676,1.294
296,"Kiribati",2003,28,0.588,0.659,1.247
296,"Kiribati",2003,29,0.569,0.649,1.218
296,"Kiribati",2003,30,0.558,0.65,1.208
296,"Kiribati",2003,31,0.559,0.655,1.214
296,"Kiribati",2003,32,0.569,0.666,1.235
296,"Kiribati",2003,33,0.584,0.68,1.264
296,"Kiribati",2003,34,0.608,0.694,1.302
296,"Kiribati",2003,35,0.629,0.702,1.331
296,"Kiribati",2003,36,0.643,0.7,1.343
296,"Kiribati",2003,37,0.64,0.688,1.328
296,"Kiribati",2003,38,0.622,0.667,1.289
296,"Kiribati",2003,39,0.598,0.642,1.24
296,"Kiribati",2003,40,0.573,0.624,1.197
296,"Kiribati",2003,41,0.546,0.6,1.146
296,"Kiribati",2003,42,0.518,0.573,1.091
296,"Kiribati",2003,43,0.487,0.548,1.035
296,"Kiribati",2003,44,0.456,0.514,0.97
296,"Kiribati",2003,45,0.424,0.484,0.908
296,"Kiribati",2003,46,0.392,0.443,0.835
296,"Kiribati",2003,47,0.368,0.41,0.778
296,"Kiribati",2003,48,0.343,0.388,0.731
296,"Kiribati",2003,49,0.328,0.371,0.699
296,"Kiribati",2003,50,0.316,0.358,0.674
296,"Kiribati",2003,51,0.31,0.351,0.661
296,"Kiribati",2003,52,0.297,0.341,0.638
296,"Kiribati",2003,53,0.287,0.328,0.615
296,"Kiribati",2003,54,0.272,0.308,0.58
296,"Kiribati",2003,55,0.256,0.287,0.543
296,"Kiribati",2003,56,0.238,0.264,0.502
296,"Kiribati",2003,57,0.222,0.246,0.468
296,"Kiribati",2003,58,0.207,0.233,0.44
296,"Kiribati",2003,59,0.195,0.219,0.414
296,"Kiribati",2003,60,0.188,0.219,0.407
296,"Kiribati",2003,61,0.181,0.217,0.398
296,"Kiribati",2003,62,0.171,0.21,0.381
296,"Kiribati",2003,63,0.156,0.199,0.355
296,"Kiribati",2003,64,0.141,0.184,0.325
296,"Kiribati",2003,65,0.123,0.17,0.293
296,"Kiribati",2003,66,0.107,0.158,0.265
296,"Kiribati",2003,67,0.101,0.147,0.248
296,"Kiribati",2003,68,0.093,0.139,0.232
296,"Kiribati",2003,69,0.089,0.137,0.226
296,"Kiribati",2003,70,0.094,0.134,0.228
296,"Kiribati",2003,71,0.091,0.129,0.22
296,"Kiribati",2003,72,0.086,0.12,0.206
296,"Kiribati",2003,73,0.081,0.11,0.191
296,"Kiribati",2003,74,0.069,0.098,0.167
296,"Kiribati",2003,75,0.058,0.09,0.148
296,"Kiribati",2003,76,0.049,0.079,0.128
296,"Kiribati",2003,77,0.041,0.071,0.112
296,"Kiribati",2003,78,0.034,0.063,0.097
296,"Kiribati",2003,79,0.029,0.054,0.083
296,"Kiribati",2003,80,0.026,0.046,0.072
296,"Kiribati",2003,81,0.023,0.041,0.064
296,"Kiribati",2003,82,0.019,0.035,0.054
296,"Kiribati",2003,83,0.016,0.03,0.046
296,"Kiribati",2003,84,0.012,0.024,0.036
296,"Kiribati",2003,85,0.01,0.021,0.031
296,"Kiribati",2003,86,0.007,0.018,0.025
296,"Kiribati",2003,87,0.005,0.015,0.02
296,"Kiribati",2003,88,0.004,0.011,0.015
296,"Kiribati",2003,89,0.003,0.008,0.011
296,"Kiribati",2003,90,0.003,0.006,0.009
296,"Kiribati",2003,91,0.002,0.004,0.006
296,"Kiribati",2003,92,0.001,0.003,0.004
296,"Kiribati",2003,93,0.001,0.002,0.003
296,"Kiribati",2003,94,0.001,0.001,0.002
296,"Kiribati",2003,95,0,0.001,0.001
296,"Kiribati",2003,96,0,0.001,0.001
296,"Kiribati",2003,97,0,0,0
296,"Kiribati",2003,98,0,0,0
296,"Kiribati",2003,99,0,0,0
296,"Kiribati",2003,100,0,0,0
296,"Kiribati",2004,0,1.376,1.293,2.669
296,"Kiribati",2004,1,1.297,1.232,2.529
296,"Kiribati",2004,2,1.298,1.24,2.538
296,"Kiribati",2004,3,1.317,1.261,2.578
296,"Kiribati",2004,4,1.323,1.274,2.597
296,"Kiribati",2004,5,1.325,1.283,2.608
296,"Kiribati",2004,6,1.314,1.278,2.592
296,"Kiribati",2004,7,1.294,1.26,2.554
296,"Kiribati",2004,8,1.266,1.236,2.502
296,"Kiribati",2004,9,1.223,1.196,2.419
296,"Kiribati",2004,10,1.191,1.159,2.35
296,"Kiribati",2004,11,1.166,1.133,2.299
296,"Kiribati",2004,12,1.164,1.132,2.296
296,"Kiribati",2004,13,1.165,1.132,2.297
296,"Kiribati",2004,14,1.15,1.12,2.27
296,"Kiribati",2004,15,1.117,1.103,2.22
296,"Kiribati",2004,16,1.094,1.09,2.184
296,"Kiribati",2004,17,1.076,1.079,2.155
296,"Kiribati",2004,18,1.048,1.057,2.105
296,"Kiribati",2004,19,1.011,1.03,2.041
296,"Kiribati",2004,20,0.977,0.995,1.972
296,"Kiribati",2004,21,0.926,0.949,1.875
296,"Kiribati",2004,22,0.881,0.908,1.789
296,"Kiribati",2004,23,0.835,0.862,1.697
296,"Kiribati",2004,24,0.787,0.819,1.606
296,"Kiribati",2004,25,0.765,0.801,1.566
296,"Kiribati",2004,26,0.681,0.732,1.413
296,"Kiribati",2004,27,0.651,0.703,1.354
296,"Kiribati",2004,28,0.615,0.676,1.291
296,"Kiribati",2004,29,0.585,0.657,1.242
296,"Kiribati",2004,30,0.566,0.647,1.213
296,"Kiribati",2004,31,0.556,0.646,1.202
296,"Kiribati",2004,32,0.557,0.651,1.208
296,"Kiribati",2004,33,0.567,0.662,1.229
296,"Kiribati",2004,34,0.582,0.676,1.258
296,"Kiribati",2004,35,0.605,0.69,1.295
296,"Kiribati",2004,36,0.624,0.698,1.322
296,"Kiribati",2004,37,0.639,0.694,1.333
296,"Kiribati",2004,38,0.636,0.683,1.319
296,"Kiribati",2004,39,0.617,0.66,1.277
296,"Kiribati",2004,40,0.592,0.635,1.227
296,"Kiribati",2004,41,0.568,0.618,1.186
296,"Kiribati",2004,42,0.541,0.593,1.134
296,"Kiribati",2004,43,0.513,0.566,1.079
296,"Kiribati",2004,44,0.482,0.542,1.024
296,"Kiribati",2004,45,0.451,0.51,0.961
296,"Kiribati",2004,46,0.419,0.48,0.899
296,"Kiribati",2004,47,0.387,0.439,0.826
296,"Kiribati",2004,48,0.364,0.408,0.772
296,"Kiribati",2004,49,0.339,0.386,0.725
296,"Kiribati",2004,50,0.322,0.37,0.692
296,"Kiribati",2004,51,0.31,0.356,0.666
296,"Kiribati",2004,52,0.304,0.348,0.652
296,"Kiribati",2004,53,0.291,0.337,0.628
296,"Kiribati",2004,54,0.28,0.324,0.604
296,"Kiribati",2004,55,0.266,0.303,0.569
296,"Kiribati",2004,56,0.249,0.282,0.531
296,"Kiribati",2004,57,0.231,0.259,0.49
296,"Kiribati",2004,58,0.216,0.241,0.457
296,"Kiribati",2004,59,0.201,0.228,0.429
296,"Kiribati",2004,60,0.189,0.214,0.403
296,"Kiribati",2004,61,0.182,0.213,0.395
296,"Kiribati",2004,62,0.175,0.212,0.387
296,"Kiribati",2004,63,0.164,0.204,0.368
296,"Kiribati",2004,64,0.15,0.192,0.342
296,"Kiribati",2004,65,0.135,0.179,0.314
296,"Kiribati",2004,66,0.116,0.165,0.281
296,"Kiribati",2004,67,0.102,0.153,0.255
296,"Kiribati",2004,68,0.096,0.142,0.238
296,"Kiribati",2004,69,0.088,0.134,0.222
296,"Kiribati",2004,70,0.083,0.132,0.215
296,"Kiribati",2004,71,0.088,0.129,0.217
296,"Kiribati",2004,72,0.085,0.123,0.208
296,"Kiribati",2004,73,0.079,0.114,0.193
296,"Kiribati",2004,74,0.075,0.104,0.179
296,"Kiribati",2004,75,0.064,0.093,0.157
296,"Kiribati",2004,76,0.054,0.085,0.139
296,"Kiribati",2004,77,0.045,0.074,0.119
296,"Kiribati",2004,78,0.037,0.066,0.103
296,"Kiribati",2004,79,0.03,0.058,0.088
296,"Kiribati",2004,80,0.026,0.05,0.076
296,"Kiribati",2004,81,0.023,0.042,0.065
296,"Kiribati",2004,82,0.02,0.037,0.057
296,"Kiribati",2004,83,0.016,0.032,0.048
296,"Kiribati",2004,84,0.013,0.027,0.04
296,"Kiribati",2004,85,0.01,0.02,0.03
296,"Kiribati",2004,86,0.008,0.017,0.025
296,"Kiribati",2004,87,0.006,0.014,0.02
296,"Kiribati",2004,88,0.004,0.012,0.016
296,"Kiribati",2004,89,0.003,0.009,0.012
296,"Kiribati",2004,90,0.003,0.006,0.009
296,"Kiribati",2004,91,0.002,0.005,0.007
296,"Kiribati",2004,92,0.001,0.003,0.004
296,"Kiribati",2004,93,0.001,0.002,0.003
296,"Kiribati",2004,94,0.001,0.001,0.002
296,"Kiribati",2004,95,0,0.001,0.001
296,"Kiribati",2004,96,0,0.001,0.001
296,"Kiribati",2004,97,0,0,0
296,"Kiribati",2004,98,0,0,0
296,"Kiribati",2004,99,0,0,0
296,"Kiribati",2004,100,0,0,0
296,"Kiribati",2005,0,1.418,1.333,2.751
296,"Kiribati",2005,1,1.333,1.269,2.602
296,"Kiribati",2005,2,1.285,1.23,2.515
296,"Kiribati",2005,3,1.296,1.245,2.541
296,"Kiribati",2005,4,1.319,1.267,2.586
296,"Kiribati",2005,5,1.324,1.28,2.604
296,"Kiribati",2005,6,1.322,1.286,2.608
296,"Kiribati",2005,7,1.307,1.277,2.584
296,"Kiribati",2005,8,1.284,1.255,2.539
296,"Kiribati",2005,9,1.255,1.229,2.484
296,"Kiribati",2005,10,1.213,1.189,2.402
296,"Kiribati",2005,11,1.183,1.154,2.337
296,"Kiribati",2005,12,1.161,1.133,2.294
296,"Kiribati",2005,13,1.162,1.135,2.297
296,"Kiribati",2005,14,1.165,1.139,2.304
296,"Kiribati",2005,15,1.151,1.128,2.279
296,"Kiribati",2005,16,1.118,1.11,2.228
296,"Kiribati",2005,17,1.093,1.093,2.186
296,"Kiribati",2005,18,1.073,1.079,2.152
296,"Kiribati",2005,19,1.043,1.054,2.097
296,"Kiribati",2005,20,1.005,1.026,2.031
296,"Kiribati",2005,21,0.97,0.991,1.961
296,"Kiribati",2005,22,0.919,0.946,1.865
296,"Kiribati",2005,23,0.874,0.907,1.781
296,"Kiribati",2005,24,0.828,0.863,1.691
296,"Kiribati",2005,25,0.781,0.822,1.603
296,"Kiribati",2005,26,0.761,0.803,1.564
296,"Kiribati",2005,27,0.677,0.733,1.41
296,"Kiribati",2005,28,0.647,0.703,1.35
296,"Kiribati",2005,29,0.612,0.674,1.286
296,"Kiribati",2005,30,0.583,0.655,1.238
296,"Kiribati",2005,31,0.564,0.643,1.207
296,"Kiribati",2005,32,0.554,0.642,1.196
296,"Kiribati",2005,33,0.555,0.646,1.201
296,"Kiribati",2005,34,0.564,0.657,1.221
296,"Kiribati",2005,35,0.579,0.671,1.25
296,"Kiribati",2005,36,0.601,0.685,1.286
296,"Kiribati",2005,37,0.62,0.693,1.313
296,"Kiribati",2005,38,0.633,0.688,1.321
296,"Kiribati",2005,39,0.63,0.676,1.306
296,"Kiribati",2005,40,0.611,0.653,1.264
296,"Kiribati",2005,41,0.587,0.628,1.215
296,"Kiribati",2005,42,0.562,0.61,1.172
296,"Kiribati",2005,43,0.535,0.586,1.121
296,"Kiribati",2005,44,0.509,0.56,1.069
296,"Kiribati",2005,45,0.478,0.537,1.015
296,"Kiribati",2005,46,0.446,0.505,0.951
296,"Kiribati",2005,47,0.414,0.476,0.89
296,"Kiribati",2005,48,0.383,0.437,0.82
296,"Kiribati",2005,49,0.358,0.406,0.764
296,"Kiribati",2005,50,0.333,0.385,0.718
296,"Kiribati",2005,51,0.315,0.367,0.682
296,"Kiribati",2005,52,0.303,0.353,0.656
296,"Kiribati",2005,53,0.296,0.344,0.64
296,"Kiribati",2005,54,0.283,0.332,0.615
296,"Kiribati",2005,55,0.272,0.319,0.591
296,"Kiribati",2005,56,0.258,0.297,0.555
296,"Kiribati",2005,57,0.242,0.276,0.518
296,"Kiribati",2005,58,0.224,0.253,0.477
296,"Kiribati",2005,59,0.209,0.235,0.444
296,"Kiribati",2005,60,0.195,0.223,0.418
296,"Kiribati",2005,61,0.182,0.209,0.391
296,"Kiribati",2005,62,0.176,0.208,0.384
296,"Kiribati",2005,63,0.168,0.206,0.374
296,"Kiribati",2005,64,0.157,0.198,0.355
296,"Kiribati",2005,65,0.143,0.186,0.329
296,"Kiribati",2005,66,0.128,0.172,0.3
296,"Kiribati",2005,67,0.11,0.159,0.269
296,"Kiribati",2005,68,0.096,0.147,0.243
296,"Kiribati",2005,69,0.091,0.136,0.227
296,"Kiribati",2005,70,0.083,0.129,0.212
296,"Kiribati",2005,71,0.078,0.126,0.204
296,"Kiribati",2005,72,0.082,0.123,0.205
296,"Kiribati",2005,73,0.079,0.117,0.196
296,"Kiribati",2005,74,0.073,0.109,0.182
296,"Kiribati",2005,75,0.07,0.099,0.169
296,"Kiribati",2005,76,0.058,0.088,0.146
296,"Kiribati",2005,77,0.049,0.08,0.129
296,"Kiribati",2005,78,0.04,0.069,0.109
296,"Kiribati",2005,79,0.033,0.061,0.094
296,"Kiribati",2005,80,0.027,0.053,0.08
296,"Kiribati",2005,81,0.023,0.045,0.068
296,"Kiribati",2005,82,0.02,0.038,0.058
296,"Kiribati",2005,83,0.017,0.033,0.05
296,"Kiribati",2005,84,0.014,0.028,0.042
296,"Kiribati",2005,85,0.011,0.023,0.034
296,"Kiribati",2005,86,0.008,0.018,0.026
296,"Kiribati",2005,87,0.006,0.014,0.02
296,"Kiribati",2005,88,0.005,0.011,0.016
296,"Kiribati",2005,89,0.003,0.009,0.012
296,"Kiribati",2005,90,0.002,0.007,0.009
296,"Kiribati",2005,91,0.002,0.005,0.007
296,"Kiribati",2005,92,0.001,0.003,0.004
296,"Kiribati",2005,93,0.001,0.002,0.003
296,"Kiribati",2005,94,0.001,0.001,0.002
296,"Kiribati",2005,95,0,0.001,0.001
296,"Kiribati",2005,96,0,0.001,0.001
296,"Kiribati",2005,97,0,0,0
296,"Kiribati",2005,98,0,0,0
296,"Kiribati",2005,99,0,0,0
296,"Kiribati",2005,100,0,0,0
296,"Kiribati",2006,0,1.476,1.387,2.863
296,"Kiribati",2006,1,1.378,1.301,2.679
296,"Kiribati",2006,2,1.322,1.26,2.582
296,"Kiribati",2006,3,1.281,1.226,2.507
296,"Kiribati",2006,4,1.294,1.24,2.534
296,"Kiribati",2006,5,1.318,1.26,2.578
296,"Kiribati",2006,6,1.32,1.269,2.589
296,"Kiribati",2006,7,1.316,1.275,2.591
296,"Kiribati",2006,8,1.301,1.267,2.568
296,"Kiribati",2006,9,1.276,1.246,2.522
296,"Kiribati",2006,10,1.247,1.222,2.469
296,"Kiribati",2006,11,1.205,1.184,2.389
296,"Kiribati",2006,12,1.177,1.153,2.33
296,"Kiribati",2006,13,1.158,1.137,2.295
296,"Kiribati",2006,14,1.162,1.144,2.306
296,"Kiribati",2006,15,1.167,1.15,2.317
296,"Kiribati",2006,16,1.154,1.138,2.292
296,"Kiribati",2006,17,1.122,1.119,2.241
296,"Kiribati",2006,18,1.092,1.098,2.19
296,"Kiribati",2006,19,1.068,1.08,2.148
296,"Kiribati",2006,20,1.033,1.052,2.085
296,"Kiribati",2006,21,0.991,1.02,2.011
296,"Kiribati",2006,22,0.956,0.986,1.942
296,"Kiribati",2006,23,0.909,0.943,1.852
296,"Kiribati",2006,24,0.867,0.908,1.775
296,"Kiribati",2006,25,0.822,0.865,1.687
296,"Kiribati",2006,26,0.776,0.824,1.6
296,"Kiribati",2006,27,0.756,0.807,1.563
296,"Kiribati",2006,28,0.672,0.733,1.405
296,"Kiribati",2006,29,0.641,0.702,1.343
296,"Kiribati",2006,30,0.606,0.673,1.279
296,"Kiribati",2006,31,0.577,0.653,1.23
296,"Kiribati",2006,32,0.561,0.644,1.205
296,"Kiribati",2006,33,0.555,0.644,1.199
296,"Kiribati",2006,34,0.557,0.649,1.206
296,"Kiribati",2006,35,0.564,0.657,1.221
296,"Kiribati",2006,36,0.578,0.669,1.247
296,"Kiribati",2006,37,0.6,0.683,1.283
296,"Kiribati",2006,38,0.617,0.69,1.307
296,"Kiribati",2006,39,0.627,0.684,1.311
296,"Kiribati",2006,40,0.622,0.671,1.293
296,"Kiribati",2006,41,0.601,0.648,1.249
296,"Kiribati",2006,42,0.577,0.623,1.2
296,"Kiribati",2006,43,0.554,0.607,1.161
296,"Kiribati",2006,44,0.53,0.584,1.114
296,"Kiribati",2006,45,0.505,0.558,1.063
296,"Kiribati",2006,46,0.475,0.536,1.011
296,"Kiribati",2006,47,0.444,0.505,0.949
296,"Kiribati",2006,48,0.411,0.476,0.887
296,"Kiribati",2006,49,0.377,0.433,0.81
296,"Kiribati",2006,50,0.348,0.397,0.745
296,"Kiribati",2006,51,0.319,0.374,0.693
296,"Kiribati",2006,52,0.303,0.358,0.661
296,"Kiribati",2006,53,0.295,0.347,0.642
296,"Kiribati",2006,54,0.291,0.341,0.632
296,"Kiribati",2006,55,0.277,0.329,0.606
296,"Kiribati",2006,56,0.265,0.314,0.579
296,"Kiribati",2006,57,0.25,0.29,0.54
296,"Kiribati",2006,58,0.233,0.268,0.501
296,"Kiribati",2006,59,0.215,0.244,0.459
296,"Kiribati",2006,60,0.2,0.225,0.425
296,"Kiribati",2006,61,0.185,0.212,0.397
296,"Kiribati",2006,62,0.172,0.2,0.372
296,"Kiribati",2006,63,0.166,0.201,0.367
296,"Kiribati",2006,64,0.159,0.201,0.36
296,"Kiribati",2006,65,0.152,0.195,0.347
296,"Kiribati",2006,66,0.139,0.184,0.323
296,"Kiribati",2006,67,0.125,0.172,0.297
296,"Kiribati",2006,68,0.107,0.159,0.266
296,"Kiribati",2006,69,0.092,0.145,0.237
296,"Kiribati",2006,70,0.085,0.133,0.218
296,"Kiribati",2006,71,0.077,0.125,0.202
296,"Kiribati",2006,72,0.073,0.122,0.195
296,"Kiribati",2006,73,0.075,0.116,0.191
296,"Kiribati",2006,74,0.072,0.111,0.183
296,"Kiribati",2006,75,0.066,0.102,0.168
296,"Kiribati",2006,76,0.063,0.093,0.156
296,"Kiribati",2006,77,0.052,0.081,0.133
296,"Kiribati",2006,78,0.043,0.072,0.115
296,"Kiribati",2006,79,0.035,0.06,0.095
296,"Kiribati",2006,80,0.028,0.053,0.081
296,"Kiribati",2006,81,0.023,0.046,0.069
296,"Kiribati",2006,82,0.018,0.039,0.057
296,"Kiribati",2006,83,0.016,0.032,0.048
296,"Kiribati",2006,84,0.013,0.027,0.04
296,"Kiribati",2006,85,0.011,0.023,0.034
296,"Kiribati",2006,86,0.009,0.019,0.028
296,"Kiribati",2006,87,0.007,0.015,0.022
296,"Kiribati",2006,88,0.005,0.011,0.016
296,"Kiribati",2006,89,0.003,0.009,0.012
296,"Kiribati",2006,90,0.002,0.007,0.009
296,"Kiribati",2006,91,0.002,0.005,0.007
296,"Kiribati",2006,92,0.001,0.003,0.004
296,"Kiribati",2006,93,0.001,0.002,0.003
296,"Kiribati",2006,94,0.001,0.002,0.003
296,"Kiribati",2006,95,0,0.001,0.001
296,"Kiribati",2006,96,0,0.001,0.001
296,"Kiribati",2006,97,0,0,0
296,"Kiribati",2006,98,0,0,0
296,"Kiribati",2006,99,0,0,0
296,"Kiribati",2006,100,0,0,0
296,"Kiribati",2007,0,1.537,1.445,2.982
296,"Kiribati",2007,1,1.435,1.355,2.79
296,"Kiribati",2007,2,1.367,1.292,2.659
296,"Kiribati",2007,3,1.318,1.256,2.574
296,"Kiribati",2007,4,1.279,1.222,2.501
296,"Kiribati",2007,5,1.293,1.233,2.526
296,"Kiribati",2007,6,1.315,1.249,2.564
296,"Kiribati",2007,7,1.315,1.258,2.573
296,"Kiribati",2007,8,1.31,1.265,2.575
296,"Kiribati",2007,9,1.292,1.258,2.55
296,"Kiribati",2007,10,1.268,1.238,2.506
296,"Kiribati",2007,11,1.238,1.217,2.455
296,"Kiribati",2007,12,1.199,1.183,2.382
296,"Kiribati",2007,13,1.174,1.157,2.331
296,"Kiribati",2007,14,1.157,1.146,2.303
296,"Kiribati",2007,15,1.164,1.155,2.319
296,"Kiribati",2007,16,1.169,1.16,2.329
296,"Kiribati",2007,17,1.157,1.146,2.303
296,"Kiribati",2007,18,1.121,1.123,2.244
296,"Kiribati",2007,19,1.087,1.098,2.185
296,"Kiribati",2007,20,1.059,1.077,2.136
296,"Kiribati",2007,21,1.02,1.046,2.066
296,"Kiribati",2007,22,0.977,1.014,1.991
296,"Kiribati",2007,23,0.945,0.983,1.928
296,"Kiribati",2007,24,0.901,0.944,1.845
296,"Kiribati",2007,25,0.861,0.909,1.77
296,"Kiribati",2007,26,0.817,0.867,1.684
296,"Kiribati",2007,27,0.771,0.827,1.598
296,"Kiribati",2007,28,0.75,0.807,1.557
296,"Kiribati",2007,29,0.665,0.732,1.397
296,"Kiribati",2007,30,0.634,0.7,1.334
296,"Kiribati",2007,31,0.6,0.671,1.271
296,"Kiribati",2007,32,0.575,0.654,1.229
296,"Kiribati",2007,33,0.563,0.646,1.209
296,"Kiribati",2007,34,0.558,0.646,1.204
296,"Kiribati",2007,35,0.559,0.649,1.208
296,"Kiribati",2007,36,0.563,0.656,1.219
296,"Kiribati",2007,37,0.577,0.667,1.244
296,"Kiribati",2007,38,0.597,0.68,1.277
296,"Kiribati",2007,39,0.611,0.686,1.297
296,"Kiribati",2007,40,0.618,0.679,1.297
296,"Kiribati",2007,41,0.612,0.665,1.277
296,"Kiribati",2007,42,0.592,0.642,1.234
296,"Kiribati",2007,43,0.569,0.619,1.188
296,"Kiribati",2007,44,0.549,0.605,1.154
296,"Kiribati",2007,45,0.526,0.583,1.109
296,"Kiribati",2007,46,0.501,0.558,1.059
296,"Kiribati",2007,47,0.472,0.536,1.008
296,"Kiribati",2007,48,0.441,0.504,0.945
296,"Kiribati",2007,49,0.405,0.472,0.877
296,"Kiribati",2007,50,0.366,0.424,0.79
296,"Kiribati",2007,51,0.334,0.386,0.72
296,"Kiribati",2007,52,0.307,0.364,0.671
296,"Kiribati",2007,53,0.295,0.352,0.647
296,"Kiribati",2007,54,0.289,0.344,0.633
296,"Kiribati",2007,55,0.285,0.338,0.623
296,"Kiribati",2007,56,0.27,0.324,0.594
296,"Kiribati",2007,57,0.257,0.307,0.564
296,"Kiribati",2007,58,0.241,0.282,0.523
296,"Kiribati",2007,59,0.224,0.257,0.481
296,"Kiribati",2007,60,0.205,0.233,0.438
296,"Kiribati",2007,61,0.19,0.215,0.405
296,"Kiribati",2007,62,0.174,0.203,0.377
296,"Kiribati",2007,63,0.162,0.194,0.356
296,"Kiribati",2007,64,0.157,0.197,0.354
296,"Kiribati",2007,65,0.154,0.199,0.353
296,"Kiribati",2007,66,0.147,0.193,0.34
296,"Kiribati",2007,67,0.136,0.183,0.319
296,"Kiribati",2007,68,0.121,0.17,0.291
296,"Kiribati",2007,69,0.102,0.156,0.258
296,"Kiribati",2007,70,0.087,0.142,0.229
296,"Kiribati",2007,71,0.08,0.128,0.208
296,"Kiribati",2007,72,0.072,0.12,0.192
296,"Kiribati",2007,73,0.066,0.115,0.181
296,"Kiribati",2007,74,0.069,0.11,0.179
296,"Kiribati",2007,75,0.066,0.105,0.171
296,"Kiribati",2007,76,0.06,0.096,0.156
296,"Kiribati",2007,77,0.056,0.086,0.142
296,"Kiribati",2007,78,0.046,0.073,0.119
296,"Kiribati",2007,79,0.037,0.064,0.101
296,"Kiribati",2007,80,0.03,0.052,0.082
296,"Kiribati",2007,81,0.024,0.046,0.07
296,"Kiribati",2007,82,0.018,0.04,0.058
296,"Kiribati",2007,83,0.015,0.032,0.047
296,"Kiribati",2007,84,0.012,0.026,0.038
296,"Kiribati",2007,85,0.011,0.023,0.034
296,"Kiribati",2007,86,0.009,0.019,0.028
296,"Kiribati",2007,87,0.007,0.016,0.023
296,"Kiribati",2007,88,0.005,0.012,0.017
296,"Kiribati",2007,89,0.004,0.009,0.013
296,"Kiribati",2007,90,0.003,0.007,0.01
296,"Kiribati",2007,91,0.002,0.005,0.007
296,"Kiribati",2007,92,0.001,0.004,0.005
296,"Kiribati",2007,93,0.001,0.002,0.003
296,"Kiribati",2007,94,0.001,0.002,0.003
296,"Kiribati",2007,95,0,0.001,0.001
296,"Kiribati",2007,96,0,0.001,0.001
296,"Kiribati",2007,97,0,0,0
296,"Kiribati",2007,98,0,0,0
296,"Kiribati",2007,99,0,0,0
296,"Kiribati",2007,100,0,0,0
296,"Kiribati",2008,0,1.595,1.499,3.094
296,"Kiribati",2008,1,1.496,1.412,2.908
296,"Kiribati",2008,2,1.424,1.346,2.77
296,"Kiribati",2008,3,1.363,1.288,2.651
296,"Kiribati",2008,4,1.316,1.251,2.567
296,"Kiribati",2008,5,1.278,1.214,2.492
296,"Kiribati",2008,6,1.29,1.222,2.512
296,"Kiribati",2008,7,1.309,1.238,2.547
296,"Kiribati",2008,8,1.308,1.248,2.556
296,"Kiribati",2008,9,1.302,1.256,2.558
296,"Kiribati",2008,10,1.284,1.25,2.534
296,"Kiribati",2008,11,1.26,1.233,2.493
296,"Kiribati",2008,12,1.232,1.216,2.448
296,"Kiribati",2008,13,1.195,1.187,2.382
296,"Kiribati",2008,14,1.174,1.166,2.34
296,"Kiribati",2008,15,1.159,1.156,2.315
296,"Kiribati",2008,16,1.166,1.165,2.331
296,"Kiribati",2008,17,1.173,1.168,2.341
296,"Kiribati",2008,18,1.156,1.151,2.307
296,"Kiribati",2008,19,1.115,1.123,2.238
296,"Kiribati",2008,20,1.078,1.096,2.174
296,"Kiribati",2008,21,1.045,1.071,2.116
296,"Kiribati",2008,22,1.006,1.04,2.046
296,"Kiribati",2008,23,0.967,1.011,1.978
296,"Kiribati",2008,24,0.938,0.984,1.922
296,"Kiribati",2008,25,0.895,0.946,1.841
296,"Kiribati",2008,26,0.856,0.912,1.768
296,"Kiribati",2008,27,0.812,0.87,1.682
296,"Kiribati",2008,28,0.765,0.828,1.593
296,"Kiribati",2008,29,0.743,0.805,1.548
296,"Kiribati",2008,30,0.658,0.73,1.388
296,"Kiribati",2008,31,0.628,0.698,1.326
296,"Kiribati",2008,32,0.598,0.671,1.269
296,"Kiribati",2008,33,0.576,0.656,1.232
296,"Kiribati",2008,34,0.565,0.648,1.213
296,"Kiribati",2008,35,0.558,0.647,1.205
296,"Kiribati",2008,36,0.558,0.647,1.205
296,"Kiribati",2008,37,0.562,0.654,1.216
296,"Kiribati",2008,38,0.574,0.664,1.238
296,"Kiribati",2008,39,0.591,0.676,1.267
296,"Kiribati",2008,40,0.602,0.681,1.283
296,"Kiribati",2008,41,0.609,0.673,1.282
296,"Kiribati",2008,42,0.602,0.661,1.263
296,"Kiribati",2008,43,0.584,0.639,1.223
296,"Kiribati",2008,44,0.564,0.618,1.182
296,"Kiribati",2008,45,0.545,0.603,1.148
296,"Kiribati",2008,46,0.523,0.582,1.105
296,"Kiribati",2008,47,0.499,0.558,1.057
296,"Kiribati",2008,48,0.469,0.535,1.004
296,"Kiribati",2008,49,0.435,0.5,0.935
296,"Kiribati",2008,50,0.394,0.463,0.857
296,"Kiribati",2008,51,0.353,0.413,0.766
296,"Kiribati",2008,52,0.322,0.376,0.698
296,"Kiribati",2008,53,0.299,0.358,0.657
296,"Kiribati",2008,54,0.289,0.349,0.638
296,"Kiribati",2008,55,0.283,0.341,0.624
296,"Kiribati",2008,56,0.278,0.332,0.61
296,"Kiribati",2008,57,0.262,0.317,0.579
296,"Kiribati",2008,58,0.248,0.299,0.547
296,"Kiribati",2008,59,0.231,0.272,0.503
296,"Kiribati",2008,60,0.214,0.247,0.461
296,"Kiribati",2008,61,0.195,0.223,0.418
296,"Kiribati",2008,62,0.179,0.206,0.385
296,"Kiribati",2008,63,0.165,0.196,0.361
296,"Kiribati",2008,64,0.154,0.19,0.344
296,"Kiribati",2008,65,0.151,0.194,0.345
296,"Kiribati",2008,66,0.149,0.197,0.346
296,"Kiribati",2008,67,0.144,0.192,0.336
296,"Kiribati",2008,68,0.132,0.182,0.314
296,"Kiribati",2008,69,0.116,0.168,0.284
296,"Kiribati",2008,70,0.096,0.152,0.248
296,"Kiribati",2008,71,0.081,0.137,0.218
296,"Kiribati",2008,72,0.074,0.123,0.197
296,"Kiribati",2008,73,0.065,0.114,0.179
296,"Kiribati",2008,74,0.061,0.109,0.17
296,"Kiribati",2008,75,0.063,0.103,0.166
296,"Kiribati",2008,76,0.06,0.099,0.159
296,"Kiribati",2008,77,0.054,0.089,0.143
296,"Kiribati",2008,78,0.05,0.078,0.128
296,"Kiribati",2008,79,0.04,0.066,0.106
296,"Kiribati",2008,80,0.032,0.055,0.087
296,"Kiribati",2008,81,0.025,0.046,0.071
296,"Kiribati",2008,82,0.019,0.039,0.058
296,"Kiribati",2008,83,0.015,0.033,0.048
296,"Kiribati",2008,84,0.011,0.027,0.038
296,"Kiribati",2008,85,0.01,0.022,0.032
296,"Kiribati",2008,86,0.009,0.019,0.028
296,"Kiribati",2008,87,0.007,0.016,0.023
296,"Kiribati",2008,88,0.005,0.013,0.018
296,"Kiribati",2008,89,0.004,0.009,0.013
296,"Kiribati",2008,90,0.003,0.007,0.01
296,"Kiribati",2008,91,0.002,0.005,0.007
296,"Kiribati",2008,92,0.001,0.004,0.005
296,"Kiribati",2008,93,0.001,0.003,0.004
296,"Kiribati",2008,94,0.001,0.002,0.003
296,"Kiribati",2008,95,0,0.001,0.001
296,"Kiribati",2008,96,0,0.001,0.001
296,"Kiribati",2008,97,0,0,0
296,"Kiribati",2008,98,0,0,0
296,"Kiribati",2008,99,0,0,0
296,"Kiribati",2008,100,0,0,0
296,"Kiribati",2009,0,1.643,1.544,3.187
296,"Kiribati",2009,1,1.554,1.466,3.02
296,"Kiribati",2009,2,1.485,1.403,2.888
296,"Kiribati",2009,3,1.42,1.342,2.762
296,"Kiribati",2009,4,1.361,1.283,2.644
296,"Kiribati",2009,5,1.316,1.244,2.56
296,"Kiribati",2009,6,1.275,1.204,2.479
296,"Kiribati",2009,7,1.284,1.211,2.495
296,"Kiribati",2009,8,1.303,1.228,2.531
296,"Kiribati",2009,9,1.3,1.239,2.539
296,"Kiribati",2009,10,1.294,1.248,2.542
296,"Kiribati",2009,11,1.276,1.245,2.521
296,"Kiribati",2009,12,1.254,1.232,2.486
296,"Kiribati",2009,13,1.229,1.22,2.449
296,"Kiribati",2009,14,1.195,1.196,2.391
296,"Kiribati",2009,15,1.175,1.177,2.352
296,"Kiribati",2009,16,1.161,1.166,2.327
296,"Kiribati",2009,17,1.169,1.173,2.342
296,"Kiribati",2009,18,1.172,1.173,2.345
296,"Kiribati",2009,19,1.151,1.151,2.302
296,"Kiribati",2009,20,1.106,1.121,2.227
296,"Kiribati",2009,21,1.064,1.09,2.154
296,"Kiribati",2009,22,1.031,1.065,2.096
296,"Kiribati",2009,23,0.995,1.037,2.032
296,"Kiribati",2009,24,0.959,1.012,1.971
296,"Kiribati",2009,25,0.932,0.985,1.917
296,"Kiribati",2009,26,0.89,0.948,1.838
296,"Kiribati",2009,27,0.851,0.915,1.766
296,"Kiribati",2009,28,0.806,0.87,1.676
296,"Kiribati",2009,29,0.758,0.826,1.584
296,"Kiribati",2009,30,0.736,0.803,1.539
296,"Kiribati",2009,31,0.653,0.729,1.382
296,"Kiribati",2009,32,0.626,0.698,1.324
296,"Kiribati",2009,33,0.599,0.673,1.272
296,"Kiribati",2009,34,0.578,0.658,1.236
296,"Kiribati",2009,35,0.565,0.649,1.214
296,"Kiribati",2009,36,0.557,0.645,1.202
296,"Kiribati",2009,37,0.557,0.645,1.202
296,"Kiribati",2009,38,0.559,0.651,1.21
296,"Kiribati",2009,39,0.568,0.66,1.228
296,"Kiribati",2009,40,0.582,0.67,1.252
296,"Kiribati",2009,41,0.593,0.675,1.268
296,"Kiribati",2009,42,0.599,0.669,1.268
296,"Kiribati",2009,43,0.594,0.657,1.251
296,"Kiribati",2009,44,0.579,0.637,1.216
296,"Kiribati",2009,45,0.56,0.616,1.176
296,"Kiribati",2009,46,0.542,0.602,1.144
296,"Kiribati",2009,47,0.521,0.582,1.103
296,"Kiribati",2009,48,0.495,0.557,1.052
296,"Kiribati",2009,49,0.462,0.531,0.993
296,"Kiribati",2009,50,0.424,0.491,0.915
296,"Kiribati",2009,51,0.381,0.451,0.832
296,"Kiribati",2009,52,0.34,0.403,0.743
296,"Kiribati",2009,53,0.313,0.37,0.683
296,"Kiribati",2009,54,0.293,0.355,0.648
296,"Kiribati",2009,55,0.283,0.345,0.628
296,"Kiribati",2009,56,0.276,0.335,0.611
296,"Kiribati",2009,57,0.27,0.326,0.596
296,"Kiribati",2009,58,0.253,0.308,0.561
296,"Kiribati",2009,59,0.238,0.289,0.527
296,"Kiribati",2009,60,0.221,0.261,0.482
296,"Kiribati",2009,61,0.204,0.236,0.44
296,"Kiribati",2009,62,0.184,0.214,0.398
296,"Kiribati",2009,63,0.169,0.199,0.368
296,"Kiribati",2009,64,0.156,0.192,0.348
296,"Kiribati",2009,65,0.148,0.187,0.335
296,"Kiribati",2009,66,0.147,0.192,0.339
296,"Kiribati",2009,67,0.146,0.195,0.341
296,"Kiribati",2009,68,0.139,0.19,0.329
296,"Kiribati",2009,69,0.126,0.179,0.305
296,"Kiribati",2009,70,0.109,0.163,0.272
296,"Kiribati",2009,71,0.09,0.147,0.237
296,"Kiribati",2009,72,0.075,0.132,0.207
296,"Kiribati",2009,73,0.068,0.117,0.185
296,"Kiribati",2009,74,0.06,0.108,0.168
296,"Kiribati",2009,75,0.055,0.102,0.157
296,"Kiribati",2009,76,0.057,0.097,0.154
296,"Kiribati",2009,77,0.053,0.091,0.144
296,"Kiribati",2009,78,0.047,0.081,0.128
296,"Kiribati",2009,79,0.044,0.07,0.114
296,"Kiribati",2009,80,0.035,0.057,0.092
296,"Kiribati",2009,81,0.027,0.048,0.075
296,"Kiribati",2009,82,0.021,0.039,0.06
296,"Kiribati",2009,83,0.016,0.033,0.049
296,"Kiribati",2009,84,0.011,0.027,0.038
296,"Kiribati",2009,85,0.009,0.022,0.031
296,"Kiribati",2009,86,0.008,0.018,0.026
296,"Kiribati",2009,87,0.007,0.015,0.022
296,"Kiribati",2009,88,0.006,0.013,0.019
296,"Kiribati",2009,89,0.004,0.01,0.014
296,"Kiribati",2009,90,0.003,0.007,0.01
296,"Kiribati",2009,91,0.002,0.005,0.007
296,"Kiribati",2009,92,0.001,0.004,0.005
296,"Kiribati",2009,93,0.001,0.003,0.004
296,"Kiribati",2009,94,0.001,0.002,0.003
296,"Kiribati",2009,95,0,0.001,0.001
296,"Kiribati",2009,96,0,0.001,0.001
296,"Kiribati",2009,97,0,0,0
296,"Kiribati",2009,98,0,0,0
296,"Kiribati",2009,99,0,0,0
296,"Kiribati",2009,100,0,0,0
296,"Kiribati",2010,0,1.687,1.585,3.272
296,"Kiribati",2010,1,1.588,1.501,3.089
296,"Kiribati",2010,2,1.539,1.455,2.994
296,"Kiribati",2010,3,1.481,1.398,2.879
296,"Kiribati",2010,4,1.418,1.336,2.754
296,"Kiribati",2010,5,1.362,1.274,2.636
296,"Kiribati",2010,6,1.312,1.229,2.541
296,"Kiribati",2010,7,1.268,1.188,2.456
296,"Kiribati",2010,8,1.275,1.196,2.471
296,"Kiribati",2010,9,1.292,1.215,2.507
296,"Kiribati",2010,10,1.288,1.228,2.516
296,"Kiribati",2010,11,1.281,1.24,2.521
296,"Kiribati",2010,12,1.267,1.243,2.51
296,"Kiribati",2010,13,1.249,1.239,2.488
296,"Kiribati",2010,14,1.23,1.234,2.464
296,"Kiribati",2010,15,1.199,1.213,2.412
296,"Kiribati",2010,16,1.181,1.194,2.375
296,"Kiribati",2010,17,1.167,1.18,2.347
296,"Kiribati",2010,18,1.169,1.181,2.35
296,"Kiribati",2010,19,1.165,1.174,2.339
296,"Kiribati",2010,20,1.137,1.147,2.284
296,"Kiribati",2010,21,1.086,1.113,2.199
296,"Kiribati",2010,22,1.044,1.081,2.125
296,"Kiribati",2010,23,1.015,1.063,2.078
296,"Kiribati",2010,24,0.985,1.039,2.024
296,"Kiribati",2010,25,0.95,1.015,1.965
296,"Kiribati",2010,26,0.924,0.99,1.914
296,"Kiribati",2010,27,0.884,0.953,1.837
296,"Kiribati",2010,28,0.842,0.916,1.758
296,"Kiribati",2010,29,0.796,0.868,1.664
296,"Kiribati",2010,30,0.749,0.823,1.572
296,"Kiribati",2010,31,0.728,0.801,1.529
296,"Kiribati",2010,32,0.649,0.729,1.378
296,"Kiribati",2010,33,0.628,0.702,1.33
296,"Kiribati",2010,34,0.603,0.677,1.28
296,"Kiribati",2010,35,0.581,0.659,1.24
296,"Kiribati",2010,36,0.566,0.647,1.213
296,"Kiribati",2010,37,0.556,0.643,1.199
296,"Kiribati",2010,38,0.553,0.642,1.195
296,"Kiribati",2010,39,0.551,0.645,1.196
296,"Kiribati",2010,40,0.557,0.653,1.21
296,"Kiribati",2010,41,0.569,0.663,1.232
296,"Kiribati",2010,42,0.579,0.669,1.248
296,"Kiribati",2010,43,0.589,0.665,1.254
296,"Kiribati",2010,44,0.587,0.656,1.243
296,"Kiribati",2010,45,0.573,0.636,1.209
296,"Kiribati",2010,46,0.556,0.616,1.172
296,"Kiribati",2010,47,0.54,0.604,1.144
296,"Kiribati",2010,48,0.517,0.583,1.1
296,"Kiribati",2010,49,0.487,0.551,1.038
296,"Kiribati",2010,50,0.447,0.519,0.966
296,"Kiribati",2010,51,0.405,0.475,0.88
296,"Kiribati",2010,52,0.364,0.437,0.801
296,"Kiribati",2010,53,0.328,0.395,0.723
296,"Kiribati",2010,54,0.307,0.367,0.674
296,"Kiribati",2010,55,0.286,0.352,0.638
296,"Kiribati",2010,56,0.274,0.339,0.613
296,"Kiribati",2010,57,0.266,0.327,0.593
296,"Kiribati",2010,58,0.257,0.314,0.571
296,"Kiribati",2010,59,0.24,0.294,0.534
296,"Kiribati",2010,60,0.225,0.274,0.499
296,"Kiribati",2010,61,0.208,0.247,0.455
296,"Kiribati",2010,62,0.19,0.224,0.414
296,"Kiribati",2010,63,0.171,0.205,0.376
296,"Kiribati",2010,64,0.159,0.194,0.353
296,"Kiribati",2010,65,0.149,0.19,0.339
296,"Kiribati",2010,66,0.144,0.188,0.332
296,"Kiribati",2010,67,0.144,0.193,0.337
296,"Kiribati",2010,68,0.142,0.195,0.337
296,"Kiribati",2010,69,0.133,0.188,0.321
296,"Kiribati",2010,70,0.118,0.175,0.293
296,"Kiribati",2010,71,0.102,0.159,0.261
296,"Kiribati",2010,72,0.083,0.141,0.224
296,"Kiribati",2010,73,0.068,0.125,0.193
296,"Kiribati",2010,74,0.061,0.111,0.172
296,"Kiribati",2010,75,0.054,0.102,0.156
296,"Kiribati",2010,76,0.05,0.096,0.146
296,"Kiribati",2010,77,0.051,0.09,0.141
296,"Kiribati",2010,78,0.046,0.083,0.129
296,"Kiribati",2010,79,0.04,0.071,0.111
296,"Kiribati",2010,80,0.038,0.06,0.098
296,"Kiribati",2010,81,0.029,0.049,0.078
296,"Kiribati",2010,82,0.022,0.04,0.062
296,"Kiribati",2010,83,0.017,0.033,0.05
296,"Kiribati",2010,84,0.012,0.027,0.039
296,"Kiribati",2010,85,0.008,0.022,0.03
296,"Kiribati",2010,86,0.008,0.019,0.027
296,"Kiribati",2010,87,0.006,0.015,0.021
296,"Kiribati",2010,88,0.005,0.012,0.017
296,"Kiribati",2010,89,0.004,0.01,0.014
296,"Kiribati",2010,90,0.003,0.008,0.011
296,"Kiribati",2010,91,0.002,0.005,0.007
296,"Kiribati",2010,92,0.001,0.004,0.005
296,"Kiribati",2010,93,0.001,0.003,0.004
296,"Kiribati",2010,94,0.001,0.002,0.003
296,"Kiribati",2010,95,0,0.001,0.001
296,"Kiribati",2010,96,0,0.001,0.001
296,"Kiribati",2010,97,0,0,0
296,"Kiribati",2010,98,0,0,0
296,"Kiribati",2010,99,0,0,0
296,"Kiribati",2010,100,0,0,0
296,"Kiribati",2011,0,1.724,1.619,3.343
296,"Kiribati",2011,1,1.637,1.55,3.187
296,"Kiribati",2011,2,1.566,1.491,3.057
296,"Kiribati",2011,3,1.519,1.45,2.969
296,"Kiribati",2011,4,1.457,1.392,2.849
296,"Kiribati",2011,5,1.389,1.327,2.716
296,"Kiribati",2011,6,1.33,1.264,2.594
296,"Kiribati",2011,7,1.278,1.215,2.493
296,"Kiribati",2011,8,1.233,1.171,2.404
296,"Kiribati",2011,9,1.24,1.178,2.418
296,"Kiribati",2011,10,1.258,1.196,2.454
296,"Kiribati",2011,11,1.257,1.21,2.467
296,"Kiribati",2011,12,1.255,1.225,2.48
296,"Kiribati",2011,13,1.246,1.232,2.478
296,"Kiribati",2011,14,1.235,1.233,2.468
296,"Kiribati",2011,15,1.219,1.23,2.449
296,"Kiribati",2011,16,1.191,1.212,2.403
296,"Kiribati",2011,17,1.174,1.194,2.368
296,"Kiribati",2011,18,1.16,1.179,2.339
296,"Kiribati",2011,19,1.161,1.178,2.339
296,"Kiribati",2011,20,1.155,1.17,2.325
296,"Kiribati",2011,21,1.126,1.144,2.27
296,"Kiribati",2011,22,1.068,1.107,2.175
296,"Kiribati",2011,23,1.022,1.073,2.095
296,"Kiribati",2011,24,0.995,1.056,2.051
296,"Kiribati",2011,25,0.967,1.034,2.001
296,"Kiribati",2011,26,0.936,1.01,1.946
296,"Kiribati",2011,27,0.914,0.987,1.901
296,"Kiribati",2011,28,0.874,0.95,1.824
296,"Kiribati",2011,29,0.831,0.909,1.74
296,"Kiribati",2011,30,0.786,0.861,1.647
296,"Kiribati",2011,31,0.742,0.816,1.558
296,"Kiribati",2011,32,0.721,0.793,1.514
296,"Kiribati",2011,33,0.641,0.722,1.363
296,"Kiribati",2011,34,0.623,0.698,1.321
296,"Kiribati",2011,35,0.6,0.675,1.275
296,"Kiribati",2011,36,0.576,0.658,1.234
296,"Kiribati",2011,37,0.56,0.643,1.203
296,"Kiribati",2011,38,0.551,0.637,1.188
296,"Kiribati",2011,39,0.546,0.634,1.18
296,"Kiribati",2011,40,0.543,0.637,1.18
296,"Kiribati",2011,41,0.55,0.647,1.197
296,"Kiribati",2011,42,0.561,0.657,1.218
296,"Kiribati",2011,43,0.569,0.66,1.229
296,"Kiribati",2011,44,0.58,0.656,1.236
296,"Kiribati",2011,45,0.58,0.649,1.229
296,"Kiribati",2011,46,0.569,0.63,1.199
296,"Kiribati",2011,47,0.553,0.61,1.163
296,"Kiribati",2011,48,0.537,0.599,1.136
296,"Kiribati",2011,49,0.512,0.578,1.09
296,"Kiribati",2011,50,0.479,0.547,1.026
296,"Kiribati",2011,51,0.439,0.513,0.952
296,"Kiribati",2011,52,0.395,0.466,0.861
296,"Kiribati",2011,53,0.353,0.425,0.778
296,"Kiribati",2011,54,0.318,0.383,0.701
296,"Kiribati",2011,55,0.297,0.356,0.653
296,"Kiribati",2011,56,0.277,0.342,0.619
296,"Kiribati",2011,57,0.266,0.33,0.596
296,"Kiribati",2011,58,0.257,0.318,0.575
296,"Kiribati",2011,59,0.247,0.306,0.553
296,"Kiribati",2011,60,0.229,0.287,0.516
296,"Kiribati",2011,61,0.215,0.267,0.482
296,"Kiribati",2011,62,0.198,0.241,0.439
296,"Kiribati",2011,63,0.181,0.219,0.4
296,"Kiribati",2011,64,0.164,0.202,0.366
296,"Kiribati",2011,65,0.152,0.192,0.344
296,"Kiribati",2011,66,0.143,0.189,0.332
296,"Kiribati",2011,67,0.139,0.185,0.324
296,"Kiribati",2011,68,0.138,0.191,0.329
296,"Kiribati",2011,69,0.136,0.193,0.329
296,"Kiribati",2011,70,0.126,0.184,0.31
296,"Kiribati",2011,71,0.109,0.17,0.279
296,"Kiribati",2011,72,0.093,0.151,0.244
296,"Kiribati",2011,73,0.075,0.133,0.208
296,"Kiribati",2011,74,0.06,0.115,0.175
296,"Kiribati",2011,75,0.054,0.101,0.155
296,"Kiribati",2011,76,0.048,0.091,0.139
296,"Kiribati",2011,77,0.043,0.086,0.129
296,"Kiribati",2011,78,0.045,0.08,0.125
296,"Kiribati",2011,79,0.039,0.073,0.112
296,"Kiribati",2011,80,0.034,0.062,0.096
296,"Kiribati",2011,81,0.032,0.051,0.083
296,"Kiribati",2011,82,0.024,0.041,0.065
296,"Kiribati",2011,83,0.018,0.034,0.052
296,"Kiribati",2011,84,0.013,0.028,0.041
296,"Kiribati",2011,85,0.01,0.023,0.033
296,"Kiribati",2011,86,0.007,0.018,0.025
296,"Kiribati",2011,87,0.006,0.015,0.021
296,"Kiribati",2011,88,0.005,0.012,0.017
296,"Kiribati",2011,89,0.004,0.01,0.014
296,"Kiribati",2011,90,0.003,0.008,0.011
296,"Kiribati",2011,91,0.002,0.006,0.008
296,"Kiribati",2011,92,0.001,0.004,0.005
296,"Kiribati",2011,93,0.001,0.003,0.004
296,"Kiribati",2011,94,0.001,0.002,0.003
296,"Kiribati",2011,95,0,0.001,0.001
296,"Kiribati",2011,96,0,0.001,0.001
296,"Kiribati",2011,97,0,0,0
296,"Kiribati",2011,98,0,0,0
296,"Kiribati",2011,99,0,0,0
296,"Kiribati",2011,100,0,0,0
296,"Kiribati",2012,0,1.714,1.611,3.325
296,"Kiribati",2012,1,1.672,1.584,3.256
296,"Kiribati",2012,2,1.614,1.539,3.153
296,"Kiribati",2012,3,1.545,1.485,3.03
296,"Kiribati",2012,4,1.493,1.444,2.937
296,"Kiribati",2012,5,1.426,1.384,2.81
296,"Kiribati",2012,6,1.355,1.316,2.671
296,"Kiribati",2012,7,1.294,1.248,2.542
296,"Kiribati",2012,8,1.241,1.197,2.438
296,"Kiribati",2012,9,1.194,1.151,2.345
296,"Kiribati",2012,10,1.203,1.157,2.36
296,"Kiribati",2012,11,1.225,1.177,2.402
296,"Kiribati",2012,12,1.229,1.194,2.423
296,"Kiribati",2012,13,1.233,1.214,2.447
296,"Kiribati",2012,14,1.23,1.226,2.456
296,"Kiribati",2012,15,1.224,1.23,2.454
296,"Kiribati",2012,16,1.211,1.229,2.44
296,"Kiribati",2012,17,1.184,1.211,2.395
296,"Kiribati",2012,18,1.168,1.193,2.361
296,"Kiribati",2012,19,1.152,1.176,2.328
296,"Kiribati",2012,20,1.15,1.174,2.324
296,"Kiribati",2012,21,1.142,1.167,2.309
296,"Kiribati",2012,22,1.107,1.138,2.245
296,"Kiribati",2012,23,1.046,1.098,2.144
296,"Kiribati",2012,24,1,1.066,2.066
296,"Kiribati",2012,25,0.975,1.051,2.026
296,"Kiribati",2012,26,0.951,1.029,1.98
296,"Kiribati",2012,27,0.925,1.007,1.932
296,"Kiribati",2012,28,0.904,0.984,1.888
296,"Kiribati",2012,29,0.863,0.943,1.806
296,"Kiribati",2012,30,0.821,0.901,1.722
296,"Kiribati",2012,31,0.778,0.854,1.632
296,"Kiribati",2012,32,0.734,0.808,1.542
296,"Kiribati",2012,33,0.713,0.785,1.498
296,"Kiribati",2012,34,0.635,0.718,1.353
296,"Kiribati",2012,35,0.62,0.696,1.316
296,"Kiribati",2012,36,0.595,0.673,1.268
296,"Kiribati",2012,37,0.57,0.654,1.224
296,"Kiribati",2012,38,0.553,0.637,1.19
296,"Kiribati",2012,39,0.542,0.629,1.171
296,"Kiribati",2012,40,0.538,0.626,1.164
296,"Kiribati",2012,41,0.536,0.631,1.167
296,"Kiribati",2012,42,0.543,0.64,1.183
296,"Kiribati",2012,43,0.551,0.648,1.199
296,"Kiribati",2012,44,0.559,0.65,1.209
296,"Kiribati",2012,45,0.573,0.649,1.222
296,"Kiribati",2012,46,0.575,0.643,1.218
296,"Kiribati",2012,47,0.565,0.624,1.189
296,"Kiribati",2012,48,0.55,0.604,1.154
296,"Kiribati",2012,49,0.532,0.593,1.125
296,"Kiribati",2012,50,0.504,0.573,1.077
296,"Kiribati",2012,51,0.47,0.541,1.011
296,"Kiribati",2012,52,0.429,0.503,0.932
296,"Kiribati",2012,53,0.383,0.453,0.836
296,"Kiribati",2012,54,0.342,0.412,0.754
296,"Kiribati",2012,55,0.307,0.371,0.678
296,"Kiribati",2012,56,0.287,0.346,0.633
296,"Kiribati",2012,57,0.269,0.332,0.601
296,"Kiribati",2012,58,0.256,0.321,0.577
296,"Kiribati",2012,59,0.247,0.309,0.556
296,"Kiribati",2012,60,0.236,0.298,0.534
296,"Kiribati",2012,61,0.218,0.281,0.499
296,"Kiribati",2012,62,0.203,0.261,0.464
296,"Kiribati",2012,63,0.188,0.236,0.424
296,"Kiribati",2012,64,0.173,0.215,0.388
296,"Kiribati",2012,65,0.156,0.199,0.355
296,"Kiribati",2012,66,0.146,0.19,0.336
296,"Kiribati",2012,67,0.138,0.186,0.324
296,"Kiribati",2012,68,0.133,0.184,0.317
296,"Kiribati",2012,69,0.132,0.189,0.321
296,"Kiribati",2012,70,0.128,0.189,0.317
296,"Kiribati",2012,71,0.116,0.178,0.294
296,"Kiribati",2012,72,0.1,0.162,0.262
296,"Kiribati",2012,73,0.084,0.143,0.227
296,"Kiribati",2012,74,0.067,0.123,0.19
296,"Kiribati",2012,75,0.053,0.104,0.157
296,"Kiribati",2012,76,0.046,0.09,0.136
296,"Kiribati",2012,77,0.042,0.081,0.123
296,"Kiribati",2012,78,0.038,0.077,0.115
296,"Kiribati",2012,79,0.038,0.071,0.109
296,"Kiribati",2012,80,0.033,0.064,0.097
296,"Kiribati",2012,81,0.027,0.053,0.08
296,"Kiribati",2012,82,0.026,0.043,0.069
296,"Kiribati",2012,83,0.02,0.034,0.054
296,"Kiribati",2012,84,0.014,0.029,0.043
296,"Kiribati",2012,85,0.011,0.023,0.034
296,"Kiribati",2012,86,0.008,0.019,0.027
296,"Kiribati",2012,87,0.005,0.015,0.02
296,"Kiribati",2012,88,0.005,0.012,0.017
296,"Kiribati",2012,89,0.004,0.009,0.013
296,"Kiribati",2012,90,0.003,0.007,0.01
296,"Kiribati",2012,91,0.002,0.006,0.008
296,"Kiribati",2012,92,0.002,0.004,0.006
296,"Kiribati",2012,93,0.001,0.003,0.004
296,"Kiribati",2012,94,0.001,0.002,0.003
296,"Kiribati",2012,95,0,0.001,0.001
296,"Kiribati",2012,96,0,0.001,0.001
296,"Kiribati",2012,97,0,0.001,0.001
296,"Kiribati",2012,98,0,0,0
296,"Kiribati",2012,99,0,0,0
296,"Kiribati",2012,100,0,0,0
296,"Kiribati",2013,0,1.696,1.593,3.289
296,"Kiribati",2013,1,1.663,1.574,3.237
296,"Kiribati",2013,2,1.648,1.573,3.221
296,"Kiribati",2013,3,1.593,1.534,3.127
296,"Kiribati",2013,4,1.519,1.479,2.998
296,"Kiribati",2013,5,1.462,1.435,2.897
296,"Kiribati",2013,6,1.391,1.372,2.763
296,"Kiribati",2013,7,1.318,1.3,2.618
296,"Kiribati",2013,8,1.255,1.23,2.485
296,"Kiribati",2013,9,1.202,1.177,2.379
296,"Kiribati",2013,10,1.157,1.13,2.287
296,"Kiribati",2013,11,1.169,1.138,2.307
296,"Kiribati",2013,12,1.196,1.161,2.357
296,"Kiribati",2013,13,1.206,1.183,2.389
296,"Kiribati",2013,14,1.217,1.208,2.425
296,"Kiribati",2013,15,1.219,1.223,2.442
296,"Kiribati",2013,16,1.215,1.229,2.444
296,"Kiribati",2013,17,1.204,1.228,2.432
296,"Kiribati",2013,18,1.178,1.211,2.389
296,"Kiribati",2013,19,1.16,1.19,2.35
296,"Kiribati",2013,20,1.142,1.172,2.314
296,"Kiribati",2013,21,1.138,1.171,2.309
296,"Kiribati",2013,22,1.124,1.161,2.285
296,"Kiribati",2013,23,1.084,1.129,2.213
296,"Kiribati",2013,24,1.023,1.091,2.114
296,"Kiribati",2013,25,0.98,1.061,2.041
296,"Kiribati",2013,26,0.96,1.045,2.005
296,"Kiribati",2013,27,0.94,1.026,1.966
296,"Kiribati",2013,28,0.914,1.004,1.918
296,"Kiribati",2013,29,0.892,0.977,1.869
296,"Kiribati",2013,30,0.853,0.935,1.788
296,"Kiribati",2013,31,0.813,0.894,1.707
296,"Kiribati",2013,32,0.77,0.846,1.616
296,"Kiribati",2013,33,0.726,0.8,1.526
296,"Kiribati",2013,34,0.707,0.781,1.488
296,"Kiribati",2013,35,0.631,0.716,1.347
296,"Kiribati",2013,36,0.615,0.693,1.308
296,"Kiribati",2013,37,0.589,0.669,1.258
296,"Kiribati",2013,38,0.563,0.648,1.211
296,"Kiribati",2013,39,0.545,0.629,1.174
296,"Kiribati",2013,40,0.534,0.621,1.155
296,"Kiribati",2013,41,0.531,0.62,1.151
296,"Kiribati",2013,42,0.529,0.625,1.154
296,"Kiribati",2013,43,0.533,0.632,1.165
296,"Kiribati",2013,44,0.542,0.638,1.18
296,"Kiribati",2013,45,0.552,0.643,1.195
296,"Kiribati",2013,46,0.568,0.643,1.211
296,"Kiribati",2013,47,0.572,0.637,1.209
296,"Kiribati",2013,48,0.562,0.618,1.18
296,"Kiribati",2013,49,0.544,0.598,1.142
296,"Kiribati",2013,50,0.525,0.588,1.113
296,"Kiribati",2013,51,0.495,0.567,1.062
296,"Kiribati",2013,52,0.459,0.531,0.99
296,"Kiribati",2013,53,0.416,0.49,0.906
296,"Kiribati",2013,54,0.371,0.439,0.81
296,"Kiribati",2013,55,0.331,0.4,0.731
296,"Kiribati",2013,56,0.298,0.36,0.658
296,"Kiribati",2013,57,0.279,0.336,0.615
296,"Kiribati",2013,58,0.259,0.323,0.582
296,"Kiribati",2013,59,0.246,0.312,0.558
296,"Kiribati",2013,60,0.236,0.301,0.537
296,"Kiribati",2013,61,0.225,0.292,0.517
296,"Kiribati",2013,62,0.207,0.274,0.481
296,"Kiribati",2013,63,0.193,0.255,0.448
296,"Kiribati",2013,64,0.18,0.232,0.412
296,"Kiribati",2013,65,0.165,0.212,0.377
296,"Kiribati",2013,66,0.15,0.197,0.347
296,"Kiribati",2013,67,0.14,0.188,0.328
296,"Kiribati",2013,68,0.132,0.185,0.317
296,"Kiribati",2013,69,0.127,0.182,0.309
296,"Kiribati",2013,70,0.125,0.185,0.31
296,"Kiribati",2013,71,0.119,0.183,0.302
296,"Kiribati",2013,72,0.107,0.17,0.277
296,"Kiribati",2013,73,0.09,0.153,0.243
296,"Kiribati",2013,74,0.075,0.132,0.207
296,"Kiribati",2013,75,0.059,0.111,0.17
296,"Kiribati",2013,76,0.045,0.093,0.138
296,"Kiribati",2013,77,0.04,0.08,0.12
296,"Kiribati",2013,78,0.037,0.073,0.11
296,"Kiribati",2013,79,0.032,0.068,0.1
296,"Kiribati",2013,80,0.032,0.062,0.094
296,"Kiribati",2013,81,0.027,0.055,0.082
296,"Kiribati",2013,82,0.023,0.045,0.068
296,"Kiribati",2013,83,0.022,0.036,0.058
296,"Kiribati",2013,84,0.015,0.029,0.044
296,"Kiribati",2013,85,0.012,0.024,0.036
296,"Kiribati",2013,86,0.009,0.019,0.028
296,"Kiribati",2013,87,0.006,0.015,0.021
296,"Kiribati",2013,88,0.004,0.012,0.016
296,"Kiribati",2013,89,0.003,0.009,0.012
296,"Kiribati",2013,90,0.003,0.007,0.01
296,"Kiribati",2013,91,0.002,0.006,0.008
296,"Kiribati",2013,92,0.002,0.004,0.006
296,"Kiribati",2013,93,0.001,0.003,0.004
296,"Kiribati",2013,94,0.001,0.002,0.003
296,"Kiribati",2013,95,0,0.001,0.001
296,"Kiribati",2013,96,0,0.001,0.001
296,"Kiribati",2013,97,0,0.001,0.001
296,"Kiribati",2013,98,0,0,0
296,"Kiribati",2013,99,0,0,0
296,"Kiribati",2013,100,0,0,0
296,"Kiribati",2014,0,1.676,1.574,3.25
296,"Kiribati",2014,1,1.643,1.556,3.199
296,"Kiribati",2014,2,1.638,1.563,3.201
296,"Kiribati",2014,3,1.626,1.567,3.193
296,"Kiribati",2014,4,1.567,1.527,3.094
296,"Kiribati",2014,5,1.487,1.47,2.957
296,"Kiribati",2014,6,1.427,1.424,2.851
296,"Kiribati",2014,7,1.353,1.357,2.71
296,"Kiribati",2014,8,1.279,1.282,2.561
296,"Kiribati",2014,9,1.216,1.21,2.426
296,"Kiribati",2014,10,1.164,1.156,2.32
296,"Kiribati",2014,11,1.123,1.11,2.233
296,"Kiribati",2014,12,1.139,1.122,2.261
296,"Kiribati",2014,13,1.173,1.149,2.322
296,"Kiribati",2014,14,1.19,1.176,2.366
296,"Kiribati",2014,15,1.205,1.205,2.41
296,"Kiribati",2014,16,1.21,1.222,2.432
296,"Kiribati",2014,17,1.208,1.228,2.436
296,"Kiribati",2014,18,1.198,1.228,2.426
296,"Kiribati",2014,19,1.17,1.208,2.378
296,"Kiribati",2014,20,1.149,1.186,2.335
296,"Kiribati",2014,21,1.129,1.17,2.299
296,"Kiribati",2014,22,1.119,1.165,2.284
296,"Kiribati",2014,23,1.1,1.152,2.252
296,"Kiribati",2014,24,1.062,1.121,2.183
296,"Kiribati",2014,25,1.003,1.085,2.088
296,"Kiribati",2014,26,0.965,1.056,2.021
296,"Kiribati",2014,27,0.949,1.042,1.991
296,"Kiribati",2014,28,0.93,1.023,1.953
296,"Kiribati",2014,29,0.902,0.997,1.899
296,"Kiribati",2014,30,0.881,0.969,1.85
296,"Kiribati",2014,31,0.845,0.928,1.773
296,"Kiribati",2014,32,0.804,0.886,1.69
296,"Kiribati",2014,33,0.762,0.837,1.599
296,"Kiribati",2014,34,0.72,0.796,1.516
296,"Kiribati",2014,35,0.702,0.779,1.481
296,"Kiribati",2014,36,0.626,0.713,1.339
296,"Kiribati",2014,37,0.609,0.688,1.297
296,"Kiribati",2014,38,0.582,0.663,1.245
296,"Kiribati",2014,39,0.555,0.64,1.195
296,"Kiribati",2014,40,0.537,0.621,1.158
296,"Kiribati",2014,41,0.527,0.614,1.141
296,"Kiribati",2014,42,0.522,0.612,1.134
296,"Kiribati",2014,43,0.519,0.616,1.135
296,"Kiribati",2014,44,0.523,0.622,1.145
296,"Kiribati",2014,45,0.534,0.63,1.164
296,"Kiribati",2014,46,0.548,0.637,1.185
296,"Kiribati",2014,47,0.564,0.637,1.201
296,"Kiribati",2014,48,0.568,0.631,1.199
296,"Kiribati",2014,49,0.556,0.612,1.168
296,"Kiribati",2014,50,0.537,0.593,1.13
296,"Kiribati",2014,51,0.515,0.581,1.096
296,"Kiribati",2014,52,0.484,0.557,1.041
296,"Kiribati",2014,53,0.446,0.517,0.963
296,"Kiribati",2014,54,0.403,0.476,0.879
296,"Kiribati",2014,55,0.36,0.427,0.787
296,"Kiribati",2014,56,0.321,0.389,0.71
296,"Kiribati",2014,57,0.288,0.35,0.638
296,"Kiribati",2014,58,0.269,0.327,0.596
296,"Kiribati",2014,59,0.249,0.314,0.563
296,"Kiribati",2014,60,0.235,0.303,0.538
296,"Kiribati",2014,61,0.224,0.295,0.519
296,"Kiribati",2014,62,0.214,0.285,0.499
296,"Kiribati",2014,63,0.196,0.268,0.464
296,"Kiribati",2014,64,0.185,0.251,0.436
296,"Kiribati",2014,65,0.172,0.228,0.4
296,"Kiribati",2014,66,0.159,0.21,0.369
296,"Kiribati",2014,67,0.145,0.195,0.34
296,"Kiribati",2014,68,0.135,0.186,0.321
296,"Kiribati",2014,69,0.127,0.183,0.31
296,"Kiribati",2014,70,0.12,0.178,0.298
296,"Kiribati",2014,71,0.115,0.179,0.294
296,"Kiribati",2014,72,0.109,0.175,0.284
296,"Kiribati",2014,73,0.097,0.161,0.258
296,"Kiribati",2014,74,0.081,0.141,0.222
296,"Kiribati",2014,75,0.067,0.12,0.187
296,"Kiribati",2014,76,0.051,0.1,0.151
296,"Kiribati",2014,77,0.039,0.083,0.122
296,"Kiribati",2014,78,0.034,0.072,0.106
296,"Kiribati",2014,79,0.031,0.064,0.095
296,"Kiribati",2014,80,0.026,0.059,0.085
296,"Kiribati",2014,81,0.026,0.053,0.079
296,"Kiribati",2014,82,0.022,0.046,0.068
296,"Kiribati",2014,83,0.018,0.038,0.056
296,"Kiribati",2014,84,0.017,0.031,0.048
296,"Kiribati",2014,85,0.013,0.025,0.038
296,"Kiribati",2014,86,0.009,0.02,0.029
296,"Kiribati",2014,87,0.007,0.016,0.023
296,"Kiribati",2014,88,0.005,0.012,0.017
296,"Kiribati",2014,89,0.003,0.009,0.012
296,"Kiribati",2014,90,0.003,0.007,0.01
296,"Kiribati",2014,91,0.002,0.005,0.007
296,"Kiribati",2014,92,0.002,0.004,0.006
296,"Kiribati",2014,93,0.001,0.003,0.004
296,"Kiribati",2014,94,0.001,0.002,0.003
296,"Kiribati",2014,95,0,0.001,0.001
296,"Kiribati",2014,96,0,0.001,0.001
296,"Kiribati",2014,97,0,0.001,0.001
296,"Kiribati",2014,98,0,0,0
296,"Kiribati",2014,99,0,0,0
296,"Kiribati",2014,100,0,0,0
296,"Kiribati",2015,0,1.671,1.57,3.241
296,"Kiribati",2015,1,1.626,1.54,3.166
296,"Kiribati",2015,2,1.621,1.546,3.167
296,"Kiribati",2015,3,1.618,1.557,3.175
296,"Kiribati",2015,4,1.602,1.56,3.162
296,"Kiribati",2015,5,1.538,1.519,3.057
296,"Kiribati",2015,6,1.455,1.459,2.914
296,"Kiribati",2015,7,1.393,1.409,2.802
296,"Kiribati",2015,8,1.318,1.34,2.658
296,"Kiribati",2015,9,1.244,1.263,2.507
296,"Kiribati",2015,10,1.182,1.191,2.373
296,"Kiribati",2015,11,1.133,1.138,2.271
296,"Kiribati",2015,12,1.097,1.095,2.192
296,"Kiribati",2015,13,1.118,1.111,2.229
296,"Kiribati",2015,14,1.159,1.143,2.302
296,"Kiribati",2015,15,1.18,1.173,2.353
296,"Kiribati",2015,16,1.198,1.204,2.402
296,"Kiribati",2015,17,1.203,1.221,2.424
296,"Kiribati",2015,18,1.202,1.227,2.429
296,"Kiribati",2015,19,1.189,1.225,2.414
296,"Kiribati",2015,20,1.159,1.204,2.363
296,"Kiribati",2015,21,1.138,1.183,2.321
296,"Kiribati",2015,22,1.112,1.164,2.276
296,"Kiribati",2015,23,1.098,1.157,2.255
296,"Kiribati",2015,24,1.079,1.145,2.224
296,"Kiribati",2015,25,1.043,1.116,2.159
296,"Kiribati",2015,26,0.988,1.08,2.068
296,"Kiribati",2015,27,0.955,1.053,2.008
296,"Kiribati",2015,28,0.938,1.039,1.977
296,"Kiribati",2015,29,0.918,1.016,1.934
296,"Kiribati",2015,30,0.892,0.989,1.881
296,"Kiribati",2015,31,0.873,0.962,1.835
296,"Kiribati",2015,32,0.836,0.919,1.755
296,"Kiribati",2015,33,0.796,0.878,1.674
296,"Kiribati",2015,34,0.757,0.833,1.59
296,"Kiribati",2015,35,0.716,0.794,1.51
296,"Kiribati",2015,36,0.697,0.776,1.473
296,"Kiribati",2015,37,0.62,0.709,1.329
296,"Kiribati",2015,38,0.602,0.682,1.284
296,"Kiribati",2015,39,0.575,0.654,1.229
296,"Kiribati",2015,40,0.547,0.631,1.178
296,"Kiribati",2015,41,0.53,0.614,1.144
296,"Kiribati",2015,42,0.52,0.608,1.128
296,"Kiribati",2015,43,0.513,0.604,1.117
296,"Kiribati",2015,44,0.509,0.607,1.116
296,"Kiribati",2015,45,0.516,0.615,1.131
296,"Kiribati",2015,46,0.53,0.624,1.154
296,"Kiribati",2015,47,0.544,0.631,1.175
296,"Kiribati",2015,48,0.561,0.631,1.192
296,"Kiribati",2015,49,0.563,0.625,1.188
296,"Kiribati",2015,50,0.549,0.607,1.156
296,"Kiribati",2015,51,0.528,0.586,1.114
296,"Kiribati",2015,52,0.503,0.572,1.075
296,"Kiribati",2015,53,0.471,0.545,1.016
296,"Kiribati",2015,54,0.434,0.504,0.938
296,"Kiribati",2015,55,0.392,0.464,0.856
296,"Kiribati",2015,56,0.35,0.417,0.767
296,"Kiribati",2015,57,0.312,0.379,0.691
296,"Kiribati",2015,58,0.279,0.341,0.62
296,"Kiribati",2015,59,0.259,0.319,0.578
296,"Kiribati",2015,60,0.237,0.307,0.544
296,"Kiribati",2015,61,0.224,0.297,0.521
296,"Kiribati",2015,62,0.214,0.288,0.502
296,"Kiribati",2015,63,0.204,0.279,0.483
296,"Kiribati",2015,64,0.188,0.263,0.451
296,"Kiribati",2015,65,0.177,0.247,0.424
296,"Kiribati",2015,66,0.166,0.226,0.392
296,"Kiribati",2015,67,0.153,0.207,0.36
296,"Kiribati",2015,68,0.139,0.193,0.332
296,"Kiribati",2015,69,0.129,0.184,0.313
296,"Kiribati",2015,70,0.12,0.179,0.299
296,"Kiribati",2015,71,0.111,0.173,0.284
296,"Kiribati",2015,72,0.106,0.171,0.277
296,"Kiribati",2015,73,0.099,0.165,0.264
296,"Kiribati",2015,74,0.087,0.149,0.236
296,"Kiribati",2015,75,0.072,0.13,0.202
296,"Kiribati",2015,76,0.059,0.108,0.167
296,"Kiribati",2015,77,0.044,0.089,0.133
296,"Kiribati",2015,78,0.034,0.074,0.108
296,"Kiribati",2015,79,0.029,0.063,0.092
296,"Kiribati",2015,80,0.025,0.056,0.081
296,"Kiribati",2015,81,0.022,0.051,0.073
296,"Kiribati",2015,82,0.021,0.045,0.066
296,"Kiribati",2015,83,0.018,0.039,0.057
296,"Kiribati",2015,84,0.014,0.032,0.046
296,"Kiribati",2015,85,0.014,0.026,0.04
296,"Kiribati",2015,86,0.01,0.02,0.03
296,"Kiribati",2015,87,0.007,0.016,0.023
296,"Kiribati",2015,88,0.005,0.013,0.018
296,"Kiribati",2015,89,0.004,0.01,0.014
296,"Kiribati",2015,90,0.002,0.007,0.009
296,"Kiribati",2015,91,0.002,0.005,0.007
296,"Kiribati",2015,92,0.001,0.004,0.005
296,"Kiribati",2015,93,0.001,0.003,0.004
296,"Kiribati",2015,94,0.001,0.002,0.003
296,"Kiribati",2015,95,0,0.001,0.001
296,"Kiribati",2015,96,0,0.001,0.001
296,"Kiribati",2015,97,0,0.001,0.001
296,"Kiribati",2015,98,0,0,0
296,"Kiribati",2015,99,0,0,0
296,"Kiribati",2015,100,0,0,0
296,"Kiribati",2016,0,1.674,1.572,3.246
296,"Kiribati",2016,1,1.618,1.538,3.156
296,"Kiribati",2016,2,1.603,1.529,3.132
296,"Kiribati",2016,3,1.603,1.54,3.143
296,"Kiribati",2016,4,1.6,1.551,3.151
296,"Kiribati",2016,5,1.582,1.554,3.136
296,"Kiribati",2016,6,1.514,1.51,3.024
296,"Kiribati",2016,7,1.429,1.449,2.878
296,"Kiribati",2016,8,1.371,1.401,2.772
296,"Kiribati",2016,9,1.301,1.335,2.636
296,"Kiribati",2016,10,1.231,1.26,2.491
296,"Kiribati",2016,11,1.173,1.187,2.36
296,"Kiribati",2016,12,1.124,1.131,2.255
296,"Kiribati",2016,13,1.088,1.085,2.173
296,"Kiribati",2016,14,1.11,1.1,2.21
296,"Kiribati",2016,15,1.154,1.133,2.287
296,"Kiribati",2016,16,1.177,1.165,2.342
296,"Kiribati",2016,17,1.196,1.197,2.393
296,"Kiribati",2016,18,1.202,1.217,2.419
296,"Kiribati",2016,19,1.202,1.225,2.427
296,"Kiribati",2016,20,1.19,1.224,2.414
296,"Kiribati",2016,21,1.159,1.205,2.364
296,"Kiribati",2016,22,1.135,1.185,2.32
296,"Kiribati",2016,23,1.106,1.162,2.268
296,"Kiribati",2016,24,1.088,1.153,2.241
296,"Kiribati",2016,25,1.068,1.14,2.208
296,"Kiribati",2016,26,1.029,1.109,2.138
296,"Kiribati",2016,27,0.974,1.071,2.045
296,"Kiribati",2016,28,0.944,1.044,1.988
296,"Kiribati",2016,29,0.929,1.031,1.96
296,"Kiribati",2016,30,0.909,1.007,1.916
296,"Kiribati",2016,31,0.884,0.98,1.864
296,"Kiribati",2016,32,0.864,0.953,1.817
296,"Kiribati",2016,33,0.827,0.91,1.737
296,"Kiribati",2016,34,0.789,0.871,1.66
296,"Kiribati",2016,35,0.752,0.828,1.58
296,"Kiribati",2016,36,0.711,0.79,1.501
296,"Kiribati",2016,37,0.691,0.77,1.461
296,"Kiribati",2016,38,0.615,0.704,1.319
296,"Kiribati",2016,39,0.598,0.676,1.274
296,"Kiribati",2016,40,0.57,0.644,1.214
296,"Kiribati",2016,41,0.543,0.621,1.164
296,"Kiribati",2016,42,0.526,0.604,1.13
296,"Kiribati",2016,43,0.512,0.597,1.109
296,"Kiribati",2016,44,0.505,0.594,1.099
296,"Kiribati",2016,45,0.501,0.6,1.101
296,"Kiribati",2016,46,0.508,0.607,1.115
296,"Kiribati",2016,47,0.52,0.614,1.134
296,"Kiribati",2016,48,0.533,0.62,1.153
296,"Kiribati",2016,49,0.552,0.622,1.174
296,"Kiribati",2016,50,0.554,0.618,1.172
296,"Kiribati",2016,51,0.537,0.6,1.137
296,"Kiribati",2016,52,0.512,0.579,1.091
296,"Kiribati",2016,53,0.486,0.563,1.049
296,"Kiribati",2016,54,0.455,0.535,0.99
296,"Kiribati",2016,55,0.42,0.495,0.915
296,"Kiribati",2016,56,0.379,0.456,0.835
296,"Kiribati",2016,57,0.337,0.407,0.744
296,"Kiribati",2016,58,0.301,0.371,0.672
296,"Kiribati",2016,59,0.271,0.336,0.607
296,"Kiribati",2016,60,0.254,0.316,0.57
296,"Kiribati",2016,61,0.233,0.306,0.539
296,"Kiribati",2016,62,0.218,0.295,0.513
296,"Kiribati",2016,63,0.204,0.281,0.485
296,"Kiribati",2016,64,0.192,0.269,0.461
296,"Kiribati",2016,65,0.176,0.253,0.429
296,"Kiribati",2016,66,0.166,0.237,0.403
296,"Kiribati",2016,67,0.157,0.218,0.375
296,"Kiribati",2016,68,0.145,0.201,0.346
296,"Kiribati",2016,69,0.131,0.186,0.317
296,"Kiribati",2016,70,0.121,0.177,0.298
296,"Kiribati",2016,71,0.111,0.172,0.283
296,"Kiribati",2016,72,0.103,0.166,0.269
296,"Kiribati",2016,73,0.098,0.163,0.261
296,"Kiribati",2016,74,0.091,0.155,0.246
296,"Kiribati",2016,75,0.08,0.138,0.218
296,"Kiribati",2016,76,0.065,0.119,0.184
296,"Kiribati",2016,77,0.053,0.099,0.152
296,"Kiribati",2016,78,0.04,0.082,0.122
296,"Kiribati",2016,79,0.031,0.068,0.099
296,"Kiribati",2016,80,0.026,0.059,0.085
296,"Kiribati",2016,81,0.023,0.051,0.074
296,"Kiribati",2016,82,0.019,0.046,0.065
296,"Kiribati",2016,83,0.018,0.04,0.058
296,"Kiribati",2016,84,0.015,0.034,0.049
296,"Kiribati",2016,85,0.012,0.028,0.04
296,"Kiribati",2016,86,0.011,0.022,0.033
296,"Kiribati",2016,87,0.008,0.018,0.026
296,"Kiribati",2016,88,0.006,0.013,0.019
296,"Kiribati",2016,89,0.004,0.01,0.014
296,"Kiribati",2016,90,0.003,0.007,0.01
296,"Kiribati",2016,91,0.002,0.005,0.007
296,"Kiribati",2016,92,0.001,0.004,0.005
296,"Kiribati",2016,93,0.001,0.003,0.004
296,"Kiribati",2016,94,0.001,0.002,0.003
296,"Kiribati",2016,95,0,0.001,0.001
296,"Kiribati",2016,96,0,0.001,0.001
296,"Kiribati",2016,97,0,0.001,0.001
296,"Kiribati",2016,98,0,0,0
296,"Kiribati",2016,99,0,0,0
296,"Kiribati",2016,100,0,0,0
296,"Kiribati",2017,0,1.685,1.583,3.268
296,"Kiribati",2017,1,1.622,1.542,3.164
296,"Kiribati",2017,2,1.595,1.527,3.122
296,"Kiribati",2017,3,1.585,1.522,3.107
296,"Kiribati",2017,4,1.585,1.533,3.118
296,"Kiribati",2017,5,1.58,1.544,3.124
296,"Kiribati",2017,6,1.559,1.545,3.104
296,"Kiribati",2017,7,1.489,1.5,2.989
296,"Kiribati",2017,8,1.407,1.441,2.848
296,"Kiribati",2017,9,1.353,1.396,2.749
296,"Kiribati",2017,10,1.288,1.332,2.62
296,"Kiribati",2017,11,1.222,1.256,2.478
296,"Kiribati",2017,12,1.164,1.181,2.345
296,"Kiribati",2017,13,1.115,1.122,2.237
296,"Kiribati",2017,14,1.08,1.074,2.154
296,"Kiribati",2017,15,1.105,1.09,2.195
296,"Kiribati",2017,16,1.151,1.125,2.276
296,"Kiribati",2017,17,1.175,1.158,2.333
296,"Kiribati",2017,18,1.195,1.193,2.388
296,"Kiribati",2017,19,1.202,1.214,2.416
296,"Kiribati",2017,20,1.202,1.224,2.426
296,"Kiribati",2017,21,1.189,1.225,2.414
296,"Kiribati",2017,22,1.156,1.206,2.362
296,"Kiribati",2017,23,1.129,1.184,2.313
296,"Kiribati",2017,24,1.096,1.158,2.254
296,"Kiribati",2017,25,1.076,1.148,2.224
296,"Kiribati",2017,26,1.053,1.134,2.187
296,"Kiribati",2017,27,1.014,1.101,2.115
296,"Kiribati",2017,28,0.963,1.063,2.026
296,"Kiribati",2017,29,0.935,1.036,1.971
296,"Kiribati",2017,30,0.92,1.022,1.942
296,"Kiribati",2017,31,0.901,0.997,1.898
296,"Kiribati",2017,32,0.874,0.971,1.845
296,"Kiribati",2017,33,0.855,0.944,1.799
296,"Kiribati",2017,34,0.82,0.903,1.723
296,"Kiribati",2017,35,0.784,0.866,1.65
296,"Kiribati",2017,36,0.746,0.824,1.57
296,"Kiribati",2017,37,0.705,0.783,1.488
296,"Kiribati",2017,38,0.685,0.765,1.45
296,"Kiribati",2017,39,0.611,0.698,1.309
296,"Kiribati",2017,40,0.594,0.667,1.261
296,"Kiribati",2017,41,0.567,0.634,1.201
296,"Kiribati",2017,42,0.539,0.611,1.15
296,"Kiribati",2017,43,0.518,0.593,1.111
296,"Kiribati",2017,44,0.504,0.587,1.091
296,"Kiribati",2017,45,0.497,0.586,1.083
296,"Kiribati",2017,46,0.493,0.592,1.085
296,"Kiribati",2017,47,0.498,0.597,1.095
296,"Kiribati",2017,48,0.509,0.604,1.113
296,"Kiribati",2017,49,0.524,0.611,1.135
296,"Kiribati",2017,50,0.543,0.615,1.158
296,"Kiribati",2017,51,0.542,0.611,1.153
296,"Kiribati",2017,52,0.521,0.593,1.114
296,"Kiribati",2017,53,0.495,0.57,1.065
296,"Kiribati",2017,54,0.469,0.553,1.022
296,"Kiribati",2017,55,0.441,0.526,0.967
296,"Kiribati",2017,56,0.407,0.486,0.893
296,"Kiribati",2017,57,0.366,0.446,0.812
296,"Kiribati",2017,58,0.326,0.398,0.724
296,"Kiribati",2017,59,0.292,0.365,0.657
296,"Kiribati",2017,60,0.266,0.333,0.599
296,"Kiribati",2017,61,0.249,0.315,0.564
296,"Kiribati",2017,62,0.228,0.304,0.532
296,"Kiribati",2017,63,0.208,0.288,0.496
296,"Kiribati",2017,64,0.193,0.271,0.464
296,"Kiribati",2017,65,0.18,0.259,0.439
296,"Kiribati",2017,66,0.165,0.244,0.409
296,"Kiribati",2017,67,0.157,0.228,0.385
296,"Kiribati",2017,68,0.148,0.211,0.359
296,"Kiribati",2017,69,0.136,0.194,0.33
296,"Kiribati",2017,70,0.123,0.179,0.302
296,"Kiribati",2017,71,0.112,0.171,0.283
296,"Kiribati",2017,72,0.103,0.166,0.269
296,"Kiribati",2017,73,0.095,0.158,0.253
296,"Kiribati",2017,74,0.09,0.153,0.243
296,"Kiribati",2017,75,0.084,0.143,0.227
296,"Kiribati",2017,76,0.072,0.126,0.198
296,"Kiribati",2017,77,0.059,0.109,0.168
296,"Kiribati",2017,78,0.048,0.09,0.138
296,"Kiribati",2017,79,0.036,0.075,0.111
296,"Kiribati",2017,80,0.028,0.063,0.091
296,"Kiribati",2017,81,0.024,0.054,0.078
296,"Kiribati",2017,82,0.02,0.047,0.067
296,"Kiribati",2017,83,0.016,0.041,0.057
296,"Kiribati",2017,84,0.015,0.035,0.05
296,"Kiribati",2017,85,0.012,0.03,0.042
296,"Kiribati",2017,86,0.009,0.024,0.033
296,"Kiribati",2017,87,0.009,0.019,0.028
296,"Kiribati",2017,88,0.006,0.014,0.02
296,"Kiribati",2017,89,0.004,0.01,0.014
296,"Kiribati",2017,90,0.003,0.008,0.011
296,"Kiribati",2017,91,0.002,0.005,0.007
296,"Kiribati",2017,92,0.001,0.004,0.005
296,"Kiribati",2017,93,0.001,0.003,0.004
296,"Kiribati",2017,94,0.001,0.002,0.003
296,"Kiribati",2017,95,0,0.001,0.001
296,"Kiribati",2017,96,0,0.001,0.001
296,"Kiribati",2017,97,0,0.001,0.001
296,"Kiribati",2017,98,0,0,0
296,"Kiribati",2017,99,0,0,0
296,"Kiribati",2017,100,0,0,0
296,"Kiribati",2018,0,1.701,1.598,3.299
296,"Kiribati",2018,1,1.633,1.552,3.185
296,"Kiribati",2018,2,1.599,1.532,3.131
296,"Kiribati",2018,3,1.578,1.521,3.099
296,"Kiribati",2018,4,1.567,1.516,3.083
296,"Kiribati",2018,5,1.565,1.526,3.091
296,"Kiribati",2018,6,1.556,1.535,3.091
296,"Kiribati",2018,7,1.534,1.535,3.069
296,"Kiribati",2018,8,1.467,1.492,2.959
296,"Kiribati",2018,9,1.389,1.436,2.825
296,"Kiribati",2018,10,1.341,1.393,2.734
296,"Kiribati",2018,11,1.279,1.328,2.607
296,"Kiribati",2018,12,1.213,1.249,2.462
296,"Kiribati",2018,13,1.155,1.172,2.327
296,"Kiribati",2018,14,1.107,1.111,2.218
296,"Kiribati",2018,15,1.075,1.064,2.139
296,"Kiribati",2018,16,1.102,1.083,2.185
296,"Kiribati",2018,17,1.149,1.119,2.268
296,"Kiribati",2018,18,1.174,1.154,2.328
296,"Kiribati",2018,19,1.194,1.19,2.384
296,"Kiribati",2018,20,1.202,1.213,2.415
296,"Kiribati",2018,21,1.201,1.224,2.425
296,"Kiribati",2018,22,1.186,1.226,2.412
296,"Kiribati",2018,23,1.15,1.205,2.355
296,"Kiribati",2018,24,1.12,1.18,2.3
296,"Kiribati",2018,25,1.085,1.153,2.238
296,"Kiribati",2018,26,1.062,1.141,2.203
296,"Kiribati",2018,27,1.038,1.125,2.163
296,"Kiribati",2018,28,1.004,1.092,2.096
296,"Kiribati",2018,29,0.954,1.055,2.009
296,"Kiribati",2018,30,0.926,1.027,1.953
296,"Kiribati",2018,31,0.912,1.013,1.925
296,"Kiribati",2018,32,0.893,0.989,1.882
296,"Kiribati",2018,33,0.866,0.962,1.828
296,"Kiribati",2018,34,0.847,0.936,1.783
296,"Kiribati",2018,35,0.814,0.898,1.712
296,"Kiribati",2018,36,0.778,0.861,1.639
296,"Kiribati",2018,37,0.74,0.817,1.557
296,"Kiribati",2018,38,0.699,0.778,1.477
296,"Kiribati",2018,39,0.681,0.758,1.439
296,"Kiribati",2018,40,0.606,0.688,1.294
296,"Kiribati",2018,41,0.59,0.656,1.246
296,"Kiribati",2018,42,0.562,0.623,1.185
296,"Kiribati",2018,43,0.531,0.6,1.131
296,"Kiribati",2018,44,0.511,0.583,1.094
296,"Kiribati",2018,45,0.496,0.579,1.075
296,"Kiribati",2018,46,0.489,0.579,1.068
296,"Kiribati",2018,47,0.483,0.582,1.065
296,"Kiribati",2018,48,0.487,0.587,1.074
296,"Kiribati",2018,49,0.5,0.595,1.095
296,"Kiribati",2018,50,0.515,0.604,1.119
296,"Kiribati",2018,51,0.531,0.608,1.139
296,"Kiribati",2018,52,0.526,0.603,1.129
296,"Kiribati",2018,53,0.503,0.584,1.087
296,"Kiribati",2018,54,0.478,0.56,1.038
296,"Kiribati",2018,55,0.455,0.544,0.999
296,"Kiribati",2018,56,0.427,0.516,0.943
296,"Kiribati",2018,57,0.394,0.476,0.87
296,"Kiribati",2018,58,0.354,0.436,0.79
296,"Kiribati",2018,59,0.317,0.392,0.709
296,"Kiribati",2018,60,0.287,0.362,0.649
296,"Kiribati",2018,61,0.261,0.332,0.593
296,"Kiribati",2018,62,0.243,0.313,0.556
296,"Kiribati",2018,63,0.218,0.297,0.515
296,"Kiribati",2018,64,0.196,0.278,0.474
296,"Kiribati",2018,65,0.181,0.261,0.442
296,"Kiribati",2018,66,0.169,0.249,0.418
296,"Kiribati",2018,67,0.156,0.235,0.391
296,"Kiribati",2018,68,0.148,0.221,0.369
296,"Kiribati",2018,69,0.14,0.204,0.344
296,"Kiribati",2018,70,0.128,0.187,0.315
296,"Kiribati",2018,71,0.114,0.173,0.287
296,"Kiribati",2018,72,0.104,0.164,0.268
296,"Kiribati",2018,73,0.096,0.158,0.254
296,"Kiribati",2018,74,0.088,0.149,0.237
296,"Kiribati",2018,75,0.083,0.142,0.225
296,"Kiribati",2018,76,0.076,0.131,0.207
296,"Kiribati",2018,77,0.065,0.116,0.181
296,"Kiribati",2018,78,0.053,0.1,0.153
296,"Kiribati",2018,79,0.043,0.083,0.126
296,"Kiribati",2018,80,0.033,0.07,0.103
296,"Kiribati",2018,81,0.026,0.058,0.084
296,"Kiribati",2018,82,0.021,0.05,0.071
296,"Kiribati",2018,83,0.017,0.042,0.059
296,"Kiribati",2018,84,0.013,0.036,0.049
296,"Kiribati",2018,85,0.012,0.03,0.042
296,"Kiribati",2018,86,0.01,0.026,0.036
296,"Kiribati",2018,87,0.008,0.021,0.029
296,"Kiribati",2018,88,0.007,0.015,0.022
296,"Kiribati",2018,89,0.005,0.011,0.016
296,"Kiribati",2018,90,0.003,0.008,0.011
296,"Kiribati",2018,91,0.002,0.006,0.008
296,"Kiribati",2018,92,0.001,0.004,0.005
296,"Kiribati",2018,93,0.001,0.003,0.004
296,"Kiribati",2018,94,0.001,0.002,0.003
296,"Kiribati",2018,95,0,0.001,0.001
296,"Kiribati",2018,96,0,0.001,0.001
296,"Kiribati",2018,97,0,0.001,0.001
296,"Kiribati",2018,98,0,0,0
296,"Kiribati",2018,99,0,0,0
296,"Kiribati",2018,100,0,0,0
296,"Kiribati",2019,0,1.709,1.606,3.315
296,"Kiribati",2019,1,1.651,1.568,3.219
296,"Kiribati",2019,2,1.611,1.543,3.154
296,"Kiribati",2019,3,1.582,1.525,3.107
296,"Kiribati",2019,4,1.561,1.514,3.075
296,"Kiribati",2019,5,1.548,1.509,3.057
296,"Kiribati",2019,6,1.543,1.519,3.062
296,"Kiribati",2019,7,1.532,1.525,3.057
296,"Kiribati",2019,8,1.513,1.528,3.041
296,"Kiribati",2019,9,1.451,1.487,2.938
296,"Kiribati",2019,10,1.378,1.433,2.811
296,"Kiribati",2019,11,1.333,1.389,2.722
296,"Kiribati",2019,12,1.271,1.322,2.593
296,"Kiribati",2019,13,1.204,1.24,2.444
296,"Kiribati",2019,14,1.146,1.161,2.307
296,"Kiribati",2019,15,1.102,1.101,2.203
296,"Kiribati",2019,16,1.072,1.057,2.129
296,"Kiribati",2019,17,1.101,1.077,2.178
296,"Kiribati",2019,18,1.148,1.114,2.262
296,"Kiribati",2019,19,1.174,1.151,2.325
296,"Kiribati",2019,20,1.194,1.189,2.383
296,"Kiribati",2019,21,1.202,1.213,2.415
296,"Kiribati",2019,22,1.199,1.224,2.423
296,"Kiribati",2019,23,1.181,1.225,2.406
296,"Kiribati",2019,24,1.14,1.2,2.34
296,"Kiribati",2019,25,1.108,1.175,2.283
296,"Kiribati",2019,26,1.071,1.147,2.218
296,"Kiribati",2019,27,1.048,1.133,2.181
296,"Kiribati",2019,28,1.028,1.118,2.146
296,"Kiribati",2019,29,0.994,1.085,2.079
296,"Kiribati",2019,30,0.945,1.045,1.99
296,"Kiribati",2019,31,0.917,1.018,1.935
296,"Kiribati",2019,32,0.903,1.005,1.908
296,"Kiribati",2019,33,0.884,0.98,1.864
296,"Kiribati",2019,34,0.858,0.954,1.812
296,"Kiribati",2019,35,0.842,0.932,1.774
296,"Kiribati",2019,36,0.809,0.894,1.703
296,"Kiribati",2019,37,0.771,0.856,1.627
296,"Kiribati",2019,38,0.735,0.812,1.547
296,"Kiribati",2019,39,0.695,0.771,1.466
296,"Kiribati",2019,40,0.676,0.749,1.425
296,"Kiribati",2019,41,0.603,0.679,1.282
296,"Kiribati",2019,42,0.586,0.647,1.233
296,"Kiribati",2019,43,0.556,0.613,1.169
296,"Kiribati",2019,44,0.523,0.591,1.114
296,"Kiribati",2019,45,0.504,0.575,1.079
296,"Kiribati",2019,46,0.488,0.572,1.06
296,"Kiribati",2019,47,0.479,0.57,1.049
296,"Kiribati",2019,48,0.473,0.572,1.045
296,"Kiribati",2019,49,0.478,0.578,1.056
296,"Kiribati",2019,50,0.491,0.588,1.079
296,"Kiribati",2019,51,0.505,0.597,1.102
296,"Kiribati",2019,52,0.517,0.6,1.117
296,"Kiribati",2019,53,0.509,0.594,1.103
296,"Kiribati",2019,54,0.487,0.574,1.061
296,"Kiribati",2019,55,0.464,0.551,1.015
296,"Kiribati",2019,56,0.442,0.535,0.977
296,"Kiribati",2019,57,0.414,0.506,0.92
296,"Kiribati",2019,58,0.382,0.466,0.848
296,"Kiribati",2019,59,0.344,0.43,0.774
296,"Kiribati",2019,60,0.31,0.389,0.699
296,"Kiribati",2019,61,0.281,0.359,0.64
296,"Kiribati",2019,62,0.255,0.328,0.583
296,"Kiribati",2019,63,0.233,0.306,0.539
296,"Kiribati",2019,64,0.205,0.288,0.493
296,"Kiribati",2019,65,0.184,0.268,0.452
296,"Kiribati",2019,66,0.17,0.252,0.422
296,"Kiribati",2019,67,0.16,0.24,0.4
296,"Kiribati",2019,68,0.148,0.228,0.376
296,"Kiribati",2019,69,0.14,0.214,0.354
296,"Kiribati",2019,70,0.131,0.196,0.327
296,"Kiribati",2019,71,0.119,0.18,0.299
296,"Kiribati",2019,72,0.106,0.166,0.272
296,"Kiribati",2019,73,0.096,0.157,0.253
296,"Kiribati",2019,74,0.088,0.148,0.236
296,"Kiribati",2019,75,0.08,0.137,0.217
296,"Kiribati",2019,76,0.075,0.13,0.205
296,"Kiribati",2019,77,0.068,0.121,0.189
296,"Kiribati",2019,78,0.059,0.106,0.165
296,"Kiribati",2019,79,0.047,0.092,0.139
296,"Kiribati",2019,80,0.038,0.077,0.115
296,"Kiribati",2019,81,0.03,0.064,0.094
296,"Kiribati",2019,82,0.022,0.053,0.075
296,"Kiribati",2019,83,0.018,0.044,0.062
296,"Kiribati",2019,84,0.014,0.037,0.051
296,"Kiribati",2019,85,0.011,0.031,0.042
296,"Kiribati",2019,86,0.01,0.026,0.036
296,"Kiribati",2019,87,0.008,0.022,0.03
296,"Kiribati",2019,88,0.006,0.016,0.022
296,"Kiribati",2019,89,0.005,0.012,0.017
296,"Kiribati",2019,90,0.004,0.008,0.012
296,"Kiribati",2019,91,0.002,0.006,0.008
296,"Kiribati",2019,92,0.002,0.004,0.006
296,"Kiribati",2019,93,0.001,0.003,0.004
296,"Kiribati",2019,94,0.001,0.002,0.003
296,"Kiribati",2019,95,0,0.001,0.001
296,"Kiribati",2019,96,0,0.001,0.001
296,"Kiribati",2019,97,0,0.001,0.001
296,"Kiribati",2019,98,0,0,0
296,"Kiribati",2019,99,0,0,0
296,"Kiribati",2019,100,0,0,0
296,"Kiribati",2020,0,1.712,1.609,3.321
296,"Kiribati",2020,1,1.688,1.591,3.279
296,"Kiribati",2020,2,1.644,1.562,3.206
296,"Kiribati",2020,3,1.606,1.538,3.144
296,"Kiribati",2020,4,1.578,1.522,3.1
296,"Kiribati",2020,5,1.558,1.512,3.07
296,"Kiribati",2020,6,1.546,1.507,3.053
296,"Kiribati",2020,7,1.541,1.517,3.058
296,"Kiribati",2020,8,1.53,1.524,3.054
296,"Kiribati",2020,9,1.512,1.527,3.039
296,"Kiribati",2020,10,1.449,1.486,2.935
296,"Kiribati",2020,11,1.377,1.432,2.809
296,"Kiribati",2020,12,1.332,1.388,2.72
296,"Kiribati",2020,13,1.27,1.321,2.591
296,"Kiribati",2020,14,1.203,1.239,2.442
296,"Kiribati",2020,15,1.145,1.159,2.304
296,"Kiribati",2020,16,1.1,1.1,2.2
296,"Kiribati",2020,17,1.071,1.056,2.127
296,"Kiribati",2020,18,1.099,1.075,2.174
296,"Kiribati",2020,19,1.146,1.113,2.259
296,"Kiribati",2020,20,1.172,1.149,2.321
296,"Kiribati",2020,21,1.191,1.187,2.378
296,"Kiribati",2020,22,1.199,1.211,2.41
296,"Kiribati",2020,23,1.196,1.222,2.418
296,"Kiribati",2020,24,1.178,1.222,2.4
296,"Kiribati",2020,25,1.138,1.198,2.336
296,"Kiribati",2020,26,1.105,1.172,2.277
296,"Kiribati",2020,27,1.068,1.144,2.212
296,"Kiribati",2020,28,1.046,1.131,2.177
296,"Kiribati",2020,29,1.026,1.116,2.142
296,"Kiribati",2020,30,0.992,1.082,2.074
296,"Kiribati",2020,31,0.942,1.043,1.985
296,"Kiribati",2020,32,0.915,1.016,1.931
296,"Kiribati",2020,33,0.901,1.002,1.903
296,"Kiribati",2020,34,0.882,0.978,1.86
296,"Kiribati",2020,35,0.856,0.952,1.808
296,"Kiribati",2020,36,0.839,0.929,1.768
296,"Kiribati",2020,37,0.806,0.891,1.697
296,"Kiribati",2020,38,0.769,0.853,1.622
296,"Kiribati",2020,39,0.733,0.809,1.542
296,"Kiribati",2020,40,0.692,0.769,1.461
296,"Kiribati",2020,41,0.673,0.746,1.419
296,"Kiribati",2020,42,0.6,0.676,1.276
296,"Kiribati",2020,43,0.583,0.644,1.227
296,"Kiribati",2020,44,0.553,0.61,1.163
296,"Kiribati",2020,45,0.52,0.588,1.108
296,"Kiribati",2020,46,0.501,0.573,1.074
296,"Kiribati",2020,47,0.485,0.569,1.054
296,"Kiribati",2020,48,0.475,0.566,1.041
296,"Kiribati",2020,49,0.469,0.569,1.038
296,"Kiribati",2020,50,0.474,0.574,1.048
296,"Kiribati",2020,51,0.487,0.584,1.071
296,"Kiribati",2020,52,0.499,0.592,1.091
296,"Kiribati",2020,53,0.51,0.595,1.105
296,"Kiribati",2020,54,0.503,0.589,1.092
296,"Kiribati",2020,55,0.48,0.568,1.048
296,"Kiribati",2020,56,0.457,0.545,1.002
296,"Kiribati",2020,57,0.434,0.528,0.962
296,"Kiribati",2020,58,0.405,0.499,0.904
296,"Kiribati",2020,59,0.374,0.46,0.834
296,"Kiribati",2020,60,0.336,0.423,0.759
296,"Kiribati",2020,61,0.302,0.382,0.684
296,"Kiribati",2020,62,0.273,0.353,0.626
296,"Kiribati",2020,63,0.247,0.321,0.568
296,"Kiribati",2020,64,0.225,0.299,0.524
296,"Kiribati",2020,65,0.198,0.281,0.479
296,"Kiribati",2020,66,0.177,0.261,0.438
296,"Kiribati",2020,67,0.163,0.244,0.407
296,"Kiribati",2020,68,0.152,0.233,0.385
296,"Kiribati",2020,69,0.14,0.22,0.36
296,"Kiribati",2020,70,0.132,0.205,0.337
296,"Kiribati",2020,71,0.123,0.188,0.311
296,"Kiribati",2020,72,0.111,0.172,0.283
296,"Kiribati",2020,73,0.098,0.157,0.255
296,"Kiribati",2020,74,0.089,0.148,0.237
296,"Kiribati",2020,75,0.081,0.139,0.22
296,"Kiribati",2020,76,0.073,0.128,0.201
296,"Kiribati",2020,77,0.068,0.121,0.189
296,"Kiribati",2020,78,0.061,0.111,0.172
296,"Kiribati",2020,79,0.052,0.097,0.149
296,"Kiribati",2020,80,0.041,0.083,0.124
296,"Kiribati",2020,81,0.033,0.068,0.101
296,"Kiribati",2020,82,0.025,0.056,0.081
296,"Kiribati",2020,83,0.019,0.046,0.065
296,"Kiribati",2020,84,0.014,0.037,0.051
296,"Kiribati",2020,85,0.011,0.03,0.041
296,"Kiribati",2020,86,0.009,0.025,0.034
296,"Kiribati",2020,87,0.008,0.021,0.029
296,"Kiribati",2020,88,0.006,0.017,0.023
296,"Kiribati",2020,89,0.004,0.013,0.017
296,"Kiribati",2020,90,0.004,0.009,0.013
296,"Kiribati",2020,91,0.002,0.006,0.008
296,"Kiribati",2020,92,0.002,0.004,0.006
296,"Kiribati",2020,93,0.001,0.003,0.004
296,"Kiribati",2020,94,0.001,0.002,0.003
296,"Kiribati",2020,95,0,0.001,0.001
296,"Kiribati",2020,96,0,0.001,0.001
296,"Kiribati",2020,97,0,0.001,0.001
296,"Kiribati",2020,98,0,0,0
296,"Kiribati",2020,99,0,0,0
296,"Kiribati",2020,100,0,0,0
296,"Kiribati",2021,0,1.714,1.611,3.325
296,"Kiribati",2021,1,1.677,1.587,3.264
296,"Kiribati",2021,2,1.674,1.582,3.256
296,"Kiribati",2021,3,1.633,1.556,3.189
296,"Kiribati",2021,4,1.596,1.534,3.13
296,"Kiribati",2021,5,1.567,1.518,3.085
296,"Kiribati",2021,6,1.546,1.507,3.053
296,"Kiribati",2021,7,1.533,1.502,3.035
296,"Kiribati",2021,8,1.529,1.513,3.042
296,"Kiribati",2021,9,1.522,1.521,3.043
296,"Kiribati",2021,10,1.505,1.525,3.03
296,"Kiribati",2021,11,1.444,1.484,2.928
296,"Kiribati",2021,12,1.372,1.428,2.8
296,"Kiribati",2021,13,1.326,1.383,2.709
296,"Kiribati",2021,14,1.266,1.314,2.58
296,"Kiribati",2021,15,1.199,1.234,2.433
296,"Kiribati",2021,16,1.142,1.155,2.297
296,"Kiribati",2021,17,1.098,1.097,2.195
296,"Kiribati",2021,18,1.07,1.053,2.123
296,"Kiribati",2021,19,1.098,1.073,2.171
296,"Kiribati",2021,20,1.145,1.111,2.256
296,"Kiribati",2021,21,1.17,1.148,2.318
296,"Kiribati",2021,22,1.188,1.187,2.375
296,"Kiribati",2021,23,1.195,1.209,2.404
296,"Kiribati",2021,24,1.19,1.219,2.409
296,"Kiribati",2021,25,1.171,1.219,2.39
296,"Kiribati",2021,26,1.129,1.194,2.323
296,"Kiribati",2021,27,1.097,1.167,2.264
296,"Kiribati",2021,28,1.062,1.139,2.201
296,"Kiribati",2021,29,1.04,1.125,2.165
296,"Kiribati",2021,30,1.02,1.11,2.13
296,"Kiribati",2021,31,0.986,1.077,2.063
296,"Kiribati",2021,32,0.937,1.037,1.974
296,"Kiribati",2021,33,0.909,1.01,1.919
296,"Kiribati",2021,34,0.896,0.998,1.894
296,"Kiribati",2021,35,0.878,0.974,1.852
296,"Kiribati",2021,36,0.851,0.948,1.799
296,"Kiribati",2021,37,0.834,0.924,1.758
296,"Kiribati",2021,38,0.802,0.887,1.689
296,"Kiribati",2021,39,0.764,0.848,1.612
296,"Kiribati",2021,40,0.728,0.803,1.531
296,"Kiribati",2021,41,0.687,0.762,1.449
296,"Kiribati",2021,42,0.669,0.739,1.408
296,"Kiribati",2021,43,0.594,0.669,1.263
296,"Kiribati",2021,44,0.577,0.638,1.215
296,"Kiribati",2021,45,0.547,0.605,1.152
296,"Kiribati",2021,46,0.513,0.582,1.095
296,"Kiribati",2021,47,0.493,0.566,1.059
296,"Kiribati",2021,48,0.477,0.561,1.038
296,"Kiribati",2021,49,0.468,0.56,1.028
296,"Kiribati",2021,50,0.462,0.563,1.025
296,"Kiribati",2021,51,0.465,0.568,1.033
296,"Kiribati",2021,52,0.475,0.577,1.052
296,"Kiribati",2021,53,0.487,0.584,1.071
296,"Kiribati",2021,54,0.497,0.586,1.083
296,"Kiribati",2021,55,0.49,0.58,1.07
296,"Kiribati",2021,56,0.468,0.558,1.026
296,"Kiribati",2021,57,0.445,0.535,0.98
296,"Kiribati",2021,58,0.422,0.518,0.94
296,"Kiribati",2021,59,0.395,0.49,0.885
296,"Kiribati",2021,60,0.364,0.452,0.816
296,"Kiribati",2021,61,0.328,0.417,0.745
296,"Kiribati",2021,62,0.293,0.375,0.668
296,"Kiribati",2021,63,0.263,0.344,0.607
296,"Kiribati",2021,64,0.235,0.311,0.546
296,"Kiribati",2021,65,0.214,0.289,0.503
296,"Kiribati",2021,66,0.188,0.27,0.458
296,"Kiribati",2021,67,0.168,0.251,0.419
296,"Kiribati",2021,68,0.154,0.235,0.389
296,"Kiribati",2021,69,0.143,0.223,0.366
296,"Kiribati",2021,70,0.131,0.21,0.341
296,"Kiribati",2021,71,0.123,0.196,0.319
296,"Kiribati",2021,72,0.114,0.179,0.293
296,"Kiribati",2021,73,0.102,0.162,0.264
296,"Kiribati",2021,74,0.089,0.147,0.236
296,"Kiribati",2021,75,0.08,0.136,0.216
296,"Kiribati",2021,76,0.072,0.128,0.2
296,"Kiribati",2021,77,0.065,0.116,0.181
296,"Kiribati",2021,78,0.06,0.11,0.17
296,"Kiribati",2021,79,0.054,0.1,0.154
296,"Kiribati",2021,80,0.045,0.087,0.132
296,"Kiribati",2021,81,0.036,0.073,0.109
296,"Kiribati",2021,82,0.028,0.06,0.088
296,"Kiribati",2021,83,0.021,0.049,0.07
296,"Kiribati",2021,84,0.015,0.039,0.054
296,"Kiribati",2021,85,0.012,0.031,0.043
296,"Kiribati",2021,86,0.009,0.024,0.033
296,"Kiribati",2021,87,0.006,0.019,0.025
296,"Kiribati",2021,88,0.006,0.015,0.021
296,"Kiribati",2021,89,0.004,0.012,0.016
296,"Kiribati",2021,90,0.003,0.009,0.012
296,"Kiribati",2021,91,0.002,0.006,0.008
296,"Kiribati",2021,92,0.002,0.004,0.006
296,"Kiribati",2021,93,0.001,0.003,0.004
296,"Kiribati",2021,94,0.001,0.002,0.003
296,"Kiribati",2021,95,0,0.001,0.001
296,"Kiribati",2021,96,0,0.001,0.001
296,"Kiribati",2021,97,0,0,0
296,"Kiribati",2021,98,0,0,0
296,"Kiribati",2021,99,0,0,0
296,"Kiribati",2021,100,0,0,0
296,"Kiribati",2022,0,1.708,1.606,3.314
296,"Kiribati",2022,1,1.692,1.593,3.285
296,"Kiribati",2022,2,1.668,1.579,3.247
296,"Kiribati",2022,3,1.667,1.575,3.242
296,"Kiribati",2022,4,1.627,1.551,3.178
296,"Kiribati",2022,5,1.592,1.53,3.122
296,"Kiribati",2022,6,1.564,1.515,3.079
296,"Kiribati",2022,7,1.543,1.504,3.047
296,"Kiribati",2022,8,1.53,1.5,3.03
296,"Kiribati",2022,9,1.527,1.511,3.038
296,"Kiribati",2022,10,1.52,1.519,3.039
296,"Kiribati",2022,11,1.503,1.522,3.025
296,"Kiribati",2022,12,1.442,1.482,2.924
296,"Kiribati",2022,13,1.369,1.426,2.795
296,"Kiribati",2022,14,1.323,1.379,2.702
296,"Kiribati",2022,15,1.262,1.31,2.572
296,"Kiribati",2022,16,1.195,1.229,2.424
296,"Kiribati",2022,17,1.137,1.149,2.286
296,"Kiribati",2022,18,1.092,1.09,2.182
296,"Kiribati",2022,19,1.062,1.045,2.107
296,"Kiribati",2022,20,1.088,1.064,2.152
296,"Kiribati",2022,21,1.135,1.101,2.236
296,"Kiribati",2022,22,1.159,1.138,2.297
296,"Kiribati",2022,23,1.178,1.177,2.355
296,"Kiribati",2022,24,1.184,1.199,2.383
296,"Kiribati",2022,25,1.179,1.209,2.388
296,"Kiribati",2022,26,1.16,1.209,2.369
296,"Kiribati",2022,27,1.119,1.183,2.302
296,"Kiribati",2022,28,1.087,1.158,2.245
296,"Kiribati",2022,29,1.052,1.13,2.182
296,"Kiribati",2022,30,1.032,1.117,2.149
296,"Kiribati",2022,31,1.011,1.102,2.113
296,"Kiribati",2022,32,0.979,1.069,2.048
296,"Kiribati",2022,33,0.929,1.03,1.959
296,"Kiribati",2022,34,0.902,1.003,1.905
296,"Kiribati",2022,35,0.889,0.991,1.88
296,"Kiribati",2022,36,0.871,0.967,1.838
296,"Kiribati",2022,37,0.844,0.941,1.785
296,"Kiribati",2022,38,0.828,0.919,1.747
296,"Kiribati",2022,39,0.796,0.881,1.677
296,"Kiribati",2022,40,0.759,0.842,1.601
296,"Kiribati",2022,41,0.722,0.797,1.519
296,"Kiribati",2022,42,0.681,0.757,1.438
296,"Kiribati",2022,43,0.663,0.734,1.397
296,"Kiribati",2022,44,0.589,0.664,1.253
296,"Kiribati",2022,45,0.572,0.633,1.205
296,"Kiribati",2022,46,0.541,0.6,1.141
296,"Kiribati",2022,47,0.508,0.578,1.086
296,"Kiribati",2022,48,0.488,0.562,1.05
296,"Kiribati",2022,49,0.473,0.557,1.03
296,"Kiribati",2022,50,0.463,0.555,1.018
296,"Kiribati",2022,51,0.457,0.558,1.015
296,"Kiribati",2022,52,0.459,0.563,1.022
296,"Kiribati",2022,53,0.469,0.571,1.04
296,"Kiribati",2022,54,0.48,0.578,1.058
296,"Kiribati",2022,55,0.49,0.58,1.07
296,"Kiribati",2022,56,0.482,0.573,1.055
296,"Kiribati",2022,57,0.46,0.551,1.011
296,"Kiribati",2022,58,0.436,0.528,0.964
296,"Kiribati",2022,59,0.413,0.512,0.925
296,"Kiribati",2022,60,0.386,0.483,0.869
296,"Kiribati",2022,61,0.355,0.445,0.8
296,"Kiribati",2022,62,0.32,0.41,0.73
296,"Kiribati",2022,63,0.286,0.368,0.654
296,"Kiribati",2022,64,0.255,0.337,0.592
296,"Kiribati",2022,65,0.228,0.304,0.532
296,"Kiribati",2022,66,0.206,0.282,0.488
296,"Kiribati",2022,67,0.181,0.263,0.444
296,"Kiribati",2022,68,0.162,0.243,0.405
296,"Kiribati",2022,69,0.148,0.228,0.376
296,"Kiribati",2022,70,0.137,0.215,0.352
296,"Kiribati",2022,71,0.124,0.202,0.326
296,"Kiribati",2022,72,0.116,0.187,0.303
296,"Kiribati",2022,73,0.107,0.17,0.277
296,"Kiribati",2022,74,0.095,0.153,0.248
296,"Kiribati",2022,75,0.083,0.138,0.221
296,"Kiribati",2022,76,0.074,0.127,0.201
296,"Kiribati",2022,77,0.066,0.118,0.184
296,"Kiribati",2022,78,0.058,0.107,0.165
296,"Kiribati",2022,79,0.054,0.1,0.154
296,"Kiribati",2022,80,0.047,0.09,0.137
296,"Kiribati",2022,81,0.04,0.077,0.117
296,"Kiribati",2022,82,0.031,0.064,0.095
296,"Kiribati",2022,83,0.024,0.052,0.076
296,"Kiribati",2022,84,0.018,0.042,0.06
296,"Kiribati",2022,85,0.013,0.033,0.046
296,"Kiribati",2022,86,0.009,0.026,0.035
296,"Kiribati",2022,87,0.007,0.02,0.027
296,"Kiribati",2022,88,0.005,0.016,0.021
296,"Kiribati",2022,89,0.004,0.012,0.016
296,"Kiribati",2022,90,0.003,0.009,0.012
296,"Kiribati",2022,91,0.002,0.007,0.009
296,"Kiribati",2022,92,0.002,0.005,0.007
296,"Kiribati",2022,93,0.001,0.003,0.004
296,"Kiribati",2022,94,0.001,0.002,0.003
296,"Kiribati",2022,95,0,0.001,0.001
296,"Kiribati",2022,96,0,0.001,0.001
296,"Kiribati",2022,97,0,0,0
296,"Kiribati",2022,98,0,0,0
296,"Kiribati",2022,99,0,0,0
296,"Kiribati",2022,100,0,0,0
296,"Kiribati",2023,0,1.696,1.595,3.291
296,"Kiribati",2023,1,1.686,1.589,3.275
296,"Kiribati",2023,2,1.682,1.584,3.266
296,"Kiribati",2023,3,1.661,1.572,3.233
296,"Kiribati",2023,4,1.661,1.57,3.231
296,"Kiribati",2023,5,1.622,1.547,3.169
296,"Kiribati",2023,6,1.588,1.527,3.115
296,"Kiribati",2023,7,1.561,1.512,3.073
296,"Kiribati",2023,8,1.541,1.502,3.043
296,"Kiribati",2023,9,1.528,1.498,3.026
296,"Kiribati",2023,10,1.524,1.509,3.033
296,"Kiribati",2023,11,1.517,1.517,3.034
296,"Kiribati",2023,12,1.501,1.52,3.021
296,"Kiribati",2023,13,1.439,1.478,2.917
296,"Kiribati",2023,14,1.366,1.423,2.789
296,"Kiribati",2023,15,1.318,1.375,2.693
296,"Kiribati",2023,16,1.257,1.305,2.562
296,"Kiribati",2023,17,1.188,1.221,2.409
296,"Kiribati",2023,18,1.129,1.14,2.269
296,"Kiribati",2023,19,1.083,1.08,2.163
296,"Kiribati",2023,20,1.052,1.035,2.087
296,"Kiribati",2023,21,1.077,1.052,2.129
296,"Kiribati",2023,22,1.124,1.089,2.213
296,"Kiribati",2023,23,1.147,1.126,2.273
296,"Kiribati",2023,24,1.165,1.165,2.33
296,"Kiribati",2023,25,1.171,1.186,2.357
296,"Kiribati",2023,26,1.167,1.197,2.364
296,"Kiribati",2023,27,1.149,1.198,2.347
296,"Kiribati",2023,28,1.108,1.172,2.28
296,"Kiribati",2023,29,1.077,1.147,2.224
296,"Kiribati",2023,30,1.042,1.119,2.161
296,"Kiribati",2023,31,1.022,1.108,2.13
296,"Kiribati",2023,32,1.002,1.092,2.094
296,"Kiribati",2023,33,0.97,1.061,2.031
296,"Kiribati",2023,34,0.921,1.022,1.943
296,"Kiribati",2023,35,0.894,0.995,1.889
296,"Kiribati",2023,36,0.882,0.983,1.865
296,"Kiribati",2023,37,0.863,0.961,1.824
296,"Kiribati",2023,38,0.837,0.934,1.771
296,"Kiribati",2023,39,0.821,0.912,1.733
296,"Kiribati",2023,40,0.789,0.875,1.664
296,"Kiribati",2023,41,0.752,0.836,1.588
296,"Kiribati",2023,42,0.716,0.791,1.507
296,"Kiribati",2023,43,0.675,0.751,1.426
296,"Kiribati",2023,44,0.657,0.729,1.386
296,"Kiribati",2023,45,0.584,0.659,1.243
296,"Kiribati",2023,46,0.566,0.628,1.194
296,"Kiribati",2023,47,0.536,0.595,1.131
296,"Kiribati",2023,48,0.502,0.573,1.075
296,"Kiribati",2023,49,0.482,0.556,1.038
296,"Kiribati",2023,50,0.467,0.552,1.019
296,"Kiribati",2023,51,0.458,0.55,1.008
296,"Kiribati",2023,52,0.451,0.553,1.004
296,"Kiribati",2023,53,0.454,0.557,1.011
296,"Kiribati",2023,54,0.462,0.565,1.027
296,"Kiribati",2023,55,0.473,0.572,1.045
296,"Kiribati",2023,56,0.482,0.573,1.055
296,"Kiribati",2023,57,0.474,0.566,1.04
296,"Kiribati",2023,58,0.451,0.544,0.995
296,"Kiribati",2023,59,0.427,0.52,0.947
296,"Kiribati",2023,60,0.404,0.503,0.907
296,"Kiribati",2023,61,0.377,0.475,0.852
296,"Kiribati",2023,62,0.346,0.438,0.784
296,"Kiribati",2023,63,0.311,0.402,0.713
296,"Kiribati",2023,64,0.277,0.361,0.638
296,"Kiribati",2023,65,0.247,0.33,0.577
296,"Kiribati",2023,66,0.22,0.297,0.517
296,"Kiribati",2023,67,0.199,0.274,0.473
296,"Kiribati",2023,68,0.174,0.255,0.429
296,"Kiribati",2023,69,0.155,0.235,0.39
296,"Kiribati",2023,70,0.141,0.219,0.36
296,"Kiribati",2023,71,0.13,0.206,0.336
296,"Kiribati",2023,72,0.117,0.193,0.31
296,"Kiribati",2023,73,0.109,0.178,0.287
296,"Kiribati",2023,74,0.099,0.161,0.26
296,"Kiribati",2023,75,0.088,0.144,0.232
296,"Kiribati",2023,76,0.076,0.129,0.205
296,"Kiribati",2023,77,0.067,0.118,0.185
296,"Kiribati",2023,78,0.059,0.109,0.168
296,"Kiribati",2023,79,0.052,0.097,0.149
296,"Kiribati",2023,80,0.048,0.09,0.138
296,"Kiribati",2023,81,0.041,0.08,0.121
296,"Kiribati",2023,82,0.034,0.068,0.102
296,"Kiribati",2023,83,0.026,0.056,0.082
296,"Kiribati",2023,84,0.02,0.044,0.064
296,"Kiribati",2023,85,0.015,0.035,0.05
296,"Kiribati",2023,86,0.01,0.027,0.037
296,"Kiribati",2023,87,0.007,0.021,0.028
296,"Kiribati",2023,88,0.005,0.016,0.021
296,"Kiribati",2023,89,0.004,0.012,0.016
296,"Kiribati",2023,90,0.003,0.009,0.012
296,"Kiribati",2023,91,0.002,0.007,0.009
296,"Kiribati",2023,92,0.001,0.005,0.006
296,"Kiribati",2023,93,0.001,0.003,0.004
296,"Kiribati",2023,94,0.001,0.002,0.003
296,"Kiribati",2023,95,0,0.001,0.001
296,"Kiribati",2023,96,0,0.001,0.001
296,"Kiribati",2023,97,0,0,0
296,"Kiribati",2023,98,0,0,0
296,"Kiribati",2023,99,0,0,0
296,"Kiribati",2023,100,0,0,0
