2.16991557e-05 2.1602896e-05 2.180476935e-05 2.229202224e-05 2.30045119e-05 2.384281458e-05 2.460964108e-05 2.507598422e-05 2.607601586e-05 2.720062475e-05 2.827692068e-05 2.934255405e-05 2.98948553e-05 2.98446663e-05 2.930620876e-05 2.830235064e-05 2.776202374e-05 2.921595272e-05 3.033868227e-05 3.204701808e-05 3.303979545e-05 3.32125014e-05 3.391023657e-05 3.37916995e-05 3.112325242e-05 2.76042745e-05 2.442225024e-05 2.196088773e-05 2.161337085e-05 2.000928449e-05 1.89639316e-05 1.810747115e-05 1.75786486e-05 1.882141281e-05 1.98843012e-05 1.876054334e-05 1.80707051e-05 1.600517547e-05 1.315814588e-05 1.22962495e-05 1.092394368e-05 1.220839951e-05 1.425092448e-05 1.655563887e-05 1.612305882e-05 1.188749467e-05 4.8677519e-06 4.6302655e-06 4.80511472e-06 5.2313225e-06 6.1060335e-06 7.28055984e-06 7.97042191e-06 8.8838616e-06 9.37286459e-06 1.01517246e-05 8.16488538e-06 5.52649383e-06 3.119308e-06 2.85080403e-06 2.7287575e-06 1.70633892e-06 2.07260515e-06 2.62329696e-06 2.74602588e-06 3.16269964e-06 3.27422239e-06 3.47299784e-06 3.68347395e-06 4.11262e-06 4.26297711e-06 4.21716772e-06 4.23145352e-06 4.56372565e-06 4.6551772e-06 4.66841717e-06 4.65126536e-06 4.66667894e-06 4.6522196e-06 4.66731798e-06 4.65089432e-06 4.6662464e-06 4.65383863e-06 4.67016353e-06 4.65762296e-06 4.6719704e-06 4.66382069e-06 4.65343872e-06 4.6666683e-06 4.64759532e-06 4.65481412e-06 4.66734275e-06 4.65308096e-06 4.66410908e-06 4.64885733e-06 4.66818548e-06 4.65901982e-06 4.6672336e-06 4.6538267e-06 4.6472286e-06 4.6658968e-06 4.66600932e-06 4.6581103e-06 4.65327379e-06 4.66746375e-06 4.65883434e-06 4.65061155e-06 4.64887108e-06 4.66602246e-06 4.66093223e-06 4.649886e-06 4.66853714e-06 4.66832604e-06 4.66490676e-06 4.66269015e-06 4.65946868e-06 4.65320061e-06 4.650464e-06 4.65036077e-06 4.667109e-06 4.57989168e-06 4.5134188e-06 4.42323399e-06 4.35309318e-06 4.27056498e-06 4.19035695e-06 4.113216e-06 4.02798312e-06 3.9479709e-06 3.86685954e-06 3.76405675e-06 3.68096256e-06 3.5822096e-06 3.48350856e-06 3.4060719e-06 3.31279718e-06 3.21770558e-06 3.12067368e-06 3.048651e-06 2.95317996e-06 2.8582967e-06 2.76750582e-06 2.67705334e-06 2.5875057e-06 2.49680718e-06 2.40970252e-06 2.34390254e-06 2.2573994e-06 2.17127211e-06 2.08810393e-06 2.00456437e-06
0.00028178253885 0.00028077592544 0.0002836483671 0.00028973367108 0.00029893260258 0.00031008307662 0.00031998876095 0.00032611508412 0.00033879693956 0.00035367212322 0.00036798644156 0.00038145320265 0.00038844066275 0.0003879806619 0.00038085493616 0.0003681810216 0.00036115529538 0.00037944065792 0.00039470206756 0.00041655275508 0.00042940321375 0.000431540361 0.00044077933494 0.00043960401688 0.0004047041579 0.00035915670604 0.00031738997568 0.00028534282116 0.00028087444923 0.00026022000003 0.0002465311108 0.00023524829642 0.00022872050108 0.00024462922446 0.0002582504304 0.00024383795205 0.0002352114149 0.00020835566265 0.00017119789082 0.0001598512435 0.00014187121728 0.00015870919363 0.00018553607448 0.00021526817154 0.00020937768396 0.00015471419643 6.314801783e-05 6.01934515e-05 6.255229698e-05 6.775608902e-05 7.941914239e-05 9.484511922e-05 0.00010376802879 0.00011563826516 0.00012207129221 0.00013185962286 0.00010625797095 7.172847936e-05 4.07849521e-05 3.729476505e-05 3.5707741e-05 2.241508854e-05 2.694386695e-05 3.399355644e-05 3.55575146e-05 4.114947249e-05 4.236236185e-05 4.528254876e-05 4.808426805e-05 5.339825808e-05 5.558141148e-05 5.4726604e-05 5.497708032e-05 5.942285536e-05 6.18919868e-05 6.189517334e-05 6.190466989e-05 6.190925373e-05 6.188952784e-05 6.189398748e-05 6.190399212e-05 6.188609288e-05 6.188738203e-05 6.18868296e-05 6.188390506e-05 6.18895356e-05 6.188638712e-05 6.19073544e-05 6.190198245e-05 6.188640084e-05 6.1884812e-05 6.190230013e-05 6.189126436e-05 6.189115532e-05 6.188953641e-05 6.1898592e-05 6.189840618e-05 6.1891576e-05 6.190847302e-05 6.18880927e-05 6.18975884e-05 6.189251516e-05 6.190383425e-05 6.190559529e-05 6.188621625e-05 6.190966458e-05 6.188890755e-05 6.19058853e-05 6.190727779e-05 6.190373811e-05 6.188998266e-05 6.189278446e-05 6.190706256e-05 6.190148333e-05 6.188868243e-05 6.190760086e-05 6.190779942e-05 6.1886944e-05 6.190097446e-05 6.1888962e-05 6.189459381e-05 6.1895185e-05 6.190348653e-05 6.189622044e-05 6.19016237e-05 6.18883488e-05 6.1891047e-05 6.189028032e-05 6.18939954e-05 6.189088302e-05 6.1907168e-05 6.19070976e-05 6.18972496e-05 6.189448245e-05 6.190793714e-05 6.189375104e-05 6.18947188e-05 6.19035596e-05 6.190793964e-05 6.18954156e-05 6.189621375e-05 6.190790193e-05 6.189187498e-05 6.19010979e-05 6.190496532e-05 5.976852316e-05 5.747485388e-05 5.51590636e-05 5.287341003e-05 5.068042903e-05 4.849878068e-05
0.0013116342759 0.0013112957872 0.0013224499428 0.00134390837448 0.00137415718618 0.00140868660996 0.00143934686863 0.00146070790313 0.00150086916714 0.00154857956812 0.00159606792148 0.0016403329774 0.001665387218 0.00166787235114 0.00165058101956 0.0016195581843 0.00160447068144 0.00165082357116 0.0016898705864 0.00174515896632 0.00177598886665 0.0017736475455 0.0017761225335 0.00174235201345 0.00161866381694 0.00146608811349 0.00132465888192 0.00121771387404 0.00118794042219 0.00112637872938 0.0010856602622 0.00105187044053 0.00103199046612 0.00106412238378 0.00109329288672 0.0010445988399 0.0010121056099 0.00092392639057 0.00080591276942 0.00074899177775 0.00067546385088 0.00067851777809 0.00069276849868 0.00071512283997 0.00066100099548 0.00050882012502 0.00028573703653 0.00028305774 0.00029551455528 0.00031685074118 0.00034173434155 0.0003776790417 0.00039741515179 0.00043582744366 0.00046584257275 0.00050574387998 0.00045215914317 0.00037004320575 0.00029723106105 0.00028695490428 0.00028195861425 0.00025044401694 0.00026348464016 0.00028298815956 0.0002879806628 0.00030523489243 0.00031078108809 0.00032178660756 0.000329853433 0.0003444730512 0.00035011733379 0.00034696666936 0.00034720189672 0.00035861441418 0.0003670716572 0.00036707362291 0.00036708275828 0.00036706157143 0.0003670751336 0.00036705334458 0.0003670674188 0.00036705860744 0.00036707513517 0.00036708058372 0.0003670718095 0.0003670592648 0.00036707340808 0.00036706767808 0.00036707463828 0.00036707849352 0.00036705765448 0.00036706650439 0.00036706463664 0.00036707586574 0.00036707793018 0.00036705865056 0.00036706420439 0.0003670627034 0.00036707372544 0.0003670561041 0.000367067094 0.00036705939984 0.00036705909164 0.00036707265023 0.0003670609575 0.00036706331385 0.00036706442239 0.00036707106548 0.00036706043352 0.00036706597944 0.00036706200084 0.00036705795474 0.00036707300616 0.00036706413388 0.00036707881137 0.00036705756184 0.00036706334667 0.000367073644 0.00036706699341 0.000367064805 0.00036707391441 0.0003670767892 0.00036168108867 0.00035370506376 0.00034626085954 0.00033877424265 0.000331349541 0.00032306982072 0.00031505232295 0.0003068131176 0.0002983908675 0.00028975031424 0.0002814117216 0.00027299924822 0.00026457953662 0.00025646400032 0.00024817322846 0.00023972076968 0.00023161617864 0.00022328872314 0.0002150163757 0.00020710168553 0.00019924069373 0.00019153513347 0.00018379275075 0.00017640207546 0.00016921400606 0.0001620420178 0.00015502100425 0.000148313924 0.00014172075478
0.00497235539895 0.00498675079008 0.0050208121607 0.00507763424556 0.00514658200748 0.0052150623084 0.00527527953161 0.00533017411787 0.00541431172342 0.00551775873311 0.005628008985 0.00573060728335 0.005798062279 0.00582383738235 0.00581602466166 0.00579903893766 0.00580568652961 0.00584172363424 0.00587403563643 0.0059161251534 0.00592816101885 0.0058748916147 0.00573819242472 0.00550778708235 0.00517924539494 0.0048151892646 0.00447066167808 0.00421723404081 0.00407230686951 0.00396332785392 0.00389207392 0.00383193777142 0.00379391802376 0.00376457741442 0.00375204489384 0.00363350470945 0.0035381076759 0.00333638216344 0.00308747846726 0.002857047651 0.00261446385408 0.00235459641348 0.00200942602772 0.00167534989443 0.00137419095546 0.00116607926341 0.00105369127719 0.00108378789925 0.00113598060318 0.0012065522214 0.00119454368705 0.00120145064664 0.00119781330991 0.00128216332542 0.00139651948182 0.00152734576556 0.00156117186906 0.00153296436546 0.0015140341205 0.00149710168896 0.00148697792625 0.00147671999397 0.00149691080679 0.00152304249336 0.00153393709766 0.00156728955747 0.00158813287863 0.00162038725183 0.0016334049979 0.00165189139968 0.00165699642339 0.00164794681492 0.00164536729504 0.0016552160823 0.001679456714 0.00167945534774 0.00167944339969 0.00167945896242 0.0016794512756 0.00167946154116 0.00167944382616 0.00167944040744 0.00167945762883 0.00167945383827 0.0016794422789 0.0016794607812 0.00167945020859 0.00167944819328 0.0016794515682 0.00167943982464 0.00167944617192 0.0016794432741 0.00167944497104 0.00167944610884 0.00167945814582 0.00167943775636 0.00167944865006 0.001679443134 0.00167945285484 0.0016794484518 0.0016676610084 0.00165119947804 0.00163053473596 0.00160969165368 0.0015858252225 0.00156133388376 0.001535894276 0.00151154722544 0.00148466707577 0.00145734937294 0.00142732900656 0.00139857354698 0.0013703721612 0.00134054327937 0.00131042063562 0.00127949914704 0.00124728255578 0.001215626818 0.00118432896031 0.001151404545 0.00111982755318 0.001087602472 0.00105466893999 0.00102115769418 0.00098967108135 0.00095860324709 0.000928151475 0.00089589590696 0.0008648603349 0.0008336991429 0.00080258521775 0.00077141263104 0.0007416006944 0.00071208720814 0.00068303095168 0.00065531655024 0.00062761654762 0.0005999648124 0.00057367482084 0.00054730920108 0.0005215787612 0.00049712827371 0.00047329903491 0.00045018618402 0.00042746924196 0.00040595586798 0.00038530606292 0.00036509018644 0.00034556480266 0.00032711026238 0.00030920891952
0.01269333181695 0.01274459763392 0.01282362712995 0.01294540311744 0.0130782225803 0.01319431001958 0.01329497803201 0.01340763233432 0.01355532038156 0.01374354766486 0.01395610962828 0.014153086225 0.01428326147635 0.01434880756272 0.01436834362192 0.01440470677518 0.01446806040339 0.01442724085332 0.01439513626082 0.01434700554672 0.0142770719558 0.014099206698 0.01363331235336 0.01298089940762 0.0123003066745 0.0115978104572 0.01092776565312 0.01045159792752 0.01008852528186 0.00993647165541 0.0098403443922 0.0097562062366 0.00969707581024 0.00949975183584 0.0093711520248 0.00913854550686 0.0089231777957 0.00853335395937 0.008079480222 0.00751033330625 0.00695220316544 0.00611631531497 0.00496959882804 0.00385167611304 0.00306942177084 0.00287977872738 0.00317881899986 0.00327962579 0.00340056252622 0.00353984760814 0.00341701776038 0.00332151801744 0.00323004208102 0.00336990781751 0.00365679884743 0.0039672563747 0.00424814407881 0.00441277005942 0.00457598584465 0.00455210920215 0.00453195943825 0.00458248951095 0.0045868636156 0.00459080611468 0.00459012308026 0.00463820215357 0.0046845008586 0.00475864153079 0.00478038594475 0.00480018426208 0.00480141389826 0.0047835880714 0.00477457489624 0.00477205185743 0.0048244194476 0.00482442268682 0.00482443319337 0.00482443693066 0.00482444176816 0.0048244311999 0.0048244197758 0.00482443215296 0.00482444083866 0.00482442218304 0.00482441698222 0.0048244286148 0.00482442926957 0.00482442489392 0.00482442913953 0.00482442137352 0.00482443231776 0.0048244321717 0.00482442537876 0.00482441817748 0.0048244231152 0.00482442784264 0.00482444062262 0.0048244229838 0.00482443347124 0.0048244229292 0.0048244380168 0.00482443144596 0.00482442935408 0.00482442168725 0.0048232554675 0.00478423863342 0.00474309909662 0.00470610437549 0.00466189845025 0.00461682903709 0.00456360736527 0.00451470653008 0.00446781798708 0.00441576872495 0.00436279956645 0.00430697761248 0.00424650638084 0.00418754161 0.00412923110687 0.004064653797 0.0040041024135 0.0039403460712 0.00387298803951 0.00380222114952 0.00373775807747 0.00367356774851 0.00361041819 0.00353857251488 0.00346986313375 0.003398821623 0.00332593316125 0.003250645488 0.0031788777912 0.00310604552532 0.0030327457769 0.00296291641448 0.00289064732748 0.00281592867704 0.002744802117 0.0026704028652 0.00259607817105 0.00252508835368 0.00245415868243 0.00238386900141 0.00231240013542 0.00224420336086 0.00217758394296 0.0021101777 0.00204332354359 0.00197950301065 0.00191566291328
0.02694011477205 0.02709354976992 0.0272542222757 0.02747034629388 0.0276646587764 0.0277885790406 0.02789369619907 0.02807867421877 0.0282494422186 0.02848788631611 0.02879518059752 0.0290791835759 0.02928893918775 0.02944817673324 0.02959279329502 0.0298608583998 0.03010785249934 0.02977441748988 0.02951971736754 0.02909822457696 0.028772583181 0.0283318743339 0.02718203720694 0.02571709492363 0.02458808254688 0.02355969620026 0.02253240489216 0.0218052281646 0.02099055796815 0.02087941528575 0.0208148013954 0.02075508108919 0.02070012141816 0.02007478130535 0.01962271217088 0.01930499198782 0.0189629887839 0.0184544960164 0.0179674955306 0.0168245545735 0.01583052168256 0.01374387266206 0.01094324836736 0.00828522236295 0.00677208444966 0.0069106558234 0.00859012177793 0.008689697891 0.00876800437689 0.00889634519292 0.00837784432401 0.00787558733388 0.0075772398531 0.00777260156211 0.00835077424461 0.00891407897534 0.00981602360292 0.01061338019625 0.0114068414598 0.01136314865514 0.0112974458725 0.01154481766971 0.01156732239334 0.01153583907756 0.01159622085302 0.01162288679983 0.01173531936881 0.01181958008161 0.0117934880544 0.01169856144624 0.0116284903854 0.01155851630176 0.0114960320124 0.01138174292728 0.011469856736 0.01146986815331 0.01146986737561 0.01146987865055 0.01146988234504 0.0114698596155 0.01146987073016 0.01146986696352 0.01146986224983 0.01146986432706 0.01146987934138 0.0114698561984 0.01146987106556 0.01146986777456 0.01146987460269 0.01146985756596 0.01146986558828 0.01146987479074 0.01146987100436 0.01146988271924 0.01146987376899 0.01146986067976 0.01146162394037 0.0113918294286 0.01132650857828 0.0112725025819 0.011214408503 0.01116655031492 0.01109441743247 0.01102462884149 0.01093780226625 0.01084989685644 0.01075836702042 0.01067724721553 0.01058091290115 0.01048360767377 0.01036880404083 0.01026470336509 0.01016618832096 0.01005673862291 0.00994610945553 0.00982969203118 0.00970345185949 0.009581342036 0.0094613703666 0.009327648657 0.00920373270516 0.0090729358192 0.00893432255856 0.0087881587863 0.0086569528587 0.00852666725592 0.008399058534 0.00825146194984 0.0081112547936 0.00796568839164 0.0078158220165 0.00766022948928 0.0075127890836 0.00736268563394 0.0072112734981 0.00706784249534 0.00691835392616 0.00676256105424 0.00661500358848 0.0064590697995 0.00630272538315 0.00615397033296 0.00600469057565 0.0058563215547 0.00570435232131 0.00555973676012 0.00541821632278 0.00527399166256 0.0051302660927 0.00499328097631 0.00485534683099
0.0520284456636 0.052337644752 0.05263789352605 0.05302952738892 0.05335861870872 0.05353616255832 0.05368250696288 0.0539827387197 0.0542164361052 0.05457162141314 0.05506534167892 0.05551734296575 0.0557324783498 0.0558939800367 0.056068563133 0.05652073346538 0.05690418109068 0.05610459198452 0.0554264387625 0.05445168491532 0.05366604329655 0.0527322326994 0.05055323020524 0.04792354419259 0.04609521779528 0.04452278377228 0.04296811989024 0.04193458777254 0.0406505272665 0.04056204696518 0.0405156952064 0.04045402531999 0.0403588440794 0.03916962059283 0.0383231855424 0.03782341627372 0.037202272618 0.03635438626779 0.03558374429654 0.0336580262745 0.03203217734912 0.02846799160721 0.02362506384524 0.01903261369584 0.01651822921758 0.016987185692 0.02023874057921 0.02036447553175 0.02039616748524 0.02047049974714 0.01939080846528 0.0183483956859 0.01763164107264 0.01773178057661 0.0186781399971 0.0195642532532 0.02120447440755 0.02275238186406 0.02426529188875 0.0242646380274 0.0241985435455 0.02467827565437 0.02455814768743 0.02431548526096 0.02426705316708 0.02419984319867 0.02433283938203 0.02443998671323 0.0243828055887 0.0241859892104 0.02403420936084 0.02389601752328 0.02375566640024 0.02351162212146 0.0236385211796 0.02363854579863 0.0236385261707 0.0236385470177 0.023638528074 0.02363853861798 0.02363855304992 0.02363853348948 0.02363852293991 0.02363853410502 0.02363854412746 0.0236385378488 0.02363853327666 0.02363852693024 0.02363854160682 0.02360125004472 0.02349760930352 0.02341400494594 0.0233217176548 0.02321573396 0.02310152257881 0.0230220206958 0.02292117436093 0.0227723966196 0.02263452762886 0.022521319289 0.0224018143692 0.02230468487996 0.02216095975225 0.02202374994655 0.021854274465 0.02168442436248 0.02150905456946 0.02135615474216 0.02117445705502 0.02099237032852 0.02077676012178 0.02058404248166 0.0204039193134 0.02020320809938 0.02000139409506 0.01978914800322 0.0195582788538 0.019336718744 0.01912057019543 0.018877526907 0.01865517589782 0.0184196564992 0.01816894566318 0.01790349259086 0.01766900966604 0.01743695631836 0.01721080974 0.01694410526776 0.0166927850886 0.01643060314116 0.0161595792775 0.01587661895808 0.0156104571916 0.01533855171512 0.01506363165636 0.01480509636122 0.01453345383256 0.01424807817768 0.01397942656578 0.01369239865728 0.0134037206996 0.01313029098226 0.01285489049052 0.01258049252118 0.01229729057568 0.01202887944996 0.01176601651426 0.0114961499618 0.01122602451698 0.01096941490898 0.01070939487762
0.0920664527826 0.09262284865792 0.09313997304535 0.0938024501004 0.09433349899228 0.09458001839106 0.09477546998677 0.0951862721817 0.09543987569164 0.09589801060684 0.09660491110328 0.0972394104539 0.09711818469375 0.09694512803448 0.09683519751738 0.0972451861719 0.09750477138325 0.09586432533196 0.09428682005299 0.09231611397624 0.0905616798836 0.0886347800949 0.08507514080478 0.08108988930292 0.07851494979072 0.0764482815921 0.07447485788736 0.07329602435184 0.07179305942358 0.07154987473063 0.071339629914 0.07108378015566 0.0707352440334 0.06888361892868 0.067574711004 0.06682667605229 0.0657616825558 0.06439333889327 0.0631813460102 0.060541288397 0.05840967328768 0.05388527593002 0.04770492402076 0.04176247394106 0.03864053165124 0.03909766062962 0.04313876962673 0.04329320083375 0.0432168585692 0.04319662020454 0.04136198598077 0.03972625606218 0.03820238475859 0.03740279709223 0.03817537873835 0.03877289535356 0.04058997259785 0.04264003029006 0.0445789664204 0.04499892625869 0.04527675288975 0.04621626720906 0.04561807703523 0.04478667456576 0.04424731349726 0.04380486823231 0.04372491093242 0.04367388287588 0.0435287731229 0.04316365774992 0.04283390587413 0.04252765766296 0.0421923639104 0.04174125112355 0.0418375771508 0.04178777500542 0.04173130581207 0.04168098840859 0.04162316864664 0.04154992133682 0.04144941777272 0.04135851670136 0.04126888239683 0.04116654602372 0.04105120956412 0.0409116567496 0.04081069313017 0.04067723129872 0.04049745731136 0.04026524383296 0.0400155266324 0.03980376573525 0.03958101017888 0.03933877296376 0.03908637178095 0.03889632727148 0.03867375555552 0.0383739439284 0.03809625052202 0.0378635448695 0.0376236822142 0.03742480167384 0.03715102837772 0.03689152004747 0.0365812592325 0.03627370818585 0.03596005485916 0.03568713000181 0.03536911008836 0.03505346599563 0.03468477839265 0.03435715150746 0.03405334576392 0.03371785459252 0.03338315561175 0.03303361986978 0.03265539758716 0.03229512489 0.03194610944538 0.031554390306 0.03119934507837 0.0308242841456 0.03042572704947 0.03000420368688 0.02963627587103 0.0292740485428 0.028923342261 0.0285058660436 0.02811560211825 0.02770820390286 0.0272869721605 0.02684649390912 0.0264352073184 0.0260149663371 0.02559025168476 0.02519386370666 0.02477569762286 0.02433438106328 0.02392180915302 0.02347784136378 0.0230309873353 0.0226101214616 0.02218567999505 0.02176261476765 0.02132386282521 0.02091017386564 0.0205056018262 0.0200881065216 0.01966935843439 0.01927341393879 0.0188705408198
0.14553360150675 0.14641955300576 0.14722524355455 0.1482475835196 0.1490459174698 0.14938162094124 0.14963898601385 0.15014792895543 0.15037802450964 0.15092237841876 0.15186110589376 0.15268550218465 0.15186413281865 0.15099350120733 0.15025198897962 0.15034703324946 0.15018171750934 0.14736716027812 0.14444138917449 0.14107804966332 0.13787050132885 0.1344703091382 0.12927990180798 0.12386773747011 0.12054590888864 0.11806413450117 0.11581567161984 0.1146745009764 0.11327224829706 0.1126661739111 0.1120843319698 0.11142062781303 0.11059114069356 0.1080516178332 0.10626789183984 0.10521413641046 0.1035530796433 0.10148862540091 0.09966599731638 0.09647398003225 0.09403480107008 0.08929153771959 0.0827827981356 0.07635595245534 0.07317074929074 0.07318370375723 0.07691897645968 0.07711065068525 0.0768771162109 0.07672395685414 0.07401660536298 0.07180685594934 0.06911293941324 0.06659053929858 0.06660984924766 0.06627865476644 0.06761028723084 0.06980031271548 0.07175784794655 0.07296855511812 0.07393042185875 0.07550922013128 0.07408338690025 0.07227700497256 0.0708326814108 0.06972250423871 0.06916828553745 0.06876478953043 0.06846838059815 0.06787507529152 0.06726678494928 0.06668520396912 0.0660316731024 0.06530518298315 0.0652907972836 0.06505250734708 0.06480858949614 0.06457892741789 0.06434232808472 0.0640865864457 0.06379357983572 0.0635201540412 0.06325341374414 0.0629718547097 0.06267521816082 0.0623462910676 0.06208087123548 0.06177063193856 0.06139479795876 0.06094440665172 0.06047251987084 0.06006286034643 0.05964136752604 0.05919522166318 0.05873846819217 0.05837996653776 0.05797702183315 0.05746277716 0.05698613309732 0.0565811075494 0.056169579613 0.0558232467408 0.0553692409902 0.05494052148321 0.05444020891125 0.05394783676599 0.05345024172143 0.05301693545155 0.05252027749436 0.05203073598013 0.05146596122292 0.05096556482929 0.05050383682848 0.04999833345054 0.04949713983219 0.04897698718472 0.04841727168241 0.04788703514 0.04737629573713 0.046804843593 0.04629035238849 0.0457486702508 0.04517442337188 0.04456833237918 0.04404399741401 0.04353020160096 0.043035529281 0.04244336962536 0.04189342624105 0.0413196128748 0.04072661038525 0.04010622037632 0.0395306617956 0.03894286792319 0.0383493763793 0.03779934504588 0.03721743787902 0.03660144335096 0.0360292623831 0.0354102459012 0.0347871214047 0.03420346404865 0.03361452015376 0.03302773881429 0.03241697896665 0.0318441200435 0.03128491415776 0.03070567663692 0.03012399452202 0.02957668466412 0.02901815166728
0.2007690475293 0.20199855799616 0.2031158371466 0.20453049379476 0.20563430662322 0.20609823788262 0.2064526892427 0.20704801022507 0.20725638192092 0.20789565499365 0.20907568678072 0.2100956665951 0.2083898512667 0.20661862525017 0.20502604781838 0.20457383614914 0.20376273456099 0.19978449121716 0.19544161166451 0.19068724301088 0.18593364584155 0.1809412633128 0.17430463490244 0.16774454369227 0.16374681702352 0.16089231695669 0.15845979958464 0.15744771705081 0.15644493172698 0.15531876907343 0.1542294359798 0.1530309515921 0.1516094069234 0.14859240046317 0.14651224455744 0.14515071671254 0.1428559377819 0.14000601740947 0.13741472992478 0.13397660236225 0.13147124942848 0.12738007307907 0.12169768799064 0.11583531855039 0.11317840973118 0.11236351625522 0.11452430698794 0.11477454071475 0.11440025705938 0.11406450910044 0.11067446242846 0.10808438203818 0.10415743538389 0.09965927047707 0.09877012678672 0.0973774103071 0.09784684178382 0.09977752247499 0.1013336057399 0.10335640778508 0.10501876623375 0.10706349870723 0.10462190485495 0.10165297580808 0.09902535460064 0.09710838917581 0.09589974598168 0.09505468190082 0.0945573646836 0.09373174234976 0.0927841849263 0.0918542588778 0.09080886965016 0.08980297900662 0.0895961335436 0.08908799227184 0.08857863631498 0.08809517108363 0.0876084985048 0.08710205297742 0.08655128882468 0.08603330555516 0.08553052990271 0.08501379456497 0.08448263486164 0.0839140483976 0.08343681337276 0.08290505485664 0.08229112291953 0.08158326313212 0.08085269522308 0.08021119224652 0.07955959440024 0.0788806967011 0.07819323489393 0.07764190568036 0.0770366367336 0.076288723386 0.07559595592856 0.0750031714516 0.0744066095348 0.07390109499808 0.07325765939344 0.07265224583859 0.07195669250625 0.07127605890369 0.07059287288053 0.06999878713219 0.06932514591021 0.06866492387767 0.06790930658586 0.06724248890261 0.06663030467184 0.06596397683664 0.06530679822723 0.06462800676816 0.06390022349182 0.063214472608 0.06255749859818 0.061823290689 0.0611670956316 0.0604776428498 0.05974773737712 0.05897808869244 0.05831894320943 0.05767605157079 0.057060696075 0.05631808781944 0.0556333625786 0.05491866057444 0.0541800851985 0.05340645834624 0.05269388668 0.05196623423196 0.0512320692338 0.05055696813882 0.04984018944526 0.04907848822384 0.04837613633838 0.04761138981498 0.04684134361375 0.0461246959122 0.0454010266255 0.04468031198367 0.04392700245936 0.04322480926724 0.0425409447513 0.04182939495684 0.04111401545335 0.04044495337993 0.03975991150167
0.25258424075595 0.25414276424512 0.2555707818244 0.25737999431868 0.25880731358524 0.25943619518658 0.25992322347236 0.26059694714669 0.2608022372564 0.26155192738285 0.26297549114824 0.2641937497335 0.26153899071505 0.25878291098943 0.25623116385214 0.25508082103008 0.25349709291071 0.24850716544068 0.24285893750578 0.23688179149404 0.23068276762445 0.2241686112888 0.21641453864457 0.20906908884481 0.20448837695858 0.201290369654 0.19873218950784 0.19789179012498 0.19750983948288 0.19578603260414 0.194133817433 0.19235650938812 0.1903205621798 0.18708675987213 0.18493126752192 0.1832944373414 0.180389474188 0.17672953204846 0.17325931789738 0.1698749395905 0.1675112069696 0.1647864699184 0.16085475220976 0.15642853367142 0.15477630123204 0.15292325034639 0.15254879520708 0.15285821236175 0.15235813208159 0.1517556436554 0.14794170163724 0.14516292798246 0.14007532179752 0.13367864887894 0.13199465389078 0.12970843481828 0.12921450003762 0.13060820838654 0.1314786762346 0.13414669244559 0.13634731923325 0.13853785081695 0.13500275408333 0.1308076059626 0.12684048443744 0.12407879163629 0.12212002267463 0.12081951710738 0.1200886177179 0.11904837305056 0.11772959750895 0.11640937786596 0.11493553589624 0.11366975340556 0.1132080358576 0.112379003783 0.11155591779381 0.1107733216361 0.10999371861856 0.10919597689728 0.10834882362488 0.10755030095484 0.10677770243255 0.10599400282557 0.1051985205817 0.1043620807736 0.10364729880692 0.10286971961648 0.10199462001183 0.1010088254448 0.1000033000802 0.09911499720522 0.09822008820336 0.0972971148235 0.09636928014597 0.09561609619856 0.09480163290132 0.0938181679218 0.09290819125256 0.0921267846919 0.0913461975044 0.09068285424324 0.08985477607241 0.08907820486653 0.08819569369125 0.08733760642233 0.08648100753634 0.0857379908294 0.08490183709097 0.08408633252461 0.0831580962354 0.0823425949431 0.08159790081996 0.08079060548884 0.07999816156566 0.07918273932256 0.07831071371716 0.077493431666 0.07671459856545 0.075844082409 0.07507219723983 0.0742623468884 0.07340565983973 0.07250273771628 0.07173805052805 0.07099577804018 0.070289762766 0.0694291089388 0.0686417568889 0.0678193280847 0.06696906731175 0.06607700074368 0.0652618816204 0.06442941918801 0.06359008251568 0.06282522318622 0.06200961343364 0.0611388925656 0.06034282318962 0.05946947939916 0.05858986897785 0.0577772992217 0.05695620771945 0.056138921745 0.05528063863251 0.05448657374612 0.05371547056576 0.05290916269192 0.05209748344633 0.05134403626495 0.05056974867748
0.2878488627003 0.28965885110752 0.2913301065836 0.29344272544332 0.29512860170264 0.2959105155237 0.29652797149083 0.29728476682093 0.29752364314128 0.29838592539431 0.30001252456036 0.30140276399675 0.2981494750652 0.29476446617148 0.29159501627392 0.29000166384408 0.28793239754554 0.28240103226408 0.27605466195523 0.26939635685424 0.26239846046025 0.2550051414348 0.24670938509532 0.23897198757912 0.23395598441392 0.23046196467052 0.22775495631744 0.22698728941929 0.22703767893678 0.22499844599045 0.223059025722 0.22098233767685 0.2186224340124 0.21538192836294 0.2133308120484 0.21156269635655 0.2082521147553 0.20401287697555 0.19983399209752 0.196585491033 0.1943474618592 0.19265843167881 0.18992038053148 0.18651134088642 0.18567585475566 0.18358118748318 0.18178340681123 0.18203377736775 0.18133168675889 0.18021583763034 0.17621296239736 0.17317389276036 0.16737912706193 0.16027726365415 0.15888159350631 0.15688426318166 0.15651356538363 0.15785150415984 0.1585441319236 0.16111194008793 0.1631225505215 0.16478762583621 0.16049455386524 0.15543974502744 0.15048112685474 0.14718887854596 0.14474530444797 0.14324175886399 0.14230424643045 0.14109471412928 0.13946039993256 0.13781758835564 0.13599837527032 0.13452122705659 0.1338365944424 0.13272452230992 0.13162664802952 0.13058346464573 0.12955062933008 0.12850303633284 0.12740397919452 0.12636854358504 0.12536990338272 0.12436436325827 0.12335106646564 0.122295720598 0.12138875198238 0.12041390376592 0.11933049666762 0.11812322829528 0.11689847260432 0.11581608309122 0.11473114942052 0.11361858808604 0.11250528213951 0.11160065964124 0.1106291935962 0.1094650432004 0.10839117081362 0.1074715587526 0.1065571948026 0.10578364042708 0.10482192189193 0.10392424344797 0.102906693 0.10192134287079 0.10094123750127 0.10009721509648 0.0991477928056 0.09822577401237 0.09717515433297 0.0962592268186 0.09542907003252 0.09452857295952 0.09364822109703 0.09274358006498 0.09177509811026 0.09087319668 0.09001870221464 0.089058813531 0.0882168606795 0.0873323094314 0.08639458450335 0.08540407144254 0.08457808649019 0.08378021327047 0.083026850262 0.08209227800904 0.08124565398715 0.08035870835772 0.07943982891775 0.07847220295872 0.0775966788812 0.07670130146564 0.07579833184826 0.07498471148894 0.07411107620098 0.0731718431376 0.07232211113166 0.07137983622318 0.0704298397075 0.0695602560662 0.06868022297591 0.06780443244288 0.06687862503849 0.06602997714494 0.0652086489457 0.06434395064916 0.0634719564682 0.0626700485862 0.06184188121295
0.3052795370265 0.30725268166784 0.3090876374061 0.31139725867056 0.31326145126888 0.3141720876987 0.31490667978625 0.31574941052116 0.31605578473078 0.31702654553622 0.3188064996976 0.32033486487475 0.3168780245422 0.31326892126896 0.30987460676582 0.308141842593 0.30592212668237 0.30032844204724 0.29391672570062 0.28713362112204 0.2800170027134 0.2724286529343 0.26414870501502 0.25637689628528 0.25107963114022 0.24734509028185 0.24446022223008 0.24365158778445 0.24388547541504 0.24185242023395 0.2399363787642 0.23787343325116 0.23551165296604 0.23244548018697 0.23064827090016 0.22889969752573 0.2254125141744 0.22086334680288 0.2162060861059 0.2131215061335 0.21095703812352 0.20979572878718 0.20748030572928 0.20447420906037 0.20416260729804 0.20263414576196 0.20071174857896 0.2007813292415 0.19980271935381 0.19796571487284 0.19399141165663 0.19060529402076 0.18459653501119 0.17804413548408 0.17802546404989 0.17749666320032 0.17836970447478 0.1801853410716 0.18126739390255 0.18300748186218 0.184121430987 0.1846510784235 0.17999026926447 0.17449836178864 0.1689735340344 0.16549647480663 0.16287359366556 0.16143051643627 0.160330006486 0.15900221314288 0.15712907329749 0.15525399946396 0.15319519326824 0.15156202126384 0.1507053632324 0.14937333460494 0.14806336299972 0.14682081038014 0.14559568451568 0.14435966947116 0.14307134092056 0.1418598691882 0.14069499399131 0.13952752470088 0.1383563940352 0.137143017374 0.13610084416666 0.1349872550792 0.1337565958344 0.13239156335904 0.1310113577938 0.12979498799171 0.12857993450364 0.12733788152484 0.12609895651275 0.12509772500008 0.12402528352425 0.1227404311368 0.12156024258362 0.1205564804885 0.1195618930166 0.11872860686568 0.11768735286046 0.11672098999737 0.11562296824125 0.11456390634912 0.11351343842335 0.11261871216316 0.11160802873271 0.11063059921393 0.10951069740579 0.10854480586449 0.10767788368764 0.10673379841888 0.10581452164335 0.1048698246859 0.10385473945613 0.102916713466 0.10203414416835 0.101033708346 0.10016857243008 0.0992565866226 0.09828547946028 0.09725542176804 0.09641387105822 0.09560565845149 0.094849518426 0.09388740606088 0.0930267175375 0.09212065968978 0.09117859714125 0.09018101022912 0.0892896774732 0.08837584496591 0.08745353831858 0.08663464631734 0.08574664799224 0.0847826869004 0.08392237045704 0.08295448121298 0.08197713695815 0.08109295417789 0.08019618723623 0.07930388498649 0.07835240519523 0.07749056183338 0.07666016888974 0.07577807120136 0.07488641219451 0.07407659927118 0.07323481307895
0.31069556047335 0.3127553096144 0.3146791008809 0.31708967683284 0.31905058395806 0.32004336497814 0.32085650450571 0.32176382805616 0.32213143267062 0.32317702280175 0.32504629499836 0.32665951313645 0.32322939825245 0.3196389160446 0.31626040449908 0.3145728003861 0.31240101116433 0.3069771494132 0.3008173098466 0.29419092421488 0.28731023797535 0.2799054090396 0.2719149552966 0.26429169211663 0.25886670964628 0.25499885218808 0.25197274466976 0.25107288064389 0.25131267429957 0.24947044638251 0.2477510078974 0.24587733237554 0.24369483575192 0.24087766969413 0.23936186626824 0.23771479554977 0.2342286802744 0.22960125940129 0.22474804202356 0.2217987159715 0.21969595964992 0.21864152657815 0.21627175585224 0.21324344831256 0.21329327761398 0.2124092016951 0.21082999043517 0.21068778227875 0.20944169367651 0.20699037394404 0.20319808896793 0.19951377121368 0.19364795969373 0.18823969924932 0.18991018166583 0.19116235087214 0.19357115675187 0.19602017582652 0.19767861916945 0.19843845450336 0.1985245147525 0.19788040163112 0.19314332301621 0.18752284902164 0.18177871038382 0.1783002861503 0.17567833482571 0.17437638303855 0.17316930248215 0.17176090932224 0.16973173530705 0.16771067591372 0.16550340983296 0.16376202446318 0.1627975765444 0.16132466806016 0.15988057585626 0.15851417446694 0.15717130731008 0.15582129439188 0.15441934644512 0.1531047939112 0.15184481089138 0.15058621407813 0.14932773731902 0.1480276389188 0.14691624434677 0.14573154650096 0.14442410545038 0.14297517070164 0.14151315657732 0.14023145975654 0.13895437507336 0.13765124861226 0.13635451758162 0.13531777573412 0.13420698256363 0.1328690890108 0.1316470723523 0.1306187547966 0.1296030270232 0.12876479790692 0.12770354034033 0.1267259428116 0.12560761636875 0.1245337638075 0.12347132787421 0.12258036529459 0.1215652028335 0.12058817735527 0.11945754754155 0.11849660168335 0.11764547268012 0.11671173670505 0.11580675761412 0.1148754682067 0.11386842716885 0.112947160648 0.11208809064991 0.111100728816 0.11026329223539 0.1093754524742 0.10842340102938 0.10740707329278 0.10659975088529 0.10583032281058 0.105119597511 0.10418141775792 0.1033563499152 0.10248145552404 0.1015669101215 0.10059068869056 0.0997331721992 0.09885075520583 0.09795895812976 0.09718314810072 0.09632998906896 0.0953913456876 0.09456911337132 0.09362537222598 0.09267038723215 0.09182020782401 0.09095536449974 0.09009501779667 0.0891667310175 0.08833973388652 0.08754799012124 0.08669652321236 0.08583320329374 0.08506283610154 0.08425499328108
0.30670904552955 0.30878741312224 0.31073231338485 0.3131584536636 0.31514088837808 0.31616735814216 0.31701670280122 0.31796227066163 0.31837438245396 0.31945623334183 0.32135251756484 0.32299668146665 0.3197520363822 0.31635041481408 0.3131585372573 0.31164350709486 0.30965562090188 0.30453621157256 0.298815076496 0.29251816343904 0.2860923306277 0.2791180283835 0.27157364957163 0.26421022812722 0.25880675536134 0.25492572595545 0.25182224007072 0.25081837229715 0.25093938405774 0.24942605854049 0.2480311478608 0.24647701213242 0.24460867789252 0.24208862858307 0.24085701842736 0.2393820774499 0.2360581565104 0.23156566638818 0.22679900884828 0.2239604154065 0.22193569488896 0.22065911546143 0.21791385516628 0.2145597337683 0.21484069151544 0.21444297968656 0.2133787895823 0.2129949212685 0.21148790029665 0.20858735022626 0.20507211206286 0.20116135399182 0.19570074376345 0.19174275394256 0.19510879806727 0.19812132048646 0.20204142410655 0.20512694878173 0.2073941328403 0.20722252370988 0.2063502794045 0.20468229515097 0.200093069554 0.19458265122652 0.18890587973352 0.18553661168096 0.18303470241916 0.18188487079179 0.18063115790915 0.17917625929088 0.17707456694088 0.1749910526202 0.17272086965872 0.17091675027152 0.1699056572152 0.16836828931958 0.16686524640548 0.16544749573183 0.16405836316296 0.16266572297664 0.16122275119012 0.15987475917256 0.15858738479718 0.15730503222706 0.15602630793998 0.1547074589592 0.1535891105255 0.15239737587504 0.15108042150558 0.1496183238648 0.14814529806648 0.14686370046323 0.1455896156464 0.14429084371338 0.1430011888851 0.1419867300362 0.14089705343604 0.139571211095 0.13836923572852 0.1373730018647 0.1363922543276 0.13560062500012 0.13457631240791 0.13364221815032 0.1325616294975 0.13152972400731 0.13051156673434 0.12967648749853 0.12871178180947 0.12778908343292 0.12670504585659 0.12580235385291 0.12501784034124 0.12414707213512 0.12330832097574 0.12244289771862 0.12149792278931 0.120645578998 0.11986086829481 0.11894005632 0.11818077997719 0.1173685638004 0.11648832932094 0.11553969089766 0.11481664143446 0.1141354383734 0.113518656045 0.11265708278936 0.11191841628915 0.11112640111116 0.11029184647025 0.10939048981056 0.1086184474028 0.1078195663728 0.10701064581116 0.1063287522957 0.10556248815534 0.10470249770696 0.10397019781134 0.10310416967088 0.1022253309098 0.10146171679553 0.10068163869023 0.09990622239048 0.09905489990343 0.09831554678944 0.09761513031718 0.0968476360934 0.09606625226009 0.09538835391547 0.09466790724984
0.2987675836227 0.30082353637312 0.30274779200435 0.3051399005514 0.30709813286148 0.3081234755331 0.30897715167799 0.30993668281863 0.31037261589518 0.3114605936962 0.31334351456404 0.3149817595892 0.3119416525988 0.30875361375564 0.30577419020496 0.30443811684 0.30264228633958 0.2977912382536 0.29245376691534 0.28646776829748 0.28046067181465 0.2739065537073 0.26674576696824 0.2596179881524 0.2543635672454 0.2505906001192 0.24752094570528 0.24649098680592 0.24651703995228 0.24540463921547 0.2444027818064 0.2432393962908 0.24175999599024 0.239572505457 0.2386395997128 0.2374264626965 0.2344047600559 0.23021878040561 0.2257703542281 0.2230878510145 0.2212341349504 0.21970481782977 0.21662761787988 0.21296541228525 0.21334888662126 0.21301404979751 0.21222738924879 0.21148191649375 0.20962085581107 0.20636738621016 0.20302944032266 0.19891807105938 0.19385480930349 0.19107590908121 0.19560839788938 0.19979838539038 0.20468306975634 0.20814000867657 0.21077378608425 0.21000397119252 0.20852521607875 0.20621710822908 0.20181645957809 0.19647539641784 0.19098039666948 0.18768539106898 0.18529097919457 0.18419124190544 0.1829514478376 0.18147968840144 0.17938513307631 0.17731416476788 0.17505583661576 0.17323030738431 0.1722091263736 0.17065890539988 0.16914773247918 0.1677271077878 0.16633954152592 0.16495235204916 0.163517938101 0.16218350123512 0.16091424630052 0.15965363741038 0.15840016204202 0.1571092739108 0.15602530054988 0.15487006917584 0.15359062238415 0.15216651068832 0.15073402047176 0.149498988862 0.14827431117052 0.1470269987603 0.14579149019136 0.14483906873772 0.14381249908593 0.1425471812846 0.14141047374324 0.1404863202204 0.1395803772278 0.13887036189096 0.13792436596059 0.13707297215612 0.13607337601875 0.13512562367949 0.13419387326105 0.13345229584596 0.13257925458725 0.13175129742028 0.13075860722652 0.12995462474225 0.12927450281256 0.1285069763149 0.12777424560141 0.12701546504586 0.12617560328078 0.12543329876 0.12476281580752 0.123952022649 0.12331091922009 0.12261600472 0.12185122816719 0.12101583880374 0.1204178540704 0.11986518204376 0.119381702685 0.1186420050312 0.11803276193075 0.11736829423278 0.11665974730475 0.11588115619008 0.1152401618484 0.11457149757439 0.11389281019228 0.11335007159586 0.11271823497152 0.11198674157632 0.11139230126556 0.11065492491984 0.10990386319045 0.10927687246975 0.108632427176 0.10799325251304 0.10727207067618 0.10667217786054 0.10611483000698 0.1054847406412 0.10483948261115 0.10430727028018 0.10372867443477
0.28953876107175 0.29154509254112 0.29342106593275 0.29574863476632 0.297653173562 0.2986514905473 0.29948429976593 0.30043530329519 0.30087374174612 0.30194319109838 0.30378443389544 0.30538933536885 0.30250418037125 0.29948265391635 0.29666976994276 0.29545907086782 0.2938012644655 0.28910853826292 0.28399304445744 0.27821788338036 0.2724813044275 0.2662228581702 0.25929341477193 0.25232693510659 0.2473374038697 0.24379151674108 0.24088965946176 0.23995809365079 0.2399913919047 0.2393214691747 0.2387527216408 0.23802186490508 0.23697488977204 0.23514976829907 0.23453867125272 0.2336787740518 0.2310762920424 0.22733328277996 0.22338707322272 0.22094178001875 0.21938247981312 0.21772338994732 0.21453277765736 0.21074112406677 0.21111493244382 0.21034219174828 0.20942922844751 0.2081754264275 0.20583318123022 0.202280593372 0.19894450391116 0.19464006949296 0.18984156839584 0.18772906228777 0.19270098010407 0.19728105848142 0.20238900404025 0.20584794366909 0.2084962623394 0.20756501071458 0.205931688004 0.20343907212603 0.19917215456026 0.19396577565944 0.1886701087679 0.18534946236748 0.18298845824726 0.18179614237582 0.18062969779335 0.17917145575072 0.17715894785421 0.17516884969896 0.1729889783716 0.17118166667701 0.1701722832704 0.16864471526605 0.16716017334982 0.16576949657869 0.16441577368552 0.16306651776012 0.16167459440412 0.16038550900508 0.15916472093977 0.15795621920074 0.15675843514904 0.1555271927536 0.15450433646354 0.15341434612864 0.15220467680103 0.15085472011452 0.14949941847236 0.14834284805703 0.14719947590672 0.14603647824658 0.14488789776552 0.14402342583272 0.14308804710293 0.1419176627874 0.1408777489431 0.1400521291526 0.1392472619786 0.13864056710392 0.13780092603764 0.13705825709136 0.13616972407875 0.13533527122479 0.13451903448091 0.13389571750331 0.1331428299768 0.13243732106358 0.13156822212741 0.13089089755452 0.13034055990732 0.12970425664892 0.12910513658403 0.12848175007814 0.12777817006671 0.127175232898 0.12664707969004 0.12597832212 0.12548383561644 0.1249365373674 0.12431974136289 0.1236323943198 0.12318921348881 0.12279441346389 0.122472613125 0.12188979552656 0.121442556475 0.12094021592874 0.120393880855 0.11977649299008 0.1193026582832 0.11880159666541 0.11829145272966 0.11792401568244 0.1174654164389 0.11690414822672 0.11648710519506 0.11592173933316 0.1153428193624 0.11489506971947 0.11443006565601 0.113971664529 0.11342755245987 0.1130125792305 0.11264385916712 0.11219901200964 0.11173884644825 0.11140018854558 0.11101312512282
0.28283298639585 0.2847968416112 0.28663102348405 0.28890473346648 0.2907631646828 0.2917348607952 0.29254558609266 0.29348371858344 0.2939168647324 0.29496575083898 0.2967698252032 0.29834362460895 0.2955191127111 0.29256777173322 0.28982664441958 0.28865742742032 0.28704986397472 0.28237743946544 0.2772829896297 0.27157368272496 0.26590604275165 0.2597510301591 0.25286573211711 0.24595454840211 0.24128105326458 0.23802598758983 0.23539485171264 0.23469387552678 0.23488750617177 0.23465587998126 0.2345179069256 0.23421726197367 0.23359949213692 0.23213957080122 0.23187766078176 0.23144921607654 0.2293150558545 0.22605911700906 0.22265177899162 0.2205495672055 0.2193908361632 0.21790591248296 0.21492714458672 0.2113141106901 0.21152729188758 0.21022808947602 0.20913871216366 0.20714659016975 0.20409428743811 0.20005774166588 0.19638416265083 0.19174379156574 0.18690852940494 0.18481774680927 0.18953717152882 0.19377559277908 0.19848134331252 0.20165530583943 0.20403701659665 0.20326685738376 0.20180662529125 0.19942064396943 0.19514892649427 0.18996062059108 0.18478909406296 0.18134101559114 0.17893378950799 0.17755010196853 0.1764932229164 0.17506429731008 0.17317609064469 0.17130627818076 0.16924411019096 0.16747302584397 0.166476010088 0.1649762977872 0.1635228838383 0.16216539619084 0.16084803149576 0.15953894693958 0.15819186933152 0.15694911017188 0.15577681313462 0.15462006066434 0.15347728177442 0.1523051374084 0.15134033906789 0.15031305081408 0.14917164436692 0.14789575109412 0.14661744277752 0.14553686826626 0.14447203020128 0.14339067066094 0.14232609169272 0.14154330399776 0.14069356690555 0.1396152707948 0.138667684377 0.1379335425832 0.1372223868604 0.13670920956364 0.13596886674028 0.13532667889961 0.134542810665 0.13381459407576 0.13310660797924 0.13259189891521 0.13195115611944 0.13135963858234 0.13060790442126 0.13004864260901 0.1296177972516 0.12910376423952 0.12862892807832 0.12813208635812 0.12755731163196 0.12708499601 0.12668957820234 0.126155561667 0.12579810866427 0.1253898292196 0.12491380565601 0.12436865181108 0.12407108515718 0.12382451064725 0.123653941614 0.12322194971112 0.12292900997015 0.1225823000193 0.122192889699 0.12173305007808 0.1214208271504 0.12108279712813 0.1207373013539 0.12053945876786 0.12025045334056 0.11985805963216 0.11961526501314 0.1192218977112 0.11881599204335 0.11854679364896 0.11826156828187 0.11798484606192 0.11762094011868 0.11739254933882 0.11721407518692 0.11695817920208 0.11668797758835 0.11654642801351 0.11635618441121
0.27906468895005 0.28099886732672 0.2828037584274 0.28504151348868 0.28686828022692 0.2878194532338 0.28861261025738 0.28953762423418 0.2899617898085 0.29099337160049 0.29277092755724 0.29432207535785 0.2914643182388 0.28848629136918 0.28572031630588 0.28450881626622 0.28286352508546 0.27808526150768 0.27282517804314 0.2670449361426 0.2612543933463 0.2550149718909 0.24800017744425 0.24104487440091 0.23671281181854 0.23378587064745 0.23150451631008 0.23114776224915 0.23164669300611 0.23182627917956 0.2320949916228 0.23220098265874 0.2319886442 0.23088384348651 0.23098959352224 0.23104944952474 0.2294027304345 0.22664357026346 0.2237637369814 0.22209950476175 0.22142376340864 0.22042158549834 0.21796825532992 0.21483862225398 0.21475305847122 0.21293048380338 0.21167060693601 0.2087463469 0.20478832619548 0.20007636517398 0.19574807678769 0.1906345349649 0.18546107790449 0.18278386072813 0.18663692342479 0.18989398688082 0.1936630689429 0.19631014284195 0.1981864815032 0.19784029333449 0.196819041315 0.19476854358663 0.19034930053909 0.18505705918328 0.17991683442626 0.17625216311604 0.17372345528453 0.17207258327907 0.17114936501065 0.16976148508208 0.16802608887771 0.16630339738792 0.16438649699632 0.16266474744707 0.1616743353988 0.16019982685555 0.1587743091109 0.15744583832389 0.15616012486928 0.15488619574818 0.15357903581124 0.15237665532452 0.15124617115208 0.15013418236026 0.14903904989592 0.1479186356576 0.1470027903367 0.14602936657904 0.14494811739849 0.14373908860608 0.14253051598016 0.14151695263201 0.14052140583848 0.13951243775806 0.1385224433736 0.13780932301752 0.13703367644585 0.1360378616058 0.13517183038324 0.134516280486 0.1338856998206 0.1334508290976 0.13279674265872 0.1322409249469 0.13154898333375 0.13091374926081 0.13030054821642 0.12987885570289 0.12933608618831 0.12884378915779 0.12819649679109 0.12774023588584 0.12741246163296 0.12700521934603 0.12663880094298 0.1262529407345 0.12579244480543 0.125435109758 0.12515591592103 0.124741980615 0.12450481771371 0.1242196268016 0.12386946485844 0.12345272635452 0.1232838776792 0.12316810734779 0.123130492032 0.12283492233832 0.12268011799825 0.12247392230028 0.12222718677475 0.12191199505344 0.1217467249168 0.12155773619698 0.12136337865484 0.12131973567384 0.1211866826947 0.12095153961032 0.12086950035888 0.12063744182052 0.1203945568469 0.12029222748261 0.12017582124405 0.12007025623278 0.11987801417754 0.11982597360248 0.11982727046244 0.11975177966304 0.11966379403965 0.11971012013235 0.11970892535988
0.2760160801683 0.27792366421984 0.27970369174685 0.28191217693968 0.28371477131482 0.28465171080228 0.28543301925908 0.28634527323801 0.2867625368113 0.28778113782119 0.28953821207868 0.2910717883387 0.28814515532385 0.28510069972425 0.28226734055872 0.28097014581474 0.27924400455534 0.27432428824676 0.26883178166979 0.26293601719308 0.256944611669 0.2505375046035 0.24332695991352 0.23629313760445 0.23227670411518 0.22964959596678 0.22771494750912 0.22771774919514 0.2285656200411 0.22907626865835 0.2296769414124 0.23011906996208 0.23024766474612 0.22945700348406 0.22990391067672 0.23042720846684 0.2292249458695 0.2269149372926 0.22448876028568 0.2232787714075 0.2230739324736 0.22268422434745 0.22088439642768 0.2183747093052 0.21793765129308 0.21563084532496 0.21416196661072 0.21034881189875 0.20553230382369 0.20015224027552 0.19511105466608 0.1895515516887 0.18391786693315 0.18037189230373 0.18308737105984 0.1851084263054 0.18773250063177 0.18975073572108 0.1910240044563 0.1911901485747 0.1907014008935 0.18908302230519 0.18445288962226 0.17900689839588 0.17383495038942 0.16993439556778 0.1672455919377 0.16531927219077 0.16452170028775 0.16318158919072 0.16159823531565 0.16002197435716 0.15825391185912 0.15659285210261 0.1555982981404 0.15414173628572 0.1527362322633 0.15142785279966 0.15016428422016 0.14891562583872 0.14763854857884 0.14646562936924 0.1453651066036 0.14428564775258 0.14322556963806 0.1421443053984 0.1412626603689 0.14032868255472 0.13929398208621 0.13813933418172 0.13698789696592 0.13602658399674 0.1350852853792 0.13413367187442 0.13320285202458 0.13254079856836 0.13182112923262 0.1308921351002 0.1300903044316 0.1294934758628 0.1289230470204 0.1285434957506 0.12795517636201 0.12746383996632 0.12684359946375 0.12628020230514 0.12574025392765 0.12538738211517 0.12491981375877 0.12450324331962 0.12393896817177 0.12356145602571 0.12331045183464 0.1229847786018 0.12270082931127 0.12240023869954 0.12202935426574 0.121760684248 0.12157004275676 0.121250629179 0.12110521696455 0.1209153003146 0.12066425441544 0.12035040029106 0.12028033325064 0.12026440487154 0.120327228213 0.12014026556728 0.12009322067885 0.11999811793644 0.119865482989 0.1196677791072 0.119619350604 0.11954988748037 0.1194773643938 0.1195555580054 0.11954805075688 0.11944201060128 0.11948947767288 0.11939083578672 0.11928358522885 0.1193178047269 0.11934040079988 0.11937610806903 0.11932790414481 0.11942155836398 0.1195709381292 0.11964621188936 0.11971140553799 0.1199135639031 0.12007079788314
0.2728853946366 0.27476303708992 0.27651646811075 0.27869498728056 0.28047403433568 0.281398969053 0.28217027558177 0.28306636554504 0.28347619374646 0.28448167003828 0.28621738081996 0.28773250204965 0.28470929982995 0.28156810722297 0.27863431400538 0.2772146367786 0.2753725094241 0.27029205892272 0.2645215944011 0.25848849927516 0.25224331697515 0.2456118351651 0.23816088853242 0.23103405743042 0.22730411507878 0.22494146109765 0.22334401001952 0.22371194446848 0.22493502091149 0.22569191913306 0.2265424318804 0.22724042853482 0.22763349687136 0.2270982824082 0.2278404602796 0.2287691103929 0.2279385162404 0.22600624706006 0.22393678079916 0.2231697008585 0.22339077352384 0.22366720939697 0.22257253719004 0.2207517221706 0.21995521003644 0.21715363781133 0.2153542118079 0.21082101161625 0.20531834751022 0.19938930420212 0.19370284051342 0.18781592953206 0.18166734775528 0.1770838640773 0.17851557898114 0.17918944447788 0.18057517736913 0.18191065061043 0.1825301287723 0.18325495508325 0.183350362082 0.18223765592331 0.17734196977126 0.17169700854748 0.1664160333927 0.16227244629535 0.15938431899879 0.15719606381985 0.1565096134953 0.15523107220672 0.15379337506344 0.15235770661968 0.15073649606504 0.14915259443843 0.1481402981096 0.14669221006587 0.14529690052514 0.14399801507742 0.14274558471712 0.14151117855264 0.14025342881136 0.13909826791252 0.13801539464448 0.13695586906921 0.1359181000155 0.134863461696 0.13400139875234 0.13309280693744 0.1320916932909 0.13097989025424 0.12987407638788 0.12895139912781 0.12805048791668 0.1271425654064 0.12625704363324 0.12562889229268 0.12494871661198 0.1240726473102 0.12331964063442 0.1227633893864 0.1222346080506 0.12188922332692 0.12134828432708 0.12090167632675 0.12033507519375 0.11982471491799 0.11933881830017 0.11903273112976 0.11862007072775 0.11825799230151 0.11775782821311 0.11743725976083 0.1172391443412 0.11697226260072 0.11674725633462 0.11650858936026 0.11620518808581 0.116001218732 0.11587379582411 0.115625811717 0.11554591104504 0.1154257780148 0.11524945338513 0.1150152189696 0.11501612858345 0.11507113433583 0.115203917763 0.11509985208688 0.11513206460175 0.11512048666914 0.115075163526 0.11496951143424 0.1150095050384 0.11503156952635 0.11505295956714 0.11522188430808 0.115310680922 0.1153067508372 0.1154533279653 0.11546112416844 0.11546280743725 0.11560377180768 0.11573594825767 0.11588331374016 0.11595158672769 0.11616022351976 0.11642569667376 0.11662168928456 0.11681046863297 0.11713558556161 0.11741967392576
0.2676389801271 0.26948464720384 0.2712104545367 0.27335504606544 0.2751096972909 0.2760283276362 0.27679700147421 0.27768489385539 0.27809866896962 0.27909805838629 0.28081449219436 0.282315529748 0.2792629832411 0.27609370643349 0.2731266334243 0.27164207926188 0.26974528415472 0.2646033217522 0.25868274445535 0.25261342705368 0.24623646532085 0.2394923484732 0.23189372866149 0.22472525110823 0.22121419618668 0.21903233952941 0.21769070583744 0.21835066219509 0.21986382850734 0.22080890895505 0.2218487595218 0.22274119324439 0.22333682949764 0.22296617145225 0.22393071569328 0.2251721936541 0.2246021088066 0.22294358704167 0.22107441075566 0.2206704646815 0.221171345616 0.22196838507428 0.22130708250184 0.2199773310408 0.21875330928804 0.21596139722136 0.21432583284059 0.209304424938 0.2033460195289 0.1969214173501 0.19073087118141 0.18458747606214 0.17798722472028 0.17260950718246 0.17310773484943 0.17286304010308 0.17347970120556 0.17439272530794 0.1746198756151 0.1756231964865 0.17602321938975 0.17519245398564 0.17007794092527 0.1642870690678 0.1589028361741 0.15463456104192 0.15161631076569 0.14930978736888 0.14869756256745 0.14748437666992 0.14616264603654 0.14484631926008 0.1433583046364 0.14185481943644 0.1408164859048 0.13936737077613 0.13797204499561 0.13667178368827 0.13541902917648 0.13418661077874 0.13293533490696 0.13178439330516 0.1307049368025 0.12965055860458 0.12861960483718 0.1275754974604 0.12671625949093 0.12581560435248 0.12483011035719 0.12374260589988 0.1226633657194 0.12175958403119 0.12087876825932 0.11999366531546 0.11913200750763 0.1185154287268 0.11785187747067 0.1170057200432 0.116277746786 0.1157373294154 0.1152247930294 0.11488707398616 0.11436695377314 0.11393762575294 0.113397120075 0.11291146103502 0.11245069021166 0.11216117786146 0.11177298912271 0.11143427040794 0.11096718119757 0.11067104719292 0.11049205640928 0.11024997188923 0.11004908585826 0.1098370218678 0.10956561031686 0.109389622762 0.10928750544093 0.109073389752 0.1090194773262 0.1089293032168 0.10878776220564 0.10859319372702 0.10862231634203 0.10870428449699 0.108861488652 0.10879663393024 0.1088622835252 0.10888827126156 0.10888404718925 0.1088244163296 0.1089043577132 0.10896906199209 0.1090348640199 0.10924230597456 0.10937561273222 0.10942273081184 0.10961447027274 0.10967626939926 0.1097339958253 0.10992591274771 0.11011133932227 0.11031311060421 0.11044147015224 0.1107053878259 0.1110255421882 0.11128142822744 0.11153241910972 0.11191569652142 0.11226191033996
0.260099320383 0.26190844985408 0.26360307490755 0.26570656556964 0.26743274502654 0.26834796889506 0.26911860317652 0.27000381439458 0.27043021637396 0.27142729020238 0.27312278329668 0.2746102916474 0.2715952736169 0.26846687021088 0.26553462735624 0.2640433990416 0.2621544248026 0.25705222039888 0.2511139313845 0.24511477570272 0.23873557580045 0.232000430139 0.22435791751527 0.21721101688403 0.2138608056857 0.21178586614603 0.21062607356832 0.21150803624868 0.21322564187361 0.21430901949809 0.2154842257866 0.21651500130135 0.21725471611668 0.21696164934516 0.21807550089696 0.21953337348481 0.2191128033528 0.21762626401638 0.21580963779694 0.21568564961225 0.216322094976 0.21747722590701 0.21697151278504 0.21592523747835 0.21423472211742 0.21191341804193 0.21088760691675 0.20562733890475 0.19946044073563 0.1926225257725 0.18610184647817 0.17979386049966 0.1728338321196 0.16694674871817 0.16689740920362 0.16619580097458 0.16652920898799 0.1672842629574 0.1673834709686 0.16838703576405 0.16881329632325 0.16804122635235 0.16276032581522 0.1568793521036 0.15139900360786 0.14712263373937 0.14404323690684 0.14176052528523 0.14118812063915 0.14004652244464 0.13881223216098 0.137594754501 0.13622537843472 0.13480650712067 0.13373558647 0.13227762184507 0.13087390805195 0.12956349226624 0.12830104314552 0.12706077562074 0.12580545504232 0.12464789438908 0.12356051404804 0.12249942083906 0.12146291155788 0.1204164064324 0.11954671037225 0.11864016804048 0.11765587647366 0.1165777261884 0.11550966979728 0.11460900157395 0.1137320060362 0.11285304532828 0.11199808920768 0.11137540034852 0.11071039365592 0.1098756075648 0.10915364371782 0.1086094301768 0.1080930194078 0.1077421052596 0.10722163322027 0.10678783403057 0.1062513539925 0.10576771492527 0.105308924924 0.10501187826486 0.10462388860935 0.10428353376163 0.10382442156468 0.1035266600051 0.10333974397908 0.1030951254117 0.10289026433991 0.1026762554015 0.10240799869256 0.102230211076 0.10212267902722 0.101911677813 0.10185159454764 0.1017588391512 0.10161931231827 0.10143142418718 0.10145367694737 0.10152643942075 0.101670687318 0.10160866608448 0.10166973854055 0.10169496165006 0.101693121678 0.10164072508992 0.1017198406512 0.10178592219518 0.1018542451689 0.10205604641232 0.10218979983906 0.10224422270952 0.10243499878944 0.10250554391118 0.10257349962825 0.10276807981452 0.10295785323759 0.10316413091346 0.1033030191609 0.10356998214094 0.1038908210364 0.10415285536564 0.10441160507841 0.10479553532998 0.10514613498584
0.2507903825877 0.25256581455968 0.25423311202835 0.25629682746276 0.25799868923544 0.2589200014131 0.25970357608303 0.26059751994836 0.26105075635132 0.26205632296792 0.2637376797642 0.265220415256 0.26233152514075 0.25933129085787 0.2565176854983 0.25509453389466 0.25328912671942 0.24835827410004 0.2425831965829 0.23677793108508 0.2305656161563 0.2239939957296 0.21647515789473 0.20944402074757 0.20620061428566 0.20416598221305 0.20309061804 0.20408029888494 0.20588673485115 0.20706153749382 0.2083291641802 0.20946003288425 0.21031283350856 0.2100744865188 0.21130379165496 0.21292813977666 0.2126149966885 0.21125548322547 0.20942026934862 0.2095199252685 0.21020566686912 0.21163576205021 0.21113219647936 0.21024894152367 0.20807002838226 0.20673952960896 0.2068719328607 0.2013886802935 0.19503119753404 0.18769696360998 0.18087235444054 0.1743452715294 0.16712742952793 0.16102950463513 0.16077633115291 0.15998975093476 0.16043416020549 0.16125373743138 0.1614485196024 0.16217935141056 0.1623574069185 0.16138115286501 0.15605917884424 0.15021351809356 0.14475055810324 0.1405988438113 0.13757246208271 0.13542697941663 0.13486595196295 0.13377543496384 0.13259931725397 0.13145677955696 0.13018792146312 0.12883614680343 0.1277423738744 0.1262809936152 0.12487368393626 0.12355747647046 0.12228911482088 0.12104385954102 0.11978622640292 0.11862359530244 0.11752957277101 0.11646221735503 0.11541998656896 0.1143699198252 0.11348932888925 0.1125752693392 0.11158896062475 0.11051522347212 0.10945262655668 0.10855020393279 0.10767157958948 0.10679248102744 0.10593748558302 0.10530340638412 0.10463047518686 0.1037983367442 0.10307398514022 0.102518612469 0.1019904731282 0.10161946164384 0.10108947617402 0.10064212621386 0.100098959625 0.09960655059828 0.09913846967017 0.09882351929548 0.09842375808812 0.09806971475886 0.09760480379937 0.09729240644388 0.09708492297924 0.09682391289015 0.09660102316212 0.09637020739384 0.09608919953571 0.09589379737 0.0957649460882 0.095539724769 0.09545665656492 0.095343562072 0.09518727641691 0.09498637736226 0.09498284355674 0.09502717430229 0.09513890031 0.09505820648776 0.09509322559585 0.0950952678039 0.095072587448 0.09500321758464 0.0950573473312 0.09509982515834 0.09514494409742 0.09531528605346 0.0954225960954 0.09545636992088 0.09561797126136 0.09566788048626 0.09571592249485 0.09588268576948 0.0960454817556 0.09622420177938 0.09634061289168 0.09657696617292 0.09686409667138 0.0970969315054 0.09732721364772 0.09767471062888 0.0979916695932
0.23955739168995 0.24129687989024 0.24293538389995 0.24495500973168 0.24663093089748 0.24756285298698 0.24836506451688 0.24927386737876 0.2497629655054 0.25078201601713 0.2524497777948 0.25393013887945 0.2512454735323 0.24845062401708 0.24582953507472 0.24453788233758 0.24288104442459 0.23823983618176 0.23279080344406 0.22729254005304 0.2214007535179 0.2151349775259 0.20789919995166 0.20107995127456 0.19790298200054 0.1958568446406 0.19478194017024 0.19577169692961 0.19755723984102 0.19877436710935 0.2000887898182 0.20127897819966 0.20221155236996 0.20201012540559 0.20331840358416 0.20505494871785 0.204813176771 0.20354468954536 0.2016440891223 0.20190915694725 0.20256987692032 0.20418357859418 0.20355787579428 0.20273223281439 0.2000849391492 0.20010723560313 0.20176592663134 0.1961049358135 0.18960613720954 0.18176518795252 0.1747050163642 0.16795329610422 0.160605908286 0.15458122772495 0.15442067009282 0.1538642379101 0.1547344979052 0.15579120407193 0.1562558855575 0.15650136987711 0.15621844320625 0.15483714920466 0.14960037594089 0.14391410766028 0.13858157575836 0.13467029458178 0.13179697007084 0.12987933288617 0.1293063951322 0.12824981743472 0.12710795190009 0.1260195948732 0.12483452826696 0.12353630794307 0.122431785216 0.12097612587658 0.11957350585768 0.1182594019305 0.11699224765592 0.1157482967784 0.114493685283 0.11333093448728 0.11223477626659 0.1111650772083 0.1101202648437 0.1090689502296 0.10818016946569 0.10726026674784 0.1062723901365 0.10520217947484 0.10414355544164 0.10323818113163 0.10235630704536 0.10147474160474 0.1006168553832 0.09996952733824 0.09928586268104 0.0984518177322 0.09772072602094 0.0971504388085 0.0966064501372 0.09621172965712 0.09566689642468 0.09520076812774 0.09464443573125 0.09413662280553 0.09365220284786 0.09331282816093 0.09289374380261 0.09251814630284 0.09203837876991 0.09170275768153 0.09146632812828 0.0911797187184 0.09092921313951 0.09067151886674 0.09036686426768 0.090142962042 0.08998178858537 0.089730302133 0.08961247257543 0.089466586869 0.08928034157922 0.08905243998534 0.08900974667138 0.08901190615606 0.089077219614 0.08896239749368 0.0889559350266 0.08891866755648 0.08885834003625 0.0887544908352 0.0887660708944 0.08876678586109 0.08877001607222 0.08889002332914 0.08895119582076 0.08894385029568 0.08905558738914 0.08906327555106 0.08906925545175 0.08918566260971 0.08929834839432 0.08942576939931 0.08949519987318 0.08967601269216 0.0899038288372 0.09008111083624 0.09025594765474 0.09053928871526 0.09079415472108
0.22544754634455 0.22712797246176 0.22871544394755 0.23066381969856 0.23229048541356 0.2332181429748 0.2340256355579 0.23493594148773 0.23545220573038 0.23646936728103 0.23810023893756 0.239557015886 0.23711951288255 0.23457437817054 0.2321881866744 0.23105462996952 0.22957618791723 0.22529264615504 0.22025895295942 0.21514227572376 0.20966089818575 0.2037926306013 0.19694049704973 0.19041451110391 0.18729647301748 0.18522031540067 0.18410475077568 0.18501869449329 0.18669321687588 0.18788479812126 0.1891777775914 0.19036171099102 0.19131373106704 0.19110643377192 0.1924206281976 0.19417422647161 0.1939496143956 0.19273485170923 0.19075681203018 0.1911014576205 0.1916601250304 0.19328741956231 0.19242466077656 0.1915366278438 0.18854069578566 0.18978999501532 0.19277740148654 0.18719202418 0.18081659562203 0.17276802471238 0.16573777697988 0.15897980826012 0.15170626484366 0.14597805913542 0.14606399579799 0.14590675218392 0.14731341832185 0.14864853929454 0.149429669913 0.14916054949986 0.148393107359 0.14662578095646 0.14157577637231 0.1361438291954 0.13101092322904 0.12740378589586 0.12472272568085 0.12307048722664 0.1224729868193 0.12145550598704 0.12034006896534 0.11929668910876 0.11818662844808 0.1169512924657 0.115849708326 0.11441678333604 0.11303508137915 0.11173808174917 0.11048637366704 0.10925751414708 0.1080195226454 0.10686911647256 0.1057823301765 0.10472128298406 0.10368448071816 0.1026423172116 0.10175384346092 0.10083672087664 0.09985643494974 0.09879955975368 0.09775440601212 0.09685386967182 0.09597603415856 0.09509916652098 0.09424516788648 0.09358891731056 0.09289914007713 0.0920692489572 0.09133622921658 0.0907539533873 0.0901966495896 0.08977898158068 0.08922156726805 0.08873785808723 0.08817044585625 0.08764859562183 0.0871488830535 0.08678439004081 0.08634599460811 0.08594824613076 0.08545402394676 0.08509391179375 0.08482596778824 0.08451160038002 0.08423083795968 0.08394351751818 0.08361286721803 0.083357040746 0.08315930882624 0.082878167718 0.08272050625188 0.0825369772348 0.08231621023926 0.08205712753098 0.08196870658188 0.0819214783725 0.081932177808 0.08177707234584 0.0817215118345 0.08163751895532 0.0815322869905 0.08138704427136 0.081347606388 0.08129806056777 0.08125064788862 0.08130995243008 0.0813152115705 0.08125763102184 0.08130868065738 0.0812645340945 0.081218702019 0.08127336347033 0.08132436543894 0.08138853880953 0.08139971872656 0.08151192080274 0.0816664886586 0.08177480363356 0.08188056868607 0.08208439978277 0.08226196975255
0.2079583333356 0.20953253711488 0.2110220849961 0.21284579379852 0.214373689181 0.21525748356312 0.21603167489854 0.21690268108964 0.21741059926564 0.21838178384139 0.21992094866148 0.2213008949066 0.2190714241999 0.21674377753854 0.21456314343738 0.21354111034716 0.2122027010114 0.20824746035004 0.20357764439855 0.19884753662928 0.193750153857 0.1882769495961 0.18180202161261 0.17562804321116 0.17262687691612 0.17057072692352 0.1694782551792 0.17034862319721 0.1719142423182 0.17303135512012 0.1742405042532 0.17534788888462 0.1762398170646 0.17595126509427 0.17716966375944 0.1787953447357 0.1784870332182 0.17726399916926 0.17520251098768 0.17553126129275 0.17591685484672 0.17731442312508 0.17611557393416 0.1750464936696 0.17198382452628 0.17365667613378 0.17695287108712 0.17203921824075 0.16638842352184 0.15884190941274 0.15241180664192 0.14618477829696 0.13925474970069 0.13397681348389 0.13435964047675 0.1346808623243 0.13655190862266 0.1380688204698 0.13907243660385 0.13847382244203 0.13741566677675 0.13553027334873 0.13066396246232 0.12546821291264 0.12045544618454 0.11711597087015 0.11455079687096 0.1131432568431 0.1125274080476 0.111601701368 0.11052783462147 0.1095380342362 0.10850363109952 0.10737835859432 0.1062829755092 0.10488569955843 0.10353768712091 0.10226942048302 0.10104467898168 0.09984287976234 0.0986347243726 0.09750848037396 0.09644210495192 0.09540095453844 0.094383605269 0.0933630522428 0.09248387148047 0.09158017259232 0.09062063171721 0.08959321700316 0.08857809918232 0.08769558305724 0.08683505661264 0.085976824232 0.08514065350401 0.08448438236868 0.08379897361124 0.0829883850264 0.08226634862722 0.0816812139647 0.0811195196442 0.08068426284324 0.08012422881941 0.07963130382944 0.07906415152875 0.07853877339138 0.07803408985343 0.07765125586701 0.07720299429505 0.07679185647581 0.07629523649028 0.07591912695829 0.0756258469974 0.07529173230954 0.07498813511673 0.07467922713066 0.07433238455022 0.07405260254 0.07382492223435 0.073523644476 0.0733324329066 0.0731186334186 0.07287232240932 0.07259257169892 0.07246417598571 0.07237249295484 0.07233218874 0.07214578108848 0.07204751855965 0.07192447491996 0.0717830014995 0.07160666400576 0.0715236881352 0.07143208006524 0.07134261180298 0.07134701326874 0.07130413020846 0.07120641021944 0.07120404886392 0.07111852025124 0.07103175270905 0.07103309057658 0.07103135506077 0.07104124284246 0.07100501503797 0.07105707088984 0.07114608892274 0.07119486338476 0.07124151139616 0.07137349994632 0.07148266812525
0.18865215317055 0.1900968436416 0.19146544327575 0.1931378302152 0.19454228729776 0.19536283669824 0.19608479968028 0.19689694631859 0.19737956493074 0.19828321021288 0.19970340126012 0.2009801722323 0.1989556507937 0.19684519552911 0.19487044026128 0.19395074920704 0.19274656435155 0.18912916432672 0.18483492111279 0.18051605748792 0.17582700637395 0.170785013679 0.16473743399022 0.15898131626732 0.15614683459952 0.154157325685 0.1531220487456 0.15395246578404 0.15539929175103 0.15643069941128 0.157539883139 0.15855204356951 0.15936253178508 0.15898943735514 0.16008030975552 0.16153181417604 0.1611298530751 0.15990395916075 0.1578045075838 0.158086778629 0.15829732731072 0.15939425659566 0.15788032848496 0.15662365690569 0.1536329853723 0.15542165703287 0.15865587674082 0.154565076743 0.1497947320869 0.14299635911198 0.13735050158326 0.13182715817814 0.12538491895363 0.12064650512091 0.1213233301473 0.12210449230104 0.12435345540393 0.12598979865111 0.12715605618225 0.12632389092672 0.12507435421375 0.1231806066348 0.11854864326732 0.1136322978106 0.10877920332094 0.10571302920398 0.10326816406372 0.10209004048678 0.1014706147832 0.10065370952224 0.09963690435972 0.09871147016688 0.09775857073288 0.09675847458486 0.0956872610744 0.09434651592213 0.0930525415827 0.09183257485237 0.09065393149792 0.089498051877 0.08833861573744 0.0872545788942 0.08622611979583 0.08522208958867 0.08424117687136 0.0832592126428 0.08240499191747 0.08153054539472 0.08060804782065 0.07962692447052 0.07865850194752 0.07780948434949 0.0769815231688 0.07615711902698 0.07535371803102 0.07471087839376 0.07404347248935 0.0732667910916 0.07256966047092 0.0719944157394 0.0714409109278 0.07099967658896 0.07044960340638 0.06995951080096 0.06940516177875 0.06888845433366 0.06839084408554 0.0680008873481 0.06755441395241 0.06714122063032 0.06665416285788 0.06627316654524 0.06596514869952 0.06562215808052 0.06530641156512 0.06498667276262 0.064634530019 0.064341360524 0.0640939866968 0.063783299517 0.06356858825646 0.0633347903188 0.06307333386837 0.06278347179024 0.06262498838838 0.06249857221697 0.062416788843 0.06220930084552 0.0620781915907 0.0619260651027 0.061758456216 0.06156123352128 0.0614446624092 0.06132096838297 0.06119941225622 0.06115863928812 0.06107756504726 0.06094977566128 0.06090389691966 0.06078712357008 0.0606696018887 0.06062756950923 0.0605831155449 0.06054876790173 0.06047534505015 0.06047727197578 0.06051081826576 0.06051021906292 0.06050797442795 0.06057831486806 0.06062933384879
0.16788679673025 0.16918203074048 0.17040961494935 0.17190787255164 0.17316769233542 0.17390784521448 0.17456094119869 0.17529659534289 0.17573844818868 0.17655528716111 0.17783265238684 0.17898310232 0.1771581955488 0.17526153286095 0.17348967430506 0.17266118255958 0.17158275199824 0.16830931410304 0.16439843766598 0.1605090690126 0.1562467333989 0.1516651098003 0.14609250036654 0.14081578239903 0.1381984471532 0.13632416132456 0.13538057455296 0.13617539981871 0.13749884958351 0.13843659315849 0.1394344914162 0.14033840806811 0.14105295802456 0.14060396384811 0.14154671722296 0.14279243783651 0.14230071415 0.14108792882037 0.13900696023918 0.13922437882825 0.13927346612608 0.14003057447855 0.13825762764472 0.13683621375633 0.13404706661334 0.13566008917404 0.13848674501378 0.13531396165525 0.13152431303154 0.12567130710706 0.12094696824063 0.11626140037674 0.11043080573889 0.1062913322741 0.10722624306722 0.10840759747582 0.11091275684367 0.11259006074748 0.11384261569015 0.11288219371683 0.1115495015585 0.10975590762084 0.10540843966751 0.10081490529872 0.09616832590526 0.0933763004691 0.09105730608635 0.09008405392495 0.0894774227087 0.08878195742256 0.08783822030802 0.0869882589792 0.08612290075432 0.08525936522345 0.0842311511704 0.08296822294536 0.08174914054629 0.08059766651676 0.0794849727252 0.078394591587 0.07730351531808 0.076280733923 0.0753086479573 0.07436003415195 0.07343358879478 0.072508276998 0.07169610558234 0.07086810463616 0.07000013430396 0.06908318860356 0.06817919694784 0.06738050700359 0.06660174213116 0.06582768958638 0.06507343231311 0.06445928516888 0.06382529486072 0.0630985631936 0.06244180155982 0.0618912158375 0.0613604890774 0.06092726842776 0.06040169174373 0.05992861172188 0.059401577775 0.05890788635922 0.05843154752657 0.05804812874042 0.05761738858497 0.05721594110981 0.05675246311518 0.05638023589517 0.05607082712952 0.05573246428056 0.05541796025364 0.05510077306314 0.05475690908547 0.054463685556 0.05420987851073 0.053903184597 0.05367822409866 0.0534376954628 0.05317444124937 0.05288787310464 0.05271255413109 0.05256465416318 0.052454708229 0.05223955244568 0.052089018639 0.05192127391068 0.051741018481 0.05153644570752 0.0513998342888 0.05125769273789 0.05111772843226 0.05104559543468 0.05094015287506 0.05079612333456 0.0507207115521 0.05058661748838 0.05045229827295 0.05038107975458 0.05030816528777 0.05024394683592 0.05014759938903 0.05011403026196 0.05010688488048 0.05007170979392 0.05003540089415 0.05005932544327 0.05006747880116
0.1459425141273 0.14706838055648 0.1481353907789 0.14943776460588 0.15053282827732 0.15117621963228 0.15174412515675 0.15238459218752 0.15276949481504 0.15348038917172 0.15459179330904 0.1555930059896 0.1539506782449 0.1522509776472 0.15066416256806 0.14990064506868 0.14892340067099 0.14598496455676 0.14244166908751 0.13897949629872 0.1351331057718 0.1310092110408 0.12593573984082 0.12118311691291 0.11881961261284 0.11709622825802 0.1162670365008 0.11701802017854 0.11821067994969 0.11901760738636 0.1198672387148 0.12062770638344 0.12121399231852 0.12069690442767 0.12146519321328 0.12246416134337 0.1218833015001 0.12069507628286 0.1186916822982 0.11882170951475 0.11872650841792 0.1191103446338 0.11717448110152 0.11563674061641 0.1132107446811 0.11421235311213 0.11608937772837 0.1139668214755 0.11129855550762 0.10665490576202 0.10302608557325 0.09936175696248 0.09427056556842 0.09074042867202 0.09182987530768 0.09328167821774 0.09583473168903 0.09741627967761 0.09862164037335 0.09768955610298 0.09643526460625 0.0949065707304 0.09088437645091 0.08664611407096 0.0822359059321 0.07969604317628 0.0774822787928 0.07666252019543 0.07607797319655 0.07551171711712 0.07465117247448 0.07388017498124 0.07310163654832 0.07238559874832 0.0714151671536 0.07024925949071 0.06912413753861 0.06805972445115 0.06703140105648 0.06602518818324 0.0650215631164 0.06407847042296 0.0631809179225 0.06230585500875 0.06145210933144 0.0606019855888 0.05984893980108 0.0590850992144 0.05829039295065 0.05745737839464 0.0566376526034 0.05590775179561 0.05519659125288 0.05449152006172 0.0538049397717 0.05323611616932 0.05265273494127 0.0519947325166 0.05139625833512 0.050886903319 0.0503954330486 0.04998550126024 0.04950122331433 0.04906143894586 0.0485789143425 0.04812508632312 0.04768682230003 0.04732564990678 0.04692710694525 0.04655367217448 0.04613098426911 0.04578367349645 0.04548844489392 0.04517074950088 0.04487341157598 0.04457492022112 0.04425582670789 0.043978655518 0.04373421773408 0.043447997796 0.04322856268815 0.0429974128452 0.04274879157762 0.04248231280158 0.04230596374119 0.04215232627976 0.0420297837 0.04182361433896 0.0416698989209 0.04150310909472 0.04132696692275 0.04113212137344 0.0409921824856 0.04084847151653 0.0407071006342 0.0406203461675 0.0405076340618 0.04036483303312 0.0402771510648 0.04014340451394 0.0400100748873 0.03992736798806 0.03984380351783 0.03976765375776 0.03966661714122 0.03961572669706 0.03958618969472 0.03953495457712 0.0394833118547 0.03947966391457 0.03946397552293
0.12259403870295 0.1235188784592 0.1243937863896 0.12546576297072 0.12636327965822 0.1268810872542 0.12733472283162 0.12784767798362 0.1281460851784 0.12871745241108 0.12962378764556 0.13043685063895 0.12891271049835 0.12735004857015 0.12589136017002 0.12512813604954 0.12419297747406 0.12152748373448 0.11825874733782 0.11518850353164 0.11168734791975 0.1079717870973 0.10335802488207 0.09916013057862 0.0971211024719 0.09561884795727 0.09499108688928 0.09576637493331 0.09688489114677 0.09754973046345 0.0982295416906 0.09881713335949 0.09923602694044 0.09862690593825 0.09917759190528 0.09985515282743 0.0991389567889 0.09795258708461 0.09605356562626 0.096067124357 0.09582992246464 0.09575168427095 0.09370403065168 0.09206550396 0.0902364962661 0.08989407433171 0.08989812886439 0.0891954252315 0.08801635889649 0.08506624221844 0.08289660988203 0.08061811392744 0.07641697303398 0.07350181346248 0.07466502350783 0.0763058139457 0.07870094864112 0.08002915715223 0.08102874325335 0.08035123935729 0.079405439889 0.0783981294837 0.07465738547561 0.07071840223152 0.06645562177446 0.06409358642291 0.0618959675703 0.06117061223433 0.06062676232535 0.06023287320368 0.05947712172234 0.0587992291012 0.05811239648568 0.05758002294253 0.0566730957596 0.05561689424643 0.05459906203094 0.05363489863517 0.0527046957052 0.05179718146668 0.05089685593864 0.05004890483268 0.04924125483998 0.04845563984689 0.04769102029542 0.046933460718 0.04625513128081 0.04557231644368 0.04486952158668 0.04414112089848 0.04342677890848 0.04278497090812 0.04216090562956 0.04154481795002 0.04094607054057 0.04043997499164 0.03992557274353 0.0393574873134 0.0388373158234 0.0383870826549 0.0379527768502 0.03758213753308 0.03715784392858 0.0367691462556 0.03635061880875 0.03595573073484 0.03557457878489 0.03525286377424 0.03490517077437 0.03457800406463 0.03421613963214 0.03391195333455 0.03364800628224 0.03336901560907 0.03310662396861 0.03284488876946 0.03256950444933 0.032326470806 0.03210887207233 0.03186197712 0.03166539309423 0.0314615087688 0.0312461171133 0.03101897251296 0.03085884372336 0.03071643387202 0.030597721095 0.03041924327392 0.0302800028744 0.03013232335722 0.02997894564075 0.02981303601408 0.0296879994228 0.02956117805118 0.02943708993148 0.02935339950004 0.02925189499356 0.02912961231928 0.02904801418782 0.02893412452152 0.0288214536148 0.02874612306112 0.02867106146931 0.02860216858446 0.02851623296208 0.02846719848496 0.02843431503926 0.02838667967764 0.02833956094578 0.02832768627414 0.0283079520266
0.09966563196225 0.10041322329088 0.10112039438375 0.10198781767116 0.102713569982 0.10313086121676 0.10349597241576 0.1039087687232 0.10414741607822 0.10460809866208 0.10534106252676 0.1059981304509 0.10470827033745 0.10338852798936 0.10215458885162 0.10148540427066 0.10067661371889 0.09842609986408 0.09564134946495 0.09305951122776 0.0900765255815 0.0869154499848 0.08297447957295 0.07942057934762 0.07766743968636 0.07634865525595 0.075793361568 0.07641427211706 0.07731241873593 0.07778239446804 0.0782648407264 0.0786742336237 0.07895021693872 0.07835712889914 0.07874124358752 0.07919498169583 0.0784925186528 0.07742453166843 0.07576361001638 0.075695336464 0.07539463173632 0.07506735969734 0.0731419563728 0.07157953847577 0.0701988209472 0.06927236447936 0.0684012071759 0.06840496527375 0.06802772520344 0.0661617911749 0.06489260374527 0.06348541346178 0.06013385870373 0.05781487572965 0.05890288997674 0.06048010247186 0.06257758923582 0.06365102554233 0.0644545731348 0.06392475032799 0.0631820409775 0.0624997044009 0.05929813775102 0.05592581284748 0.05218449007064 0.05014886556128 0.04817849472535 0.04755509153892 0.0470527626062 0.0467453549584 0.04608496286037 0.04548991216112 0.04489282664216 0.04448024188883 0.043688056952 0.04278502311294 0.04191582640497 0.04109198685952 0.04029806643296 0.03952528636212 0.03876170126844 0.03804151544792 0.03735532207313 0.03668909120478 0.03604182247008 0.0354029251932 0.03482664813299 0.03424969676576 0.03366043138899 0.03305467635696 0.03246216245052 0.03192641133551 0.03140628719504 0.03089440347442 0.03039768340245 0.029971814068 0.02954174392119 0.0290739229416 0.02864347319644 0.0282664181681 0.0279027329662 0.02758744681812 0.02723427929457 0.02690871291845 0.02656282640625 0.02623567324968 0.02591995690567 0.02564886537248 0.02536013842511 0.02508757312594 0.02479107645387 0.02453757698057 0.0243142747806 0.02408114051553 0.02386105527708 0.02364243812646 0.02341499538644 0.023211762588 0.02302771876237 0.022823556507 0.02265630578547 0.0224846693324 0.02230560638502 0.02211899770632 0.02198096461673 0.02185623569189 0.02174905806 0.02160007013704 0.0214796361279 0.02135385489888 0.02122471693975 0.02108737700928 0.020979564578 0.02087113050969 0.02076518958836 0.02068835665996 0.02059948468894 0.02049654393712 0.02042279110296 0.02032685902824 0.020232312289 0.02016452870988 0.02009743854378 0.02003515615455 0.01996141855806 0.0199140186452 0.01987834199184 0.01983280446424 0.01978809376509 0.01976841166014 0.01974367456636
0.07727712963795 0.07785949125408 0.0784108202885 0.07908670975608 0.07965309094072 0.0799806266433 0.0802680231432 0.08059230394418 0.08078203075686 0.08114432774097 0.08171823957736 0.08223357649365 0.08122785021285 0.08019623780763 0.07922845493862 0.07869549996018 0.07805062661748 0.07627710715536 0.07407162348396 0.07202000057868 0.069635791336 0.0670993609806 0.06393745548015 0.06107735312719 0.05960719190892 0.0584723780377 0.0579440224368 0.05833892474886 0.05895998384514 0.05922331142068 0.059507030184 0.05974577469271 0.05989773482624 0.05938116427899 0.05962889514744 0.05991331760876 0.0593051803603 0.05841932303781 0.0570748776983 0.056948343066 0.05663686661568 0.05618537553352 0.05452641221456 0.05314849119177 0.05215489732062 0.05098930929404 0.04969833082572 0.0500464430655 0.05011271302612 0.049021676883 0.0483561216999 0.04754810969898 0.04502056586673 0.04327147606519 0.04418782864925 0.04554074935254 0.04723390007697 0.04803852588534 0.0486360943706 0.04822822333881 0.04766207676725 0.04722033132219 0.04468563082011 0.042010096907 0.03898043585942 0.03733780063474 0.03569969058992 0.03517475588299 0.0347236775288 0.03446467682688 0.03390169969809 0.03339027851428 0.03288517053912 0.03256174187717 0.0319133329736 0.03118731452918 0.03048947284082 0.02982789662898 0.02919120728832 0.02857284502332 0.02796406138376 0.027389408166 0.02684189592634 0.02631124290706 0.02579667076606 0.0252904734068 0.02483127050929 0.02437368715088 0.02390948287812 0.023435703243 0.02297341803944 0.02255324026072 0.02214599513564 0.02174635617978 0.02135911007451 0.02102326357796 0.02068599680278 0.0203238238268 0.01998929253258 0.0196933807455 0.0194081203814 0.0191576714406 0.01888211591208 0.01862686007985 0.018358658505 0.01810454243517 0.01785937387147 0.01764595240191 0.01742137252482 0.01720884102449 0.01698082568568 0.0167831599026 0.01660698347196 0.01642488516287 0.01625243200065 0.01608174901098 0.01590583108417 0.015747052412 0.01560198263388 0.015443950299 0.01531152469077 0.0151767212718 0.01503755747022 0.01489388091498 0.0147834881242 0.01468255948359 0.014593904598 0.01447767956144 0.0143810995471 0.01428143219136 0.0141799798225 0.01407353291136 0.0139872372264 0.01390096164385 0.0138167822695 0.01375236760766 0.01368031096518 0.01359934519032 0.01353810384702 0.01346253607464 0.01338828187165 0.01333207825444 0.01327668621565 0.01322480134437 0.013165703892 0.0131242867619 0.01309091234916 0.01305136074148 0.01301262936533 0.01299064096825 0.0129656391159
0.0576144458301 0.0580568571616 0.05847672620755 0.05899013861652 0.05942248199344 0.05967730002294 0.05990272059967 0.06015594960655 0.06030942555192 0.06059249570192 0.06103428401508 0.0614330739124 0.0607161945061 0.05997285692985 0.05927036077332 0.05888604606588 0.05841048874199 0.05710392425852 0.05547802050632 0.05392314303684 0.05212224601485 0.0501833120652 0.04778452119084 0.04557107004786 0.04434416554456 0.04336661637704 0.0428203454208 0.04295048951577 0.04327468860315 0.04333166956424 0.0434260133376 0.04350873089824 0.04355731633016 0.04315396134429 0.04329882686712 0.04346832625289 0.0430055504844 0.0423315262566 0.04133536865282 0.0411694390225 0.040887760992 0.04040534608018 0.03909695455048 0.0379622145276 0.03728339649354 0.03607068024891 0.03462976229637 0.035042548212 0.03526804044645 0.03468588625574 0.03436939712346 0.03392823978786 0.03212869444723 0.03085605738265 0.03151907651167 0.03252375688266 0.03373711562181 0.03426213617145 0.0346403832362 0.03434758041252 0.03394617210475 0.03368937393003 0.03184467372023 0.02988674861444 0.02762875213156 0.0263755399108 0.02509839983363 0.02464372478844 0.0242410416183 0.02399378180208 0.02351617628745 0.02307601984264 0.02265157518592 0.02238538905295 0.021884644116 0.02133370805013 0.02080514055571 0.02030423521818 0.01982304768696 0.01935697298262 0.01889996876676 0.01846847829848 0.01805761653015 0.01766032366828 0.01727597556284 0.0168992768356 0.01655592112689 0.01621548889968 0.01587246437889 0.01552492525104 0.01518672120988 0.01487807514891 0.01457950385956 0.01428745005218 0.01400503331877 0.01375763264008 0.01351059429978 0.0132485767086 0.0130058104982 0.0127893480029 0.0125808461632 0.01239593267528 0.01219571728924 0.0120095880355 0.01181605933125 0.01163250898173 0.01145557716428 0.0112998401593 0.01113774848048 0.0109841074769 0.01082135419578 0.01067865469536 0.01055032486368 0.01041884057656 0.01029412809936 0.01017114513406 0.01004542838548 0.009931132946 0.00982601205224 0.009713249184 0.00961713398541 0.0095199833784 0.00942059503617 0.00931884632502 0.00923837518277 0.00916424618262 0.009098155293 0.00901526558496 0.0089449983256 0.00887319595188 0.008800659077 0.00872538711552 0.0086629699404 0.00860090704566 0.0085404672535 0.00849255104654 0.00844024668574 0.00838272100472 0.00833767432254 0.008284074333 0.00823159256325 0.00819051369185 0.00815016902557 0.00811224835119 0.00807015638808 0.00803918239158 0.00801334976108 0.00798397019792 0.00795534540094 0.00793719527777 0.00791740648422
0.0412531598382 0.04158359967808 0.041898702951 0.04228176700332 0.04260775944604 0.04280740194564 0.04298670027576 0.04318663648817 0.04331608767586 0.0435395600263 0.0438781802652 0.0441869068022 0.0437454111991 0.04327336915062 0.0428194525525 0.04258426779216 0.04227191391907 0.04139607118472 0.04031472317193 0.03920040374712 0.0379351632774 0.0365361952692 0.03484139769369 0.03319826526955 0.03216891220016 0.03131835434959 0.03071986500768 0.03057039846303 0.03059961421851 0.03046257163488 0.0303859274602 0.03033333801342 0.03030103459296 0.03003288122808 0.0301070413836 0.03021115392372 0.0299255747266 0.02947466012237 0.02883205352192 0.02864308070075 0.02842125376064 0.02798160525715 0.02706880888104 0.02620829419089 0.02576829011784 0.02465470813701 0.02327878439763 0.02353323704025 0.02368591205323 0.0233764784706 0.02318880200917 0.0229118031117 0.02172206922405 0.02082225393071 0.02117860368559 0.0217536418586 0.02245129818948 0.0227019091302 0.0228607844704 0.0226744361082 0.0224225902 0.02230010456505 0.0211228611769 0.01985660912256 0.01837221573922 0.01748195976878 0.01656668766678 0.01615491660644 0.0157961964134 0.01553162198912 0.01512553091343 0.01474331492548 0.01438633747464 0.01414934353129 0.013790259492 0.01340234552833 0.01303122371593 0.01268006365151 0.01234365922888 0.01201899781758 0.01170223882992 0.0114034312804 0.01111935015525 0.01084558093347 0.01058155136232 0.0103239850968 0.01008843062094 0.00985626019936 0.00962401513311 0.00939050711244 0.00916414511892 0.00895700412467 0.0087571776806 0.00856251818508 0.00837482558055 0.0082091718086 0.0080447448826 0.0078724309094 0.00771254800962 0.0075691610897 0.0074313589422 0.00730830374064 0.00717697118654 0.0070547041433 0.00692881366125 0.00680946273855 0.00669468649732 0.00659292934699 0.00648805709909 0.00638870935936 0.00628462317159 0.0061927451815 0.00610971194904 0.00602534449467 0.00594536209302 0.00586681391884 0.00578716536735 0.005714503578 0.00564754052248 0.005576575923 0.00551555474274 0.0054543132512 0.00539211833778 0.00532894405362 0.00527826733571 0.00523152097351 0.005189657481 0.00513853429672 0.0050948776721 0.00505062568836 0.00500621650575 0.00496055716992 0.0049224558336 0.0048847913486 0.00484832659962 0.0048191939598 0.00478780243846 0.00475368346328 0.00472685207814 0.00469543477284 0.00466484085865 0.00464090671624 0.00461761734135 0.00459590772045 0.00457205026518 0.00455465378936 0.00454039527656 0.0045243191366 0.00450887148803 0.00449955172931 0.00448948464078
0.02846224311765 0.02872216123808 0.02897245052485 0.02927105327016 0.02953130159542 0.02970530100738 0.02986697079608 0.03004510235188 0.03017473201552 0.03037151357968 0.0306508293626 0.0309115062447 0.0307751497301 0.03059643439431 0.0304102226973 0.0303602195643 0.03023471125356 0.02979550431768 0.02928460753985 0.02857149557724 0.02783257532185 0.0269400594759 0.02592370410189 0.02476676835923 0.02384076792126 0.02303923015196 0.02228515442784 0.02176006706139 0.02142168260922 0.02105349109573 0.0207844193898 0.02058859157363 0.02048566190524 0.02038791457539 0.02042299392288 0.02052648998246 0.0204772261967 0.02027846119331 0.02000989536106 0.019804658584 0.01966842054528 0.01935551223759 0.01888402792136 0.01832179801395 0.01800314961006 0.01734031940913 0.01648446480019 0.0162409620135 0.01596610913026 0.01555678129876 0.01515863523265 0.01471456539228 0.01401337461342 0.01340119417533 0.01338952915876 0.01341911356098 0.01356336260931 0.01355467296492 0.013508163294 0.01333719376353 0.0131403707235 0.01301296718865 0.01260140162827 0.01211208997644 0.0115234511672 0.01101520156574 0.01051403441734 0.010115106209 0.00976482307255 0.00939875144128 0.0090144067881 0.0086400430868 0.00830767950824 0.00802277790094 0.0077989214644 0.00755992964842 0.00733198542972 0.00711671568661 0.00691112733752 0.00671347612806 0.00652152522596 0.00634072892064 0.00616922676775 0.00600451233932 0.00584622561928 0.0056925144884 0.00555170602651 0.00541366657184 0.00527649204285 0.00513945223524 0.00500693870028 0.00488558769699 0.00476893210072 0.00465569796194 0.00454684218144 0.00445043139156 0.00435523636833 0.0042562126584 0.00416439506608 0.0040819157274 0.0040028182638 0.0039320386476 0.00385720952484 0.00378759432623 0.00371636523 0.00364894794567 0.00358428594481 0.00352688027608 0.00346808010782 0.00341250504546 0.0033546602547 0.00330359092737 0.00325745672532 0.00321085074947 0.00316678542573 0.00312369875556 0.00308021649075 0.003040643284 0.00300428881113 0.002965980948 0.00293313437781 0.0029003316848 0.00286717077738 0.00283364708838 0.00280690432289 0.0027823970148 0.002760632049 0.00273408411904 0.00271164046445 0.00268898876766 0.00266640312825 0.00264326575104 0.002624280934 0.00260564366771 0.00258774764388 0.0025738993742 0.00255895721852 0.00254267596272 0.00253040065434 0.0025157654625 0.0025016939934 0.00249129670653 0.00248134875404 0.00247236169635 0.0024623274618 0.00245588190108 0.002451249337 0.0024457450282 0.00244066633972 0.00243904199517 0.00243712211454
0.01932530484465 0.01951735242016 0.01970424323595 0.01992512294604 0.02012144781136 0.02026019452608 0.02039130757663 0.02053519444802 0.02064774167332 0.02080745391023 0.02102469567708 0.02123021230215 0.0212376644566 0.02120330192106 0.02115134739494 0.02118205528452 0.02114968235468 0.0209483881914 0.02074118674093 0.02029026540156 0.01986821564835 0.0193034057259 0.01869980264355 0.01788849391962 0.01710892558072 0.01641345142811 0.01567238342688 0.01504072943955 0.01458092652042 0.01415778522201 0.013839202126 0.01360575538407 0.01348346720136 0.01345676959638 0.0134604444864 0.01353239244665 0.0135733401027 0.01349207453967 0.01340602073602 0.0131987566675 0.01309664138432 0.01282870689651 0.01256150478852 0.01215663961719 0.01193821452534 0.01144407786138 0.01080733851609 0.01043587584725 0.01008404807364 0.00977382630378 0.00941070024398 0.0090296747733 0.00864100515816 0.00824559316013 0.00810961902739 0.00795789931496 0.00788808050415 0.00778621145751 0.0076733417146 0.00756408129012 0.00744759784475 0.00738228143523 0.00727733120268 0.0071198829922 0.0069228016544 0.00662399937862 0.00633828695938 0.00600050541227 0.0057091855158 0.00537516143904 0.00506588118813 0.00476134331648 0.00449832143072 0.00426082016272 0.0041227686452 0.00397826434559 0.00384111897575 0.00371204006567 0.00358938251448 0.0034720981113 0.00335900539648 0.00325278203736 0.00315238310231 0.00305643579687 0.0029646906146 0.0028761606692 0.00279502494681 0.0027160293672 0.00263823229593 0.0025612055262 0.00248715059428 0.00241925710577 0.002354300338 0.00229162352702 0.00223163331729 0.00217826303464 0.00212592098347 0.0020722009876 0.0020224021489 0.0019775456799 0.0019347091444 0.00189622668704 0.0018561343727 0.00181886971002 0.0017811331875 0.00174550192785 0.00171149659827 0.0016811835824 0.00165047583349 0.00162153598064 0.00159174897552 0.00156539285924 0.00154155944712 0.0015176954003 0.0014952451242 0.00147340994798 0.00145157379802 0.001431739246 0.0014135761709 0.001394647188 0.00137841528342 0.001362351364 0.00134625375405 0.00133011902406 0.00131729674825 0.00130565075859 0.001295384541 0.00128300852808 0.00127266874835 0.0012623289012 0.00125212714625 0.00124178108544 0.00123346723 0.001225448547 0.00121784616856 0.0012122574277 0.00120625018864 0.00119970526264 0.00119515248936 0.00118958538786 0.00118436140515 0.00118096291832 0.00117788349159 0.00117536451228 0.00117240949845 0.001171273438 0.00117110431362 0.0011706088106 0.00117043303335 0.00117199223944 0.001173545937
0.01295519281455 0.013097527232 0.01323735865095 0.01340101197648 0.01354909027456 0.01365940301274 0.01376522514275 0.01388063922448 0.01397604319002 0.01410432395125 0.01427250196172 0.0144336865432 0.01452242031875 0.01457219806494 0.01459983751558 0.01467476880684 0.01469694148252 0.01464642161996 0.01462916897553 0.01435659626016 0.0141441138843 0.0138035154648 0.0134813343042 0.01292464922476 0.01227845417812 0.01168870380469 0.01099954324224 0.01034347897461 0.0098422819119 0.00941042111156 0.0090801985266 0.00883609865463 0.00870559051188 0.00872463396573 0.0087105513516 0.0087599950669 0.0088517717211 0.00884403700513 0.00887072023882 0.00867800768625 0.0086070405824 0.00839589738013 0.00828636447264 0.00801279461439 0.0078736491378 0.00752054174883 0.00704146863709 0.006607301505 0.00622129357529 0.00597944346808 0.00565329146942 0.00532632304686 0.00514279079546 0.00489263871184 0.00468747787352 0.0044317917726 0.0042339127599 0.0040791707955 0.0039290803568 0.00386131642836 0.003797338937 0.00376724731149 0.00385025974529 0.0038979642398 0.00394382124558 0.00378430762794 0.00364154288534 0.00335598452816 0.00311313280785 0.00281296627808 0.00256188653406 0.00231210244264 0.00210128255024 0.00190326243987 0.001824267092 0.00174410210471 0.00166876384962 0.00159842844628 0.00153220102168 0.00146958087276 0.00140989800788 0.0013542321974 0.00130200530069 0.00125257797058 0.00120578474398 0.0011611535108 0.00112023855891 0.001080955036 0.00104280820812 0.00100562004 0.00097021931996 0.00093778917586 0.00090703353168 0.0008776647957 0.0008497799544 0.00082485032056 0.00080071143379 0.0007764095286 0.00075394508122 0.0007336874615 0.0007144530382 0.00069711166756 0.00067944667818 0.00066307933373 0.00064679439375 0.00063148818456 0.00061700498159 0.00060404489691 0.00059112377468 0.00057900957617 0.00056677460454 0.00055592570478 0.00054612515664 0.0005364642774 0.00052742986287 0.00051873910052 0.00051018860408 0.000502451334 0.00049540805045 0.000488210568 0.00048205561803 0.0004760780442 0.00047017016274 0.0004643299392 0.00045975435916 0.00045565296804 0.000452132415 0.00044795860952 0.00044457123925 0.00044126572554 0.00043808153225 0.0004349182752 0.0004325309824 0.00043033771818 0.00042835998786 0.00042714507242 0.00042586435826 0.00042447281016 0.0004238641107 0.0004229520066 0.0004222227576 0.00042224518145 0.00042243502145 0.00042289795083 0.00042330789666 0.00042442367008 0.00042597966582 0.00042751218724 0.00042924680344 0.00043169109379 0.00043423145848
0.0088196647422 0.00892557595648 0.009030032116 0.00915112560168 0.0092619946473 0.00934752169908 0.00943043983262 0.00951970917688 0.00959559130324 0.00969449466531 0.00982149564548 0.00994427577355 0.0100530111473 0.0101287717479 0.01018315287778 0.01026486183588 0.01030344560894 0.01032191052624 0.01038570287199 0.01021720925148 0.0101148566188 0.0099051564585 0.00974438324181 0.00936638326741 0.00885275700668 0.00837834901706 0.00779084674272 0.00719925489975 0.00674048992242 0.00634805721882 0.0060446787318 0.00581740958064 0.00569038186244 0.0057294739413 0.0057090038112 0.00574082448478 0.0058425853031 0.00586620922309 0.00593900960642 0.00577890873925 0.00573581736832 0.00558921882662 0.00559065594392 0.00542594239128 0.00535716389382 0.00509301811607 0.00468463592398 0.00427893318475 0.00392792386674 0.00375228115222 0.00348992380037 0.00323256856896 0.0031618549309 0.00299652651768 0.002778251496 0.00249924179958 0.00225652250481 0.00208619345061 0.0019258607592 0.00188645122566 0.001854931384 0.00184335017919 0.00199776526222 0.00212691087968 0.00226818217142 0.00218181584839 0.00211089455032 0.00187361554626 0.0016737572891 0.0014173733568 0.00121410238929 0.00101044626256 0.0008404048476 0.00068071902316 0.0006382279184 0.00059709364771 0.00055931465954 0.00052469834965 0.00049280512008 0.0004633130619 0.00043585944428 0.00041071717532 0.00038754046281 0.00036607778787 0.00034614090632 0.0003275445272 0.00031066072668 0.00029480088272 0.00027983539206 0.00026561958516 0.00025235550076 0.00024027480477 0.00022903204748 0.00021850564954 0.00020867915445 0.00019988087 0.00019153179282 0.0001834172074 0.0001759649609 0.0001692490674 0.0001629837462 0.00015731117136 0.00015173181393 0.00014661466842 0.00014164422375 0.00013702736466 0.00013272129885 0.00012886386009 0.00012511067293 0.00012162925161 0.00011822335155 0.00011518806488 0.0001124537652 0.00010980824638 0.00010737834243 0.00010508685188 0.00010288743571 0.000100901654 9.912611115e-05 9.7345719e-05 9.584744463e-05 9.44093282e-05 9.30404391e-05 9.173981448e-05 9.071715306e-05 8.984555081e-05 8.911968e-05 8.827463536e-05 8.76619345e-05 8.707829598e-05 8.6552277e-05 8.60634144e-05 8.57855892e-05 8.555331142e-05 8.539951182e-05 8.545370614e-05 8.552538462e-05 8.558396576e-05 8.585001216e-05 8.610744582e-05 8.641315305e-05 8.693578065e-05 8.752366181e-05 8.819413659e-05 8.891407791e-05 8.981079802e-05 9.086069258e-05 9.194485904e-05 9.312996861e-05 9.451109657e-05 9.598554828e-05
0.00535141635615 0.00541979627104 0.0054874714979 0.00556542877716 0.00563742896276 0.00569419536744 0.00574952253768 0.00580814528917 0.00585868783722 0.00592352805291 0.0060057860688 0.0060857623029 0.0061718121223 0.00623461428936 0.00628127644794 0.00634185548124 0.0063728161222 0.006408562014 0.00648140767793 0.0063857192322 0.00634095873955 0.0062211236109 0.006153283815 0.00592794787521 0.00558068950676 0.00525766069004 0.00484667498208 0.00441641879679 0.00408209499378 0.00378865623398 0.00355946046 0.00338758539035 0.00329210950288 0.00332804840661 0.00331066250424 0.00332768820846 0.003405670352 0.00343202870754 0.0034999248097 0.003391512114 0.00336905627136 0.00328340959141 0.00332594652864 0.00324912264414 0.0032386028481 0.00304461276128 0.00274651837885 0.002457185801 0.00221065309087 0.00210491677168 0.00193349586122 0.00176715805986 0.00175135720476 0.0016542490621 0.00148677531335 0.00127058233114 0.00107185105131 0.00093664408716 0.00081160495025 0.00079205489502 0.000779645 0.00077735371935 0.00091447107591 0.00103561934432 0.0011691733266 0.00112633359788 0.00109463667923 0.00093239973741 0.00079652635335 0.00061922896816 0.00048223708239 0.00034432691552 0.00022977110768 0.00012287437888 0.0001085374872 9.574892699e-05 8.470199024e-05 7.509110658e-05 6.672183336e-05 5.942655186e-05 5.304374408e-05 4.744989308e-05 4.254938176e-05 3.824949885e-05 3.444936982e-05 3.1099562e-05 2.815048656e-05 2.553851488e-05 2.319608655e-05 2.109084192e-05 1.921119816e-05 1.757587927e-05 1.610071764e-05 1.477841304e-05 1.358297421e-05 1.256025596e-05 1.162195054e-05 1.07549296e-05 9.98686054e-06 9.2944572e-06 8.68651e-06 8.1470004e-06 7.62459107e-06 7.18699355e-06 6.74726625e-06 6.36387165e-06 6.03387037e-06 5.71621393e-06 5.44369287e-06 5.17621117e-06 4.92887916e-06 4.71476028e-06 4.53034596e-06 4.3447661e-06 4.18504872e-06 4.04876162e-06 3.91138602e-06 3.80086e-06 3.69358798e-06 3.583278e-06 3.50097489e-06 3.4179288e-06 3.35555682e-06 3.29189136e-06 3.2352765e-06 3.20186249e-06 3.170604e-06 3.15418784e-06 3.12017055e-06 3.10616586e-06 3.09115275e-06 3.09535488e-06 3.1031932e-06 3.1102755e-06 3.13771472e-06 3.14818614e-06 3.19721064e-06 3.22265648e-06 3.27221874e-06 3.3374979e-06 3.3816468e-06 3.46940947e-06 3.53610777e-06 3.64241187e-06 3.72539484e-06 3.8515737e-06 3.97872532e-06 4.10257804e-06 4.26430018e-06 4.42990273e-06 4.61244423e-06
0.00238745880045 0.00241680855936 0.0024459857219 0.00247979962008 0.00251114730858 0.0025357497363 0.00255965637996 0.00258384468874 0.0026047325867 0.00263206045375 0.0026669838286 0.00270074567575 0.00273037540005 0.00274939225842 0.00276094673172 0.00277807608594 0.00278248928969 0.0027923238494 0.00281377814142 0.0027658097082 0.00273477063375 0.0026706627798 0.00263446532034 0.00253598906663 0.0023823805494 0.00223915836826 0.00206591388768 0.00187773026058 0.00173413763082 0.00159041538656 0.0014755130236 0.00139129870795 0.00135068393764 0.00136315187973 0.00135527469216 0.00135837138283 0.0013847225749 0.00138985483203 0.00141066683384 0.00136558767825 0.00135386876352 0.00131627899812 0.00133045169312 0.00131170910028 0.00134150067642 0.00119674811583 0.00104130063599 0.000946496159 0.00086616483109 0.00083927153132 0.00078356692561 0.00072817468878 0.00072324905035 0.00068394629493 0.00061860906294 0.00053330393232 0.00044735178075 0.00038604298509 0.0003305686653 0.00032456208621 0.0003216035625 0.00032354512749 0.00037970126348 0.00042705088428 0.00047527371 0.00045381302117 0.00043628169475 0.00037037518311 0.0003151859061 0.00024415802416 0.00018766861827 0.00013018493328 8.1924758e-05 3.673012299e-05 3.17426848e-05 2.739216962e-05 2.371533325e-05 2.057581169e-05 1.791854904e-05 1.563700164e-05 1.365832256e-05 1.198642044e-05 1.055062795e-05 9.31167575e-06 8.20764046e-06 7.2893996e-06 6.47908024e-06 5.78909936e-06 5.16078612e-06 4.6204164e-06 4.14359176e-06 3.70720367e-06 3.35762092e-06 3.03953176e-06 2.75295462e-06 2.50173476e-06 2.27831189e-06 2.0799628e-06 1.91184232e-06 1.748957e-06 1.613209e-06 1.50596068e-06 1.39743309e-06 1.29122257e-06 1.2091875e-06 1.12868667e-06 1.04936876e-06 9.9618666e-07 9.1906503e-07 8.6660549e-07 8.3697948e-07 7.8579338e-07 7.3589376e-07 7.0888289e-07 6.823449e-07 6.5594462e-07 6.2941844e-07 6.03666e-07 5.7851378e-07 5.52975e-07 5.5046775e-07 5.258352e-07 5.2294392e-07 4.9811514e-07 4.9607573e-07 4.9424723e-07 4.92729e-07 4.6886576e-07 4.669643e-07 4.6486836e-07 4.626215e-07 4.6012032e-07 4.581896e-07 4.7690891e-07 4.7478578e-07 4.7325674e-07 4.9187856e-07 4.8951744e-07 4.8778416e-07 5.056815e-07 5.233501e-07 5.2141414e-07 5.3940627e-07 5.5730892e-07 5.7466197e-07 5.925498e-07 6.1059646e-07 6.4777548e-07 6.6507434e-07 7.0253964e-07 7.3954802e-07
0.00068658825705 0.00069425535488 0.0007021011487 0.00071140355244 0.0007200727355 0.0007269844923 0.00073353221415 0.00073929602208 0.00074447344058 0.00075150526074 0.00076064272508 0.00076931901645 0.00077271144225 0.00077284985859 0.00077057720158 0.0007695484278 0.00076507406679 0.00076578801596 0.00076744299825 0.00075181836576 0.0007381740828 0.0007149574089 0.00070459130217 0.00067988899394 0.00063575992382 0.00059419455601 0.00054840857856 0.00049568152689 0.00045830283384 0.00041001655414 0.0003702434604 0.00034235522851 0.0003325088038 0.00033441178635 0.0003328779312 0.00033120707928 0.0003335530688 0.00033062943561 0.00033004227058 0.0003197963515 0.00031572064576 0.00030836653211 0.0003121957334 0.0003189988953 0.00034742304708 0.00027783152041 0.00023126246754 0.0002183213865 0.00020803572569 0.00020770442854 0.00020255748464 0.00019697079828 0.00019552322073 0.0001869312545 0.00017621732271 0.0001629915783 0.00014784547125 0.00013476142647 0.00012083419365 0.00012031955091 0.0001202992235 0.00012064591773 0.00012831310065 0.0001340796224 0.0001385334851 0.00013252399035 0.00012593941997 0.00011133629614 9.898921435e-05 8.435806144e-05 7.155944019e-05 5.839650568e-05 4.715048208e-05 3.673012299e-05 3.40234092e-05 3.147317006e-05 2.913160936e-05 2.703037412e-05 2.509197152e-05 2.33365899e-05 2.169436148e-05 2.021067972e-05 1.887550699e-05 1.762055565e-05 1.650048134e-05 1.54512756e-05 1.449414933e-05 1.360022864e-05 1.279216134e-05 1.201308264e-05 1.13007048e-05 1.064154147e-05 1.00464248e-05 9.51163818e-06 8.98605942e-06 8.53684748e-06 8.08928716e-06 7.6857162e-06 7.2951878e-06 6.9458578e-06 6.6265662e-06 6.34478516e-06 6.08005976e-06 5.82268291e-06 5.5622625e-06 5.35525803e-06 5.12759735e-06 4.93349584e-06 4.76028554e-06 4.59066692e-06 4.4173917e-06 4.27564045e-06 4.1394024e-06 4.02462544e-06 3.91211076e-06 3.79995504e-06 3.68659372e-06 3.599638e-06 3.49333321e-06 3.406326e-06 3.34684392e-06 3.2645602e-06 3.20303151e-06 3.1402911e-06 3.08429693e-06 3.02995041e-06 2.977797e-06 2.94106704e-06 2.90791405e-06 2.87373168e-06 2.83881375e-06 2.80255104e-06 2.7699644e-06 2.75777761e-06 2.74550038e-06 2.71608216e-06 2.70533208e-06 2.71274248e-06 2.70313722e-06 2.69022558e-06 2.6972659e-06 2.68728826e-06 2.69703135e-06 2.70692904e-06 2.71478241e-06 2.74548074e-06 2.7575324e-06 2.78739752e-06 2.81678544e-06 2.84918854e-06 2.88034492e-06
0.00025125660795 0.00025343283136 0.00025575565645 0.00025867512324 0.00026149512294 0.00026366231826 0.00026569532599 0.00026756202452 0.00026943091204 0.0002720062475 0.00027516857664 0.00027820368575 0.00027809913675 0.00027711090156 0.0002754532068 0.00027444513906 0.00027288948896 0.00027150054808 0.00026975696188 0.00026532357852 0.00026060923285 0.0002534813652 0.00024736738341 0.00023836144955 0.00022647132612 0.00021506239315 0.00020024259648 0.00019209580125 0.00018811085526 0.00018440318262 0.0001818948832 0.00017849501698 0.00017340965464 0.00017371721745 0.00017311616304 0.00017071112212 0.0001693093556 0.00016514649524 0.00016121095276 0.00015642518925 0.00015349541376 0.0001508642525 0.00015310608608 0.00014711636817 0.00014199839958 0.00013425356434 0.0001137283853 0.00011055850925 0.00010794346996 0.0001090207609 0.00011178111994 0.00011399615706 0.00011307321035 0.00010927149768 0.00010709711412 0.00010610432156 0.00010774596408 0.00010573767216 9.665955665e-05 9.673207647e-05 9.70658025e-05 9.571010124e-05 9.616887896e-05 9.626042456e-05 9.554761844e-05 9.439970882e-05 9.01255029e-05 8.144847819e-05 7.403450795e-05 6.590062288e-05 5.815221447e-05 5.009093872e-05 4.314173664e-05 3.673012299e-05 3.45545368e-05 3.243158683e-05 3.047802828e-05 2.866674206e-05 2.7012888e-05 2.544728784e-05 2.39903726e-05 2.263129504e-05 2.13903142e-05 2.022782486e-05 1.914169436e-05 1.81249936e-05 1.720307512e-05 1.63424336e-05 1.550980935e-05 1.473097464e-05 1.396444236e-05 1.330859447e-05 1.266378284e-05 1.20533156e-05 1.150527261e-05 1.101279116e-05 1.052119311e-05 1.00446984e-05 9.60952324e-06 9.2195019e-06 8.8602402e-06 8.5173186e-06 8.18846758e-06 7.89351156e-06 7.5936975e-06 7.30044144e-06 7.05938984e-06 6.80727551e-06 6.57484983e-06 6.37072144e-06 6.16109895e-06 5.96278506e-06 5.79516336e-06 5.62532874e-06 5.4587592e-06 5.29279452e-06 5.14774367e-06 5.008192e-06 4.8951166e-06 4.777704e-06 4.66796652e-06 4.5572384e-06 4.44502332e-06 4.35309318e-06 4.24899647e-06 4.16886794e-06 4.113216e-06 4.02798312e-06 3.96919655e-06 3.88798992e-06 3.8271415e-06 3.7646208e-06 3.7071704e-06 3.67012509e-06 3.6125005e-06 3.58029012e-06 3.52512968e-06 3.48781176e-06 3.4551378e-06 3.41840694e-06 3.40177565e-06 3.36913752e-06 3.35630568e-06 3.32394963e-06 3.30926031e-06 3.29852722e-06 3.28934222e-06 3.27813652e-06 3.26668867e-06 3.25900333e-06 3.26958072e-06
0.0001658698173 0.00016677435712 0.0001678532387 0.0001693817982 0.00017092667472 0.00017208567234 0.00017309203739 0.00017444993083 0.0001759652904 0.00017798808807 0.00018028952388 0.00018246793545 0.0001828333425 0.00018300495378 0.00018313236032 0.0001840905108 0.00018555738289 0.00018342484124 0.00018119433908 0.00018058611648 0.00017969311895 0.0001786143888 0.00017175454212 0.00016438362126 0.00016177978672 0.00015915118989 0.000150157128 0.00015258603258 0.00015616281513 0.00016588342303 0.0001747958198 0.00017849501698 0.00017340965464 0.00017371721745 0.00017311616304 0.00017071112212 0.0001693093556 0.00016514649524 0.00016121095276 0.00015642518925 0.00015349541376 0.0001508642525 0.00015310608608 0.0001395339753 0.00011943500046 0.00013425356434 9.669125365e-05 9.920125425e-05 0.00010279513276 0.0001090207609 0.00011178111994 0.00011399615706 0.00011307321035 0.00010927149768 0.00010709711412 0.00010422437256 9.515525298e-05 8.641426716e-05 8.051713775e-05 8.103312825e-05 8.158984925e-05 8.295133977e-05 8.271578735e-05 8.12493364e-05 7.7452012e-05 7.167639945e-05 6.622705494e-05 6.151213482e-05 5.74090985e-05 5.359566384e-05 4.923575853e-05 4.45860862e-05 4.046923968e-05 3.673012299e-05 3.4991936e-05 3.326633692e-05 3.161024419e-05 3.009098823e-05 2.86636756e-05 2.732016066e-05 2.60508954e-05 2.484776208e-05 2.373168643e-05 2.266318621e-05 2.166930682e-05 2.07142784e-05 1.985614677e-05 1.900154144e-05 1.820000637e-05 1.742168772e-05 1.66819928e-05 1.6002318e-05 1.536045476e-05 1.475221018e-05 1.415434215e-05 1.364348132e-05 1.313229213e-05 1.26319692e-05 1.215026106e-05 1.1742997e-05 1.13421002e-05 1.096141872e-05 1.059107184e-05 1.02323298e-05 9.9153375e-06 9.58182939e-06 9.27737381e-06 8.98939867e-06 8.7193349e-06 8.45525897e-06 8.20704879e-06 7.97349165e-06 7.74988116e-06 7.5461727e-06 7.34658009e-06 7.14753448e-06 6.9685613e-06 6.796832e-06 6.63065794e-06 6.458748e-06 6.31936977e-06 6.1785636e-06 6.03564441e-06 5.89075296e-06 5.75879217e-06 5.65160963e-06 5.548557e-06 5.4345804e-06 5.32763815e-06 5.24033424e-06 5.130893e-06 5.04040896e-06 4.9567784e-06 4.87276495e-06 4.78914352e-06 4.7325674e-06 4.65235138e-06 4.589226e-06 4.51200348e-06 4.4499972e-06 4.3880893e-06 4.33174824e-06 4.29527215e-06 4.23952857e-06 4.18116123e-06 4.1478486e-06 4.09690528e-06 4.06331892e-06 4.02956806e-06 4.00057295e-06 3.97020516e-06
8.109599715e-05 8.153550176e-05 8.2000842e-05 8.271843084e-05 8.344650344e-05 8.398742112e-05 8.442121721e-05 8.515651494e-05 8.587871238e-05 8.691399626e-05 8.805136804e-05 8.91288176e-05 8.936380565e-05 8.95339989e-05 8.967951436e-05 9.029201244e-05 9.125364754e-05 9.009270776e-05 8.892166046e-05 8.883105924e-05 8.85626296e-05 8.84185656e-05 8.480246166e-05 8.104809157e-05 8.027863472e-05 7.939993138e-05 7.510338336e-05 7.440923811e-05 7.472760864e-05 7.680983401e-05 7.88839982e-05 7.932560649e-05 7.704894992e-05 7.720219197e-05 7.693506168e-05 7.587706665e-05 7.52540145e-05 7.339310193e-05 7.165983044e-05 6.950666225e-05 6.820462272e-05 6.703014788e-05 6.80572996e-05 6.32613843e-05 5.68526592e-05 5.96584305e-05 2.973753888e-05 3.5294854e-05 4.165862851e-05 4.846297164e-05 4.96624058e-05 5.06473728e-05 5.026323482e-05 4.856511008e-05 4.761116475e-05 4.485558314e-05 3.250692684e-05 2.338132005e-05 2.32388446e-05 2.378273499e-05 2.420797725e-05 2.695239885e-05 2.630324354e-05 2.444767028e-05 2.034875588e-05 1.416339404e-05 1.086906814e-05 1.185494455e-05 1.257690655e-05 1.427901664e-05 1.493669079e-05 1.551660184e-05 1.590772e-05 1.633499043e-05 1.60275564e-05 1.567475169e-05 1.5300215e-05 1.496973634e-05 1.464698816e-05 1.432896348e-05 1.3982119e-05 1.367793476e-05 1.335449346e-05 1.306499736e-05 1.2780063e-05 1.24679692e-05 1.220412959e-05 1.19105872e-05 1.163921976e-05 1.133360964e-05 1.105854684e-05 1.077489412e-05 1.052230808e-05 1.024531826e-05 9.99893895e-06 9.77481932e-06 9.52283172e-06 9.2837364e-06 9.0560952e-06 8.8197403e-06 8.6120542e-06 8.41856708e-06 8.18846758e-06 7.99096232e-06 7.7871675e-06 7.58861676e-06 7.3932799e-06 7.21049392e-06 7.02259946e-06 6.83915684e-06 6.64933698e-06 6.49435117e-06 6.324087e-06 6.15127411e-06 6.00463512e-06 5.83564524e-06 5.66476596e-06 5.522426e-06 5.38462826e-06 5.220084e-06 5.08632201e-06 4.9516148e-06 4.81544193e-06 4.67795088e-06 4.55095561e-06 4.42673606e-06 4.306023e-06 4.17716768e-06 4.05409915e-06 3.93025068e-06 3.8271415e-06 3.70187712e-06 3.6030364e-06 3.48350856e-06 3.38542904e-06 3.2922208e-06 3.19721064e-06 3.10027712e-06 3.00800232e-06 2.91272544e-06 2.818039e-06 2.72739704e-06 2.63709732e-06 2.54769792e-06 2.47699125e-06 2.38995086e-06 2.32420588e-06 2.23776984e-06 2.17127211e-06 2.10761892e-06 2.02402616e-06
