0.16191425 0.1612922 0.16066943 0.1599408 0.15903141 0.15785612 0.15630202 0.15436216 0.15201265 0.14925029 0.14610488 0.14261 0.1388185 0.13461157 0.13033109 0.12608491 0.12165404 0.11717638 0.11303577 0.10922881 0.1056191 0.10238574 0.09987168 0.09748353 0.09570982 0.09424661 0.09307301 0.0930363 0.09106904 0.09006908 0.08900433 0.08781002 0.08647599 0.08499497 0.08336938 0.08149679 0.07945774 0.07714039 0.07473882 0.07233786 0.06997891 0.06761157 0.06534348 0.0632282 0.06135739 0.05969709 0.05817317 0.05668347 0.05531275 0.05399126 0.05272994 0.0516324 0.05071174 0.04996936 0.04938826 0.04893321 0.04856115 0.04823624 0.04793919 0.04767046 0.04745357 0.0473156 0.04727853 0.04734263 0.04749057 0.0476766 0.0478338 0.04789646 0.04781617 0.04755665 0.0470439 0.04653575 0.0457612 0.04487151 0.04414681 0.04346117 0.04273542 0.04189197 0.04106951 0.04033353 0.03953508 0.03879249 0.03808276 0.03735346 0.03667086 0.03598481 0.03530898 0.03465963 0.03404498 0.03338394 0.03276079 0.03217883 0.03161463 0.03105519 0.03047642 0.03000625 0.02945552 0.02896008 0.02842519 0.02788839 0.02739911 0.02692026 0.0265167 0.02606123 0.02557958 0.02509621 0.02461191 0.02414044 0.02373325 0.02330962 0.02292223 0.0224945 0.02214262 0.02179201 0.02139602 0.02102377 0.02065805 0.02029077 0.01993248 0.01955602 0.0191762 0.01886774 0.01855084 0.01821829 0.01788134 0.01757013 0.01725516 0.01694798 0.01670454 0.01646162 0.01623459 0.01600785 0.01577631 0.01553276 0.01529914 0.01508788 0.01485786 0.01464368 0.014399 0.01418235 0.01397187 0.01376566 0.01354005 0.01334876 0.01312856 0.01293243 0.01270033 0.01251448 0.01232104 0.01209598 0.01192377
0.0383812 0.03819431 0.03801185 0.03779894 0.03753358 0.03719169 0.03667843 0.03602579 0.03524019 0.0343227 0.03328668 0.03214764 0.03078648 0.02928854 0.02779466 0.0263428 0.0249443 0.02359536 0.02237101 0.02126158 0.02021677 0.01930327 0.01867966 0.01794372 0.01746293 0.01706518 0.01675058 0.01724521 0.0162004 0.01592912 0.01563789 0.0153166 0.01495956 0.01456681 0.01413963 0.01363815 0.0130959 0.01247526 0.01184318 0.01122442 0.01062422 0.01001525 0.00943237 0.00889184 0.00842587 0.00802174 0.00765187 0.00727871 0.00694333 0.00661604 0.0062991 0.00603007 0.00580911 0.00563429 0.00549959 0.00539509 0.00531044 0.00523694 0.00517029 0.00511032 0.00506217 0.00503169 0.00502329 0.00503703 0.00506935 0.00511011 0.00514448 0.00515788 0.00513963 0.00508175 0.00496822 0.00485925 0.00469201 0.00450211 0.00442593 0.00435367 0.00427625 0.00419265 0.0041105 0.00403592 0.00395491 0.00387878 0.00380522 0.0037292 0.00365658 0.00358338 0.00351262 0.00344538 0.00338049 0.003311 0.0032449 0.00318315 0.00312212 0.00306126 0.00299814 0.00294515 0.00288415 0.00282952 0.00276953 0.00270929 0.00265306 0.00259816 0.00255015 0.0024977 0.00244208 0.00238855 0.00233495 0.00228245 0.00223627 0.00218828 0.00214341 0.00209501 0.00205453 0.00201317 0.00196769 0.00192437 0.0018816 0.00183871 0.00179661 0.00175258 0.00170822 0.00167155 0.00163342 0.00159375 0.00155339 0.0015157 0.00147992 0.00144394 0.00141584 0.00138911 0.00136346 0.00133795 0.00131196 0.0012854 0.00125931 0.00123537 0.00120982 0.00118562 0.00115906 0.00113476 0.00111092 0.00108761 0.00106256 0.00104056 0.00101656 0.00099435 0.00096888 0.00094761 0.00092581 0.00090089 0.00088187
0.02440669 0.02429068 0.024177 0.02404649 0.02388393 0.02367446 0.02336814 0.02297986 0.02251189 0.02196447 0.02134518 0.0206628 0.01985697 0.01896482 0.01807148 0.01719954 0.01634121 0.01550614 0.01474573 0.01405396 0.0134003 0.01282824 0.01244232 0.01197405 0.01167112 0.01142015 0.01122144 0.01164293 0.01087363 0.0107019 0.010517 0.01031297 0.01008616 0.00983627 0.00956402 0.00924396 0.00889732 0.0085006 0.0080956 0.00769801 0.00731139 0.00691898 0.00654404 0.0061958 0.00589415 0.0056316 0.00539081 0.00514792 0.00492878 0.00471524 0.0045086 0.00433255 0.00418736 0.00407225 0.00398333 0.00391409 0.00385786 0.00380935 0.00376519 0.00372529 0.00369322 0.00367285 0.0036671 0.00367624 0.00369777 0.00372492 0.00374781 0.00375664 0.00374439 0.00370586 0.00363046 0.00355816 0.00344658 0.00331971 0.00326394 0.00321087 0.00315414 0.00309407 0.00303498 0.00298143 0.00292328 0.00286865 0.00281592 0.00276134 0.00270938 0.00265703 0.00260645 0.0025584 0.00251204 0.00246227 0.00241495 0.00237075 0.00232707 0.00228356 0.00223832 0.00220049 0.0021568 0.00211766 0.00207464 0.00203151 0.00199127 0.00195192 0.00191761 0.00187996 0.00184003 0.00180139 0.00176263 0.00172464 0.00169122 0.00165654 0.00162416 0.00158907 0.00155972 0.00152988 0.00149688 0.00146546 0.00143442 0.00140327 0.00137266 0.00134065 0.00130839 0.0012817 0.00125394 0.00122505 0.00119566 0.00116821 0.00114238 0.00111631 0.00109591 0.0010764 0.00105769 0.00103902 0.00102003 0.00100052 0.0009813 0.00096369 0.00094484 0.00092703 0.00090736 0.00088938 0.00087175 0.00085449 0.00083585 0.00081954 0.00080168 0.00078515 0.0007661 0.00075024 0.00073394 0.00071525 0.00070094
0.01575554 0.01568389 0.01561208 0.0155296 0.01542836 0.01529796 0.01511234 0.01487787 0.01459495 0.01426351 0.01388789 0.01347317 0.01298979 0.01245167 0.0119108 0.01138082 0.01084727 0.01032356 0.00984542 0.00940889 0.00899499 0.00863247 0.00840886 0.00808917 0.00789603 0.00773595 0.00760885 0.0079843 0.00738638 0.00727645 0.00715799 0.00702683 0.00688093 0.00672018 0.00654479 0.00633824 0.00611417 0.00585817 0.00559585 0.00533758 0.00508614 0.0048309 0.00458748 0.00436166 0.00416515 0.00399324 0.00383542 0.00367636 0.00353219 0.00339194 0.00325671 0.003141 0.00304524 0.00296914 0.00291033 0.00286443 0.0028269 0.00279469 0.00276555 0.00273915 0.00271774 0.00270413 0.00269986 0.00270573 0.00272005 0.00273814 0.00275342 0.00275943 0.00275118 0.00272532 0.00267505 0.00262702 0.0025527 0.00246775 0.00242648 0.0023874 0.00234549 0.00230197 0.00225909 0.00222033 0.00217824 0.00213871 0.00210062 0.00206113 0.00202364 0.00198591 0.00194948 0.00191487 0.0018815 0.00184559 0.00181149 0.00177964 0.00174812 0.0017168 0.00168416 0.00165695 0.00162543 0.00159721 0.00156615 0.00153505 0.00150607 0.00147769 0.00145298 0.00142579 0.00139694 0.00136887 0.00134067 0.001313 0.00128866 0.00126345 0.00123992 0.00121436 0.00119294 0.00117125 0.00114721 0.00112429 0.00110164 0.0010789 0.00105651 0.00103313 0.00100952 0.00099001 0.00096971 0.00094853 0.00092707 0.00090696 0.00088824 0.00086932 0.00085446 0.00084015 0.00082645 0.00081276 0.00079881 0.00078444 0.00077023 0.00075722 0.00074328 0.00073011 0.00071551 0.00070218 0.0006891 0.00067627 0.00066237 0.00065025 0.00063692 0.00062458 0.00061031 0.00059846 0.00058623 0.00057218 0.00056139
0.01049146 0.01044541 0.01039946 0.01034553 0.01027942 0.01019539 0.01007873 0.00993186 0.00975447 0.00954641 0.00931026 0.00904909 0.00874854 0.00841282 0.00807426 0.00774139 0.0073993 0.00706085 0.00675108 0.00646738 0.00619758 0.00596122 0.00583924 0.00560577 0.00547892 0.00537381 0.00529036 0.00561767 0.00514387 0.0050715 0.00499346 0.00490707 0.00481056 0.0047041 0.00458802 0.00445112 0.00430227 0.00413266 0.00395856 0.00378636 0.00361837 0.0034482 0.00328622 0.00313613 0.00300534 0.00289044 0.00278455 0.00267812 0.00258135 0.00248735 0.00239699 0.00231956 0.00225519 0.00220393 0.00216426 0.00213338 0.00210808 0.00208629 0.00206655 0.00204891 0.00203462 0.00202542 0.00202202 0.00202553 0.00203501 0.00204721 0.00205756 0.0020618 0.00205636 0.00203876 0.00200457 0.00197216 0.00192167 0.00186416 0.00183325 0.00180383 0.00177255 0.00174051 0.00170887 0.0016803 0.00164933 0.00162025 0.00159225 0.00156321 0.0015357 0.00150802 0.00148134 0.001456 0.00143158 0.00140524 0.00138027 0.00135694 0.00133384 0.0013109 0.00128697 0.00126709 0.00124397 0.00122328 0.00120051 0.00117771 0.00115649 0.0011357 0.00111762 0.00109766 0.00107648 0.00105578 0.00103495 0.00101449 0.00099649 0.00097788 0.00096052 0.0009416 0.00092576 0.00090975 0.00089195 0.00087501 0.00085824 0.00084139 0.00082479 0.00080745 0.00078993 0.00077543 0.00076038 0.00074465 0.00072873 0.00071382 0.00070008 0.00068617 0.00067525 0.00066462 0.00065445 0.00064428 0.00063393 0.0006232 0.0006126 0.00060287 0.00059243 0.00058259 0.00057163 0.00056163 0.00055183 0.00054218 0.0005317 0.0005226 0.00051254 0.00050323 0.00049243 0.00048349 0.00047422 0.00046356 0.00045532
0.00732842 0.00729696 0.00726577 0.0072293 0.00718368 0.00712585 0.007048 0.00695028 0.00683218 0.00669352 0.00653598 0.00636151 0.00616281 0.00594093 0.00571661 0.00549548 0.00526467 0.00503498 0.0048243 0.00463083 0.00444632 0.00428466 0.00422312 0.00404111 0.00395387 0.00388137 0.0038239 0.00410312 0.00372294 0.00367301 0.00361921 0.00355962 0.00349304 0.00341935 0.0033388 0.00324396 0.00314062 0.00302315 0.0029024 0.00278283 0.00266562 0.00254695 0.00243464 0.00233061 0.00223969 0.00215989 0.00208617 0.00201196 0.00194441 0.00187913 0.00181647 0.00176258 0.00171775 0.00168198 0.00165421 0.00163256 0.00161498 0.00160004 0.00158619 0.00157377 0.00156396 0.00155785 0.00155487 0.00155687 0.00156307 0.00157139 0.00157863 0.00158173 0.00157806 0.00156586 0.00154191 0.00151933 0.00148377 0.00144328 0.00141983 0.00139725 0.00137312 0.00134911 0.00132516 0.00130355 0.00128012 0.00125816 0.00123702 0.00121507 0.00119435 0.0011735 0.00115343 0.00113439 0.00111603 0.00109619 0.00107741 0.00105988 0.00104249 0.00102526 0.00100722 0.0009923 0.0009749 0.00095932 0.00094216 0.00092501 0.00090906 0.0008934 0.00087981 0.00086477 0.0008488 0.00083313 0.00081735 0.00080183 0.00078819 0.00077409 0.00076095 0.00074658 0.00073454 0.00072244 0.00070891 0.00069605 0.00068334 0.00067054 0.00065791 0.00064473 0.0006314 0.00062035 0.00060891 0.00059694 0.00058484 0.00057349 0.00056318 0.00055272 0.00054449 0.00053644 0.00052872 0.00052099 0.00051313 0.00050495 0.00049686 0.00048944 0.00048145 0.00047393 0.00046553 0.00045786 0.00045035 0.00044295 0.0004349 0.00042791 0.00042016 0.00041298 0.00040465 0.00039776 0.0003906 0.00038235 0.00037593
0.00545284 0.00542977 0.00540684 0.00538022 0.00534704 0.00530417 0.00524724 0.00517666 0.00509136 0.00499117 0.00487725 0.00475101 0.00460798 0.00444912 0.00428825 0.0041294 0.00396243 0.00379581 0.00364273 0.00350184 0.00336718 0.00324925 0.00322255 0.00307141 0.00300764 0.00295446 0.00291219 0.00315152 0.00283806 0.00280135 0.00276179 0.00271805 0.0026691 0.00261501 0.00255561 0.00248549 0.00240929 0.00232281 0.00223372 0.00214541 0.0020589 0.00197098 0.00188801 0.00181153 0.00174447 0.00168543 0.00163115 0.00157645 0.00152643 0.00147836 0.00143254 0.00139288 0.00135967 0.0013333 0.00131279 0.00129671 0.00128366 0.00127299 0.00126303 0.00125382 0.00124649 0.00124222 0.00123981 0.00124081 0.00124501 0.00125077 0.00125592 0.00125825 0.00125567 0.00124678 0.00122923 0.00121282 0.00118641 0.00115631 0.00113762 0.00111997 0.00110085 0.00108198 0.00106334 0.00104636 0.00102794 0.00101066 0.00099407 0.00097683 0.00096057 0.00094425 0.00092851 0.0009136 0.00089922 0.00088366 0.00086893 0.0008552 0.00084158 0.00082811 0.00081396 0.00080227 0.00078863 0.00077642 0.00076295 0.00074951 0.00073703 0.00072476 0.00071411 0.00070232 0.00068979 0.00067746 0.00066503 0.0006528 0.00064206 0.00063097 0.00062062 0.0006093 0.00059978 0.00059028 0.00057962 0.00056947 0.00055945 0.00054938 0.00053941 0.00052901 0.00051849 0.00050975 0.00050072 0.00049126 0.00048173 0.00047278 0.00046473 0.00045657 0.00045013 0.0004438 0.00043774 0.00043166 0.00042546 0.00041901 0.00041263 0.00040676 0.00040045 0.0003945 0.00038785 0.00038177 0.00037582 0.00036995 0.00036357 0.00035803 0.00035187 0.00034615 0.00033952 0.00033404 0.00032834 0.00032177 0.00031661
0.00437173 0.00435323 0.00433491 0.00431361 0.00428728 0.00425337 0.00420742 0.00415061 0.00408275 0.00400308 0.00391248 0.00381205 0.0036981 0.00357283 0.00344591 0.00332051 0.00318917 0.00305822 0.00293779 0.00282676 0.00272046 0.00262736 0.00261881 0.00248695 0.00243662 0.00239462 0.0023611 0.00257468 0.00230233 0.00227319 0.00224176 0.00220708 0.00216833 0.00212539 0.0020784 0.00202259 0.00196185 0.00189327 0.00182255 0.00175225 0.00168342 0.00161361 0.00154754 0.00148672 0.00143352 0.00138658 0.00134328 0.00129995 0.00126028 0.00122213 0.001186 0.00115473 0.00112837 0.00110728 0.00109102 0.00107825 0.00106777 0.0010593 0.0010517 0.00104462 0.00103878 0.00103531 0.00103347 0.00103415 0.00103711 0.00104135 0.00104512 0.00104674 0.00104475 0.00103783 0.00102407 0.00101135 0.00099049 0.00096649 0.00095085 0.00093613 0.00092053 0.00090515 0.0008898 0.00087601 0.00086088 0.00084667 0.00083301 0.00081884 0.00080548 0.00079208 0.00077918 0.00076695 0.00075514 0.00074236 0.00073027 0.000719 0.00070782 0.00069677 0.00068515 0.00067556 0.00066433 0.0006543 0.00064323 0.00063218 0.00062192 0.00061184 0.00060308 0.00059337 0.00058307 0.0005729 0.00056264 0.00055255 0.00054369 0.00053454 0.00052601 0.00051665 0.00050877 0.00050093 0.00049212 0.00048375 0.00047545 0.00046712 0.00045889 0.0004503 0.00044159 0.00043434 0.00042687 0.00041903 0.00041115 0.00040375 0.00039716 0.00039048 0.00038521 0.00037999 0.00037501 0.00037001 0.0003649 0.00035957 0.00035431 0.00034946 0.00034423 0.00033933 0.00033382 0.00032877 0.00032385 0.00031897 0.00031369 0.0003091 0.00030398 0.00029922 0.00029371 0.00028915 0.0002844 0.00027894 0.00027462
0.00377584 0.00375974 0.00374375 0.00372528 0.00370241 0.00367321 0.00363337 0.00358307 0.00352313 0.00345365 0.00337471 0.00328723 0.00318725 0.00307873 0.00296881 0.00286025 0.00274795 0.00263646 0.00253384 0.00243913 0.00234836 0.00226886 0.00226648 0.0021489 0.00210593 0.00207005 0.00204148 0.00223772 0.0019912 0.00196625 0.00193929 0.00190957 0.00187642 0.00183969 0.00179945 0.00175173 0.00169954 0.00164073 0.00158021 0.00151998 0.00146089 0.00140098 0.00134442 0.00129218 0.00124642 0.00120625 0.0011691 0.00113179 0.00109786 0.00106534 0.00103444 0.00100775 0.00098531 0.00096722 0.00095314 0.00094224 0.00093326 0.0009258 0.00091924 0.00091342 0.00090862 0.00090561 0.00090402 0.00090473 0.00090722 0.00091054 0.00091352 0.00091462 0.00091269 0.00090683 0.0008952 0.00088453 0.00086684 0.00084636 0.00083261 0.00081967 0.00080601 0.00079305 0.0007799 0.00076797 0.00075508 0.00074281 0.00073101 0.00071874 0.00070721 0.00069563 0.0006845 0.00067397 0.00066379 0.00065274 0.00064231 0.00063258 0.00062291 0.00061337 0.00060334 0.00059504 0.00058533 0.00057665 0.00056706 0.0005575 0.00054862 0.00053988 0.00053228 0.00052387 0.00051494 0.00050612 0.00049722 0.00048845 0.00048075 0.00047281 0.0004654 0.00045726 0.00045039 0.00044357 0.0004359 0.00042861 0.0004214 0.00041414 0.00040696 0.00039949 0.0003919 0.00038556 0.00037905 0.00037221 0.00036534 0.00035888 0.0003532 0.00034744 0.00034288 0.00033837 0.00033406 0.00032972 0.00032531 0.00032067 0.0003161 0.00031189 0.00030733 0.00030307 0.00029828 0.00029388 0.00028959 0.00028534 0.00028073 0.00027673 0.00027225 0.00026809 0.00026328 0.00025929 0.00025513 0.00025036 0.00024656
0.0034953 0.00348047 0.00346546 0.00344809 0.00342674 0.00339945 0.00336197 0.00331469 0.00325723 0.00319073 0.00311622 0.00303375 0.0029385 0.00283637 0.00273302 0.00263104 0.00252739 0.00242515 0.00233099 0.00224404 0.00216063 0.00208758 0.00208305 0.0019773 0.0019378 0.00190481 0.00187859 0.00205828 0.00183247 0.00180957 0.00178478 0.00175741 0.0017269 0.00169315 0.00165617 0.00161225 0.0015643 0.00151016 0.00145442 0.00139908 0.00134472 0.00128945 0.00123728 0.00118927 0.001147 0.00110983 0.0010757 0.00104125 0.00100984 0.00097998 0.00095169 0.00092709 0.00090648 0.00088993 0.00087693 0.00086674 0.00085851 0.00085152 0.00084526 0.00083983 0.00083561 0.00083296 0.00083163 0.00083232 0.00083477 0.00083783 0.00084033 0.00084116 0.0008391 0.0008335 0.00082287 0.00081317 0.00079701 0.00077825 0.00076567 0.0007537 0.00074106 0.00072929 0.00071762 0.00070688 0.00069515 0.00068415 0.00067343 0.00066226 0.00065175 0.00064122 0.0006311 0.00062155 0.0006123 0.00060226 0.00059277 0.00058392 0.00057511 0.00056643 0.00055729 0.00054972 0.00054088 0.00053296 0.0005242 0.00051548 0.00050737 0.00049938 0.00049242 0.00048473 0.00047656 0.0004685 0.00046036 0.00045233 0.00044527 0.000438 0.00043121 0.00042375 0.00041744 0.00041117 0.00040413 0.00039744 0.00039081 0.00038415 0.00037754 0.00037067 0.00036371 0.00035787 0.00035187 0.00034558 0.00033925 0.0003333 0.00032813 0.00032288 0.00031873 0.0003146 0.00031067 0.0003067 0.00030267 0.00029844 0.00029425 0.00029038 0.00028621 0.00028229 0.00027791 0.00027387 0.00026992 0.00026601 0.00026177 0.00025809 0.00025397 0.00025014 0.00024571 0.00024203 0.00023819 0.00023379 0.00023028
0.00342114 0.00340663 0.00339204 0.0033748 0.00335358 0.00332664 0.00328911 0.00324201 0.003185 0.00311765 0.00304221 0.00295996 0.00286401 0.00276207 0.002659 0.00255741 0.0024559 0.00235645 0.00226483 0.00218016 0.0020989 0.00202771 0.00201634 0.00192022 0.00188167 0.00184948 0.00182389 0.00198959 0.00177907 0.00175682 0.00173275 0.00170611 0.00167637 0.00164349 0.0016075 0.00156469 0.00151796 0.00146531 0.00141097 0.00135703 0.00130412 0.00125022 0.00119923 0.00115231 0.00111116 0.00107477 0.00104131 0.00100771 0.00097698 0.00094769 0.00092012 0.00089624 0.00087612 0.00085998 0.00084738 0.0008374 0.00082924 0.00082235 0.00081612 0.00081061 0.00080639 0.00080393 0.00080295 0.00080375 0.00080619 0.00080935 0.0008118 0.00081244 0.00081028 0.00080453 0.00079395 0.0007845 0.00076879 0.00075047 0.00073842 0.00072692 0.00071465 0.00070339 0.00069225 0.00068226 0.00067116 0.00066065 0.00065055 0.00063988 0.00062983 0.00061976 0.0006101 0.000601 0.00059216 0.00058258 0.00057352 0.00056507 0.00055663 0.00054834 0.00053958 0.00053233 0.00052386 0.00051629 0.00050789 0.00049951 0.00049173 0.00048406 0.00047735 0.00046996 0.00046212 0.00045437 0.00044654 0.00043883 0.00043202 0.00042502 0.00041848 0.0004113 0.00040521 0.00039917 0.00039237 0.00038591 0.0003795 0.00037307 0.00036669 0.00036004 0.00035331 0.00034767 0.00034186 0.00033577 0.00032965 0.00032388 0.00031894 0.00031389 0.00030992 0.00030597 0.00030219 0.00029838 0.00029451 0.00029044 0.00028642 0.00028268 0.00027866 0.00027489 0.00027066 0.00026676 0.00026296 0.00025917 0.00025508 0.00025152 0.00024753 0.00024383 0.00023954 0.00023597 0.00023224 0.00022799 0.00022458
0.00348684 0.00347217 0.00345737 0.00343998 0.00341815 0.00339037 0.00335168 0.00330298 0.00324444 0.00317559 0.00309681 0.00301084 0.0029113 0.00280599 0.00269962 0.00259484 0.00249132 0.00239048 0.00229748 0.00221152 0.00212898 0.00205664 0.00203662 0.00194738 0.00190822 0.00187543 0.00184938 0.00200515 0.00180384 0.00178128 0.00175694 0.00172995 0.00169978 0.00166638 0.00162982 0.00158631 0.00153882 0.00148533 0.00143021 0.00137538 0.0013216 0.00126686 0.00121495 0.00116712 0.00112519 0.00108827 0.00105408 0.00101967 0.00098841 0.00095848 0.00093022 0.00090593 0.00088562 0.00086917 0.00085634 0.00084626 0.00083792 0.0008307 0.0008243 0.00081856 0.00081405 0.00081142 0.00081071 0.00081185 0.00081444 0.00081773 0.00082036 0.00082108 0.0008187 0.0008127 0.0008016 0.00079171 0.00077562 0.00075687 0.00074478 0.00073329 0.00072097 0.00070971 0.00069855 0.00068855 0.00067772 0.00066731 0.0006572 0.00064668 0.00063662 0.00062655 0.00061687 0.00060778 0.00059895 0.00058936 0.0005803 0.00057185 0.00056339 0.00055508 0.0005463 0.00053902 0.00053052 0.00052293 0.0005145 0.00050609 0.00049826 0.00049056 0.0004838 0.00047636 0.00046847 0.00046068 0.0004528 0.00044503 0.00043818 0.00043113 0.00042453 0.00041729 0.00041114 0.00040504 0.00039818 0.00039165 0.00038518 0.00037867 0.00037222 0.00036551 0.0003587 0.00035299 0.00034712 0.00034096 0.00033476 0.00032892 0.00032396 0.00031889 0.0003149 0.00031094 0.00030714 0.00030331 0.00029943 0.00029535 0.0002913 0.00028753 0.00028348 0.00027967 0.00027542 0.00027149 0.00026764 0.00026382 0.00025969 0.00025608 0.00025206 0.0002483 0.00024398 0.00024036 0.00023658 0.00023228 0.00022881
0.00364751 0.00363263 0.00361738 0.00359937 0.00357687 0.00354774 0.00350716 0.00345638 0.00339521 0.00332374 0.00324234 0.00315154 0.00304602 0.0029357 0.00282436 0.0027147 0.00260661 0.00250165 0.00240477 0.00231509 0.00222901 0.00215354 0.00212541 0.00203941 0.00199849 0.00196429 0.00193702 0.00208825 0.00188943 0.00186589 0.00184057 0.00181247 0.00178104 0.00174622 0.00170807 0.00166264 0.00161303 0.00155718 0.00149966 0.0014425 0.00138631 0.00132912 0.00127495 0.00122492 0.00118101 0.00114235 0.00110667 0.00107049 0.00103757 0.00100624 0.00097653 0.00095096 0.00092975 0.00091274 0.00089929 0.00088873 0.00088007 0.00087241 0.00086549 0.00085942 0.00085458 0.00085161 0.00085092 0.0008524 0.00085544 0.00085897 0.00086178 0.00086269 0.00086025 0.00085376 0.00084187 0.00083113 0.00081388 0.00079398 0.00078136 0.00076939 0.00075658 0.00074501 0.00073339 0.00072297 0.00071172 0.00070118 0.00069077 0.00067982 0.00066951 0.00065906 0.00064899 0.00063955 0.00063037 0.00062041 0.000611 0.00060223 0.00059342 0.00058478 0.00057564 0.00056805 0.0005592 0.0005513 0.00054252 0.00053377 0.0005256 0.00051756 0.0005105 0.00050273 0.00049448 0.00048635 0.00047812 0.00047 0.00046282 0.00045546 0.00044855 0.00044097 0.00043452 0.00042814 0.00042096 0.00041411 0.00040732 0.00040049 0.00039372 0.00038668 0.00037954 0.00037353 0.00036736 0.0003609 0.00035439 0.00034825 0.00034309 0.00033781 0.00033366 0.00032953 0.00032558 0.00032159 0.00031754 0.00031328 0.00030905 0.00030512 0.00030088 0.0002969 0.00029245 0.00028833 0.0002843 0.00028029 0.00027597 0.00027218 0.00026796 0.00026401 0.00025946 0.00025566 0.00025169 0.00024717 0.00024351
0.00386706 0.00385166 0.00383611 0.00381742 0.00379394 0.00376367 0.0037214 0.00366852 0.00360507 0.00353078 0.00344665 0.00335323 0.00324273 0.00312611 0.00300983 0.00289529 0.00278143 0.00267084 0.00256857 0.00247381 0.00238274 0.00230305 0.00226769 0.00218227 0.0021389 0.0021027 0.0020739 0.00222505 0.00202348 0.00199856 0.00197179 0.00194209 0.00190887 0.00187206 0.0018317 0.00178359 0.00173103 0.00167192 0.00161103 0.00155051 0.00149108 0.0014305 0.00137312 0.00132019 0.00127362 0.00123256 0.00119461 0.00115622 0.00112106 0.00108761 0.00105611 0.00102887 0.00100623 0.00098824 0.00097417 0.00096294 0.00095369 0.00094558 0.00093811 0.00093143 0.00092624 0.00092291 0.00092212 0.00092376 0.00092733 0.00093141 0.00093444 0.00093549 0.00093303 0.00092611 0.00091308 0.00090134 0.00088244 0.00086063 0.00084699 0.00083411 0.00082035 0.00080813 0.00079579 0.0007846 0.00077252 0.00076123 0.00075038 0.00073875 0.00072768 0.00071665 0.00070587 0.00069576 0.00068592 0.00067526 0.00066518 0.00065578 0.00064636 0.0006371 0.0006273 0.00061916 0.00060967 0.00060119 0.00059177 0.00058239 0.00057364 0.000565 0.0005574 0.00054906 0.00054018 0.00053143 0.00052258 0.00051383 0.00050609 0.00049816 0.00049072 0.00048255 0.00047559 0.0004687 0.00046096 0.00045358 0.00044625 0.00043887 0.00043154 0.00042394 0.00041623 0.00040972 0.00040305 0.00039605 0.00038903 0.00038239 0.00037688 0.00037121 0.00036677 0.00036235 0.00035811 0.00035383 0.00034949 0.00034492 0.00034037 0.00033613 0.00033157 0.00032729 0.00032249 0.00031804 0.0003137 0.00030938 0.0003047 0.00030062 0.00029606 0.00029178 0.00028686 0.00028274 0.00027844 0.00027354 0.00026956
0.00412723 0.00411146 0.00409535 0.0040762 0.00405176 0.0040201 0.00397696 0.00392256 0.00385715 0.00378078 0.00369411 0.00359833 0.00348653 0.00336482 0.00324302 0.00312424 0.00300402 0.00288675 0.00277827 0.00267748 0.00258064 0.00249575 0.00245303 0.00236732 0.00232106 0.0022825 0.00225184 0.00240506 0.00219824 0.00217171 0.00214318 0.00211154 0.00207617 0.00203695 0.00199392 0.00194264 0.00188657 0.00182359 0.00175871 0.00169419 0.00163083 0.00156641 0.00150525 0.00144884 0.00139925 0.00135535 0.00131476 0.00127359 0.00123603 0.00120009 0.00116627 0.00113723 0.00111298 0.00109363 0.00107872 0.00106696 0.00105703 0.00104824 0.00104027 0.00103298 0.00102717 0.00102352 0.00102265 0.00102436 0.00102826 0.00103305 0.00103662 0.00103782 0.00103525 0.00102795 0.00101376 0.00100068 0.0009799 0.00095566 0.00094025 0.00092602 0.0009109 0.00089769 0.00088437 0.00087225 0.00085901 0.00084662 0.00083475 0.00082235 0.00081036 0.00079827 0.00078665 0.00077562 0.00076485 0.00075315 0.00074214 0.00073186 0.00072154 0.00071144 0.00070071 0.00069179 0.0006814 0.00067212 0.0006618 0.00065153 0.00064196 0.00063251 0.00062417 0.00061501 0.00060527 0.00059566 0.00058592 0.0005763 0.00056779 0.00055908 0.00055089 0.0005419 0.00053422 0.00052665 0.00051812 0.00051 0.00050192 0.0004938 0.00048571 0.00047732 0.00046882 0.00046164 0.00045428 0.00044655 0.0004388 0.00043148 0.00042548 0.00041929 0.00041445 0.00040961 0.00040498 0.00040029 0.00039555 0.00039054 0.00038555 0.0003809 0.00037588 0.00037119 0.00036592 0.00036102 0.00035624 0.00035147 0.00034632 0.00034182 0.00033679 0.00033206 0.00032663 0.00032208 0.00031731 0.0003119 0.00030748
0.00441577 0.00439963 0.0043831 0.00436321 0.00433806 0.00430507 0.00426118 0.00420627 0.00413961 0.00406161 0.00397326 0.0038754 0.00376352 0.00364007 0.00351429 0.00339102 0.00326415 0.00313945 0.00302408 0.00291685 0.00281366 0.00272316 0.00267288 0.00258614 0.00253685 0.0024957 0.002463 0.00261934 0.00240597 0.00237775 0.00234732 0.00231357 0.00227581 0.0022339 0.00218789 0.0021331 0.0020732 0.00200594 0.00193665 0.00186777 0.0018001 0.00173146 0.00166646 0.00160627 0.00155332 0.00150649 0.001463 0.00141889 0.00137853 0.00134016 0.00130383 0.00127261 0.00124676 0.00122606 0.00120996 0.00119757 0.00118723 0.00117774 0.00116906 0.00116126 0.00115487 0.00115064 0.00114974 0.00115157 0.0011557 0.00116093 0.00116528 0.001167 0.00116432 0.00115657 0.00114124 0.00112685 0.00110377 0.00107695 0.00105909 0.0010428 0.00102591 0.00101148 0.0009969 0.00098369 0.00096919 0.00095544 0.00094225 0.00092852 0.00091565 0.00090241 0.00088951 0.00087753 0.00086561 0.00085264 0.00084042 0.00082905 0.00081762 0.00080644 0.00079457 0.00078471 0.00077319 0.0007629 0.00075146 0.00074009 0.0007295 0.00071904 0.00070979 0.00069963 0.00068879 0.00067812 0.00066729 0.00065658 0.00064711 0.00063743 0.00062832 0.0006183 0.00060975 0.00060132 0.00059182 0.00058277 0.00057377 0.00056472 0.0005557 0.00054634 0.00053685 0.00052882 0.0005206 0.00051198 0.00050333 0.00049517 0.00048857 0.00048175 0.00047642 0.00047108 0.00046596 0.00046077 0.00045552 0.00044998 0.00044445 0.00043927 0.0004337 0.00042849 0.00042265 0.0004172 0.00041187 0.00040655 0.00040082 0.00039581 0.00039019 0.00038492 0.00037885 0.00037375 0.00036842 0.00036237 0.00035739
0.00473402 0.00471696 0.00469992 0.00467934 0.00465307 0.00461887 0.00457429 0.0045187 0.00445138 0.00437201 0.00428189 0.0041822 0.00407042 0.00394529 0.00381789 0.00369104 0.00355602 0.00342304 0.00329985 0.00318549 0.00307542 0.00297886 0.00292131 0.00283241 0.00277986 0.00273601 0.00270116 0.00286083 0.00264041 0.00261037 0.00257799 0.00254201 0.00250167 0.00245689 0.00240762 0.00234897 0.00228485 0.00221295 0.00213876 0.00206504 0.00199274 0.00191958 0.00185038 0.00178649 0.00172987 0.0016798 0.00163338 0.00158615 0.00154284 0.00150165 0.00146302 0.00142943 0.0014016 0.0013796 0.00136239 0.00134895 0.00133816 0.00132838 0.00131898 0.00131045 0.00130361 0.00129884 0.00129754 0.00129954 0.001304 0.00130954 0.00131433 0.00131693 0.00131461 0.00130636 0.00128981 0.0012742 0.00124886 0.00121906 0.00119859 0.0011796 0.00116025 0.00114435 0.00112836 0.0011139 0.00109804 0.00108293 0.00106823 0.00105291 0.00103861 0.0010244 0.00101019 0.00099683 0.0009838 0.00096935 0.00095572 0.00094302 0.00093028 0.00091785 0.00090462 0.00089366 0.00088082 0.00086935 0.00085659 0.00084393 0.00083214 0.00082049 0.00081019 0.00079887 0.00078678 0.00077484 0.00076274 0.00075076 0.00074017 0.00072935 0.00071919 0.00070798 0.00069838 0.00068898 0.00067835 0.00066822 0.00065816 0.00064803 0.00063794 0.00062746 0.00061683 0.00060781 0.0005986 0.00058894 0.00057928 0.00057012 0.00056279 0.00055523 0.00054934 0.0005434 0.00053771 0.00053193 0.00052611 0.00051993 0.00051377 0.00050799 0.00050176 0.00049596 0.00048944 0.00048335 0.0004774 0.00047145 0.00046503 0.00045943 0.00045315 0.00044722 0.00044043 0.00043472 0.00042872 0.00042193 0.00041631
0.00508698 0.00506872 0.0050505 0.00502895 0.00500143 0.00496543 0.00491986 0.00486304 0.00479413 0.00471303 0.00462047 0.00451786 0.00440539 0.00427746 0.00414725 0.0040177 0.00387426 0.00373105 0.00359901 0.0034763 0.00335837 0.00325505 0.00319042 0.00309845 0.00304233 0.00299549 0.00295834 0.0031206 0.00289357 0.00286154 0.00282703 0.00278873 0.00274568 0.00269775 0.00264503 0.00258226 0.00251351 0.00243638 0.0023568 0.00227756 0.00220005 0.00212193 0.00204826 0.00198012 0.00192001 0.00186629 0.00181657 0.00176629 0.00171984 0.00167566 0.00163417 0.00159842 0.0015684 0.00154464 0.00152644 0.00151202 0.00150028 0.00149018 0.00148061 0.00147136 0.00146381 0.0014587 0.00145693 0.00145869 0.00146354 0.00146952 0.00147455 0.00147758 0.00147604 0.00146787 0.00145009 0.0014332 0.00140576 0.00137313 0.00134964 0.00132786 0.00130541 0.00128738 0.00126986 0.00125415 0.00123691 0.00122054 0.00120451 0.0011875 0.00117164 0.00115597 0.00114083 0.00112622 0.00111175 0.00109602 0.00108091 0.00106682 0.00105264 0.00103888 0.00102419 0.00101204 0.00099781 0.00098509 0.00097091 0.00095686 0.00094378 0.00093085 0.00091941 0.00090685 0.00089343 0.00088015 0.00086667 0.00085333 0.00084154 0.00082949 0.00081819 0.00080571 0.000795 0.00078454 0.0007727 0.00076141 0.00075019 0.0007389 0.00072765 0.00071597 0.00070411 0.00069402 0.00068374 0.00067294 0.00066217 0.00065196 0.00064384 0.00063547 0.00062898 0.00062241 0.00061611 0.00060971 0.00060325 0.00059639 0.00058956 0.00058314 0.00057621 0.00056975 0.00056252 0.00055572 0.00054911 0.00054249 0.00053533 0.00052908 0.00052208 0.00051547 0.00050788 0.00050151 0.00049479 0.0004872 0.00048088
0.00547256 0.0054529 0.00543319 0.00540996 0.00538074 0.00534261 0.00529498 0.00523599 0.00516431 0.00507989 0.00498366 0.00487666 0.0047614 0.00462918 0.00449431 0.00436012 0.00420826 0.0040541 0.00391181 0.00377973 0.00365289 0.00354166 0.00346946 0.00337355 0.00331385 0.00326437 0.00322446 0.0033906 0.00315524 0.00312105 0.00308453 0.0030435 0.00299768 0.00294647 0.00289004 0.00282296 0.00274942 0.00266649 0.00258087 0.00249562 0.00241206 0.00232828 0.00224969 0.00217706 0.00211272 0.00205571 0.00200222 0.00194859 0.00189912 0.00185175 0.00180719 0.00176856 0.00173662 0.00171091 0.00169107 0.00167593 0.00166329 0.00165221 0.00164242 0.00163312 0.00162491 0.00161923 0.00161727 0.00161875 0.00162348 0.00162999 0.0016354 0.00163849 0.00163711 0.00162953 0.00161119 0.0015931 0.00156357 0.00152845 0.00150229 0.00147739 0.00145193 0.00143122 0.0014115 0.00139452 0.00137602 0.00135846 0.00134133 0.00132299 0.00130558 0.00128839 0.00127182 0.00125654 0.00124091 0.0012236 0.00120738 0.00119191 0.00117632 0.00116117 0.00114504 0.00113169 0.00111605 0.00110209 0.00108649 0.00107104 0.00105665 0.00104242 0.00102981 0.00101599 0.00100123 0.00098662 0.00097176 0.00095703 0.00094403 0.00093076 0.00091828 0.00090451 0.00089268 0.00088114 0.00086806 0.0008556 0.0008432 0.00083073 0.00081828 0.00080538 0.00079227 0.00078109 0.0007697 0.00075774 0.00074582 0.00073451 0.00072561 0.00071639 0.00070928 0.00070209 0.00069518 0.00068814 0.00068104 0.00067349 0.00066597 0.00065888 0.00065124 0.00064413 0.00063615 0.00062866 0.00062135 0.00061403 0.00060614 0.00059923 0.00059148 0.00058416 0.00057576 0.00056869 0.00056126 0.00055285 0.0005458
0.00588222 0.00586068 0.00583923 0.005814 0.00578241 0.00574155 0.00569086 0.00562816 0.00555216 0.00546264 0.0053606 0.00524719 0.00512647 0.00498778 0.00484615 0.0047051 0.00454331 0.00437782 0.00422479 0.00408237 0.00394615 0.00382624 0.00374515 0.00364404 0.00358035 0.00352884 0.00348704 0.00365947 0.00341256 0.00337579 0.00333732 0.00329365 0.00324452 0.0031901 0.00312981 0.00305824 0.00297977 0.002891 0.00279871 0.00270683 0.0026168 0.00252654 0.00244209 0.0023645 0.00229576 0.00223471 0.00217808 0.00212061 0.00206784 0.00201753 0.00196957 0.001928 0.00189332 0.00186596 0.00184436 0.00182775 0.00181452 0.00180244 0.00179161 0.00178219 0.00177415 0.00176798 0.00176569 0.00176724 0.00177186 0.00177829 0.00178422 0.00178749 0.00178574 0.00177785 0.00175952 0.00174105 0.00170963 0.0016722 0.00164401 0.00161665 0.00158801 0.00156497 0.00154255 0.00152359 0.0015039 0.00148539 0.00146733 0.00144802 0.00142957 0.00141099 0.00139299 0.00137653 0.00136047 0.00134202 0.00132443 0.00130813 0.00129124 0.00127482 0.00125729 0.00124283 0.00122586 0.00121074 0.00119383 0.00117707 0.00116144 0.00114596 0.00113226 0.00111722 0.00110121 0.00108536 0.00106923 0.00105321 0.00103903 0.00102461 0.00101104 0.00099603 0.00098313 0.00097057 0.00095631 0.00094272 0.00092921 0.00091561 0.00090201 0.00088793 0.00087362 0.00086141 0.00084896 0.00083586 0.00082283 0.00081045 0.00080078 0.00079076 0.00078303 0.00077523 0.00076776 0.00076011 0.00075241 0.00074421 0.00073602 0.00072829 0.00071996 0.00071223 0.00070354 0.00069536 0.0006874 0.0006794 0.00067079 0.00066326 0.00065479 0.00064676 0.00063759 0.00062985 0.0006217 0.00061251 0.00060476
0.00629195 0.0062684 0.00624493 0.0062175 0.00618334 0.00613931 0.00608461 0.00601709 0.0059354 0.00583928 0.00572983 0.00560824 0.00547969 0.00533295 0.00518304 0.00503361 0.0048613 0.00468417 0.00452031 0.00436784 0.00422225 0.00409381 0.00400377 0.00389564 0.00382631 0.00377311 0.00373003 0.00391162 0.00365104 0.00361165 0.00357086 0.0035247 0.00347257 0.00341441 0.00335048 0.00327449 0.00319119 0.00309668 0.0029982 0.00289947 0.00280275 0.00270589 0.00261478 0.00253132 0.00245824 0.0023931 0.00233267 0.0022725 0.00221617 0.00216248 0.00211176 0.00206717 0.00202992 0.00200011 0.00197732 0.0019591 0.00194463 0.00193184 0.00192003 0.00190957 0.00190161 0.00189585 0.00189347 0.00189496 0.0018999 0.00190628 0.00191198 0.00191561 0.00191361 0.00190475 0.00188531 0.00186715 0.00183486 0.00179549 0.00176585 0.00173686 0.00170599 0.00168058 0.00165597 0.00163454 0.00161293 0.00159353 0.00157481 0.00155474 0.00153567 0.00151632 0.00149707 0.00147948 0.00146241 0.00144369 0.00142526 0.00140787 0.00139033 0.00137285 0.00135412 0.00133862 0.00132051 0.00130438 0.0012863 0.00126843 0.00125172 0.00123513 0.00122044 0.00120435 0.00118721 0.00117028 0.00115305 0.00113593 0.00112073 0.00110525 0.00109072 0.00107463 0.00106076 0.00104727 0.00103199 0.00101739 0.00100286 0.00098826 0.00097363 0.0009585 0.00094311 0.00092996 0.00091656 0.00090245 0.0008884 0.00087504 0.00086468 0.00085391 0.00084566 0.00083731 0.00082931 0.00082115 0.00081292 0.00080414 0.00079535 0.00078705 0.00077811 0.0007698 0.00076049 0.0007517 0.00074313 0.00073455 0.00072527 0.00071717 0.00070807 0.0006994 0.00068951 0.00068117 0.00067237 0.00066246 0.00065412
0.00666641 0.00664103 0.0066158 0.00658622 0.0065495 0.00650243 0.00644353 0.00637073 0.00628288 0.00617974 0.00606227 0.005932 0.00579477 0.0056392 0.00548062 0.00532259 0.00514016 0.00495238 0.00477852 0.00461702 0.00446321 0.00432705 0.0042295 0.00411498 0.00403783 0.00398174 0.00393758 0.0041287 0.00385628 0.00381376 0.00377081 0.00372194 0.00366709 0.00360579 0.003538 0.00345801 0.00337026 0.00327041 0.00316654 0.00306214 0.0029591 0.00285588 0.00275839 0.00266883 0.00259063 0.0025217 0.00245785 0.00239448 0.00233613 0.00227903 0.00222523 0.00217861 0.00213907 0.0021074 0.00208253 0.00206353 0.0020477 0.00203366 0.00202128 0.00200993 0.00200105 0.00199543 0.00199403 0.00199568 0.00200079 0.0020076 0.00201319 0.00201629 0.00201421 0.00200463 0.00198354 0.00196445 0.00193199 0.00189208 0.00186175 0.00183194 0.00179998 0.0017733 0.00174659 0.00172335 0.00169936 0.00167826 0.0016589 0.00163835 0.00161885 0.00159916 0.00157933 0.00156079 0.00154274 0.00152309 0.00150475 0.00148685 0.00146836 0.00145052 0.00143086 0.00141452 0.00139543 0.0013785 0.00135947 0.00134067 0.00132309 0.00130562 0.0012901 0.00127313 0.00125509 0.00123726 0.00121913 0.00120111 0.0011851 0.00116879 0.00115342 0.00113646 0.0011218 0.00110753 0.00109138 0.00107596 0.00106059 0.00104514 0.00102967 0.00101366 0.00099738 0.00098344 0.00096923 0.00095429 0.00093939 0.00092521 0.00091419 0.00090273 0.00089398 0.00088515 0.00087666 0.000868 0.0008593 0.00085 0.00084068 0.00083186 0.00082237 0.00081355 0.00080367 0.00079434 0.00078524 0.00077611 0.00076628 0.00075765 0.000748 0.00073879 0.00072827 0.00071938 0.00071003 0.0006995 0.00069063
0.00697614 0.0069492 0.00692244 0.00689134 0.0068525 0.00680272 0.00674017 0.00666282 0.00656933 0.00645974 0.00633519 0.00619692 0.00605179 0.00588825 0.00572147 0.00555572 0.00536473 0.00516801 0.00498582 0.00481688 0.00465671 0.00451455 0.00441107 0.00429258 0.00420956 0.00414746 0.00410118 0.00429998 0.0040176 0.00397388 0.00392846 0.00387718 0.00381957 0.00375554 0.00368499 0.00360106 0.00350946 0.00340503 0.00329663 0.00318785 0.00308028 0.00297183 0.00286858 0.00277355 0.00269042 0.00261735 0.00255051 0.00248434 0.00242353 0.00236511 0.0023083 0.0022595 0.00221894 0.00218586 0.00215968 0.00213916 0.00212276 0.00210762 0.00209416 0.00208244 0.00207286 0.00206649 0.00206534 0.00206823 0.00207372 0.00208075 0.00208673 0.00208943 0.00208648 0.00207639 0.00205417 0.00203377 0.00199981 0.00196012 0.00193063 0.00190063 0.00186829 0.00184136 0.00181377 0.00178883 0.00176331 0.00174009 0.0017192 0.00169819 0.00167845 0.00165859 0.00163857 0.00161976 0.00160094 0.00158047 0.00156147 0.00154398 0.00152517 0.00150665 0.00148683 0.00146991 0.00145013 0.00143257 0.00141286 0.00139338 0.00137515 0.00135705 0.00134095 0.00132332 0.00130461 0.00128613 0.00126732 0.00124865 0.00123204 0.00121514 0.00119917 0.00118152 0.00116628 0.00115144 0.00113462 0.00111858 0.00110259 0.00108649 0.00107036 0.00105371 0.00103675 0.00102222 0.00100739 0.00099179 0.00097627 0.00096146 0.00094995 0.00093794 0.0009288 0.00091961 0.00091077 0.00090172 0.00089265 0.00088299 0.00087327 0.00086406 0.00085416 0.00084494 0.00083464 0.00082489 0.0008154 0.00080586 0.00079559 0.00078659 0.00077649 0.00076688 0.00075591 0.00074659 0.0007368 0.00072581 0.00071655
0.00719881 0.00717127 0.00714346 0.00711116 0.00707115 0.00701953 0.00695436 0.00687392 0.00677672 0.0066625 0.00653277 0.00638896 0.00623815 0.00606867 0.00589593 0.00572411 0.00552666 0.00532365 0.00513545 0.00496091 0.00479598 0.00465018 0.00454313 0.00442197 0.00433664 0.00426957 0.00421862 0.00442299 0.00413213 0.00408728 0.00404071 0.00398711 0.00392743 0.00386093 0.00378803 0.00370163 0.00360656 0.00349863 0.00338672 0.00327463 0.00316422 0.00305279 0.00294538 0.00284609 0.00275895 0.00268237 0.00261238 0.00254383 0.00248105 0.00242071 0.00236347 0.00231276 0.00227087 0.00223759 0.00221078 0.00218943 0.00217191 0.00215673 0.00214244 0.00212986 0.00212014 0.00211332 0.00211128 0.00211465 0.0021215 0.00212887 0.00213495 0.00213795 0.00213431 0.00212301 0.00209999 0.00208053 0.00204341 0.00200228 0.00197425 0.00194555 0.00191336 0.00188675 0.00185926 0.00183387 0.001807 0.00178256 0.00175978 0.00173741 0.00171737 0.00169746 0.00167734 0.00165859 0.00163966 0.00161859 0.00159899 0.00158106 0.0015628 0.00154422 0.00152391 0.00150712 0.00148693 0.00146899 0.0014488 0.0014289 0.00141026 0.00139175 0.00137528 0.00135725 0.00133811 0.0013192 0.00129997 0.00128084 0.00126383 0.00124655 0.0012302 0.00121212 0.00119645 0.00118124 0.00116399 0.00114751 0.00113109 0.00111457 0.001098 0.00108088 0.00106349 0.00104855 0.00103329 0.00101725 0.00100129 0.00098606 0.00097423 0.00096184 0.00095245 0.00094301 0.00093393 0.00092467 0.00091534 0.00090542 0.00089547 0.000886 0.00087583 0.00086636 0.00085576 0.00084574 0.00083598 0.00082618 0.00081562 0.00080634 0.00079598 0.00078607 0.0007748 0.00076522 0.00075513 0.00074383 0.0007343
0.00734181 0.00731383 0.00728589 0.00725291 0.00721205 0.00715965 0.00709327 0.00701118 0.00691213 0.00679569 0.00666307 0.00651605 0.00636255 0.00618913 0.00601262 0.0058371 0.00563497 0.00542765 0.00523574 0.00505754 0.00488856 0.00474076 0.00463278 0.00451028 0.004424 0.00435472 0.00430036 0.00450809 0.00420983 0.0041635 0.00411492 0.00406073 0.00399903 0.00393078 0.00385572 0.00376725 0.00367027 0.00355938 0.00344488 0.00333054 0.00321796 0.00310494 0.00299572 0.00289383 0.00280386 0.00272467 0.00265227 0.0025809 0.00251644 0.00245476 0.00239627 0.00234585 0.0023028 0.00226886 0.00224244 0.00222073 0.00220276 0.00218708 0.00217295 0.00215978 0.00214942 0.00214261 0.00214024 0.00214278 0.00215012 0.00215884 0.00216518 0.00216809 0.00216447 0.00215235 0.002128 0.00211244 0.00207017 0.00202756 0.00199906 0.00197201 0.00194128 0.00191531 0.00188835 0.00186334 0.00183632 0.00181084 0.00178708 0.00176305 0.00174179 0.0017217 0.00170155 0.00168286 0.00166407 0.001643 0.00162298 0.00160463 0.00158602 0.00156814 0.00154789 0.00153079 0.00151088 0.00149277 0.00147233 0.00145216 0.00143331 0.00141457 0.00139787 0.00137965 0.00136027 0.00134112 0.00132163 0.00130225 0.00128497 0.00126746 0.00125089 0.00123257 0.00121666 0.00120118 0.00118368 0.00116694 0.00115024 0.00113345 0.00111661 0.00109921 0.00108153 0.00106634 0.00105081 0.0010345 0.00101826 0.00100275 0.00099075 0.00097813 0.00096859 0.00095901 0.0009498 0.00094039 0.00093095 0.00092088 0.00091076 0.00090116 0.00089084 0.00088122 0.00087046 0.00086026 0.00085034 0.00084037 0.00082965 0.00082021 0.00080966 0.0007996 0.00078813 0.00077839 0.00076814 0.00075665 0.00074695
0.00743216 0.00740384 0.00737571 0.00734279 0.0073015 0.00724848 0.00718204 0.00709964 0.00699997 0.00688288 0.00674944 0.00660112 0.00644679 0.00627135 0.00609257 0.00591494 0.00570989 0.00549945 0.00530498 0.00512459 0.00495223 0.00480196 0.00469423 0.00457164 0.00448538 0.00441475 0.00435878 0.00457055 0.00426406 0.00421754 0.00416637 0.00411071 0.00404853 0.00397859 0.0039021 0.00381177 0.00371301 0.00360042 0.00348375 0.00336763 0.00325363 0.0031393 0.00302959 0.00292681 0.0028355 0.00275445 0.00268024 0.00260682 0.00254017 0.00247739 0.00241805 0.00236686 0.00232442 0.00228972 0.0022629 0.00224187 0.0022237 0.00220792 0.00219347 0.00218054 0.00216978 0.00216258 0.00216033 0.0021626 0.00216919 0.00217836 0.00218585 0.00218867 0.00218484 0.00217263 0.00214742 0.00213727 0.00208796 0.00204459 0.00201545 0.00198806 0.00195889 0.00193457 0.00190832 0.00188394 0.00185747 0.001832 0.00180741 0.00178258 0.00175984 0.00173869 0.00171832 0.00169968 0.00168096 0.00166008 0.00164016 0.00162149 0.00160251 0.00158438 0.00156485 0.00154789 0.0015278 0.00151006 0.00148954 0.00146924 0.00145025 0.00143142 0.00141459 0.00139626 0.00137678 0.00135751 0.00133787 0.00131833 0.00130089 0.00128324 0.00126653 0.00124808 0.00123204 0.00121641 0.00119871 0.00118183 0.00116497 0.00114798 0.00113096 0.0011134 0.00109554 0.00108018 0.00106449 0.001048 0.00103157 0.00101589 0.00100378 0.00099105 0.00098144 0.00097177 0.00096249 0.000953 0.00094349 0.00093336 0.00092314 0.00091344 0.00090305 0.00089336 0.0008825 0.0008722 0.00086218 0.00085211 0.00084128 0.00083176 0.00082109 0.00081092 0.00079935 0.00078949 0.00077914 0.00076756 0.00075775
0.0075067 0.00747831 0.00744994 0.00741682 0.0073755 0.00732203 0.00725555 0.00717342 0.00707381 0.00695654 0.00682292 0.00667431 0.00651984 0.00634271 0.00616233 0.00598296 0.00577554 0.00556267 0.00536592 0.00518344 0.00500833 0.0048554 0.00474685 0.00462426 0.00453905 0.00446774 0.00441079 0.00462745 0.00431319 0.00426571 0.0042135 0.00415587 0.0040923 0.00402189 0.00394383 0.00385199 0.0037514 0.00363709 0.00351893 0.00340091 0.0032855 0.00316994 0.00305963 0.00295665 0.00286488 0.00278292 0.0027073 0.00263225 0.00256398 0.0024993 0.0024391 0.00238721 0.00234407 0.00230991 0.00228251 0.00226128 0.00224376 0.00222783 0.00221332 0.00220014 0.00218962 0.00218216 0.00217985 0.00218237 0.00218875 0.00219719 0.002205 0.00220837 0.00220434 0.00219185 0.00216644 0.00216335 0.00210521 0.00206101 0.00203199 0.00200415 0.00197479 0.0019521 0.00192737 0.0019037 0.00187791 0.00185301 0.0018285 0.00180299 0.00177958 0.00175715 0.00173575 0.00171698 0.0016983 0.00167751 0.0016578 0.00163926 0.00161999 0.00160158 0.00158185 0.00156556 0.00154566 0.0015278 0.00150766 0.00148734 0.00146828 0.00144936 0.00143246 0.00141406 0.0013945 0.00137517 0.00135544 0.00133577 0.0013182 0.00130044 0.0012836 0.00126504 0.00124888 0.00123316 0.00121534 0.0011983 0.00118131 0.00116418 0.00114698 0.00112927 0.00111127 0.00109576 0.00107991 0.00106329 0.00104671 0.00103086 0.00101859 0.00100568 0.00099594 0.00098612 0.00097668 0.00096703 0.00095737 0.00094708 0.00093673 0.00092685 0.0009163 0.00090648 0.00089547 0.00088501 0.00087484 0.0008646 0.00085361 0.00084394 0.00083312 0.00082279 0.00081105 0.00080107 0.00079056 0.00077884 0.00076889
0.00760589 0.00757717 0.00754854 0.00751499 0.00747316 0.00741918 0.00735233 0.00726981 0.00716984 0.00705195 0.00691743 0.00676783 0.00661241 0.00643266 0.00624964 0.00606773 0.0058573 0.0056413 0.00544179 0.00525666 0.00507857 0.0049227 0.00481247 0.00468784 0.00460343 0.0045321 0.00447456 0.00469651 0.00437462 0.00432585 0.00427264 0.00421395 0.00414842 0.00407651 0.00399759 0.00390377 0.00380136 0.00368495 0.00356472 0.00344495 0.00332738 0.00321007 0.00309856 0.0029948 0.00290257 0.00282009 0.00274341 0.00266684 0.00259694 0.00253069 0.00246872 0.00241581 0.00237184 0.00233694 0.00230991 0.00228805 0.00227043 0.00225478 0.00224008 0.00222681 0.00221606 0.00220896 0.00220667 0.00220919 0.00221585 0.00222416 0.00223133 0.00223461 0.00223099 0.0022182 0.00219233 0.00219727 0.00212993 0.0020843 0.00205516 0.00202738 0.00199757 0.00197474 0.00195137 0.001929 0.00190383 0.00187948 0.00185541 0.00182992 0.00180584 0.00178278 0.00176008 0.00174037 0.0017215 0.00170071 0.00168106 0.00166269 0.00164345 0.00162478 0.00160472 0.00158819 0.0015689 0.00155119 0.00153088 0.00151087 0.00149175 0.00147272 0.00145566 0.00143717 0.00141749 0.00139803 0.00137818 0.00135836 0.00134061 0.00132271 0.0013057 0.00128696 0.00127064 0.00125479 0.00123681 0.0012196 0.00120241 0.00118509 0.0011677 0.00114978 0.00113159 0.00111589 0.00109986 0.00108303 0.00106627 0.00105023 0.00103776 0.00102464 0.00101472 0.00100473 0.00099511 0.00098527 0.00097542 0.00096494 0.0009544 0.00094434 0.00093358 0.00092357 0.00091238 0.00090173 0.00089137 0.00088094 0.00086976 0.0008599 0.00084887 0.00083837 0.00082643 0.00081624 0.00080556 0.00079364 0.00078352
0.00775111 0.00772172 0.00769251 0.00765831 0.00761561 0.00756052 0.00749271 0.00740895 0.00730742 0.0071878 0.00705117 0.00689909 0.00674084 0.0065569 0.00636953 0.00618338 0.00596876 0.00574846 0.00554502 0.00535633 0.00517469 0.00501527 0.00490269 0.00477467 0.00468897 0.00461781 0.00455986 0.00478728 0.00445779 0.00440757 0.00435316 0.00429307 0.00422615 0.00415205 0.00407126 0.00397586 0.00387091 0.00375206 0.00362915 0.00350676 0.00338689 0.00326688 0.00315344 0.00304802 0.00295458 0.00287125 0.0027936 0.00271559 0.0026439 0.00257593 0.0025123 0.00245753 0.00241242 0.00237655 0.00234879 0.00232718 0.0023089 0.00229299 0.00227842 0.00226489 0.002254 0.00224677 0.00224479 0.00224745 0.00225421 0.00226283 0.00226987 0.00227265 0.00226889 0.00225628 0.00222973 0.00224902 0.00216603 0.00211901 0.00208923 0.00206131 0.00203144 0.00200825 0.00198465 0.00196343 0.00193935 0.00191543 0.00189173 0.00186651 0.00184232 0.00181856 0.00179509 0.00177415 0.00175433 0.0017333 0.00171361 0.00169523 0.00167605 0.00165738 0.00163696 0.00162006 0.00160049 0.0015833 0.00156301 0.00154277 0.00152386 0.00150468 0.00148742 0.0014687 0.00144882 0.00142914 0.00140905 0.00138901 0.00137103 0.00135289 0.00133564 0.00131664 0.00130006 0.00128399 0.00126577 0.00124834 0.00123089 0.00121328 0.00119561 0.00117741 0.00115893 0.00114296 0.00112667 0.00110955 0.00109251 0.00107621 0.00106348 0.00105006 0.00103991 0.00102968 0.00101984 0.00100976 0.00099966 0.00098892 0.00097812 0.00096782 0.00095681 0.00094654 0.00093508 0.00092419 0.00091358 0.0009029 0.00089145 0.00088135 0.00087005 0.00085928 0.00084707 0.00083664 0.0008257 0.00081352 0.00080314
0.00795066 0.0079204 0.00789033 0.00785517 0.00781126 0.00775458 0.00768494 0.00759901 0.00749475 0.0073719 0.0072317 0.00707553 0.00691221 0.00672205 0.00652839 0.00633601 0.00611569 0.00588977 0.00568111 0.00548771 0.00530168 0.00513849 0.00502315 0.00489096 0.00480299 0.00473074 0.00467273 0.00490565 0.00456834 0.00451674 0.00446064 0.00439886 0.00433009 0.004254 0.00417058 0.00407256 0.00396524 0.00384299 0.00371684 0.00359109 0.00346797 0.00334493 0.00322846 0.00312056 0.00302505 0.00294011 0.00286107 0.00278157 0.00270807 0.00263795 0.0025723 0.00251568 0.00246871 0.0024316 0.00240297 0.00238072 0.00236257 0.00234593 0.00233104 0.00231752 0.00230633 0.00229899 0.00229692 0.00229998 0.00230694 0.00231575 0.0023231 0.00232577 0.00232143 0.00230847 0.0022816 0.00232616 0.00221598 0.00216775 0.00213744 0.00210883 0.00207869 0.00205551 0.00203144 0.00200994 0.00198686 0.00196382 0.00194035 0.00191528 0.00189118 0.00186718 0.00184278 0.00182104 0.00179992 0.00177787 0.00175792 0.00173945 0.00172015 0.00170149 0.00168094 0.00166362 0.0016436 0.00162607 0.00160615 0.00158583 0.00156659 0.00154749 0.00152995 0.00151092 0.00149068 0.00147068 0.00145024 0.00142984 0.00141152 0.00139305 0.00137547 0.00135608 0.00133915 0.00132275 0.00130417 0.0012864 0.00126861 0.00125061 0.00123252 0.00121395 0.00119507 0.00117872 0.00116205 0.00114455 0.00112713 0.00111044 0.00109737 0.00108356 0.00107309 0.00106254 0.00105239 0.00104201 0.0010316 0.00102052 0.00100938 0.00099873 0.00098737 0.0009768 0.00096498 0.00095374 0.00094281 0.0009318 0.00091999 0.00090957 0.00089791 0.0008868 0.00087421 0.00086346 0.00085217 0.00083962 0.00082893
0.00819532 0.00816415 0.00813313 0.00809683 0.0080515 0.00799296 0.00792087 0.00783194 0.00772413 0.00759698 0.00745188 0.00729041 0.0071204 0.00692241 0.00672091 0.00652078 0.0062936 0.0060611 0.00584631 0.00564735 0.00545613 0.00528857 0.00517042 0.00503349 0.00494248 0.00486855 0.00480968 0.00504878 0.00470361 0.00465044 0.00459257 0.00452858 0.00445761 0.00437911 0.0042932 0.00419184 0.00408138 0.00395589 0.00382561 0.00369607 0.00356914 0.00344235 0.00332257 0.00321141 0.00311329 0.00302613 0.00294522 0.00286403 0.00278877 0.00271644 0.00264832 0.00258961 0.00254081 0.00250198 0.00247221 0.00244921 0.00243057 0.00241389 0.00239825 0.00238439 0.0023732 0.00236571 0.00236364 0.00236675 0.00237423 0.00238329 0.00239085 0.00239361 0.00238899 0.00237521 0.00234763 0.00242568 0.00228019 0.00223049 0.00219985 0.00217061 0.00213966 0.00211633 0.00209213 0.00207013 0.00204672 0.00202455 0.00200181 0.00197678 0.00195267 0.00192862 0.00190368 0.00188094 0.00185887 0.00183541 0.00181441 0.00179565 0.00177615 0.00175734 0.00173667 0.00171917 0.00169861 0.00168059 0.00166019 0.00164015 0.00162074 0.00160119 0.00158362 0.0015642 0.0015435 0.00152301 0.00150212 0.00148122 0.00146245 0.00144357 0.00142555 0.00140567 0.00138827 0.00137145 0.00135238 0.00133415 0.0013159 0.00129744 0.00127885 0.00125975 0.00124036 0.00122354 0.00120637 0.00118837 0.00117046 0.00115328 0.00113976 0.00112548 0.00111462 0.00110367 0.00109314 0.00108236 0.00107157 0.00106007 0.0010485 0.00103744 0.00102564 0.00101467 0.00100242 0.00099073 0.00097939 0.00096797 0.00095573 0.0009449 0.0009328 0.00092126 0.00090819 0.00089702 0.00088531 0.0008723 0.00086118
0.00846319 0.00843124 0.00839945 0.00836206 0.0083153 0.00825488 0.00818026 0.00808805 0.00797632 0.00784467 0.00769424 0.00752688 0.00734972 0.00714336 0.00693335 0.00672489 0.00649054 0.0062513 0.00603018 0.00582539 0.00562873 0.0054565 0.00533587 0.00519495 0.00510026 0.00502403 0.00496424 0.00520904 0.00485722 0.00480237 0.00474261 0.0046765 0.00460285 0.00452177 0.00443308 0.00432866 0.00421443 0.00408513 0.00395129 0.00381738 0.00368649 0.00355569 0.00343215 0.00331782 0.00321663 0.00312703 0.00304399 0.0029608 0.00288388 0.00280959 0.00273906 0.002678 0.0026272 0.00258675 0.00255553 0.00253158 0.00251229 0.00249515 0.00247947 0.00246488 0.00245341 0.00244608 0.00244403 0.00244728 0.00245499 0.00246464 0.00247241 0.00247518 0.00247042 0.00245602 0.00242727 0.00254303 0.00235808 0.00230679 0.00227578 0.00224626 0.00221469 0.00219077 0.00216637 0.00214426 0.00212034 0.00209784 0.00207597 0.00205158 0.00202744 0.00200334 0.00197811 0.00195481 0.00193162 0.00190709 0.00188465 0.00186486 0.001845 0.00182603 0.00180513 0.00178752 0.00176668 0.00174814 0.00172711 0.00170656 0.00168739 0.00166759 0.00164951 0.00162997 0.00160877 0.00158774 0.00156624 0.00154479 0.00152546 0.00150607 0.00148755 0.0014671 0.00144914 0.00143182 0.00141218 0.00139338 0.00137457 0.00135555 0.00133637 0.00131667 0.00129665 0.00127927 0.00126152 0.00124288 0.00122439 0.00120662 0.0011925 0.0011776 0.00116617 0.00115464 0.00114354 0.0011322 0.00112084 0.00110876 0.00109661 0.00108495 0.00107254 0.00106099 0.00104814 0.00103587 0.00102394 0.00101193 0.00099911 0.00098775 0.00097504 0.00096293 0.00094923 0.00093751 0.00092522 0.00091159 0.00089991
0.00873537 0.00870268 0.00867032 0.00863226 0.00858428 0.00852217 0.00844528 0.00835012 0.00823462 0.00809862 0.00794339 0.00777036 0.00758621 0.007372 0.00715379 0.00693719 0.00669605 0.00645055 0.00622368 0.00601335 0.00581128 0.00563439 0.00551124 0.00536733 0.00527031 0.00519055 0.0051294 0.00538012 0.0050215 0.00496633 0.00490459 0.00483649 0.00476039 0.00467639 0.00458495 0.00447736 0.00435982 0.00422623 0.00408864 0.00395124 0.00381606 0.00368136 0.00355405 0.00343633 0.0033324 0.00324013 0.00315497 0.00306973 0.00299107 0.00291523 0.00284274 0.00277947 0.00272655 0.00268437 0.00265184 0.00262666 0.00260658 0.00258888 0.0025728 0.00255827 0.00254614 0.00253863 0.00253696 0.0025404 0.00254838 0.00255837 0.00256668 0.0025694 0.00256439 0.00254959 0.00251985 0.00267414 0.00244833 0.00239593 0.00236433 0.00233433 0.00230235 0.00227791 0.00225276 0.00223043 0.00220638 0.0021833 0.00216105 0.00213747 0.00211396 0.00208979 0.00206423 0.00204063 0.00201671 0.00199084 0.00196726 0.00194596 0.00192491 0.0019056 0.00188441 0.00186658 0.00184551 0.00182671 0.00180498 0.00178375 0.00176401 0.00174437 0.00172598 0.00170582 0.00168442 0.00166278 0.00164061 0.00161845 0.00159849 0.0015785 0.0015594 0.0015383 0.00151971 0.00150181 0.00148149 0.00146205 0.00144258 0.0014229 0.00140305 0.00138268 0.00136196 0.00134389 0.00132548 0.00130615 0.00128697 0.00126852 0.00125373 0.0012381 0.00122603 0.00121385 0.00120212 0.00119013 0.00117812 0.00116537 0.00115256 0.00114026 0.00112715 0.00111495 0.0011014 0.00108846 0.00107588 0.00106321 0.00104971 0.00103774 0.00102436 0.00101159 0.00099718 0.00098483 0.00097188 0.00095754 0.00094524
0.00899619 0.00896304 0.00893011 0.0088916 0.00884307 0.00877965 0.00870094 0.0086035 0.00848509 0.00834534 0.00818596 0.00800853 0.00781845 0.00759723 0.00737207 0.00714832 0.00690129 0.00665067 0.00641887 0.00620415 0.00599717 0.00581557 0.00568976 0.0055426 0.00544499 0.00536311 0.00529891 0.00555525 0.00519069 0.00513491 0.00507266 0.00500271 0.00492457 0.00483803 0.00474358 0.00463308 0.00451238 0.00437535 0.00423357 0.00409275 0.00395464 0.00381594 0.00368503 0.00356416 0.00345752 0.00336304 0.00327565 0.00318862 0.00310834 0.00303098 0.00295716 0.00289231 0.00283757 0.00279363 0.00275956 0.00273331 0.00271226 0.002694 0.00267745 0.0026626 0.00265068 0.00264262 0.00264078 0.00264489 0.0026532 0.00266352 0.00267202 0.00267514 0.00266984 0.00265457 0.00262411 0.00281949 0.00255013 0.0024965 0.00246475 0.00243406 0.00240146 0.00237677 0.00235091 0.00232781 0.00230351 0.00228026 0.00225737 0.0022333 0.00221068 0.0021872 0.00216133 0.00213743 0.00211307 0.00208629 0.00206128 0.00203878 0.002016 0.00199549 0.00197382 0.00195574 0.00193434 0.00191536 0.00189319 0.00187121 0.00185074 0.00183044 0.00181223 0.00179167 0.00176957 0.00174765 0.00172477 0.00170182 0.00168111 0.00166047 0.0016407 0.00161886 0.00159959 0.00158106 0.00155999 0.00153983 0.00151963 0.0014992 0.00147859 0.00145748 0.001436 0.0014172 0.00139803 0.00137792 0.001358 0.00133879 0.00132324 0.00130684 0.00129404 0.00128114 0.00126872 0.00125601 0.00124328 0.00122978 0.00121624 0.00120323 0.00118936 0.00117643 0.00116212 0.00114841 0.00113511 0.00112172 0.00110746 0.00109481 0.00108069 0.0010672 0.00105201 0.00103896 0.00102527 0.00101015 0.00099714
0.00924408 0.0092109 0.00917769 0.0091386 0.00908969 0.00902582 0.00894584 0.00884666 0.00872615 0.00858373 0.00842085 0.00823969 0.00804539 0.00781819 0.00758698 0.0073574 0.00710552 0.00685092 0.00661509 0.00639655 0.00618602 0.00600028 0.00587141 0.00572047 0.00562189 0.00554022 0.00547427 0.00573401 0.00536377 0.00530877 0.0052448 0.00517494 0.00509505 0.00500645 0.00490932 0.00479561 0.00467195 0.00453181 0.00438666 0.00424186 0.00410083 0.00395981 0.00382504 0.00370106 0.00359193 0.00349526 0.00340605 0.00331701 0.00323537 0.00315671 0.00308165 0.00301591 0.00296001 0.00291452 0.00287895 0.00285135 0.00282944 0.00281046 0.00279341 0.00277813 0.00276601 0.00275844 0.00275594 0.00275998 0.00276916 0.00277987 0.00278868 0.00279192 0.00278682 0.00277094 0.00273977 0.00298244 0.00266384 0.00260863 0.0025764 0.00254552 0.00251207 0.00248694 0.00246068 0.00243685 0.0024117 0.00238817 0.00236509 0.00234026 0.00231716 0.00229468 0.00226934 0.00224519 0.00222042 0.00219304 0.00216708 0.00214309 0.0021189 0.0020966 0.00207353 0.00205502 0.00203327 0.00201402 0.00199151 0.00196908 0.00194781 0.00192669 0.0019078 0.00188737 0.00186482 0.0018421 0.00181886 0.0017951 0.00177359 0.00175217 0.00173169 0.00170904 0.001689 0.0016698 0.00164793 0.00162698 0.00160597 0.00158474 0.00156327 0.00154134 0.00151903 0.00149946 0.00147949 0.00145851 0.00143779 0.00141776 0.00140137 0.00138411 0.00137053 0.00135683 0.00134363 0.00133015 0.00131663 0.0013023 0.00128797 0.00127417 0.00125946 0.00124576 0.0012306 0.00121606 0.00120195 0.00118776 0.0011727 0.00115928 0.00114432 0.00113007 0.00111402 0.00110021 0.00108572 0.00106973 0.00105594
0.00949022 0.00945699 0.00942396 0.00938462 0.00933501 0.00927071 0.00919042 0.00908989 0.00896753 0.00882297 0.00865741 0.00847268 0.00827446 0.00804265 0.00780596 0.00757094 0.0073151 0.00705719 0.00681824 0.00659614 0.00638162 0.00619333 0.00606145 0.00590563 0.00580477 0.00572274 0.00565758 0.00592154 0.00554304 0.00548933 0.00542532 0.00535392 0.00527436 0.00518393 0.00508478 0.0049682 0.00484092 0.00469779 0.00454953 0.00440146 0.00425662 0.00411302 0.00397631 0.00384862 0.00373678 0.00363799 0.00354691 0.00345621 0.0033728 0.0032931 0.00321698 0.00315029 0.00309399 0.0030476 0.00301076 0.0029818 0.00295862 0.00293887 0.00292122 0.00290543 0.00289297 0.00288546 0.00288346 0.00288685 0.00289608 0.00290779 0.00291701 0.00292048 0.00291529 0.00289932 0.00286733 0.00316361 0.00278975 0.00273325 0.0026999 0.00266846 0.00263474 0.00260896 0.00258208 0.00255787 0.00253193 0.00250747 0.00248409 0.00245899 0.0024351 0.00241218 0.00238773 0.00236428 0.00233916 0.00231122 0.00228465 0.00225969 0.00223375 0.00221003 0.00218492 0.002165 0.0021427 0.0021232 0.00210024 0.00207748 0.00205576 0.00203375 0.00201403 0.00199284 0.00197042 0.00194718 0.00192302 0.00189883 0.00187649 0.00185425 0.00183295 0.00180942 0.00178854 0.0017686 0.00174589 0.0017241 0.00170222 0.0016801 0.00165772 0.00163488 0.00161167 0.00159126 0.00157045 0.00154855 0.00152693 0.00150603 0.00148874 0.00147053 0.00145608 0.00144151 0.00142747 0.00141312 0.00139876 0.00138353 0.00136831 0.00135364 0.00133801 0.00132346 0.00130739 0.00129194 0.00127694 0.00126187 0.00124591 0.00123169 0.0012158 0.00120067 0.0011837 0.00116906 0.00115368 0.00113676 0.0011221
0.00975103 0.00971704 0.00968405 0.00964492 0.0095949 0.00952958 0.00944868 0.00934765 0.00922347 0.00907652 0.00890829 0.0087203 0.0085177 0.00828102 0.00803962 0.00779906 0.00753896 0.00727806 0.00703615 0.00681125 0.0065923 0.00639992 0.00626719 0.00610662 0.0060016 0.00591716 0.00585229 0.00612301 0.00573677 0.00568124 0.00561858 0.00554711 0.00546561 0.0053756 0.00527441 0.00515554 0.00502525 0.00487779 0.00472625 0.00457491 0.00442665 0.00427947 0.0041402 0.00401087 0.00389537 0.00379389 0.00370093 0.00360839 0.00352343 0.00344192 0.00336482 0.00329739 0.00324049 0.00319399 0.00315645 0.00312623 0.00310172 0.00308076 0.00306234 0.00304595 0.00303305 0.00302538 0.00302335 0.00302759 0.00303617 0.00304796 0.00305817 0.00306203 0.0030569 0.00304058 0.0030083 0.0033647 0.00292876 0.00287131 0.00283712 0.00280453 0.00277024 0.00274453 0.00271685 0.00269207 0.00266576 0.00264047 0.00261611 0.00259066 0.00256659 0.00254293 0.0025178 0.00249553 0.00247115 0.00244275 0.00241567 0.00239016 0.00236304 0.00233756 0.00231079 0.00228882 0.00226494 0.00224502 0.00222165 0.0021985 0.00217649 0.00215398 0.00213339 0.00211129 0.00208808 0.00206495 0.0020402 0.00201501 0.00199226 0.0019692 0.00194703 0.00192252 0.00190074 0.00188001 0.00185637 0.0018337 0.0018109 0.00178784 0.00176446 0.00174066 0.00171645 0.00169512 0.0016734 0.00165053 0.00162799 0.00160609 0.00158781 0.00156855 0.00155305 0.00153742 0.00152238 0.00150699 0.0014916 0.0014753 0.00145905 0.00144334 0.00142662 0.00141105 0.00139392 0.0013774 0.00136136 0.00134525 0.00132824 0.00131305 0.00129611 0.00127995 0.00126188 0.00124629 0.0012299 0.00121188 0.00119623
0.01004496 0.01001028 0.00997633 0.00993713 0.00988716 0.009821 0.00973842 0.00963607 0.00951063 0.00936072 0.00918885 0.0089969 0.00878955 0.00854699 0.00829983 0.00805386 0.00778877 0.00752368 0.00727873 0.00705077 0.00682846 0.00663074 0.00649461 0.00633228 0.00622286 0.00613324 0.00606597 0.00634314 0.00595177 0.00589461 0.00582998 0.00575998 0.00567801 0.00558583 0.00548478 0.00536334 0.00523042 0.00507881 0.00492214 0.00476719 0.00461504 0.00446446 0.00432156 0.00418953 0.00407245 0.00396707 0.00387133 0.00377681 0.0036899 0.00360675 0.00352774 0.00345945 0.00340201 0.00335511 0.0033176 0.00328685 0.00326098 0.00323871 0.0032189 0.00320179 0.0031883 0.00318021 0.00317807 0.00318245 0.00319214 0.0032033 0.00321347 0.00321839 0.00321349 0.00319701 0.00316401 0.00358815 0.00308275 0.00302408 0.00298932 0.00295581 0.00292016 0.00289412 0.00286638 0.00284078 0.00281386 0.00278817 0.00276291 0.00273631 0.00271195 0.0026882 0.00266202 0.00263921 0.00261607 0.00258838 0.00256087 0.00253489 0.00250699 0.00248034 0.00245151 0.00242785 0.00240165 0.00238018 0.00235621 0.00233272 0.00231035 0.0022875 0.00226645 0.00224338 0.00221922 0.0021952 0.00217052 0.00214465 0.00212087 0.00209744 0.00207439 0.00204882 0.00202601 0.00200445 0.0019798 0.00195616 0.00193239 0.00190832 0.00188386 0.00185901 0.00183374 0.00181138 0.00178866 0.00176474 0.00174122 0.0017183 0.00169888 0.00167848 0.00166183 0.00164502 0.00162885 0.00161234 0.00159579 0.0015783 0.00156091 0.00154406 0.00152612 0.00150943 0.00149111 0.00147343 0.00145624 0.00143897 0.00142079 0.00140453 0.0013864 0.00136913 0.00134983 0.00133317 0.00131567 0.00129643 0.00127966
0.01037937 0.01034374 0.01030895 0.0102684 0.0102181 0.01015164 0.01006741 0.00996221 0.00983433 0.00968201 0.00950566 0.00930841 0.00909528 0.00884684 0.00859266 0.00833997 0.00807007 0.00779953 0.00755026 0.00731931 0.00709363 0.00689233 0.00675046 0.00658298 0.00647311 0.00637827 0.00630465 0.00658487 0.0061892 0.00613218 0.00606661 0.00599416 0.00591372 0.00582086 0.00571708 0.00559531 0.00545926 0.0053038 0.00514237 0.00498133 0.00482516 0.00466992 0.00452428 0.00438815 0.00426832 0.00416155 0.0040615 0.00396404 0.003875 0.00378972 0.00370906 0.00363886 0.00358067 0.00353344 0.00349572 0.0034653 0.00343887 0.00341503 0.00339377 0.00337513 0.0033609 0.00335211 0.00335011 0.00335437 0.00336437 0.00337691 0.00338641 0.00339104 0.00338712 0.00337061 0.00333716 0.00384121 0.00325409 0.00319379 0.00315827 0.0031241 0.00308734 0.00306008 0.00303182 0.00300625 0.00297844 0.00295208 0.0029264 0.00289872 0.00287318 0.00284924 0.00282269 0.00279896 0.00277519 0.00274879 0.00272218 0.00269583 0.00266723 0.00263988 0.00260957 0.00258378 0.00255563 0.0025318 0.00250599 0.00248196 0.00245929 0.00243605 0.00241473 0.00239115 0.00236595 0.00234085 0.00231517 0.00228935 0.00226489 0.00224044 0.002217 0.00219035 0.00216643 0.0021439 0.00211817 0.00209348 0.00206863 0.0020435 0.00201789 0.0019919 0.00196547 0.00194201 0.00191819 0.00189312 0.00186854 0.00184453 0.0018239 0.00180222 0.0017843 0.00176619 0.00174876 0.00173098 0.00171318 0.00169435 0.00167568 0.00165759 0.0016383 0.00162035 0.00160071 0.00158172 0.00156327 0.00154473 0.00152525 0.00150779 0.00148833 0.00146982 0.00144918 0.00143131 0.00141253 0.00139197 0.00137396
0.01075054 0.01071281 0.01067695 0.01063525 0.01058305 0.01051585 0.01043059 0.01032271 0.01019071 0.01003479 0.00985499 0.00965187 0.00943175 0.00917735 0.00891656 0.00865614 0.00838051 0.00810549 0.00785013 0.00761531 0.00738651 0.00718298 0.00703817 0.00686303 0.00674874 0.00665468 0.00657434 0.00685171 0.006449 0.0063937 0.00632927 0.0062548 0.00617171 0.00607996 0.0059753 0.00585011 0.00571406 0.00555409 0.00538793 0.00522135 0.00505871 0.00489906 0.00474933 0.00461039 0.00448631 0.00437682 0.00427557 0.00417333 0.00408111 0.00399356 0.00391065 0.00383902 0.00377893 0.0037312 0.00369352 0.00366302 0.00363724 0.00361241 0.00358939 0.00356913 0.00355324 0.00354362 0.00354175 0.00354624 0.00355626 0.00356914 0.00358043 0.00358403 0.00357951 0.0035638 0.00353002 0.00413109 0.00344454 0.00338324 0.00334668 0.00331154 0.00327395 0.00324579 0.00321596 0.00318991 0.0031622 0.00313485 0.00310844 0.00308021 0.00305357 0.00302845 0.00300142 0.00297754 0.0029527 0.00292552 0.00290052 0.00287531 0.00284611 0.00281815 0.00278688 0.0027596 0.00272898 0.00270318 0.00267459 0.00264867 0.00262552 0.00260197 0.00258033 0.00255644 0.0025307 0.00250444 0.00247754 0.00245061 0.00242629 0.00240122 0.00237669 0.00234948 0.00232442 0.00230086 0.00227389 0.00224808 0.00222207 0.00219576 0.00216894 0.00214174 0.00211405 0.00208939 0.00206438 0.00203804 0.00201232 0.00198713 0.00196521 0.00194215 0.00192279 0.00190326 0.00188444 0.00186523 0.00184603 0.00182574 0.00180565 0.00178615 0.00176538 0.00174604 0.00172493 0.00170448 0.00168463 0.00166469 0.00164377 0.00162498 0.00160405 0.00158414 0.001562 0.00154282 0.00152263 0.00150055 0.00148119
0.01114379 0.0111031 0.01106488 0.01102189 0.01096822 0.01089852 0.01081185 0.01070244 0.01056705 0.01040614 0.01022217 0.01001525 0.00978836 0.00952814 0.00926151 0.00899468 0.00871318 0.00843266 0.00817417 0.00793319 0.00769985 0.00749573 0.00735124 0.00717232 0.00705075 0.006953 0.00687385 0.00714752 0.00672961 0.00667368 0.00661332 0.0065384 0.00645309 0.0063583 0.00625516 0.0061294 0.00598972 0.00582873 0.00565774 0.00548625 0.005318 0.0051517 0.00499836 0.00485565 0.00472889 0.00461524 0.00451151 0.00440831 0.00431097 0.00422011 0.00413498 0.00406132 0.00400028 0.00395072 0.0039129 0.00388279 0.00385731 0.00383281 0.00380876 0.00378655 0.00376894 0.00375749 0.00375539 0.00376036 0.0037708 0.00378374 0.00379524 0.00380154 0.00379538 0.00377859 0.00374523 0.00445801 0.00365764 0.0035944 0.00355753 0.00352127 0.00348248 0.00345379 0.00342273 0.00339501 0.00336682 0.00333961 0.00331211 0.00328297 0.00325583 0.00322964 0.00320095 0.00317684 0.00315179 0.00312331 0.00309763 0.0030744 0.00304631 0.00301792 0.00298578 0.00295758 0.00292519 0.00289683 0.00286586 0.002837 0.00281187 0.00278781 0.00276594 0.0027417 0.00271567 0.00268877 0.00266056 0.00263227 0.00260685 0.00258207 0.0025569 0.00252837 0.00250274 0.00247814 0.00244987 0.00242277 0.00239552 0.00236795 0.00233978 0.00231132 0.00228231 0.00225635 0.00223005 0.00220235 0.00217538 0.00214892 0.00212558 0.00210107 0.00208015 0.00205899 0.00203865 0.00201788 0.0019971 0.00197518 0.00195354 0.00193249 0.00191005 0.0018892 0.00186647 0.00184439 0.00182297 0.00180149 0.00177899 0.00175875 0.00173619 0.00171473 0.00169092 0.00167027 0.00164854 0.00162477 0.00160386
0.01153263 0.01148956 0.01144818 0.01140256 0.01134746 0.01127611 0.0111864 0.01107561 0.01093902 0.010775 0.01058633 0.010376 0.01014613 0.00988199 0.00961082 0.0093396 0.00905495 0.00876938 0.00850776 0.00826478 0.00802396 0.00781777 0.00767712 0.0075002 0.00737606 0.0072732 0.00718921 0.00746998 0.0070344 0.00696671 0.00690995 0.00683812 0.00675214 0.00665564 0.00654997 0.00642648 0.00628653 0.00612129 0.00594991 0.00577387 0.00560124 0.00542986 0.00527068 0.00512467 0.00499501 0.00487933 0.00477149 0.00466633 0.00456863 0.00447242 0.0043841 0.00430845 0.00424602 0.0041958 0.00415658 0.0041266 0.00410195 0.00407752 0.00405406 0.00403084 0.00401117 0.00399771 0.00399426 0.00399914 0.00401028 0.00402372 0.00403518 0.00404256 0.00403921 0.00402017 0.00398501 0.00482275 0.0038962 0.00383145 0.00379334 0.00375673 0.00371658 0.00368694 0.00365503 0.003626 0.00359593 0.00356818 0.00354086 0.00351036 0.00348231 0.00345573 0.00342541 0.00339973 0.00337434 0.00334552 0.00331855 0.00329472 0.00326868 0.0032418 0.00320894 0.00317994 0.0031464 0.00311624 0.00308219 0.00305081 0.00302251 0.00299623 0.00297389 0.0029494 0.00292303 0.00289574 0.00286679 0.00283702 0.00281021 0.00278438 0.00275959 0.0027302 0.00270316 0.00267821 0.00264859 0.00262012 0.00259146 0.00256255 0.00253294 0.00250309 0.00247269 0.00244535 0.00241766 0.0023885 0.00236021 0.00233235 0.0023075 0.00228143 0.00225881 0.00223586 0.00221376 0.00219127 0.00216874 0.00214497 0.00212158 0.00209883 0.00207454 0.00205197 0.00202747 0.0020036 0.00198043 0.00195721 0.00193297 0.00191114 0.00188678 0.00186361 0.00183795 0.00181568 0.00179223 0.00176663 0.00174397
0.01190096 0.01185519 0.01181151 0.01176251 0.01170461 0.01163189 0.01154064 0.01142708 0.01129001 0.01112607 0.01093566 0.01072209 0.0104905 0.01022744 0.00995444 0.00968082 0.00939578 0.00910818 0.00884372 0.00860038 0.00835746 0.00814419 0.00800535 0.00783513 0.00771656 0.00761435 0.00752614 0.00780711 0.00736585 0.00728225 0.00721634 0.00714815 0.00706607 0.00696872 0.00686181 0.006736 0.00659968 0.0064349 0.00625911 0.00608426 0.0059079 0.00573391 0.00556991 0.0054181 0.00528636 0.00516887 0.00505937 0.00495063 0.00485121 0.00475558 0.00466155 0.00458286 0.00451883 0.00446786 0.0044285 0.00439753 0.00437324 0.00434955 0.00432642 0.00430397 0.00428338 0.00426756 0.00426261 0.00426607 0.0042772 0.00429142 0.00430336 0.00431098 0.00430876 0.0042927 0.00425444 0.00522486 0.00416318 0.00409707 0.00405841 0.00402024 0.00397961 0.00394886 0.00391565 0.0038858 0.00385432 0.00382445 0.00379656 0.00376617 0.00373675 0.00370934 0.00367816 0.003651 0.00362378 0.00359446 0.00356734 0.00354225 0.00351536 0.00349113 0.00345978 0.0034302 0.00339565 0.00336444 0.00332817 0.0032935 0.00326252 0.00323268 0.00320798 0.003183 0.0031564 0.00312868 0.00309929 0.00306869 0.00304038 0.00301323 0.00298734 0.00295824 0.00293032 0.00290414 0.00287392 0.00284408 0.00281393 0.0027835 0.00275236 0.00272104 0.00268913 0.00266035 0.00263123 0.0026005 0.00257081 0.0025415 0.00251496 0.00248722 0.00246273 0.00243786 0.00241387 0.00238941 0.00236498 0.0023392 0.00231388 0.00228923 0.00226292 0.00223848 0.00221202 0.0021862 0.00216113 0.002136 0.00210986 0.00208628 0.00205998 0.00203495 0.00200727 0.00198323 0.00195788 0.00193025 0.00190572
0.01224656 0.01219742 0.01215114 0.01209991 0.01203852 0.011963 0.01187097 0.01175672 0.01161784 0.01145499 0.01126665 0.01105341 0.01082057 0.01055971 0.01029029 0.01001715 0.00973373 0.00944628 0.00918114 0.00893876 0.00869686 0.00848172 0.00833629 0.00816868 0.00806307 0.00796762 0.00788426 0.00816899 0.00771339 0.00762731 0.00754595 0.00746724 0.00739041 0.00729786 0.00719001 0.00706349 0.00692541 0.00676589 0.0065921 0.00641346 0.00623976 0.00606377 0.00589749 0.00574185 0.00560448 0.00548583 0.00537558 0.00526509 0.00516237 0.00506564 0.00497296 0.00488895 0.00482207 0.00476987 0.00473004 0.00469981 0.00467452 0.00465113 0.00462909 0.00460726 0.00458787 0.00457125 0.00456375 0.0045658 0.00457534 0.00458948 0.00460196 0.00460993 0.00460776 0.00459262 0.00457361 0.00569227 0.00446061 0.00439461 0.00435515 0.00431635 0.00427382 0.00424307 0.00420835 0.00417718 0.00414487 0.00411345 0.00408317 0.00405202 0.00402293 0.00399421 0.00396161 0.00393389 0.00390492 0.0038734 0.00384597 0.00382093 0.00379243 0.0037676 0.00373902 0.00371139 0.00367611 0.00364403 0.00360636 0.00356939 0.00353489 0.00350201 0.00347344 0.00344583 0.00341876 0.00339073 0.00336084 0.00332974 0.00330068 0.00327211 0.00324482 0.00321436 0.00318682 0.00316005 0.00312825 0.00309788 0.00306624 0.00303424 0.00300136 0.0029685 0.00293502 0.00290465 0.00287406 0.0028417 0.00281055 0.00277969 0.00275135 0.00272177 0.00269521 0.00266823 0.00264221 0.00261564 0.00258904 0.00256107 0.00253367 0.00250691 0.00247836 0.00245189 0.00242329 0.00239531 0.00236819 0.00234098 0.00231276 0.00228727 0.00225884 0.0022318 0.00220196 0.00217599 0.00214855 0.00211872 0.00209208
0.01258661 0.01253591 0.01248622 0.0124324 0.01236882 0.0122897 0.01219545 0.01208122 0.01194261 0.01177896 0.01159321 0.01138385 0.01115308 0.01089353 0.01062789 0.01036008 0.01008025 0.00979461 0.00952985 0.00928696 0.00905057 0.00883678 0.00868934 0.00851191 0.00841233 0.00833348 0.00825928 0.00856038 0.00809606 0.00800006 0.00791351 0.00781961 0.00773108 0.00764534 0.00754307 0.0074158 0.00727582 0.00711607 0.0069493 0.00677351 0.00659641 0.00642467 0.00625646 0.00609964 0.00595878 0.00583416 0.00572324 0.00561153 0.00550781 0.00540759 0.00531498 0.00523277 0.0051606 0.00510564 0.00506512 0.00503422 0.00501032 0.00498582 0.00496431 0.00494409 0.00492563 0.0049104 0.00490234 0.00490157 0.00490955 0.00492181 0.0049338 0.00494162 0.00493967 0.00492441 0.00494798 0.00623927 0.00479401 0.00472553 0.0046863 0.00464679 0.00460347 0.00457115 0.00453617 0.00450348 0.0044698 0.00443749 0.00440549 0.00437152 0.00434178 0.00431371 0.00427906 0.0042502 0.00422052 0.00418687 0.00415724 0.00413208 0.0041034 0.00407716 0.00404765 0.00402343 0.00399024 0.00395762 0.00391873 0.00388039 0.0038435 0.00380662 0.00377478 0.00374284 0.00371291 0.00368426 0.00365401 0.00362233 0.00359289 0.00356373 0.00353495 0.00350278 0.00347376 0.00344786 0.00341518 0.00338319 0.00335099 0.0033174 0.0032827 0.0032481 0.00321297 0.0031809 0.0031487 0.00311468 0.00308203 0.00304952 0.00301922 0.00298768 0.0029588 0.00292946 0.0029012 0.00287235 0.00284344 0.00281297 0.00278332 0.00275427 0.00272323 0.0026945 0.00266361 0.00263326 0.00260385 0.00257441 0.00254395 0.00251637 0.0024856 0.00245636 0.00242419 0.00239615 0.00236644 0.00233419 0.00230523
0.01296169 0.01291184 0.01286054 0.01280306 0.01273663 0.01265505 0.01255746 0.01244102 0.01230251 0.01213921 0.01195261 0.01174603 0.01151954 0.01126264 0.01099809 0.01073397 0.01046091 0.01017562 0.0099138 0.00966833 0.00943701 0.00922753 0.00908066 0.00889703 0.0087848 0.00871688 0.00866014 0.00898001 0.00852083 0.00842775 0.00832031 0.00822603 0.00812073 0.0080218 0.00792664 0.0078052 0.00766302 0.00750176 0.00733449 0.00716618 0.00699228 0.00681809 0.00665388 0.0064952 0.0063532 0.00622491 0.00610749 0.00599487 0.00589049 0.00578886 0.00569269 0.00561083 0.0055407 0.00548046 0.00543712 0.00540498 0.00538084 0.00535843 0.00533576 0.00531622 0.00529971 0.00528557 0.00527941 0.0052782 0.00528303 0.00529375 0.0053032 0.00530911 0.00530678 0.00529182 0.00537385 0.00683686 0.0051676 0.005095 0.0050531 0.00501391 0.0049697 0.00493715 0.0049001 0.00486734 0.00483209 0.00479829 0.00476535 0.00472931 0.00469661 0.00466811 0.00463357 0.00460292 0.00457184 0.0045372 0.00450548 0.00447808 0.00444898 0.00442298 0.00439159 0.00436661 0.00433711 0.00430714 0.00426737 0.0042279 0.00418967 0.00415003 0.00411382 0.00407822 0.00404354 0.00401157 0.00398058 0.00394845 0.00391854 0.00388925 0.00385989 0.00382585 0.00379493 0.00376789 0.00373589 0.00370304 0.00366906 0.00363493 0.00359836 0.00356192 0.0035249 0.00349102 0.0034571 0.00342123 0.00338706 0.00335283 0.00332037 0.00328667 0.00325522 0.00322321 0.00319243 0.00316105 0.00312961 0.00309644 0.00306422 0.00303266 0.00299888 0.00296763 0.00293419 0.00290125 0.00286932 0.00283737 0.00280449 0.00277463 0.00274127 0.00270959 0.00267487 0.00264457 0.00261238 0.0025775 0.00254595
0.01341598 0.0133695 0.01331895 0.01325948 0.01318873 0.01310353 0.01300333 0.01288267 0.01274077 0.01257634 0.01238863 0.01217945 0.01195434 0.01170036 0.01143662 0.01117164 0.01090161 0.01061757 0.01035445 0.01011018 0.00988047 0.00967458 0.0095301 0.009343 0.00922057 0.00914002 0.00909593 0.00944193 0.0089872 0.00891152 0.00879723 0.0086858 0.00857978 0.00846215 0.00835196 0.00823723 0.00810114 0.00793555 0.00776654 0.0075957 0.00742904 0.00725818 0.00709114 0.00693572 0.0067913 0.00666142 0.00654021 0.00642029 0.00631467 0.00621204 0.00611376 0.00602838 0.00595818 0.00590032 0.00585088 0.00581589 0.00579014 0.00576813 0.00574781 0.00572697 0.00571126 0.00569982 0.00569521 0.00569639 0.00570092 0.00570819 0.00571611 0.00571729 0.00571256 0.00569692 0.0058467 0.00747214 0.00557402 0.00550709 0.00546065 0.00541803 0.00537398 0.00534097 0.00530318 0.00526818 0.00523288 0.00519724 0.00516254 0.00512517 0.00509026 0.00505861 0.00502273 0.00499262 0.00495926 0.00492272 0.00489007 0.00486044 0.00482838 0.00480227 0.00477068 0.00474377 0.00471316 0.00468752 0.0046503 0.00460997 0.00457055 0.00452922 0.00448993 0.00444937 0.00441061 0.00437308 0.00433824 0.00430513 0.00427482 0.00424523 0.00421568 0.00418068 0.0041476 0.00411893 0.00408527 0.00405325 0.00401825 0.00398214 0.00394477 0.00390641 0.00386732 0.00383127 0.00379548 0.00375756 0.00372163 0.00368558 0.00365082 0.00361481 0.00358054 0.00354563 0.00351206 0.00347791 0.00344373 0.00340768 0.00337276 0.00333838 0.00330164 0.0032677 0.00323148 0.00319569 0.00316106 0.0031264 0.00309088 0.00305859 0.00302244 0.00298812 0.00295064 0.0029179 0.00288306 0.00284537 0.00281102
0.01400251 0.01395431 0.01390689 0.01384761 0.01377395 0.01368304 0.01357822 0.01345313 0.01330452 0.01313382 0.01294183 0.01272805 0.01249689 0.01224107 0.01197678 0.0117091 0.01143552 0.01114839 0.01088184 0.01063471 0.01040585 0.01020235 0.0100601 0.00987073 0.00974281 0.00964576 0.00958979 0.00995673 0.00951552 0.00945174 0.0093495 0.00923382 0.00910842 0.00898896 0.00885746 0.00872488 0.00859525 0.00843436 0.00825781 0.00808305 0.00791193 0.00774667 0.00758224 0.0074226 0.00728071 0.00714735 0.00702368 0.00689975 0.00678468 0.00668067 0.0065808 0.00649276 0.00641782 0.00636027 0.00631342 0.00627149 0.00624216 0.00621889 0.00619889 0.00618059 0.00616342 0.00615317 0.00615273 0.00615584 0.00616332 0.00617018 0.00617453 0.00617248 0.0061621 0.00614337 0.00635935 0.00812985 0.00601851 0.005952 0.00591254 0.00586483 0.00581684 0.00578478 0.00574614 0.00571058 0.00567295 0.00563735 0.00560064 0.00556114 0.00552501 0.00549125 0.005451 0.00541998 0.00538709 0.00534775 0.00531331 0.0052829 0.00524798 0.00521905 0.00518692 0.00516009 0.00512713 0.00510056 0.00506779 0.0050305 0.00499029 0.00494749 0.00490636 0.00486235 0.00481812 0.00477584 0.00473473 0.00469722 0.00466596 0.00463621 0.00460634 0.00457084 0.00453661 0.0045061 0.00447021 0.00443643 0.00440229 0.00436506 0.0043253 0.0042862 0.00424495 0.00420654 0.00416849 0.00412833 0.00409045 0.00405229 0.00401503 0.00397644 0.00393896 0.00390076 0.00386405 0.0038267 0.00378939 0.00375009 0.00371219 0.00367471 0.00363455 0.00359758 0.00355828 0.00351925 0.00348155 0.00344387 0.00340539 0.00337033 0.00333109 0.00329382 0.00325324 0.00321773 0.00317991 0.00313911 0.00310167
0.0147491 0.01469895 0.01464911 0.0145923 0.01451769 0.01442214 0.01430978 0.01417735 0.01402094 0.01383952 0.01363685 0.01341408 0.0131739 0.01290795 0.01263744 0.01236501 0.01208511 0.01178918 0.01151383 0.01126158 0.01102712 0.01082195 0.01068379 0.01049272 0.01036181 0.01024911 0.01017491 0.01053496 0.01010696 0.0100651 0.00996946 0.00986864 0.00973725 0.00959548 0.00945881 0.00930127 0.00915044 0.00899448 0.00881941 0.0086344 0.00845713 0.00828548 0.00812551 0.00796629 0.00781866 0.00768714 0.00755886 0.00743263 0.00731231 0.00719722 0.00709528 0.00700506 0.00692683 0.00686391 0.00681736 0.0067783 0.00674125 0.00671469 0.00669317 0.00667512 0.00666074 0.00664848 0.00665085 0.0066589 0.00666881 0.0066792 0.00668313 0.00667612 0.00666171 0.00663604 0.00692071 0.00880955 0.00650487 0.00643587 0.00639806 0.00635831 0.00630453 0.00626888 0.00623092 0.00619469 0.00615667 0.00611854 0.00608194 0.00604004 0.00600183 0.00596712 0.00592356 0.00588834 0.00585425 0.00581518 0.00577798 0.00574586 0.00570966 0.00567807 0.00564233 0.00561523 0.00558213 0.00555329 0.00551904 0.00548695 0.00545029 0.00540644 0.0053637 0.00531762 0.00526959 0.00522102 0.0051745 0.0051299 0.00509391 0.00506343 0.00503338 0.00499718 0.00496228 0.00493112 0.00489272 0.00485655 0.00482038 0.00478408 0.00474284 0.00470126 0.00465915 0.00461824 0.00457771 0.00453485 0.00449482 0.0044543 0.00441412 0.0043727 0.0043316 0.00428963 0.00424933 0.00420836 0.00416742 0.0041244 0.00408311 0.00404219 0.00399824 0.00395772 0.00391494 0.0038723 0.00383107 0.00378993 0.00374813 0.00370991 0.00366713 0.00362657 0.00358249 0.00354384 0.00350264 0.00345833 0.00341744
0.01564689 0.01560069 0.0155483 0.01548804 0.01541481 0.01531659 0.01519747 0.01505437 0.01488691 0.01469352 0.01447546 0.01423702 0.01398347 0.01370508 0.01342018 0.01313759 0.01284954 0.01254245 0.01225501 0.01199094 0.01175112 0.01153466 0.0113964 0.01120989 0.01107736 0.01095417 0.01085954 0.01120454 0.01076096 0.01074152 0.01066814 0.01057123 0.01045427 0.01030426 0.01014163 0.00997778 0.00979793 0.00961588 0.00944495 0.00925925 0.00906819 0.00888733 0.00871907 0.00856221 0.008414 0.00827551 0.00814956 0.00801923 0.00789568 0.00777427 0.00765978 0.00756619 0.00748527 0.00741881 0.0073664 0.00732835 0.00729386 0.00725957 0.00723434 0.00721455 0.0072005 0.00719119 0.0071914 0.00720333 0.00721913 0.00723245 0.00724032 0.00723335 0.00721284 0.00718194 0.00754484 0.00953025 0.00703344 0.00696382 0.00692434 0.00688651 0.00684163 0.00680035 0.00675794 0.0067228 0.00668429 0.00664582 0.00660647 0.00656453 0.00652396 0.00648739 0.00644174 0.00640359 0.0063646 0.00632393 0.00628745 0.00625259 0.00621403 0.00618163 0.00614245 0.00611171 0.00607808 0.00604949 0.00601223 0.00597879 0.00594806 0.00590801 0.0058641 0.00581621 0.00576594 0.00571294 0.00565931 0.00560859 0.0055649 0.00552955 0.00549869 0.00546194 0.00542616 0.00539495 0.00535531 0.00531647 0.00527758 0.00523902 0.00519858 0.00515557 0.00511065 0.00506868 0.00502555 0.00497975 0.00493709 0.00489397 0.00485051 0.0048058 0.00476068 0.0047145 0.0046701 0.00462501 0.00457997 0.00453268 0.00448752 0.0044427 0.00439456 0.00435013 0.00430329 0.0042566 0.00421143 0.00416635 0.00412075 0.00407901 0.00403223 0.00398791 0.00393996 0.00389777 0.00385275 0.00380448 0.00375972
0.01666932 0.01662413 0.01657563 0.01651196 0.01643401 0.0163357 0.01621187 0.01605916 0.01587759 0.01566938 0.01543537 0.01517727 0.01490459 0.01461107 0.01431073 0.01401098 0.01371044 0.01339154 0.01309123 0.01281132 0.01256289 0.01234036 0.01218733 0.01200024 0.01187566 0.01174828 0.01163872 0.01196253 0.01149428 0.01146508 0.01142307 0.01134287 0.01122733 0.01109153 0.01092002 0.01072595 0.01053937 0.01032579 0.0101256 0.00994415 0.00974979 0.00955204 0.00937111 0.00920607 0.0090602 0.00891963 0.00878723 0.0086603 0.00853209 0.00840711 0.00828574 0.00817847 0.00809317 0.00802588 0.00796986 0.00792399 0.00789073 0.00786096 0.00782709 0.00780325 0.00778745 0.00777879 0.0077806 0.00779064 0.00781122 0.00783185 0.00784248 0.00784153 0.00782048 0.00778191 0.00823743 0.01030022 0.00760976 0.00753589 0.00749718 0.00745804 0.00741532 0.00738495 0.00733576 0.00729599 0.00725903 0.0072201 0.00718047 0.00713528 0.00709504 0.00705637 0.00700749 0.00696788 0.00692543 0.00687904 0.00684127 0.00680762 0.00676554 0.00673122 0.00669064 0.0066565 0.00661862 0.00658995 0.00655248 0.0065161 0.00648406 0.00645048 0.00641082 0.00636169 0.00630948 0.00625382 0.00619516 0.00613644 0.00608617 0.00604274 0.00600654 0.00596857 0.00593211 0.00590073 0.00586054 0.00582051 0.00577862 0.0057371 0.00569396 0.00565212 0.00560562 0.00556048 0.00551639 0.00546755 0.00542208 0.00537587 0.0053288 0.00528043 0.00523068 0.00517987 0.00513092 0.00508118 0.00503153 0.00497946 0.00492987 0.00488066 0.00482782 0.0047791 0.00472783 0.00467646 0.00462693 0.00457748 0.00452759 0.00448186 0.00443068 0.00438214 0.00432981 0.00428374 0.00423448 0.00418178 0.00413271
0.01775726 0.01770832 0.01766104 0.01760116 0.01751899 0.01741478 0.01728963 0.01713051 0.01693727 0.01671268 0.01646169 0.0161856 0.01589215 0.01558043 0.01526436 0.0149489 0.01463112 0.01430092 0.01398691 0.01369242 0.0134337 0.01320662 0.01304799 0.01283995 0.01271956 0.012605 0.01248762 0.01279432 0.01229147 0.01224257 0.01220378 0.01215166 0.01205215 0.01191759 0.01176108 0.01155431 0.01133591 0.01111759 0.01088341 0.01066932 0.01047954 0.01028008 0.01008078 0.00990313 0.00974971 0.0096126 0.0094775 0.00934439 0.00922071 0.0090914 0.00896692 0.00885292 0.00875419 0.00868334 0.0086272 0.00857666 0.00853494 0.0085073 0.00847871 0.00844534 0.00842541 0.00841527 0.0084179 0.00842923 0.00844815 0.00847497 0.0084937 0.0084949 0.00847997 0.00843988 0.00899772 0.01112919 0.00824018 0.00815828 0.0081177 0.00807904 0.00803444 0.0080071 0.00796932 0.00792195 0.00787983 0.00784245 0.00780212 0.00775613 0.00771238 0.0076744 0.00762162 0.00757909 0.00753452 0.00748374 0.00743986 0.00740498 0.00736356 0.00732588 0.00728243 0.00724705 0.00720502 0.007172 0.00713378 0.00709745 0.00706221 0.00702694 0.00699446 0.00695003 0.00689639 0.00683826 0.00677634 0.00671178 0.00665272 0.0066024 0.00655719 0.00651285 0.00647495 0.00644368 0.00640275 0.00636226 0.006319 0.00627418 0.00622752 0.00618299 0.00613777 0.0060908 0.00604345 0.00599341 0.00594507 0.00589557 0.00584442 0.00579226 0.00573767 0.00568192 0.00562834 0.0055738 0.0055193 0.00546223 0.00540804 0.00535415 0.00529638 0.00524318 0.00518741 0.00513127 0.00507701 0.00502305 0.00496875 0.0049188 0.00486297 0.0048101 0.00475318 0.004703 0.00464939 0.00459209 0.00453847
0.01886227 0.01879857 0.01874785 0.0186894 0.01861117 0.01850227 0.01837059 0.01820989 0.01800991 0.0177733 0.01750574 0.01721284 0.01690274 0.01657357 0.01624079 0.01591151 0.01558022 0.01523867 0.01491346 0.01460741 0.0143317 0.01410397 0.01394823 0.01373239 0.01359358 0.01349375 0.01338495 0.01368557 0.01314358 0.01306265 0.01302508 0.01296356 0.01289953 0.01278331 0.01262878 0.01243653 0.01220469 0.01195365 0.01171716 0.01146735 0.01124524 0.01105225 0.01085007 0.01065475 0.01048839 0.01034664 0.01021723 0.01008272 0.00995364 0.00982932 0.00970142 0.00958665 0.00948039 0.00939655 0.00933645 0.00928837 0.00924066 0.00920312 0.00917731 0.00915032 0.00912007 0.0091062 0.00910907 0.00912242 0.00914319 0.00916781 0.0091933 0.00919866 0.00918558 0.00915169 0.00982982 0.01202025 0.0089336 0.00883969 0.00879404 0.00875267 0.00870863 0.00868027 0.0086454 0.0086113 0.00856101 0.00851797 0.00847955 0.00843261 0.00838845 0.00834722 0.00829384 0.00824803 0.00820001 0.00814664 0.00809848 0.0080573 0.00801407 0.00797808 0.0079304 0.00789244 0.0078489 0.00781193 0.00776842 0.00773186 0.00769705 0.00765821 0.00762409 0.00758791 0.00753976 0.00747996 0.00741525 0.00734703 0.00728181 0.00722236 0.00716966 0.00711503 0.0070701 0.00703837 0.00699717 0.00695624 0.00691263 0.00686652 0.00681613 0.00676821 0.00672021 0.00667475 0.00662583 0.00657215 0.00652322 0.00647051 0.00641508 0.00635861 0.00629882 0.0062377 0.00617896 0.00611934 0.00605966 0.00599712 0.00593798 0.00587906 0.00581583 0.00575777 0.00569717 0.005636 0.00557679 0.0055178 0.00545883 0.00540444 0.00534355 0.00528597 0.00522426 0.00516967 0.00511132 0.0050492 0.00499067
0.01994401 0.01987074 0.01980508 0.01974341 0.01966702 0.01956258 0.01942646 0.01925966 0.01905917 0.01881699 0.01853882 0.01823102 0.01790701 0.01756588 0.01721839 0.01687547 0.01653395 0.01618647 0.01585341 0.01553975 0.01524736 0.01500701 0.01486278 0.0146531 0.01451068 0.01439739 0.01430895 0.01462356 0.01404866 0.01392725 0.01387232 0.01380747 0.01373681 0.01365875 0.01352606 0.01333681 0.01312064 0.01286074 0.01258809 0.01233989 0.01208534 0.01185888 0.01166071 0.01146541 0.01128428 0.01113111 0.01099767 0.01087201 0.01074335 0.01061465 0.01049406 0.01037895 0.01027024 0.01018023 0.01010679 0.0100565 0.01001194 0.00996824 0.00993146 0.00990799 0.00988548 0.00985941 0.00986143 0.00987623 0.00989953 0.00992561 0.00994824 0.00995484 0.00994598 0.0099138 0.01073586 0.01297942 0.00969515 0.0095913 0.0095354 0.00948834 0.00944126 0.00941466 0.00937806 0.00934776 0.0093129 0.0092608 0.00921616 0.00917123 0.00912652 0.00908561 0.00902704 0.00898181 0.00892992 0.00887245 0.00882212 0.00877676 0.00872598 0.00868902 0.00864276 0.00860075 0.00855424 0.00851636 0.00846798 0.00842618 0.00839158 0.00835328 0.00831543 0.00827772 0.0082392 0.00818556 0.008119 0.00804768 0.00797881 0.00791325 0.00785055 0.00778731 0.00773092 0.00769267 0.0076506 0.00760987 0.00756599 0.00751983 0.00746798 0.00741655 0.00736507 0.0073166 0.00726999 0.00721463 0.00716256 0.00710923 0.00704952 0.0069886 0.00692288 0.00685603 0.00679173 0.0067265 0.00666136 0.00659303 0.00652857 0.00646422 0.00639517 0.00633178 0.00626605 0.00619949 0.00613512 0.00607091 0.00600684 0.00594777 0.00588159 0.00581894 0.00575211 0.00569297 0.00562956 0.00556228 0.0054986
0.02098995 0.02092534 0.02085018 0.0207731 0.0206937 0.02059162 0.02046116 0.02029084 0.02008545 0.01984469 0.01956305 0.0192469 0.01891105 0.01856031 0.01820353 0.01784863 0.01749683 0.01714789 0.01681122 0.01648996 0.01619472 0.01593011 0.01578273 0.01559213 0.01545855 0.01534347 0.01525352 0.01560637 0.01501764 0.01485991 0.01476287 0.01468747 0.01461136 0.0145268 0.01443797 0.0142766 0.01406307 0.01382547 0.01354253 0.01325678 0.01300944 0.01275162 0.01251481 0.01232439 0.01215057 0.01198356 0.01183786 0.01170833 0.01159168 0.0114668 0.01134286 0.01123814 0.01112939 0.01103572 0.01095803 0.01089374 0.01084835 0.01080809 0.01076479 0.01072914 0.01071093 0.01069314 0.01068503 0.01069925 0.01072428 0.01075208 0.01077693 0.01077601 0.01076821 0.01074044 0.01172055 0.01400465 0.01053428 0.01042012 0.01035606 0.01029736 0.01024379 0.01021489 0.01017961 0.01014785 0.01011779 0.01008334 0.01002855 0.00997642 0.00993455 0.00989389 0.00983397 0.00978424 0.00973278 0.00967073 0.00961657 0.00956942 0.00951336 0.00946907 0.00942117 0.00938148 0.00933033 0.00928992 0.00924002 0.00919349 0.00915346 0.00911539 0.00907839 0.00903683 0.00899704 0.00895419 0.00889459 0.00882124 0.00874936 0.00868059 0.00861126 0.00853657 0.00847049 0.00842086 0.00837107 0.00832985 0.00828641 0.00824032 0.00818836 0.00813601 0.00808092 0.00802855 0.00797926 0.00792658 0.00787364 0.0078168 0.00775553 0.00769024 0.00761818 0.00754476 0.00747452 0.00740323 0.00733208 0.00725765 0.00718763 0.00711741 0.00704205 0.006973 0.00690172 0.00682935 0.00675948 0.00668983 0.00662057 0.00655634 0.00648459 0.00641664 0.00634438 0.00628035 0.00621167 0.00613895 0.00606965
0.02207931 0.02201064 0.02194489 0.02185781 0.02176206 0.02165666 0.02152922 0.0213653 0.02115668 0.0209114 0.02063209 0.0203133 0.01997034 0.01960931 0.0192433 0.01887962 0.01851702 0.01816149 0.0178278 0.01750341 0.01720186 0.01693424 0.01675213 0.01656045 0.01645568 0.01634852 0.0162604 0.01663527 0.016069 0.01589769 0.015752 0.01563815 0.01555035 0.01546295 0.0153637 0.01525096 0.01507237 0.01483408 0.01458257 0.01428368 0.01399422 0.01374657 0.01347935 0.01324864 0.01308027 0.01292313 0.01276295 0.01262337 0.01250154 0.01239101 0.01227224 0.01216347 0.0120661 0.01197205 0.01189306 0.01182481 0.01176388 0.0117227 0.01168375 0.01164103 0.01160929 0.01159648 0.01159909 0.01160363 0.01162802 0.01165738 0.01168271 0.01168524 0.01166863 0.01164169 0.0128019 0.0150996 0.01144998 0.01133762 0.01126472 0.01119676 0.01112994 0.01109483 0.01105609 0.01102628 0.01099506 0.01096607 0.01093134 0.01086754 0.01081812 0.01078157 0.01071995 0.01067014 0.01061333 0.01055148 0.01049297 0.01044216 0.0103834 0.01033442 0.01027755 0.01023669 0.010188 0.01014315 0.0100898 0.01004226 0.0099973 0.00995299 0.00991641 0.00987609 0.00983236 0.00978793 0.00974043 0.00967485 0.00960115 0.00952994 0.0094572 0.00937475 0.00929565 0.00923673 0.00917363 0.00912413 0.00908026 0.00903494 0.00898285 0.00893107 0.00887518 0.00881857 0.00876561 0.00870989 0.00866099 0.00860303 0.00853668 0.00847002 0.00839129 0.00831078 0.00823361 0.00815576 0.00807801 0.00799676 0.00792087 0.00784435 0.00776206 0.00768681 0.00760959 0.00753075 0.00745486 0.00737932 0.00730463 0.00723502 0.007157 0.00708339 0.00700542 0.00693604 0.00686159 0.00678315 0.00670773
0.02330354 0.02322976 0.02315948 0.02308189 0.02297493 0.02285132 0.02272001 0.02255836 0.02235531 0.02210531 0.0218198 0.0215019 0.02115498 0.02078518 0.02040625 0.02003088 0.01965806 0.01929316 0.01895473 0.01863163 0.01832312 0.01805505 0.01786414 0.01761575 0.01752188 0.01744424 0.01736413 0.01776265 0.01720231 0.01707505 0.01688274 0.01673112 0.0166008 0.01649945 0.01639536 0.01626895 0.01614356 0.01593733 0.01568481 0.01542008 0.01511353 0.01482 0.01456914 0.0143108 0.01409128 0.01394068 0.01379174 0.01364185 0.01350852 0.01339208 0.01328955 0.01318237 0.01308195 0.01300346 0.01292256 0.01285338 0.0127881 0.01272956 0.01268978 0.01265217 0.01261266 0.01258379 0.01259217 0.01260991 0.01262345 0.01265339 0.01267853 0.01268342 0.01267048 0.0126332 0.01398661 0.01628891 0.0124455 0.01234202 0.01227327 0.01219459 0.01211641 0.01206689 0.01201954 0.01198569 0.01195646 0.01192552 0.01189643 0.01185431 0.01179181 0.01174716 0.01168742 0.0116367 0.01157897 0.01151024 0.01145232 0.01139681 0.01133271 0.01128157 0.01121816 0.01116751 0.01111686 0.01107511 0.01101566 0.0109645 0.01091838 0.01086793 0.01082413 0.01078412 0.01074175 0.01069223 0.01064243 0.01058986 0.01052498 0.01045237 0.01037674 0.01028976 0.01020147 0.01012945 0.01005499 0.00999064 0.00993723 0.00989133 0.00983951 0.00978793 0.00973254 0.00967446 0.00961724 0.00955704 0.00950553 0.00945157 0.00938259 0.00931067 0.0092288 0.00914125 0.00905703 0.00897195 0.00888748 0.00879914 0.00871706 0.00863419 0.00854483 0.00846311 0.00837973 0.00829424 0.00821195 0.00813027 0.00805003 0.00797504 0.00789072 0.00781097 0.00772717 0.00765238 0.00757183 0.00748743 0.00740573
0.02475288 0.02468823 0.02461192 0.0245285 0.02443005 0.02429275 0.02414082 0.02397249 0.02376852 0.0235206 0.02322599 0.02289704 0.02254662 0.02216769 0.02177434 0.02138036 0.02099138 0.0206163 0.02026293 0.01993049 0.01962526 0.01934317 0.01915905 0.01888778 0.01871746 0.01866039 0.01861087 0.01904105 0.01847322 0.0183769 0.01819638 0.0180109 0.017838 0.01768834 0.0175706 0.01743509 0.01729196 0.01713356 0.01690991 0.01664494 0.01637401 0.01606138 0.01575676 0.01551612 0.01526443 0.01505571 0.0149196 0.01477935 0.01463585 0.01450574 0.01439552 0.01430539 0.01420822 0.01412928 0.01406324 0.01398951 0.01392772 0.01386136 0.01380214 0.01376362 0.01373 0.01369339 0.01368381 0.01370886 0.01373777 0.01375349 0.01378052 0.01378474 0.0137741 0.01374037 0.01528948 0.01758503 0.01354128 0.01343643 0.01338015 0.01330619 0.01321589 0.0131551 0.01309056 0.01304748 0.01301402 0.01298509 0.01295373 0.01291725 0.01287948 0.01282118 0.01274981 0.01270267 0.0126434 0.01257305 0.01250823 0.01245395 0.01238362 0.01232778 0.01226088 0.01220355 0.01214148 0.01209815 0.01204114 0.0119837 0.01193371 0.01188147 0.01183072 0.01178259 0.01174063 0.01169198 0.01163609 0.01158046 0.01153024 0.01146825 0.01139105 0.01130019 0.01120644 0.01112589 0.01103587 0.01095904 0.01088884 0.01083219 0.01077899 0.01072801 0.01067267 0.01061449 0.01055607 0.01049063 0.01043489 0.01037736 0.01031116 0.01023638 0.0101464 0.01005497 0.00996311 0.00986995 0.00977734 0.00968106 0.0095919 0.00950161 0.00940443 0.00931552 0.00922504 0.00913196 0.00904248 0.00895364 0.00886699 0.00878588 0.00869459 0.00860812 0.00851739 0.0084365 0.00834919 0.0082579 0.00816902
0.02651362 0.02645253 0.02638467 0.02629337 0.02618663 0.02605519 0.02588642 0.02569256 0.0254765 0.02522173 0.02492278 0.02457735 0.02420846 0.02381818 0.02340782 0.02299164 0.02257745 0.02218611 0.02181525 0.0214599 0.02113936 0.02086293 0.02065744 0.02039568 0.0201922 0.0200447 0.02001533 0.02049411 0.01992856 0.01983859 0.01967451 0.01951098 0.01929986 0.01910182 0.01892879 0.01876838 0.01861604 0.01843028 0.0182533 0.01801555 0.01774102 0.01746092 0.01713726 0.01683076 0.01660099 0.01635562 0.01615356 0.01603034 0.01589604 0.01575311 0.01562632 0.01552977 0.0154497 0.01537498 0.01531109 0.01525335 0.01518691 0.01512297 0.01505496 0.01499468 0.01496015 0.01493161 0.01491302 0.01491423 0.01495181 0.01498493 0.0150001 0.01500509 0.01499306 0.01496099 0.01676004 0.01900838 0.01474561 0.01464171 0.01458749 0.01452726 0.01444202 0.01436941 0.01429131 0.01422965 0.0141863 0.01415234 0.01412307 0.01408321 0.01405206 0.01402207 0.01393267 0.01387422 0.01381824 0.01374543 0.01367958 0.01361823 0.01354809 0.01348666 0.01341329 0.01335271 0.01328264 0.01322731 0.01316728 0.013113 0.01305614 0.01299897 0.01294602 0.01289005 0.01283905 0.01279002 0.01273449 0.01267145 0.0126178 0.01257266 0.01250704 0.01241358 0.012315 0.01223019 0.0121296 0.01203569 0.01195135 0.01187589 0.01180985 0.01175753 0.01170248 0.01164348 0.01158522 0.01151775 0.01145687 0.01139378 0.01132155 0.01124963 0.01115378 0.01105281 0.01095668 0.01085464 0.01075279 0.01064681 0.01054952 0.01045066 0.01034426 0.01024724 0.01014866 0.01004675 0.00994889 0.00985185 0.00975752 0.00966919 0.00956981 0.00947579 0.00937725 0.00928893 0.00919389 0.00909476 0.00899758
0.02861903 0.02855386 0.02848853 0.0284041 0.02828663 0.02814306 0.02797715 0.02776109 0.02751267 0.02723855 0.02692508 0.02656725 0.02617359 0.02575584 0.02532593 0.02488488 0.02444192 0.02402616 0.02363294 0.023246 0.02288653 0.02260574 0.02241189 0.02211706 0.0219353 0.02172642 0.0216078 0.02212063 0.02157133 0.02150491 0.02135127 0.02119691 0.02100695 0.02076065 0.02053287 0.02030727 0.02012332 0.01992398 0.01970782 0.01951446 0.01926522 0.0189738 0.01869151 0.01835864 0.01805444 0.01783143 0.01758389 0.01740061 0.01728308 0.0171486 0.01700644 0.01689097 0.01680584 0.01674667 0.01668745 0.01663522 0.01658033 0.01651918 0.01645634 0.01638342 0.01632481 0.01629717 0.01627817 0.01626729 0.01627898 0.01632455 0.01635966 0.01635523 0.0163431 0.01630815 0.01839443 0.02059327 0.01607617 0.01596359 0.015917 0.01585871 0.01578828 0.0157229 0.01563069 0.01555474 0.01549154 0.0154464 0.01541148 0.01537289 0.01533842 0.01531642 0.01525474 0.0151783 0.01510914 0.01503903 0.01497125 0.01490937 0.01483013 0.0147703 0.01468939 0.01462235 0.01454802 0.01448468 0.01441003 0.01435293 0.01429952 0.01423411 0.01417551 0.01411689 0.01405723 0.01399739 0.01394069 0.01387726 0.01381534 0.01376704 0.01371954 0.01363772 0.01353563 0.01344739 0.01334082 0.01323547 0.01313205 0.01304082 0.01295315 0.01288689 0.01282988 0.01277022 0.01271125 0.01264307 0.01258063 0.01251087 0.01243015 0.01235119 0.01225541 0.01214728 0.01204061 0.01193331 0.01182131 0.01170435 0.01159699 0.01148838 0.01137137 0.01126473 0.01115694 0.01104505 0.01093745 0.01083087 0.01072764 0.0106307 0.01052188 0.01041909 0.01031169 0.01021505 0.01011072 0.01000256 0.00989605
0.03105022 0.03097928 0.03090885 0.03082515 0.03071206 0.03055375 0.03037201 0.03015396 0.02987673 0.02956259 0.02922203 0.02884173 0.02842829 0.02797767 0.02751293 0.02704587 0.02657301 0.02612621 0.02570404 0.02529537 0.02488173 0.0245584 0.02437605 0.0240961 0.02388209 0.02368349 0.02349126 0.02393203 0.02337697 0.02335531 0.02324493 0.02307221 0.02288961 0.02266285 0.02238153 0.02209877 0.02183549 0.0215997 0.0213644 0.02112549 0.02091457 0.02064716 0.02035555 0.02006683 0.01973428 0.01942927 0.0192045 0.01897351 0.01878951 0.01867228 0.01853882 0.01840615 0.01830811 0.01824066 0.01819814 0.01815139 0.01810269 0.01806137 0.01800185 0.017934 0.0178616 0.01781053 0.01777315 0.01776598 0.01776526 0.01778511 0.01782851 0.01785872 0.01783496 0.01779807 0.02018924 0.02232677 0.01755924 0.01742077 0.01737349 0.01732305 0.01725441 0.01720671 0.01712103 0.01703045 0.01695247 0.01688552 0.01683843 0.0167926 0.01676002 0.01673517 0.01667839 0.01663394 0.01654442 0.01645898 0.01639499 0.01633167 0.01625039 0.01618218 0.01610146 0.01602699 0.0159449 0.01587783 0.01579294 0.01572061 0.01566407 0.01560171 0.01553396 0.01546897 0.01540645 0.01533633 0.01526712 0.01520158 0.01513911 0.01508259 0.01503121 0.01496786 0.01487772 0.01478769 0.01467594 0.01456431 0.01444815 0.01433598 0.01423022 0.01414074 0.01406812 0.01400537 0.01394585 0.01387596 0.01381356 0.01374106 0.01365049 0.01356177 0.01345495 0.01334611 0.01323157 0.01311215 0.01299396 0.01286504 0.01274633 0.01262592 0.01249697 0.01237934 0.01226067 0.01213766 0.01201914 0.01190161 0.01178806 0.01168133 0.01156149 0.01144859 0.01133096 0.01122505 0.01111046 0.01099153 0.01087456
0.03371438 0.03363744 0.03356086 0.03347063 0.03335621 0.03319939 0.03300003 0.03276192 0.03247817 0.03212953 0.03174296 0.03133008 0.03088983 0.03041524 0.02991394 0.0294091 0.02890916 0.02843432 0.02798716 0.02754786 0.0270903 0.02671466 0.02649884 0.02623677 0.02605057 0.02581057 0.02562585 0.02600237 0.0253327 0.02532897 0.02528616 0.02513306 0.02492954 0.02471442 0.02445201 0.02410952 0.02377818 0.02345497 0.02318435 0.02293039 0.0226706 0.02244208 0.02217158 0.02187927 0.02159117 0.02125759 0.02094931 0.02072927 0.02049464 0.02030642 0.02019282 0.02007132 0.01996503 0.01988607 0.01983566 0.01980719 0.01976898 0.01973122 0.01969075 0.01963009 0.01956384 0.01949589 0.01942438 0.01939959 0.0194044 0.01941133 0.01942509 0.01947405 0.01948588 0.01943475 0.02215093 0.02421803 0.01918103 0.01904134 0.01897396 0.01892112 0.01885943 0.01881426 0.01874509 0.01866145 0.01856766 0.01848381 0.01841249 0.01835165 0.0183112 0.01828852 0.01822397 0.01818604 0.01812966 0.01802068 0.01794058 0.01788159 0.01779669 0.01772748 0.01763559 0.01756184 0.01747054 0.01739572 0.01730479 0.01722183 0.01714849 0.01708168 0.0170169 0.01694157 0.01687197 0.01679754 0.01671618 0.016636 0.01657098 0.01651457 0.01645371 0.01638455 0.0163134 0.01623832 0.01612285 0.01600567 0.01588225 0.01575604 0.01562659 0.01551792 0.01541968 0.01533907 0.01527641 0.01520496 0.01514162 0.01506805 0.014972 0.01487248 0.01475256 0.01463202 0.01451771 0.01439016 0.01425942 0.01412387 0.01399385 0.01386127 0.01371912 0.01359015 0.01346009 0.01332514 0.01319546 0.01306664 0.01294217 0.01282512 0.01269376 0.01256997 0.01244146 0.01232577 0.01220065 0.01207072 0.01194226
0.03651 0.03642009 0.03633786 0.03624079 0.03611851 0.03595853 0.03575984 0.03550153 0.03519484 0.03483745 0.03441345 0.03395175 0.03347832 0.03297709 0.03245291 0.03191296 0.03137815 0.03088177 0.03041189 0.02994935 0.02945747 0.02903273 0.0287741 0.02848375 0.0283264 0.02811885 0.02789753 0.02830295 0.0275083 0.02741291 0.0274095 0.02731459 0.02713108 0.02689337 0.02664278 0.02631847 0.02592951 0.02553691 0.02517478 0.02488565 0.02461683 0.02433891 0.02410651 0.02384072 0.02355255 0.02327012 0.02293411 0.02261004 0.02238889 0.02214812 0.02196046 0.021863 0.02177776 0.02169281 0.02163281 0.02159634 0.02157885 0.02153984 0.02150855 0.02146548 0.02140855 0.02134553 0.02126792 0.02120352 0.02119077 0.02120179 0.02120793 0.02122266 0.02125294 0.02123787 0.02426477 0.02628758 0.02095601 0.02081354 0.02074895 0.02067604 0.02061135 0.02057539 0.02050701 0.02044186 0.0203563 0.02025545 0.02016613 0.02007822 0.02002256 0.01999245 0.01992601 0.01988172 0.01983148 0.01975702 0.01965279 0.0195774 0.01949557 0.01942436 0.01932973 0.01924513 0.01915383 0.01907041 0.01896954 0.01888116 0.01879672 0.01871124 0.01864191 0.01856968 0.01848937 0.01840657 0.0183201 0.01822625 0.01814576 0.01808787 0.0180271 0.01794653 0.01786845 0.01781635 0.01771553 0.01759484 0.01746534 0.01733151 0.01718627 0.01705296 0.01693413 0.01682541 0.01674414 0.01666861 0.01660511 0.01652976 0.01643014 0.01632459 0.01619022 0.01605514 0.01592858 0.01580097 0.01566143 0.01551176 0.01537573 0.0152305 0.0150742 0.01493216 0.01478994 0.01464199 0.0144999 0.01435915 0.01422311 0.01409481 0.01395095 0.01381548 0.01367495 0.01354864 0.01341209 0.01327054 0.01312999
0.03934485 0.03924975 0.03915505 0.03905237 0.0389228 0.03875408 0.03855293 0.03829537 0.03796756 0.03758677 0.03715502 0.03665617 0.0361359 0.03560524 0.03505908 0.03450175 0.03393813 0.03340757 0.03292452 0.03245376 0.03194845 0.03148361 0.03116392 0.03084358 0.03066338 0.0305166 0.03032403 0.03071724 0.02989484 0.02969261 0.02961429 0.0295556 0.02943443 0.02921854 0.02894492 0.02863265 0.02826481 0.02782221 0.02738871 0.02699925 0.02669812 0.02642097 0.02614239 0.02591635 0.02566751 0.02539575 0.02511464 0.024747 0.02441646 0.02419263 0.02395148 0.0237779 0.0237244 0.02366588 0.02359615 0.02355698 0.02353239 0.02350157 0.02346984 0.02343733 0.02340102 0.02334485 0.02329321 0.02322339 0.02316412 0.02315697 0.02317269 0.02316874 0.0231614 0.02316497 0.02656124 0.028547 0.02290299 0.02275425 0.02268952 0.02262171 0.02253519 0.02249791 0.02243723 0.0223738 0.02230883 0.02221675 0.02210938 0.02200121 0.02191766 0.02187254 0.02179358 0.02174953 0.02169166 0.0216225 0.02155671 0.02145654 0.02135545 0.02128972 0.02119119 0.02110501 0.02100136 0.02091942 0.02080771 0.02070997 0.02062024 0.02052233 0.02043342 0.02035629 0.02028002 0.020185 0.02008923 0.01998937 0.01989475 0.01982182 0.01975962 0.01967808 0.0195871 0.01953049 0.01945291 0.01934861 0.01921535 0.01907537 0.01892131 0.01877224 0.0186273 0.01849601 0.01838551 0.01828945 0.01822362 0.01814738 0.01804326 0.01793389 0.01779012 0.01763926 0.01749762 0.01735663 0.01721713 0.01705756 0.01690776 0.01675571 0.01658484 0.01642902 0.01627307 0.01611137 0.015956 0.01580217 0.0156542 0.01551423 0.015357 0.01520903 0.01505589 0.01491804 0.01476924 0.01461532 0.01446215
0.04217573 0.04208665 0.0419878 0.04187254 0.0417375 0.04156136 0.04135298 0.04109433 0.04076904 0.0403682 0.03991495 0.03941208 0.03885882 0.038286 0.03771644 0.03714422 0.03657182 0.03601381 0.03551328 0.03502954 0.03452192 0.03406956 0.03370257 0.03329818 0.03311046 0.0329722 0.03284924 0.03329624 0.03239532 0.03219011 0.03202547 0.03188383 0.03180362 0.03164596 0.0313973 0.03106906 0.0307113 0.03028983 0.02981323 0.02935164 0.02894907 0.02865668 0.02837952 0.02810999 0.02791645 0.0276931 0.02742189 0.02709896 0.0267257 0.02638681 0.02616662 0.02593904 0.02581008 0.02579008 0.02574358 0.02570338 0.02567759 0.02562427 0.02559653 0.02556835 0.02554458 0.02550623 0.02547797 0.02544279 0.02537885 0.02532236 0.02531464 0.02531778 0.02528885 0.02525115 0.02899029 0.03102782 0.02504008 0.02488633 0.02482157 0.0247538 0.02467238 0.02461388 0.02454936 0.02449514 0.02443287 0.02436265 0.02426485 0.02413638 0.02403238 0.02395898 0.02385891 0.02380398 0.02374554 0.02366681 0.02360823 0.0235505 0.02342096 0.02333706 0.02324257 0.02315368 0.0230476 0.02295402 0.02284224 0.02273432 0.0226352 0.02253106 0.02242939 0.02233131 0.02225073 0.02215919 0.02205009 0.02193968 0.02183931 0.02175304 0.02167493 0.02159082 0.02149803 0.02143098 0.021347 0.02126831 0.02115272 0.02100924 0.02084782 0.02069072 0.02052941 0.02036951 0.02023609 0.02010818 0.02002278 0.0199432 0.01983524 0.01972115 0.01957007 0.01940899 0.01925106 0.01909373 0.01894006 0.01878022 0.01862142 0.01845418 0.01827501 0.01810524 0.01793512 0.0177579 0.01758863 0.01742093 0.01726013 0.01710822 0.0169372 0.016776 0.01660959 0.01645979 0.01629772 0.01613069 0.01596406
0.04509121 0.04499027 0.04489892 0.04477965 0.04463135 0.04444941 0.04423503 0.04396989 0.04364486 0.04324865 0.04277655 0.04225398 0.04170182 0.04109969 0.04049099 0.03990005 0.03931932 0.03876095 0.03823005 0.03773319 0.03721967 0.03677254 0.03644627 0.03597311 0.03569014 0.03558326 0.03546809 0.03603183 0.03510416 0.0348407 0.0346936 0.03445798 0.0342909 0.03417852 0.03399412 0.03369391 0.03332299 0.03291308 0.03247129 0.03196607 0.03148977 0.03109181 0.03080472 0.03055671 0.03032149 0.03015648 0.02993969 0.0296067 0.02928553 0.02890335 0.02856093 0.02836781 0.02817982 0.02808297 0.02807725 0.0280596 0.02804014 0.02798313 0.02793273 0.02790846 0.0278888 0.02785876 0.02785317 0.02784401 0.0278241 0.02776402 0.02769875 0.02767802 0.02765578 0.02759332 0.03160867 0.03369112 0.0274071 0.02724018 0.02717981 0.02710789 0.02702618 0.02697529 0.02688542 0.02682821 0.02677663 0.02670894 0.02663475 0.02651534 0.02639099 0.02629758 0.02616155 0.02608676 0.02601576 0.02593474 0.02586747 0.02581864 0.02573232 0.02562071 0.02550462 0.02542158 0.02531171 0.02521713 0.02509102 0.0249845 0.02487513 0.02476014 0.02465236 0.02454057 0.0244386 0.02434124 0.02423556 0.02411008 0.02399907 0.02390853 0.02381626 0.02371388 0.0236172 0.02355196 0.02345502 0.02336994 0.02328169 0.0231577 0.02299149 0.02282796 0.02265861 0.02248019 0.02231754 0.02216446 0.02204767 0.02194587 0.02183082 0.02171257 0.02155264 0.02138347 0.02121507 0.02103997 0.02086882 0.02069332 0.02053585 0.02035828 0.02016155 0.0199846 0.01980021 0.01960657 0.01942148 0.01923914 0.01906473 0.01889977 0.01871449 0.01853949 0.01835897 0.01819646 0.01802037 0.01783907 0.01765786
0.04820612 0.04810198 0.04799831 0.04788694 0.0477339 0.04753698 0.04731756 0.04704606 0.04671402 0.04631825 0.04585163 0.04530978 0.04473937 0.04414087 0.04350307 0.042873 0.04227634 0.04171442 0.04117719 0.04065982 0.04012533 0.0396804 0.03936411 0.03895306 0.03857955 0.03839237 0.03831979 0.03892762 0.0380538 0.03778096 0.03754992 0.03736443 0.03709653 0.03690257 0.03676794 0.03652761 0.03618806 0.03576482 0.0353394 0.03487382 0.03435274 0.03387712 0.03348809 0.03323335 0.03301722 0.03280934 0.03266467 0.03236932 0.03204018 0.03171692 0.03133713 0.03101719 0.03085508 0.03070555 0.03062615 0.03063776 0.03065104 0.03061846 0.03056569 0.03051877 0.03050318 0.03047185 0.0304628 0.03047723 0.03048527 0.03047296 0.03040488 0.03032588 0.03027241 0.03021634 0.0345471 0.03660226 0.02997763 0.02986229 0.02979654 0.02972229 0.02963437 0.0295841 0.02949808 0.02941397 0.02935888 0.02930085 0.02922855 0.02913171 0.02901739 0.02890324 0.02873868 0.0286279 0.028534 0.02843695 0.02836825 0.02831068 0.02823078 0.02816762 0.02801882 0.02791384 0.02780859 0.027711 0.02758117 0.02746029 0.02735249 0.02722504 0.02710583 0.02698686 0.02687087 0.02674857 0.02663571 0.02651231 0.02638544 0.02628498 0.02618777 0.02606838 0.02595031 0.02588463 0.02578717 0.02568813 0.02559233 0.02549772 0.0253507 0.02518314 0.02500702 0.02481832 0.02463709 0.02445164 0.0243106 0.0241733 0.02403048 0.02390467 0.02373721 0.02355948 0.02338403 0.02319841 0.02300938 0.02281574 0.02264418 0.02246807 0.02225984 0.02206689 0.02187652 0.02166686 0.02146592 0.02126765 0.02107975 0.02090159 0.02070139 0.02051274 0.02031821 0.02014271 0.01995213 0.01975645 0.01955976
0.05167468 0.05158069 0.05147326 0.05134775 0.05120152 0.0509975 0.05076201 0.05048325 0.05014193 0.04973594 0.04926692 0.04872807 0.04813605 0.04751602 0.04687923 0.04621618 0.04557796 0.04499987 0.04445785 0.04391997 0.04335097 0.04290032 0.04259364 0.04218522 0.04190585 0.04160412 0.04146143 0.04213483 0.0412546 0.04107978 0.04079897 0.04054345 0.04034001 0.04003636 0.03981253 0.03962232 0.03934633 0.03894448 0.03849503 0.03805746 0.03757957 0.03705858 0.03659916 0.03621299 0.03599932 0.03581186 0.03562214 0.03540106 0.03511379 0.03478325 0.03446918 0.03409979 0.03379839 0.03368699 0.03356215 0.03349368 0.0335219 0.03354416 0.03351704 0.03346843 0.03342998 0.03340342 0.0333885 0.03339894 0.03343098 0.03344785 0.03343049 0.03335316 0.03323599 0.03314549 0.03780019 0.03988766 0.03282967 0.03272838 0.03272157 0.03263978 0.03254872 0.03249409 0.03240512 0.03232629 0.03224338 0.03218069 0.03211881 0.03202189 0.03193296 0.03183149 0.03163786 0.03149996 0.03136635 0.03124241 0.03115809 0.03109992 0.0310076 0.03095384 0.03085357 0.03071524 0.03058502 0.03049376 0.03035801 0.03023441 0.03011164 0.02998433 0.0298522 0.02972033 0.02959754 0.02945813 0.02931777 0.02918499 0.02906071 0.02894494 0.0288368 0.02871008 0.02857173 0.0284873 0.0283866 0.02828682 0.02817523 0.02807248 0.02795478 0.0278089 0.02762862 0.02743066 0.02723973 0.02703311 0.02686034 0.02669491 0.02650939 0.02635308 0.0261734 0.02598686 0.02580218 0.02560803 0.02540734 0.02519355 0.02500383 0.02481097 0.02460232 0.0243986 0.02419152 0.02397307 0.02375548 0.02353991 0.02333604 0.02314353 0.02292689 0.02272269 0.02251316 0.02232369 0.02211701 0.02190536 0.02169174
0.05569305 0.05556919 0.05547121 0.05533993 0.05517627 0.05497572 0.05473138 0.05443211 0.05407827 0.05365699 0.05317121 0.05262342 0.05202933 0.05137998 0.0507138 0.05004515 0.04936899 0.04873512 0.04818121 0.04761934 0.04701177 0.04652752 0.04621856 0.04581528 0.04555048 0.04536055 0.04508713 0.04571322 0.04485931 0.04470752 0.04450181 0.04421211 0.04393306 0.04369587 0.04335231 0.04304378 0.04281782 0.04247798 0.04203708 0.04158396 0.04113414 0.04065381 0.04015759 0.03969352 0.03933775 0.03915111 0.03898113 0.03871537 0.0385067 0.03822084 0.03789129 0.03759058 0.03725261 0.03698272 0.03689839 0.03679275 0.03671422 0.03675594 0.0367859 0.03676458 0.03672532 0.0366842 0.03667307 0.03667692 0.03670463 0.03674589 0.03675882 0.03673602 0.03662621 0.03646723 0.04141794 0.04361254 0.03607687 0.03591782 0.03593073 0.03590869 0.0358089 0.03575327 0.03565549 0.03557487 0.03549827 0.03540512 0.0353385 0.03524995 0.03516248 0.0350898 0.03490158 0.03473651 0.03457251 0.03440365 0.03429231 0.03421848 0.03412184 0.0340575 0.03396342 0.03387801 0.03371049 0.03359411 0.03346184 0.03333315 0.03320759 0.03306241 0.03293064 0.03278403 0.03264828 0.03249899 0.03233925 0.03217505 0.03204087 0.03192942 0.03180438 0.03166345 0.03151462 0.03141299 0.03128893 0.03118516 0.03107152 0.03095155 0.03082239 0.0307087 0.03055149 0.03034646 0.03014675 0.02992799 0.02973555 0.02953348 0.02931228 0.02910923 0.028892 0.02869123 0.02849668 0.0282912 0.02808055 0.0278528 0.02764247 0.02742796 0.02719883 0.02699598 0.02677743 0.02653797 0.02631114 0.02607701 0.02585545 0.02564552 0.02541056 0.02518878 0.02496177 0.02475695 0.0245325 0.02430272 0.02406998
0.06033717 0.06020872 0.06007878 0.05995462 0.05978163 0.05955845 0.05931521 0.05900175 0.05862025 0.05817854 0.05766882 0.05709497 0.05648363 0.05582198 0.05511634 0.05440858 0.05372139 0.05304091 0.0524163 0.05184375 0.05118486 0.05065767 0.05030517 0.04990434 0.04966498 0.04948938 0.04933981 0.04986869 0.04890621 0.04880063 0.04861032 0.04839912 0.04806954 0.0477497 0.04748629 0.04704351 0.04666943 0.04637785 0.04599637 0.04553632 0.04507993 0.04461432 0.04416365 0.0436867 0.04321942 0.04287919 0.0427201 0.04246819 0.04221051 0.04200703 0.04172472 0.04140789 0.04114724 0.04082757 0.0405765 0.0405134 0.0404158 0.04031814 0.04036931 0.0404082 0.04039868 0.04036432 0.04033776 0.04034557 0.04036595 0.04040247 0.04043973 0.04045149 0.04039892 0.04024706 0.04552958 0.04778486 0.03973431 0.03954106 0.03949959 0.03949497 0.03945734 0.03939501 0.03929142 0.03920302 0.03912533 0.03903764 0.03893927 0.03884265 0.03876567 0.03869639 0.03852952 0.03837406 0.03817949 0.03797546 0.0378184 0.03771705 0.03759976 0.03753367 0.03742409 0.03734684 0.03723278 0.03707846 0.03691588 0.03679219 0.03666113 0.03651071 0.03636024 0.03621267 0.03606207 0.03589599 0.03572432 0.03553709 0.03536951 0.03524919 0.03512794 0.0349661 0.03479909 0.03469112 0.03454488 0.03441558 0.03429613 0.03417343 0.03402273 0.0338976 0.03377447 0.03359087 0.03338463 0.03315427 0.03295197 0.03272568 0.03245892 0.03221648 0.03194374 0.03170154 0.03149114 0.03127332 0.03104949 0.03080931 0.03058487 0.03034573 0.03009046 0.02986703 0.0296492 0.02939384 0.02914456 0.02889955 0.02865882 0.02842946 0.02817237 0.02793085 0.02768385 0.02746094 0.02721679 0.02696678 0.0267123
0.06564867 0.06552915 0.06539322 0.06523394 0.06506405 0.06482594 0.06455674 0.06423816 0.06383448 0.06335588 0.06281578 0.06220736 0.06155966 0.06086819 0.06013924 0.05938149 0.05864932 0.05794329 0.0572717 0.05662466 0.05594922 0.05534338 0.05496595 0.05449442 0.05427724 0.05413948 0.05399425 0.05469059 0.05356573 0.0533854 0.05322533 0.05300961 0.0527589 0.0523831 0.05203045 0.0516817 0.0511605 0.05069084 0.05036663 0.04994947 0.04948193 0.04900643 0.04855694 0.04812772 0.04765948 0.04720023 0.04686526 0.04662943 0.0463735 0.04612859 0.04593264 0.04566971 0.04538092 0.04514328 0.04484088 0.04460277 0.04456347 0.04442733 0.04433484 0.044397 0.04445157 0.04443514 0.04443484 0.04442954 0.04445423 0.04448232 0.04451365 0.04455244 0.04453428 0.04444062 0.05014513 0.05244128 0.04380196 0.04360373 0.04353505 0.04346993 0.04345019 0.04345549 0.04333952 0.04324678 0.04316186 0.04307163 0.04297946 0.04284622 0.04276284 0.04270654 0.04253319 0.04240428 0.04221765 0.04197808 0.04178602 0.04163782 0.04148708 0.04140244 0.04128633 0.04119471 0.04108627 0.04099007 0.04078325 0.0406292 0.04050323 0.04034446 0.04018871 0.0400199 0.03986916 0.03968403 0.03949299 0.03929041 0.0390984 0.03894461 0.03881309 0.03865198 0.03845944 0.03833758 0.03818028 0.03802673 0.03787849 0.03774903 0.0375919 0.03744481 0.03730938 0.03715854 0.03697607 0.03673618 0.03652486 0.03628439 0.03598447 0.035692 0.03537106 0.03506822 0.03481299 0.03457631 0.03433816 0.03408197 0.03384501 0.03358795 0.03330306 0.03305317 0.03281296 0.03255441 0.03228812 0.03201799 0.03176627 0.03151585 0.03123404 0.0309687 0.03069911 0.03045554 0.03018839 0.02991586 0.02963724
0.07162136 0.07148525 0.07135716 0.07118912 0.07097989 0.07073935 0.07045239 0.07010157 0.06968502 0.06917543 0.06858896 0.06794032 0.06724831 0.06650857 0.06574018 0.06495045 0.06416503 0.06339723 0.06270006 0.06202186 0.06126614 0.0606325 0.06015283 0.05966888 0.05936794 0.05926077 0.0591765 0.0599045 0.05888728 0.05857966 0.05830768 0.05811875 0.05786061 0.05756363 0.05713487 0.05668611 0.05629402 0.05564157 0.0551276 0.05476548 0.05432504 0.05385528 0.05339194 0.05294928 0.05254985 0.05208998 0.05161112 0.05120916 0.05096725 0.05072514 0.05046766 0.05031409 0.05008095 0.04981523 0.0496002 0.04930909 0.04907611 0.04901147 0.04887698 0.04878961 0.04886974 0.04890567 0.04891658 0.04894315 0.04895728 0.04898893 0.04900917 0.04905243 0.04905973 0.04899928 0.05506239 0.0575921 0.04834438 0.04808963 0.04802568 0.04792732 0.04784263 0.04786808 0.0478157 0.04771088 0.0476212 0.04752061 0.04742532 0.04729381 0.04717338 0.04711136 0.04694031 0.0468088 0.0466475 0.04641224 0.0461848 0.04600108 0.04579598 0.04567973 0.04553894 0.04544282 0.04531592 0.04522759 0.04507738 0.04487833 0.04472006 0.04456397 0.0443998 0.04422372 0.04405153 0.04386248 0.04364948 0.04342338 0.04321518 0.04303778 0.04286992 0.04269435 0.04249907 0.04235631 0.0421796 0.04201371 0.04183806 0.04167756 0.04150962 0.04135701 0.04119831 0.04103094 0.04088445 0.04066715 0.04044947 0.04019535 0.03987299 0.03954442 0.03916556 0.03881201 0.03849375 0.03820937 0.03795213 0.03768078 0.03742944 0.03715783 0.03685212 0.03657415 0.03630703 0.03602206 0.03575417 0.03546626 0.03518986 0.03492871 0.03462159 0.03433106 0.03403571 0.03377019 0.03347823 0.03318085 0.03287667
0.07817061 0.07804787 0.07790238 0.07773998 0.07751805 0.07723239 0.07694118 0.07656689 0.07611073 0.07558065 0.07495485 0.07425111 0.07351037 0.0727163 0.07189243 0.07105727 0.07024047 0.06942198 0.06864448 0.06794212 0.06718971 0.06645758 0.0659375 0.06532585 0.0650106 0.06484233 0.06480782 0.06558165 0.06461078 0.06442248 0.06402743 0.063679 0.06344551 0.06313874 0.06278941 0.06225444 0.06177526 0.06124625 0.06052275 0.05996086 0.05957756 0.05913758 0.05868122 0.05822485 0.05779769 0.0574114 0.05694647 0.0564073 0.05600123 0.05576032 0.05550509 0.05528616 0.05517236 0.05498467 0.05472474 0.05452688 0.05423852 0.05397882 0.05391666 0.05378357 0.05370761 0.05377377 0.05382365 0.05386649 0.05391904 0.05394276 0.0539649 0.05398723 0.05399662 0.05395869 0.06011958 0.06307747 0.05340582 0.0530674 0.052956 0.052859 0.05273901 0.05269938 0.05266167 0.05262648 0.05252525 0.05241805 0.05231284 0.0521741 0.05205833 0.05195991 0.05177195 0.05164794 0.05148176 0.05126921 0.05104909 0.05083001 0.05058228 0.05041328 0.05023403 0.05011518 0.04998042 0.04987535 0.0497289 0.04959215 0.0493865 0.04919369 0.04903358 0.04884703 0.04866878 0.04845338 0.04823484 0.04798268 0.0477501 0.04755852 0.04736515 0.04714757 0.04693362 0.04679521 0.04659166 0.04640499 0.04621488 0.04602524 0.04582076 0.04565864 0.0454948 0.04529943 0.04513702 0.04495549 0.04476674 0.04450179 0.04415709 0.04380331 0.04338072 0.04296445 0.04259234 0.04223933 0.04193096 0.04163808 0.04137207 0.0410827 0.0407586 0.0404611 0.04016429 0.03984677 0.03955164 0.03926148 0.0389675 0.03868029 0.03835786 0.03804081 0.03771741 0.03742613 0.03710709 0.03678216 0.03644904
0.08527754 0.08512747 0.08499628 0.08481421 0.0845952 0.08429176 0.08395302 0.08357045 0.08308463 0.08250798 0.08185566 0.08110583 0.08030271 0.07945257 0.07857004 0.07767634 0.07681889 0.075971 0.07514848 0.07434714 0.07360339 0.07288788 0.07226425 0.07156147 0.07110833 0.07099694 0.07088151 0.07165817 0.07076563 0.07063753 0.07039702 0.06988787 0.06948624 0.06920252 0.06884161 0.06838423 0.06781829 0.06718706 0.06659163 0.06580845 0.06521839 0.06484466 0.06440579 0.06396017 0.06352148 0.06310942 0.0627233 0.06221138 0.06165865 0.06124352 0.06101115 0.06077926 0.06060371 0.0605673 0.06039006 0.06012742 0.05993884 0.05961033 0.05934012 0.05928141 0.05915702 0.0590629 0.05917254 0.05925963 0.05933261 0.05940085 0.0594168 0.0594298 0.05941401 0.05937485 0.06527013 0.0688397 0.05893197 0.05859372 0.05840664 0.05825571 0.05813699 0.05806322 0.05794973 0.05793406 0.05790753 0.05778644 0.05767555 0.05752207 0.05740217 0.05731164 0.05707344 0.05693739 0.0567771 0.05655524 0.05636265 0.05615371 0.05586294 0.05565419 0.05541355 0.05525782 0.0550959 0.05498582 0.05481692 0.0546875 0.05454847 0.05430262 0.05410533 0.05392159 0.05373447 0.05350883 0.05326112 0.0530003 0.05274095 0.05252707 0.05231844 0.05207029 0.05180817 0.05165826 0.05145468 0.05123959 0.05102619 0.05082159 0.05058244 0.05038389 0.05021131 0.05000718 0.04981709 0.04961604 0.04947167 0.04923348 0.04886894 0.04849009 0.04803552 0.04757184 0.04713329 0.04672159 0.04633999 0.0459917 0.04570456 0.04539737 0.04505162 0.04473784 0.04442092 0.04406788 0.04373947 0.04341991 0.04312544 0.04282029 0.04246623 0.04213379 0.04178111 0.04146228 0.04111203 0.0407573 0.04039246
0.09290226 0.092729 0.0925698 0.09240226 0.09216021 0.09185653 0.09149926 0.0910635 0.09056563 0.08995405 0.0892495 0.08846932 0.08761484 0.08669681 0.08575648 0.08480366 0.0838958 0.08301334 0.08216467 0.08132588 0.08048639 0.07980118 0.0791687 0.0783842 0.07783758 0.07758012 0.07754539 0.07816531 0.07735183 0.07730003 0.07712228 0.07676503 0.07618922 0.07572781 0.0753898 0.07491603 0.0744417 0.07370657 0.0730035 0.0723581 0.07153662 0.07095335 0.07059147 0.07017016 0.06974829 0.06932803 0.06891779 0.06848672 0.06796391 0.06739225 0.06697583 0.06680205 0.06659398 0.06650591 0.06650943 0.0663348 0.06604238 0.06584871 0.06550493 0.06522333 0.06517636 0.06502155 0.064984 0.06513779 0.06526052 0.06535242 0.06541783 0.06543439 0.0654067 0.06533772 0.07063501 0.07505348 0.0649028 0.06462955 0.06445541 0.0642202 0.06404421 0.06397489 0.06381725 0.06372557 0.0637214 0.06367756 0.0635535 0.06338931 0.06325776 0.0631662 0.06292348 0.06274076 0.06256576 0.06234564 0.06214726 0.06197058 0.0616846 0.06143638 0.06114752 0.06093066 0.06072638 0.06059114 0.06041194 0.0602625 0.06013195 0.05995445 0.05970255 0.0594778 0.0592967 0.05905747 0.05879785 0.05850307 0.05823585 0.05799765 0.05776525 0.0574974 0.05719896 0.05700707 0.05678639 0.05657163 0.05632686 0.05609822 0.05583927 0.05560673 0.05539711 0.05518017 0.05498332 0.05475009 0.05459221 0.05439697 0.05405241 0.05365127 0.05316495 0.0526667 0.05217825 0.05169447 0.05125048 0.05082329 0.05047903 0.05014716 0.04977975 0.04944682 0.04911367 0.04873521 0.04837077 0.04801555 0.04769185 0.04738761 0.04701068 0.04664567 0.04627583 0.04592876 0.04554525 0.04515641 0.04475743
0.10106475 0.10088707 0.10070362 0.10050505 0.10027709 0.09994542 0.09958959 0.09913193 0.09857404 0.09794743 0.09720367 0.0963664 0.09547834 0.0945053 0.09349536 0.09248521 0.09152835 0.09060322 0.08972502 0.08886307 0.0879844 0.08722494 0.08666877 0.08582475 0.0851792 0.08486498 0.08467709 0.08529528 0.08449245 0.08439732 0.0843455 0.08404322 0.08362779 0.08297871 0.0824532 0.0819982 0.08152097 0.08091185 0.080058 0.07932698 0.07865737 0.07783558 0.0772588 0.07692735 0.07653785 0.07614126 0.07572514 0.07527621 0.07484534 0.07427158 0.07368966 0.07336315 0.0732014 0.07308312 0.07303603 0.0730568 0.07285781 0.07257108 0.07235742 0.07201648 0.07173269 0.07166444 0.07155308 0.07156156 0.07175812 0.0719044 0.07198253 0.07207031 0.07204478 0.07196088 0.0765263 0.08188707 0.07144385 0.07118894 0.07109695 0.07087092 0.070605 0.07047818 0.07031627 0.07018163 0.07009836 0.07007531 0.07003519 0.06985159 0.06971299 0.06961253 0.06935466 0.06917425 0.06894742 0.06870651 0.06851435 0.06833478 0.06807678 0.06784087 0.06750356 0.06723967 0.06696701 0.06679045 0.0665788 0.06642238 0.06627089 0.06609918 0.06592234 0.06563784 0.06541651 0.06517896 0.06490383 0.06459307 0.06429112 0.06404922 0.06379093 0.06349405 0.0631703 0.06295012 0.0626793 0.06244643 0.06220085 0.0619397 0.06165059 0.06140024 0.0611564 0.06089577 0.06068794 0.06044444 0.06026046 0.06004527 0.05973708 0.0593562 0.05884114 0.05830865 0.05778415 0.05724592 0.0567253 0.0562308 0.05580446 0.05540886 0.0550121 0.0546603 0.05430794 0.05390763 0.05351816 0.05312425 0.05276477 0.05243074 0.05205094 0.05166276 0.05125719 0.05089536 0.05047742 0.05005222 0.04961426
0.10982629 0.10964476 0.10945749 0.10923172 0.108968 0.10864866 0.10826487 0.10780778 0.10722444 0.10653139 0.10577077 0.10489129 0.10394131 0.10293339 0.10186818 0.10078858 0.09978642 0.09882155 0.09790648 0.09701871 0.09613034 0.09532461 0.09474834 0.09399762 0.0932233 0.09285503 0.09259132 0.09299651 0.09232238 0.09216451 0.0920742 0.09192675 0.09157298 0.09109454 0.09036683 0.08970843 0.08918073 0.08869226 0.08796957 0.08703394 0.08627802 0.08562892 0.08480418 0.08425179 0.08396489 0.08360871 0.08322204 0.08277809 0.08233443 0.08186327 0.08128363 0.08075492 0.08044925 0.08037904 0.08028161 0.08025125 0.08029953 0.08006975 0.07976067 0.07956217 0.07921824 0.07892704 0.07894756 0.07884013 0.07887749 0.07910561 0.0792691 0.07935353 0.07940099 0.07931694 0.08327272 0.08951507 0.07869784 0.07842165 0.07836046 0.07822191 0.07796387 0.07774419 0.07750989 0.07737397 0.07724489 0.07713263 0.07711499 0.07701176 0.07685615 0.07675026 0.07646676 0.07627735 0.07605043 0.07574879 0.07553912 0.07536971 0.07510128 0.07490279 0.07457172 0.07426161 0.07393596 0.07369084 0.07342935 0.07324214 0.07308339 0.07288551 0.07271806 0.07251031 0.07222975 0.07194357 0.0716692 0.07133788 0.07102064 0.07074687 0.07048475 0.07015668 0.06979711 0.06956182 0.06925503 0.0689687 0.06870222 0.06844149 0.06811246 0.06783372 0.06757353 0.06727137 0.06701981 0.06676106 0.06657551 0.06632595 0.06598666 0.06564385 0.06514848 0.06458758 0.06402976 0.06345415 0.06287823 0.06230359 0.06180996 0.0613253 0.06085896 0.06048212 0.06011268 0.05968826 0.05927952 0.05885998 0.05846328 0.05809407 0.05767967 0.05729084 0.05686088 0.05646601 0.05602862 0.05556704 0.05508836
0.11930252 0.11911489 0.11892407 0.11869315 0.11839789 0.11803622 0.11766836 0.11718008 0.11659546 0.11587376 0.11504101 0.11414302 0.11314666 0.11207292 0.11097299 0.10983857 0.10877924 0.10777934 0.10683001 0.10590831 0.10505192 0.10420629 0.10357373 0.10285816 0.10224821 0.10164008 0.10132434 0.10166954 0.1008073 0.10072246 0.10058769 0.100422 0.10023402 0.0998241 0.09927961 0.09840138 0.09763056 0.09713435 0.09658201 0.09575569 0.094788 0.09400173 0.09336826 0.09256093 0.09204623 0.09180295 0.0914625 0.09105247 0.09062013 0.09018062 0.08971755 0.08915823 0.08864461 0.08841064 0.0883649 0.08830585 0.08830247 0.0883255 0.08809869 0.08778769 0.08759847 0.0872649 0.08707069 0.08708783 0.08699751 0.08704983 0.08731975 0.08745647 0.08749889 0.08748996 0.09113417 0.09811572 0.08680419 0.08649429 0.08642051 0.08631608 0.08614829 0.08594024 0.08559802 0.08539104 0.08526078 0.08509582 0.0849858 0.08489584 0.0848286 0.08470763 0.0844011 0.08419157 0.08395178 0.08364281 0.0833738 0.08318926 0.08292244 0.08272057 0.08242068 0.08212238 0.08174486 0.08144829 0.08110799 0.0808718 0.08068015 0.08046952 0.08027788 0.080075 0.07987978 0.07952427 0.07919695 0.07886108 0.07852346 0.07823866 0.07794254 0.07760604 0.07720731 0.07694699 0.07661747 0.07629262 0.07596728 0.07568531 0.07535007 0.0750328 0.07474528 0.07441929 0.07412649 0.07381679 0.07362524 0.07336581 0.07297852 0.07259908 0.07214107 0.07160092 0.07101379 0.07040144 0.06978654 0.0691526 0.06857658 0.06801641 0.06745173 0.0670056 0.06661066 0.06616153 0.06572952 0.06528849 0.06486725 0.06445997 0.06400351 0.06357844 0.06314648 0.06272977 0.0622515 0.06176832 0.06124726
0.12963546 0.12941465 0.12921748 0.12898119 0.12867787 0.12827886 0.12786942 0.12739614 0.12677629 0.12605107 0.12518695 0.12421226 0.12319346 0.12206948 0.12090155 0.11973268 0.11863285 0.11758712 0.11660778 0.115709 0.11473474 0.11397082 0.11325984 0.11242565 0.11196971 0.11152799 0.11098251 0.11141933 0.11042045 0.11004689 0.11001058 0.10972848 0.10951914 0.10933858 0.10887012 0.10818569 0.10724858 0.10640805 0.10584755 0.105295 0.10444702 0.10344893 0.10261227 0.10201346 0.10123892 0.10076175 0.10054188 0.10018339 0.09979257 0.09937062 0.09894756 0.0985177 0.09797301 0.09750968 0.09732531 0.0973199 0.09728869 0.09729711 0.09733288 0.09711034 0.09680853 0.09660095 0.09637513 0.09620435 0.09624884 0.09611318 0.09620643 0.09645563 0.09654961 0.09653313 0.10004446 0.10781247 0.09592558 0.09554254 0.09544192 0.09531774 0.09518377 0.09507114 0.09472956 0.09441626 0.09421385 0.09404259 0.09387985 0.09368348 0.09363442 0.09360678 0.09326599 0.09304021 0.09277567 0.09244487 0.09217311 0.09193029 0.09163768 0.09144544 0.0911324 0.09087165 0.09050226 0.09015651 0.08975518 0.08944144 0.0891982 0.08894694 0.08874555 0.08851158 0.08832593 0.08805113 0.0876498 0.08725236 0.08691099 0.08661024 0.08630206 0.08592471 0.08550953 0.08522242 0.08485923 0.0845096 0.08414134 0.08379848 0.08343299 0.08311306 0.08278804 0.08242559 0.08211064 0.08175217 0.08151864 0.08124297 0.08083209 0.0803974 0.07989714 0.07939584 0.07883072 0.07818557 0.07753249 0.07685678 0.07622129 0.07556933 0.07492076 0.07437604 0.07390931 0.07342526 0.0729695 0.07250245 0.07206121 0.07162939 0.07112747 0.07065817 0.07018587 0.06977148 0.06926338 0.06873555 0.06818728
0.14087304 0.14065218 0.14042103 0.14017618 0.13986414 0.13945237 0.13900871 0.13849098 0.1378833 0.13711917 0.13624916 0.13524071 0.13413927 0.1329882 0.13176812 0.13053014 0.12941194 0.12833822 0.12731881 0.12639045 0.12541535 0.12453179 0.12391578 0.12298384 0.122299 0.12211651 0.12181114 0.12226641 0.12103071 0.1207627 0.12028405 0.12012251 0.11978933 0.11958186 0.11934882 0.11874173 0.11798268 0.11693279 0.11602046 0.11546067 0.11489787 0.11414394 0.11304897 0.11217198 0.11162167 0.11088382 0.1104964 0.11023529 0.10990239 0.1095284 0.10912832 0.1087459 0.10833433 0.10784532 0.10743601 0.10729359 0.10731628 0.10734777 0.10736741 0.10738665 0.10717865 0.1068382 0.10672287 0.10652131 0.10636786 0.10637055 0.1062663 0.10636799 0.10657213 0.10660609 0.10971038 0.11875025 0.10608282 0.1056864 0.10551785 0.10535919 0.10520408 0.10512731 0.10486867 0.1045612 0.10425285 0.10400263 0.10383566 0.1035746 0.10342272 0.10341468 0.10314872 0.10289611 0.10261076 0.10224495 0.10195603 0.10171422 0.10135077 0.10114066 0.1008267 0.10055799 0.10022153 0.09988904 0.09942884 0.09905739 0.09873414 0.09842282 0.09818402 0.09793325 0.09772102 0.09744564 0.0971259 0.09664499 0.0962408 0.09594194 0.09561651 0.09522081 0.09475422 0.09446587 0.09406659 0.09368066 0.09328374 0.09289746 0.09245953 0.0921123 0.09178811 0.09137766 0.09102797 0.09064035 0.0903694 0.09003852 0.08959602 0.0891314 0.08856992 0.08802389 0.08749894 0.08687427 0.08618716 0.08547056 0.08479435 0.08407421 0.08332468 0.08269794 0.08212988 0.08156122 0.08107158 0.08057793 0.08011235 0.07966106 0.0791278 0.0786108 0.07808974 0.07763766 0.07712434 0.07656357 0.07596319
0.15302569 0.15286095 0.15262973 0.15234866 0.15202453 0.15159902 0.15114723 0.15059344 0.14993755 0.14918214 0.1482698 0.14725261 0.14611157 0.14487127 0.14362142 0.1423298 0.14115977 0.14013706 0.1390382 0.13801693 0.13707688 0.13622532 0.13549297 0.13467181 0.1338667 0.13343856 0.13331381 0.13425592 0.13273329 0.13234153 0.13200773 0.13148589 0.13127333 0.13088492 0.13061977 0.13024253 0.12953582 0.12866558 0.12754313 0.126583 0.12601622 0.12556631 0.1247889 0.1236602 0.12283135 0.12232657 0.12168275 0.1212122 0.12098304 0.12067229 0.1203254 0.11996978 0.11960946 0.11925641 0.11882399 0.11846107 0.118349 0.11846547 0.11850948 0.11851047 0.1185506 0.11837926 0.11797909 0.11789377 0.11770532 0.11754571 0.11752771 0.1175071 0.11755976 0.11769888 0.12036569 0.13094022 0.1172765 0.11690712 0.11673024 0.11649596 0.11630583 0.11620941 0.11597008 0.1157521 0.1154518 0.1150893 0.11484523 0.11456828 0.11435812 0.11424831 0.11398061 0.11381277 0.11349594 0.11309855 0.11278004 0.11252515 0.1121508 0.11187846 0.11153449 0.11127129 0.11092002 0.11062615 0.11017021 0.10974406 0.10936201 0.10896144 0.10866672 0.1083705 0.10814812 0.10783393 0.10751166 0.10710712 0.10661822 0.10626094 0.10593688 0.10551702 0.10502124 0.10469755 0.10428795 0.10386311 0.10342542 0.10301114 0.10251835 0.10210093 0.10175301 0.10133327 0.10093772 0.10050747 0.1002219 0.09983958 0.09932364 0.09882016 0.09822516 0.09761534 0.09704303 0.09645732 0.09579183 0.09503863 0.09432252 0.09355286 0.09272671 0.09200099 0.09135009 0.09066476 0.09009002 0.08955926 0.08906937 0.08859445 0.08803502 0.08748516 0.08691174 0.08641383 0.08585223 0.08528462 0.08464406
0.16619413 0.16597105 0.16579647 0.16551353 0.16514998 0.1647079 0.16424794 0.16368474 0.16298965 0.16218301 0.16127671 0.16021454 0.15905897 0.15777169 0.15643053 0.15510819 0.15390385 0.15291072 0.1517968 0.15070126 0.1496074 0.14888034 0.14822115 0.14728016 0.14662941 0.14608396 0.14562568 0.1468075 0.14554111 0.14507358 0.14458577 0.14420918 0.14363415 0.14336832 0.14292249 0.14250726 0.14203254 0.14121444 0.14027255 0.1390998 0.13813408 0.13764571 0.13723092 0.13649972 0.1354195 0.13463496 0.13415431 0.13336022 0.13291631 0.13271425 0.13243429 0.13213508 0.1318578 0.1315585 0.13126095 0.13087289 0.13054208 0.13048609 0.13062137 0.13068128 0.13070502 0.13085056 0.1306204 0.13017017 0.13010637 0.12990724 0.12979094 0.12983769 0.12976719 0.12975266 0.13216073 0.14447509 0.12942069 0.12913206 0.12898533 0.12873406 0.12846638 0.12833701 0.12805992 0.12786945 0.12766128 0.12730108 0.12694503 0.12657785 0.12636051 0.12619592 0.12580402 0.12564634 0.12541419 0.12497504 0.12463293 0.12435436 0.12395514 0.12368456 0.12326541 0.12298045 0.12262889 0.12232635 0.1219008 0.12148577 0.12104852 0.12058051 0.12020115 0.11984154 0.11958256 0.11924707 0.11888481 0.11847049 0.11806366 0.11762686 0.1172427 0.11681867 0.11628731 0.11595422 0.115499 0.11506257 0.11458186 0.11412816 0.11359625 0.11312867 0.11271419 0.11225949 0.11185981 0.11137562 0.1110646 0.11065394 0.11007005 0.10948604 0.10885302 0.10821253 0.10757632 0.10694116 0.10632026 0.10559192 0.10484279 0.10402538 0.1031439 0.10234743 0.10159878 0.10081686 0.10012638 0.09950703 0.09898473 0.09848901 0.09790129 0.09732605 0.09671778 0.09617267 0.09555504 0.09493681 0.09428472
0.18034303 0.18006561 0.1798333 0.17960787 0.17923983 0.1787538 0.17828375 0.17771159 0.17700437 0.17615534 0.17519535 0.1741381 0.17293166 0.17162245 0.17023211 0.16881738 0.16760396 0.16650607 0.1655827 0.16440144 0.16323241 0.16229101 0.16186618 0.16104067 0.16020829 0.15981984 0.15933191 0.16022483 0.15864216 0.15889059 0.15829034 0.15775453 0.15732576 0.15669039 0.15637284 0.15576891 0.1552587 0.15468256 0.15379445 0.1528047 0.15162174 0.15074326 0.15029995 0.14994468 0.14926645 0.1482213 0.14745581 0.14674216 0.14595779 0.14553411 0.14536937 0.14525733 0.14499427 0.14477759 0.1445352 0.14427964 0.14391736 0.14359597 0.14355321 0.14371408 0.14380501 0.1439566 0.14415265 0.14387346 0.14341243 0.14335044 0.14319164 0.14297841 0.14297708 0.14284562 0.14492431 0.15940757 0.14251325 0.14224341 0.1421837 0.14195625 0.14167139 0.14146662 0.14113773 0.14091965 0.14074357 0.1404728 0.14012016 0.13962489 0.13932505 0.13915914 0.13868913 0.13841748 0.13819686 0.1378362 0.13746074 0.13716524 0.13672915 0.1364474 0.13601789 0.13566459 0.13528466 0.13498949 0.13454531 0.13416977 0.13374438 0.13321018 0.13276683 0.13231311 0.13199974 0.13161467 0.13123138 0.13076819 0.13035585 0.13001499 0.12954722 0.12905436 0.12850732 0.12816036 0.12768555 0.12720013 0.12670458 0.12620907 0.12562471 0.12512399 0.12466387 0.12412783 0.12369819 0.12320353 0.12285718 0.12240519 0.12177684 0.12111591 0.12040138 0.11972509 0.11905847 0.118355 0.11768534 0.11700663 0.11628782 0.11542735 0.11449057 0.11364463 0.11282659 0.11192838 0.11114215 0.11039992 0.10979045 0.10926545 0.10865212 0.10804863 0.1074129 0.10683936 0.1061628 0.10548547 0.10477429
0.19530089 0.19510088 0.19481222 0.194527 0.19421944 0.19372582 0.1932169 0.19263478 0.19191699 0.19105406 0.19004897 0.18893617 0.18773199 0.18636344 0.18495152 0.18348731 0.18220309 0.18100624 0.18019494 0.17910308 0.17802925 0.17683851 0.17611382 0.17565424 0.17496213 0.1743371 0.17401374 0.17503455 0.17266546 0.17266891 0.17306253 0.17240221 0.17180449 0.17131992 0.17061696 0.17014562 0.16943961 0.16883578 0.16820776 0.16727622 0.16628588 0.16518903 0.16434673 0.16397435 0.16369446 0.16306364 0.16201663 0.16108802 0.16038105 0.15959109 0.15919382 0.15921728 0.15903211 0.15890238 0.158672 0.15847444 0.1582445 0.15788238 0.15754758 0.15752116 0.15772849 0.15792313 0.15813605 0.15839459 0.15811321 0.15760779 0.15751916 0.15723719 0.15696405 0.15690224 0.16142911 0.1787069 0.15653212 0.15624985 0.15621558 0.15607422 0.15581649 0.15559743 0.15516969 0.15491015 0.15471088 0.15447003 0.15421643 0.15371117 0.15328526 0.15303923 0.15254566 0.1522076 0.15186796 0.15151228 0.15123424 0.15091245 0.15044604 0.15014223 0.14968883 0.14933559 0.14887772 0.14856197 0.14811673 0.1477319 0.1473501 0.1468198 0.146312 0.14578422 0.14538323 0.14492837 0.14449482 0.14400275 0.14354478 0.14321109 0.14284717 0.14225877 0.14162655 0.14128984 0.1407906 0.14028362 0.13973355 0.13922696 0.13858642 0.13803928 0.13755222 0.13695496 0.13644662 0.13591426 0.13558138 0.13507586 0.13438872 0.13367551 0.13288463 0.1321271 0.13142551 0.13068985 0.12995193 0.1292259 0.12856566 0.12773055 0.12674382 0.12584943 0.12498539 0.1239988 0.1230955 0.12225052 0.12151703 0.12090448 0.12025723 0.11962899 0.11896311 0.11837062 0.11765476 0.11691557 0.11613544
0.21107878 0.21087458 0.21067294 0.21032598 0.20995391 0.20952625 0.20901758 0.20839479 0.20766708 0.20679385 0.20577543 0.20461624 0.20335083 0.20198118 0.20050989 0.19902825 0.19771989 0.19657695 0.19545506 0.19470552 0.19378431 0.19267784 0.1915527 0.19065392 0.19054184 0.19002206 0.18959875 0.19068844 0.18843244 0.18736419 0.18768849 0.18810785 0.18736997 0.18670236 0.1861603 0.18526934 0.18471121 0.18390228 0.18325512 0.18261178 0.18169028 0.18081024 0.17973424 0.17894275 0.17865615 0.17845842 0.17784714 0.17672678 0.17577856 0.1750649 0.17426789 0.17391412 0.17385293 0.17390533 0.17376064 0.17348662 0.17332052 0.17309453 0.17269949 0.17234021 0.17234439 0.17262487 0.17281696 0.17310666 0.17343823 0.17313044 0.17253672 0.17249044 0.17213338 0.17177546 0.182857 0.20362821 0.17128945 0.17115185 0.17110851 0.17098966 0.17083117 0.170646 0.17018218 0.16982874 0.16959133 0.16932159 0.16910999 0.16869961 0.1682725 0.16789674 0.16729265 0.16694725 0.16653568 0.16604275 0.16578816 0.16558454 0.1650768 0.1647594 0.16426968 0.16390375 0.16344064 0.1630504 0.16257438 0.1622012 0.16181229 0.16132191 0.16082535 0.16022183 0.15975319 0.15919004 0.15868353 0.15813021 0.15764872 0.1572802 0.15692786 0.1564473 0.15569819 0.15529895 0.15480153 0.15426803 0.15369291 0.15313314 0.1524689 0.15187195 0.15134448 0.1507046 0.15013904 0.14951537 0.14916963 0.14866165 0.14790161 0.14711995 0.14628144 0.14544828 0.14466263 0.14389046 0.14312389 0.14233012 0.14162454 0.14084787 0.1398869 0.1389515 0.1380439 0.13699303 0.13600296 0.13503115 0.13419518 0.13345417 0.13271005 0.13204845 0.13135634 0.13074367 0.12999847 0.12921887 0.12836573
0.22780659 0.22745272 0.22724925 0.22700047 0.22655863 0.22605843 0.22563455 0.22501527 0.22424454 0.22336373 0.22233817 0.22116943 0.21985126 0.21841118 0.21694571 0.21540659 0.21411346 0.2131252 0.21189304 0.21080688 0.21018335 0.20957943 0.20851373 0.2068365 0.20630311 0.20671021 0.20642179 0.20746188 0.2051273 0.20417974 0.20321611 0.20357076 0.20402598 0.20320322 0.20246246 0.20174491 0.20072506 0.20008523 0.19921881 0.19856359 0.19796945 0.19718319 0.1963473 0.19530433 0.19456682 0.19437021 0.19423351 0.19357824 0.19241549 0.19143606 0.19072243 0.18993187 0.18942563 0.189658 0.18979879 0.18960313 0.18924511 0.18919769 0.18896149 0.18853256 0.18815674 0.18805457 0.18848021 0.18874502 0.18910732 0.18949606 0.18913206 0.18842944 0.18832852 0.18787569 0.20669401 0.23150467 0.18699048 0.1868408 0.18695951 0.18682231 0.18669593 0.1866249 0.18617686 0.18579711 0.18546248 0.18514525 0.18491227 0.18453526 0.1842274 0.1838591 0.1830851 0.18263683 0.18221668 0.18163393 0.18124415 0.18107964 0.18068932 0.18034696 0.17982887 0.17943708 0.1789546 0.17856929 0.17800149 0.17760847 0.17723562 0.17672999 0.17628812 0.17569175 0.17515395 0.17450222 0.17387866 0.17323686 0.17269554 0.17231638 0.1719291 0.17145708 0.17081342 0.17031796 0.16974204 0.1692109 0.16860545 0.16802541 0.16729039 0.16668049 0.16610985 0.16541143 0.16480942 0.16411669 0.16370128 0.16316013 0.16238199 0.16151457 0.16061238 0.1597346 0.15886949 0.15800594 0.15720563 0.15638696 0.15561218 0.15477985 0.15388246 0.15299047 0.15204873 0.15093525 0.14988579 0.14881943 0.14785459 0.14700734 0.14612003 0.14535498 0.14462561 0.14399756 0.1432201 0.14241027 0.14150654
0.2454147 0.24496492 0.24459441 0.24434345 0.24401176 0.24343191 0.2429387 0.24241968 0.24165743 0.24073402 0.23970686 0.23853819 0.23720787 0.23570695 0.2341719 0.23264908 0.2313324 0.23046213 0.22952133 0.22792363 0.22696074 0.22714948 0.22665792 0.22498851 0.22337098 0.22331587 0.2241802 0.22513546 0.22261589 0.22205314 0.22101467 0.21995112 0.22033701 0.22083649 0.21992913 0.2189912 0.21816659 0.21701936 0.2163453 0.21545317 0.21485649 0.21445355 0.2137291 0.21295695 0.21194937 0.21126308 0.21112768 0.21098993 0.2103513 0.20914364 0.20814589 0.20745586 0.20655731 0.20622277 0.20656613 0.20679016 0.2063439 0.2062585 0.20622897 0.20598977 0.20554641 0.20499974 0.20510251 0.20561371 0.20593628 0.20634506 0.20675539 0.20607875 0.20527085 0.20510202 0.23162935 0.25947758 0.20397034 0.20357905 0.20367847 0.20370614 0.20356285 0.20353074 0.20318548 0.20283937 0.20248314 0.20205216 0.20177744 0.20136168 0.20110901 0.20088352 0.2000924 0.19947873 0.1989447 0.19834183 0.19786962 0.19756796 0.19720677 0.19701686 0.19645752 0.1960504 0.1955343 0.1951399 0.19456825 0.19408974 0.19369858 0.19320335 0.19275925 0.19221813 0.19170649 0.19096567 0.19024821 0.18946902 0.18883801 0.18840891 0.18801349 0.18749861 0.18685019 0.18650713 0.18581626 0.18519944 0.18459623 0.18399204 0.18322222 0.1825498 0.1819793 0.18121888 0.18056466 0.17982589 0.17936878 0.17873047 0.1779025 0.17701064 0.17602983 0.17509222 0.17418277 0.17323375 0.17234071 0.1714936 0.17069675 0.16978222 0.16882465 0.16802006 0.16713966 0.16597514 0.16487169 0.16374296 0.16268756 0.16170707 0.16070239 0.1597839 0.15894016 0.15828617 0.15748047 0.1566364 0.15569294
0.26376004 0.26335973 0.26288582 0.26244888 0.26211267 0.26165406 0.26108714 0.26049699 0.25985121 0.25894475 0.25787907 0.25671837 0.255384 0.25386816 0.25227526 0.25068576 0.24943155 0.24815594 0.24784194 0.24667093 0.24496038 0.244593 0.24553696 0.244378 0.24286218 0.24115013 0.24172996 0.24348434 0.24096924 0.24014859 0.23991154 0.23877816 0.2376158 0.23803297 0.23857772 0.23746019 0.23639849 0.23547204 0.23424746 0.23357115 0.23272352 0.23234306 0.23204302 0.23140178 0.23069861 0.22972674 0.22905872 0.22891753 0.22886056 0.2282476 0.2270193 0.22603473 0.22538742 0.22451051 0.22423602 0.22467956 0.22479732 0.22452046 0.22445156 0.2244425 0.22421361 0.22377084 0.22322035 0.22337205 0.2239577 0.22431616 0.22474142 0.22481987 0.22406452 0.22315458 0.25523744 0.28533407 0.2220379 0.22175367 0.22157563 0.22156185 0.22160269 0.22155415 0.22122031 0.22100305 0.22068981 0.22022792 0.21983789 0.21935751 0.21907975 0.21892195 0.2182615 0.21765342 0.21693633 0.21619489 0.21571641 0.21533525 0.21480466 0.21466507 0.21425616 0.21381897 0.21327865 0.21285825 0.21226481 0.21179746 0.21131438 0.21078855 0.21037094 0.20981895 0.2093877 0.20866085 0.20784984 0.20695829 0.20618387 0.20567201 0.2052235 0.20469319 0.20397951 0.20366824 0.20313325 0.20239083 0.20169202 0.20109943 0.20028826 0.1995937 0.19897045 0.19819288 0.19748337 0.19668034 0.19621008 0.19550272 0.19455399 0.1935973 0.1926061 0.19159206 0.19061977 0.18962196 0.18864178 0.18770141 0.18687513 0.18592759 0.18487984 0.18402638 0.18325333 0.18213971 0.18099632 0.17981101 0.17870143 0.17763082 0.17648069 0.17543696 0.17442436 0.17366099 0.17281237 0.17193577 0.17094722
0.28287318 0.2824914 0.28207599 0.28152922 0.28098927 0.28052227 0.28010488 0.27944274 0.2787252 0.2779525 0.27691515 0.27572349 0.27438976 0.27286698 0.27126668 0.26962388 0.26834675 0.26654192 0.26661519 0.26623164 0.26468715 0.2631736 0.26360794 0.26465206 0.2633747 0.26172282 0.26025797 0.26253934 0.26003722 0.25885758 0.25897951 0.25872391 0.25750565 0.25626131 0.25670538 0.25714821 0.2559017 0.25472761 0.25375119 0.25248753 0.25188257 0.25126017 0.25098747 0.25080686 0.25025208 0.24961849 0.2486562 0.24795017 0.24789849 0.2479286 0.24736677 0.24615923 0.2452146 0.24462628 0.24378204 0.24355998 0.24408269 0.24424203 0.24397196 0.24392246 0.24394476 0.24374044 0.24331208 0.24276386 0.24295196 0.24358185 0.24394367 0.24415935 0.24420438 0.24336085 0.27729431 0.30913126 0.24167076 0.24112272 0.24104433 0.24071127 0.24070804 0.24085464 0.24046631 0.24027654 0.24010471 0.23967979 0.239267 0.2386425 0.2383131 0.23813299 0.23751721 0.23707276 0.23636168 0.23541055 0.23479868 0.23442208 0.2337857 0.23348136 0.23310496 0.23284471 0.23226314 0.23182742 0.23119267 0.23071769 0.23024803 0.22961103 0.22917751 0.22864213 0.22822097 0.22756281 0.22677211 0.22577017 0.22488307 0.22423342 0.22369723 0.22310228 0.2223505 0.22200749 0.22149371 0.2209179 0.22008241 0.21939661 0.21858061 0.21785828 0.21722884 0.21637558 0.21566015 0.21478965 0.21429149 0.2135436 0.21250563 0.21140582 0.21036375 0.20934835 0.20829548 0.20722884 0.20620188 0.20517648 0.20424944 0.20325948 0.20217486 0.20124137 0.20042675 0.19941006 0.19833762 0.19711152 0.19595539 0.19483642 0.19359028 0.19239311 0.19124422 0.19031584 0.18933274 0.18840515 0.18737354
0.30208828 0.30235535 0.30196312 0.30148246 0.30082796 0.30014255 0.29973474 0.29924018 0.29845334 0.29761131 0.29672439 0.29557348 0.29419555 0.29267033 0.29107065 0.28942908 0.28814803 0.28608572 0.28618613 0.28607555 0.28517259 0.28387189 0.28262205 0.2843203 0.28514576 0.2832593 0.28159356 0.282734 0.27971284 0.27830377 0.27863062 0.2787569 0.27848209 0.27719831 0.27589326 0.27619934 0.27661383 0.27525438 0.27402647 0.27303657 0.2718223 0.271488 0.27096543 0.27081399 0.27074653 0.27027579 0.26968612 0.26869669 0.26805833 0.26809988 0.2682295 0.26774668 0.26658726 0.26569998 0.26517357 0.26436138 0.26417957 0.26475903 0.26495119 0.26469365 0.26467346 0.26473483 0.26456238 0.26415035 0.26360192 0.26380199 0.26444005 0.26477953 0.26495677 0.26494983 0.30178974 0.33319446 0.2626596 0.26207003 0.26169508 0.26144906 0.26111273 0.26120812 0.26098382 0.2607531 0.26061032 0.26032077 0.25995872 0.25929004 0.25882835 0.25859877 0.25793009 0.25755147 0.25701264 0.25605605 0.25524111 0.25473591 0.25408337 0.25368911 0.25311534 0.25290461 0.25249749 0.25202922 0.25136432 0.25086252 0.25038514 0.24974992 0.24921854 0.24865147 0.24827191 0.24760272 0.24688969 0.24589823 0.24490388 0.24415403 0.2434747 0.24278039 0.24193638 0.24159451 0.24103357 0.24047552 0.23981466 0.23899608 0.23806157 0.23735188 0.23671305 0.23583192 0.23504941 0.23416343 0.23363961 0.23283271 0.23173704 0.23052882 0.22935807 0.22830079 0.22724758 0.2260949 0.22500153 0.22393781 0.22292018 0.22181232 0.22068199 0.21972789 0.21884154 0.2177601 0.21680703 0.21565744 0.21447322 0.21331638 0.21202211 0.21072683 0.209415 0.20836197 0.20718699 0.20611085 0.20501783
0.32212716 0.32228077 0.32256817 0.32211418 0.32153211 0.32072886 0.32011336 0.3196358 0.31903052 0.31812343 0.31717115 0.31618503 0.31483605 0.31326016 0.31166467 0.31003086 0.30880412 0.30642387 0.30569539 0.30679632 0.3058757 0.30527862 0.30427564 0.30367567 0.30664688 0.30600398 0.3041011 0.30529951 0.30042064 0.29804241 0.29898428 0.2993216 0.29944768 0.29915991 0.29783145 0.29630848 0.29656431 0.29695109 0.29554217 0.29430121 0.2933887 0.29245682 0.29223733 0.29182834 0.29178762 0.29182304 0.29141411 0.29084563 0.28992721 0.28936578 0.28950794 0.28974705 0.28935223 0.28825497 0.28742712 0.28695249 0.28616725 0.28601453 0.28663488 0.28685674 0.28662268 0.28663738 0.28673748 0.2865916 0.28618867 0.28562765 0.28581424 0.28643521 0.28674241 0.28687873 0.32699013 0.35860591 0.28459876 0.28429611 0.28385749 0.28328734 0.28304734 0.28279913 0.28247502 0.28243335 0.28224864 0.28197063 0.28176226 0.28112294 0.28063755 0.28027777 0.279529 0.27911326 0.27864103 0.27784735 0.27704788 0.27634663 0.275539 0.27515209 0.27446352 0.27406545 0.27369328 0.27341738 0.27270417 0.27218945 0.27168404 0.27102684 0.27051924 0.26983501 0.26944929 0.26879887 0.26807912 0.26715433 0.26618126 0.26534026 0.26456074 0.26371241 0.26273976 0.26234656 0.26177385 0.26116067 0.2605138 0.25989118 0.25879761 0.25798275 0.25737993 0.25646531 0.25566699 0.25470065 0.25421113 0.25334485 0.25217309 0.25088859 0.24963267 0.24845564 0.24735872 0.24620469 0.24502867 0.2439094 0.24284963 0.24163587 0.24038241 0.23940007 0.23850714 0.23732816 0.2363247 0.23529893 0.23420842 0.2330347 0.23170504 0.23036172 0.22894698 0.22774556 0.22642266 0.22514088 0.22388659
0.34361864 0.34297806 0.3431456 0.34339801 0.34284609 0.34212133 0.34140453 0.34071931 0.34013634 0.33942286 0.33840938 0.33736178 0.33616881 0.33461756 0.33297646 0.33135392 0.33018695 0.32842284 0.32552464 0.32770037 0.32739235 0.32678587 0.32654299 0.32523538 0.32623158 0.32833772 0.32774084 0.3280672 0.3239311 0.31801525 0.31954194 0.32050852 0.32085276 0.32098219 0.32068933 0.31914964 0.31751718 0.31774135 0.31814597 0.31672854 0.31557294 0.31498443 0.31415963 0.31406211 0.31375469 0.31381371 0.31393118 0.31357422 0.31309396 0.31224979 0.31177258 0.31201756 0.31235844 0.31204542 0.31100411 0.31022206 0.30978397 0.30901784 0.30888801 0.30954209 0.30979585 0.30958952 0.3096367 0.30976508 0.30963298 0.30922309 0.30863515 0.30879575 0.30939339 0.30966912 0.35156631 0.38525549 0.30853847 0.30728248 0.30710795 0.30645607 0.30589066 0.30574548 0.30502959 0.30491206 0.30492349 0.30458591 0.30440822 0.30390061 0.30347156 0.30309836 0.30219012 0.30171384 0.30120452 0.30046061 0.29985135 0.29918388 0.29815506 0.29763681 0.29693674 0.29644279 0.29586529 0.29563759 0.29510877 0.29456613 0.29404876 0.29334913 0.29284523 0.29216961 0.29169479 0.29101301 0.29032 0.28937228 0.28847895 0.28768249 0.28681478 0.28586103 0.28470448 0.28422881 0.28359242 0.28296215 0.28225487 0.28166174 0.28074908 0.2797919 0.27910742 0.27820426 0.27738555 0.27639245 0.2758763 0.27500946 0.27376617 0.27238752 0.27108638 0.26983965 0.26861918 0.26741933 0.26624998 0.26506293 0.26394216 0.26267403 0.26131321 0.26022551 0.2593211 0.25811201 0.2570279 0.25594839 0.25499738 0.25393492 0.25259444 0.25121543 0.24975015 0.248467 0.24697292 0.24553506 0.24406345
0.36727639 0.36506803 0.36441609 0.36454609 0.36472877 0.3640388 0.36342069 0.36263699 0.36184427 0.36115845 0.36034905 0.35924283 0.35797574 0.35657986 0.35497138 0.35330926 0.3522028 0.35138298 0.34757102 0.34703549 0.34898159 0.34902406 0.34878028 0.34824709 0.34727752 0.34855819 0.35082659 0.35175103 0.35016149 0.3410051 0.34022415 0.3417842 0.34277364 0.34312984 0.34326942 0.3427956 0.34115361 0.3394471 0.33968887 0.34014456 0.33881996 0.33801424 0.33754173 0.33682907 0.33683609 0.33661989 0.33676402 0.33695982 0.33668852 0.33628604 0.33551416 0.33511827 0.3354532 0.33587986 0.3356298 0.33462369 0.33386844 0.3334523 0.33269796 0.33258792 0.33327617 0.33356114 0.33337834 0.33344775 0.3335912 0.33345622 0.33302438 0.33240288 0.33253927 0.3331174 0.37699395 0.413462 0.33321765 0.33207101 0.33089332 0.33049324 0.32985126 0.32938597 0.3287347 0.32824587 0.32818437 0.32802856 0.32781122 0.32730467 0.32703834 0.32673117 0.32578237 0.32516592 0.32459621 0.32379359 0.32325715 0.32280086 0.32178387 0.32106897 0.32021368 0.31973061 0.31904371 0.31861923 0.31812528 0.31779406 0.31724801 0.31652122 0.31600219 0.31531127 0.31487852 0.31407895 0.31336181 0.31242291 0.31151594 0.31082302 0.31000563 0.30895863 0.30766625 0.30705514 0.30632413 0.3056225 0.30489443 0.3042559 0.3033478 0.30260027 0.30179819 0.3007832 0.29998953 0.29896349 0.29848013 0.29754528 0.29629309 0.29482127 0.29346078 0.29219024 0.29089883 0.28957349 0.28836713 0.28720933 0.28601456 0.2846743 0.28326265 0.28209028 0.28109989 0.27985533 0.27876449 0.27760223 0.27660678 0.27570503 0.27448861 0.27309819 0.27159462 0.27028755 0.26869213 0.26707813 0.26544412
0.38996579 0.38930976 0.38702978 0.38631364 0.38637313 0.38644946 0.38588175 0.38520583 0.38431622 0.38341987 0.38264509 0.38175505 0.38042172 0.37894379 0.37750185 0.37587988 0.37477831 0.3740509 0.37176264 0.36748533 0.36883658 0.37122696 0.37167246 0.37111676 0.37096784 0.37020589 0.37160107 0.37558373 0.37500149 0.37692973 0.36387833 0.36309359 0.36468768 0.36570633 0.36608275 0.36605146 0.36551407 0.36380397 0.36207803 0.36237116 0.36297849 0.36202374 0.36133446 0.36097912 0.36035914 0.36045992 0.36032474 0.36055237 0.36083152 0.36063141 0.36029789 0.35958902 0.35925901 0.35966682 0.36015985 0.35995066 0.35895849 0.35821406 0.35781048 0.3570622 0.356971 0.35769307 0.35800494 0.35783545 0.35791578 0.35806104 0.35791094 0.35745108 0.35679796 0.35691567 0.40487403 0.44445329 0.35769159 0.35746193 0.35635313 0.35491392 0.35453736 0.35400389 0.35298589 0.35259094 0.35216005 0.3519099 0.35190415 0.35132583 0.35109325 0.35095912 0.35005255 0.34941886 0.34870745 0.3478222 0.34724873 0.34688448 0.34606 0.34538827 0.34430968 0.34369184 0.34300446 0.34248247 0.34177324 0.34150325 0.34117224 0.34040021 0.33988427 0.33915682 0.33874467 0.33796064 0.33713192 0.33614822 0.33526118 0.33457595 0.33386985 0.33287199 0.33145409 0.33075951 0.32988056 0.32907546 0.32827113 0.32763036 0.32664779 0.32592955 0.32537366 0.32420813 0.32331394 0.32230068 0.32184851 0.32090257 0.3195748 0.31807178 0.31665838 0.31535268 0.31403559 0.31263929 0.31131515 0.31014554 0.30897281 0.30754685 0.30606756 0.30486998 0.3038183 0.30245944 0.30135855 0.30018901 0.2991193 0.2981907 0.29715059 0.29588294 0.29436402 0.29304725 0.2914089 0.28969275 0.28787685
0.41165121 0.41242073 0.41175339 0.40934744 0.40853244 0.40848409 0.40872515 0.40810939 0.40733904 0.40635151 0.40536932 0.40452515 0.40341348 0.40186031 0.40034175 0.39889778 0.39788226 0.39719358 0.39659021 0.39081392 0.38976266 0.39148729 0.39441168 0.39456383 0.39439706 0.39449492 0.39376432 0.39721919 0.39762158 0.40195486 0.40076983 0.38733871 0.38655611 0.38819151 0.38924878 0.38945899 0.38938229 0.38881566 0.38709122 0.38537964 0.38583058 0.38687062 0.38603278 0.38545882 0.38519918 0.38466211 0.38484685 0.38478416 0.38508071 0.38542821 0.38528823 0.38501074 0.38434718 0.38406439 0.38452719 0.38506892 0.38488276 0.38388775 0.38314329 0.38274642 0.38199939 0.38192351 0.38267737 0.3830093 0.38284274 0.3829236 0.38306246 0.38289325 0.38240678 0.38172476 0.43597084 0.47803443 0.38267459 0.38252959 0.38231617 0.38093276 0.37949728 0.37924302 0.37811483 0.37737379 0.37704597 0.37639884 0.37632731 0.37593103 0.37566025 0.3755661 0.37481489 0.37424858 0.37352113 0.37246958 0.37183543 0.3714515 0.37069803 0.37025496 0.36919831 0.36837435 0.36753793 0.36703022 0.36620712 0.3657439 0.36547255 0.36490528 0.36437614 0.3636287 0.36321782 0.3624259 0.36162354 0.36050379 0.35958231 0.35893982 0.35824701 0.35736165 0.35596187 0.35519627 0.3542229 0.35325883 0.35234535 0.35164716 0.35063263 0.34986378 0.34937377 0.34842538 0.34739188 0.3462617 0.34589236 0.34492955 0.34358759 0.34198212 0.34058571 0.33925472 0.3378989 0.33647814 0.33509302 0.33383298 0.33263682 0.33122359 0.3296644 0.32842607 0.32737696 0.32592716 0.32473837 0.32355793 0.32249108 0.3215074 0.32045561 0.31936051 0.31796008 0.31666012 0.31499283 0.31323542 0.31131317
0.42961988 0.43439555 0.43520789 0.43447832 0.43191781 0.43096626 0.43109399 0.43132366 0.43062926 0.4297806 0.42872206 0.42768299 0.42661614 0.42528186 0.42369185 0.4221749 0.42139048 0.42082558 0.42026592 0.41665522 0.41364259 0.41284837 0.41506362 0.41777449 0.41835306 0.41843978 0.41859593 0.42028302 0.41931037 0.42183076 0.42635237 0.4251336 0.41137679 0.41061216 0.41229492 0.41319215 0.41336526 0.41327792 0.41272998 0.41102444 0.40944323 0.41036057 0.41153985 0.41081958 0.4103401 0.41016881 0.40970454 0.40995193 0.40994255 0.41029757 0.41070551 0.41061481 0.41038075 0.40974794 0.40949652 0.40999923 0.41057683 0.41040339 0.40939837 0.40864989 0.40825781 0.40750843 0.40744303 0.40822284 0.40856747 0.40839507 0.4084699 0.40860014 0.40841457 0.40790595 0.46934596 0.51312993 0.4082367 0.40811205 0.40794487 0.40746642 0.40608278 0.40476197 0.40387772 0.40304918 0.40237796 0.40181763 0.40136703 0.40086439 0.40081791 0.40068817 0.39995863 0.39957365 0.39891796 0.39782841 0.39704712 0.39661918 0.39582109 0.39548129 0.39463788 0.39385824 0.39280084 0.39215486 0.39133169 0.39077883 0.3903049 0.38977999 0.38949728 0.38871076 0.38832043 0.38749921 0.38670034 0.38558465 0.3845347 0.38387912 0.38323593 0.38236319 0.3810445 0.38035747 0.37930319 0.37823436 0.37715461 0.37636666 0.37526094 0.37448625 0.3739831 0.37306583 0.37226667 0.37098 0.37056543 0.36963387 0.36827429 0.36662594 0.36517818 0.36389499 0.36250766 0.36104822 0.35964873 0.35835791 0.3570541 0.35560546 0.35406627 0.35277456 0.35171288 0.35023326 0.34898111 0.34770871 0.34663822 0.34567848 0.34458767 0.34346957 0.34223098 0.34108576 0.33941492 0.33762981 0.33566288
0.44248932 0.45251774 0.45739583 0.45818891 0.4573643 0.45462652 0.45385095 0.45397741 0.45416507 0.45341797 0.45252817 0.45144031 0.45016579 0.44886431 0.44750095 0.44591516 0.44511938 0.44482405 0.44439716 0.44384133 0.44006052 0.43726128 0.43685627 0.43877404 0.4419995 0.44286713 0.44300749 0.44584836 0.44238477 0.44391199 0.44651969 0.45120739 0.44997233 0.43600588 0.43528289 0.4367881 0.43765287 0.43782164 0.43776282 0.4372587 0.43569283 0.434603 0.43565351 0.43696648 0.43634434 0.43595553 0.43585818 0.43543303 0.43573185 0.4357723 0.43618108 0.43663991 0.43659026 0.43639021 0.43577819 0.43554718 0.43607845 0.43668301 0.43651862 0.43550472 0.4347536 0.43436526 0.4336116 0.43355084 0.43434741 0.43469651 0.43451394 0.43458145 0.43470589 0.43451011 0.50149571 0.54642622 0.43418154 0.43430265 0.43412532 0.43368168 0.43324203 0.43200928 0.43001388 0.42948142 0.42875117 0.42783798 0.42752009 0.42660903 0.42651037 0.42662632 0.42586356 0.42554157 0.42509668 0.42407865 0.42330427 0.42276492 0.42191533 0.42157899 0.42083734 0.42031758 0.41931489 0.41847693 0.41751492 0.41701032 0.41645671 0.41571834 0.41553585 0.41498177 0.4146136 0.41379974 0.41300125 0.41188092 0.41085999 0.41011202 0.40947676 0.40866973 0.4073378 0.40681094 0.40584498 0.40470024 0.40352465 0.40260431 0.40138418 0.40055858 0.40010559 0.3991463 0.39839977 0.39734586 0.39686541 0.39584052 0.39453915 0.39285823 0.39145234 0.39017641 0.38885429 0.387387 0.38598245 0.38473435 0.38340206 0.38184783 0.38029878 0.3790736 0.37800741 0.37649604 0.37526218 0.37393655 0.37279277 0.37186507 0.3708311 0.36967106 0.36840083 0.36746727 0.36593939 0.36416604 0.36217542
0.46604845 0.46572201 0.47565438 0.48051638 0.48124023 0.48028412 0.47773609 0.47697127 0.47707062 0.47723798 0.47648214 0.47559914 0.47425545 0.47273016 0.47140367 0.47005016 0.46926267 0.46899192 0.46884242 0.46841253 0.4677454 0.46420491 0.46173369 0.46095102 0.46333276 0.46690726 0.46783517 0.47082675 0.46812309 0.46736776 0.46894516 0.47162368 0.47644689 0.4752242 0.46121014 0.46029459 0.46174901 0.46260896 0.46280538 0.4627937 0.46245156 0.46141788 0.46048236 0.46165632 0.46306833 0.46254257 0.4622254 0.46215085 0.46177587 0.46212579 0.46221536 0.46266869 0.46316981 0.46315385 0.46297993 0.46238365 0.46216733 0.46271867 0.46334343 0.46318823 0.46217179 0.46142094 0.4610347 0.46027618 0.46021419 0.46101566 0.46136319 0.46117274 0.46123737 0.46136235 0.53063102 0.57437054 0.46125338 0.46084788 0.46088967 0.4604119 0.46002289 0.45977307 0.45783918 0.45620526 0.45578776 0.45479805 0.45415128 0.45333665 0.45286491 0.45292536 0.45240199 0.45206612 0.45169158 0.45086295 0.45018878 0.44967798 0.44869009 0.44833439 0.44757346 0.44718469 0.4464351 0.44567085 0.44450152 0.44389209 0.44337964 0.4425404 0.44218926 0.44169779 0.44161727 0.44079493 0.44001976 0.43887398 0.43785819 0.43716878 0.43644745 0.43565101 0.43434242 0.43387272 0.4330638 0.43200056 0.43074765 0.42975852 0.42836984 0.42746347 0.42700633 0.4260529 0.42527627 0.42425803 0.42410076 0.42294828 0.42157585 0.4199134 0.41855298 0.41735888 0.41603767 0.41463905 0.41324175 0.41202947 0.41072 0.40912289 0.40748263 0.40627943 0.40531544 0.40376276 0.40253522 0.40122232 0.40003326 0.3990587 0.39808121 0.39696103 0.39562905 0.39470736 0.39336596 0.39174108 0.38975465
0.51620924 0.4895919 0.48926618 0.49891678 0.50365899 0.50425847 0.50354944 0.50105221 0.5002876 0.50038745 0.50056837 0.4998533 0.49867789 0.49706925 0.49552688 0.4942141 0.49374761 0.49351987 0.49340603 0.49323859 0.49266097 0.49232705 0.4890652 0.4862097 0.48585128 0.48856987 0.492183 0.49587252 0.49323485 0.49341959 0.49271048 0.49433087 0.49706407 0.50198484 0.50080943 0.48665259 0.48569271 0.48712377 0.48799982 0.48823819 0.48839823 0.48863121 0.48777165 0.48699062 0.48824919 0.48973885 0.4892855 0.48897735 0.48895934 0.4886432 0.48904282 0.48917499 0.48966442 0.4901968 0.4902069 0.49005364 0.48947361 0.4892713 0.48983588 0.49047404 0.49032861 0.48931721 0.4885692 0.48818256 0.48742079 0.48735345 0.48814955 0.48849466 0.48830604 0.48837757 0.5551118 0.59571868 0.48959337 0.48845005 0.48793718 0.48765375 0.48724687 0.48707117 0.48609453 0.4845448 0.4830481 0.48235453 0.48165874 0.48047788 0.48014415 0.4798319 0.47924567 0.47916605 0.47878436 0.47799769 0.47754176 0.47715409 0.47616967 0.47570981 0.47490648 0.47452804 0.47389603 0.47340428 0.47229727 0.47151882 0.47089363 0.47007564 0.46967027 0.46897243 0.46901194 0.46844259 0.46767636 0.46652702 0.46549534 0.46484136 0.46418748 0.46330915 0.46196528 0.46159229 0.46083679 0.45992115 0.45875011 0.45771456 0.45622237 0.45518523 0.45469832 0.45369407 0.45293526 0.45186838 0.45184344 0.45094452 0.44947425 0.44769552 0.44644167 0.44533645 0.4440896 0.44269641 0.44138352 0.44022351 0.43892782 0.43733897 0.43567359 0.43441421 0.4335099 0.43202056 0.4307939 0.42948133 0.42831298 0.42732288 0.42632754 0.42524472 0.42393033 0.42299485 0.42163912 0.42020115 0.41835514
0.54052285 0.53948529 0.51330576 0.51292733 0.52216062 0.52668924 0.52757048 0.52692308 0.52448314 0.5237554 0.52388627 0.52410976 0.52304998 0.52159833 0.5199889 0.51847607 0.51815001 0.51826046 0.51819679 0.51804818 0.51768057 0.51743786 0.51737407 0.51376621 0.51131694 0.51133925 0.51404284 0.52005623 0.51850078 0.51866979 0.51890138 0.51825786 0.51991783 0.52269093 0.52766907 0.52635578 0.51227323 0.51133301 0.51275686 0.51365931 0.51407801 0.51486403 0.51524962 0.5145541 0.51389566 0.51521418 0.5167296 0.5162761 0.51603536 0.51607864 0.51582357 0.51626063 0.51642758 0.51693974 0.51748893 0.51751768 0.51738177 0.51682234 0.5166357 0.5172065 0.51784818 0.51770944 0.51670784 0.5159638 0.51557449 0.51481504 0.51474481 0.51553199 0.51588072 0.51571012 0.57404505 0.6084618 0.51772127 0.51707809 0.51581872 0.51495713 0.51476274 0.51459416 0.51364086 0.51307624 0.51169325 0.50991231 0.5095426 0.50828127 0.50762723 0.50745624 0.5064965 0.50636774 0.50624906 0.50542552 0.5050385 0.50489019 0.50400279 0.5035837 0.50265485 0.50226597 0.50162954 0.50127215 0.50042307 0.49974758 0.49895012 0.49800061 0.49766489 0.49687893 0.49677597 0.49628611 0.49579003 0.49462177 0.49359711 0.49295903 0.49235019 0.49154496 0.49007277 0.4897414 0.48907902 0.48820501 0.48718013 0.48625914 0.48468665 0.48358874 0.48302748 0.48194638 0.48115037 0.4800825 0.48011306 0.47926907 0.47808537 0.47616607 0.47489425 0.47394369 0.47277873 0.4714661 0.47017812 0.46915266 0.46788727 0.46629974 0.46466475 0.4634197 0.46250485 0.46103758 0.45992031 0.45860502 0.45744779 0.45651278 0.45553819 0.45442183 0.45312232 0.45225834 0.45086475 0.44941422 0.4477474
0.59058534 0.58960079 0.58862478 0.57666567 0.57021506 0.57067409 0.57325922 0.57508359 0.57576555 0.57507774 0.57442559 0.57418147 0.57373337 0.5727578 0.57161084 0.57033437 0.57003935 0.57030945 0.57063273 0.57070412 0.5704015 0.57036775 0.5704277 0.57020925 0.56879337 0.56732689 0.56656732 0.56923822 0.56923937 0.57068427 0.57155163 0.57214469 0.57222853 0.57304675 0.57475109 0.57766015 0.57859636 0.57293649 0.56958118 0.56850473 0.56856072 0.56946467 0.57040068 0.57115422 0.57131254 0.57117109 0.57168699 0.57257583 0.57290363 0.57302088 0.5731445 0.57313215 0.57333765 0.57353444 0.57386812 0.57428786 0.57452685 0.57459958 0.57440346 0.57422822 0.57438939 0.57475317 0.57487615 0.57449158 0.57395196 0.5734937 0.57293216 0.572625 0.57283111 0.57312673 0.61480789 0.63918203 0.57489661 0.5751351 0.57661602 0.5755731 0.57473552 0.5744455 0.57336026 0.57279356 0.57238172 0.5712785 0.57028955 0.56897429 0.56828205 0.56778132 0.5667178 0.56614107 0.56568388 0.56482568 0.56436561 0.56420689 0.56346359 0.56320668 0.56234366 0.56187506 0.56112194 0.56067265 0.55985342 0.55945046 0.55886095 0.5578134 0.5573419 0.55646426 0.55626526 0.55549257 0.55491398 0.55388681 0.55293441 0.55234283 0.55175798 0.55099939 0.54956018 0.54919393 0.54853088 0.54769996 0.54672547 0.54601337 0.54461288 0.54357524 0.54304562 0.54183843 0.54090987 0.53971023 0.53978577 0.53888886 0.53769055 0.53595763 0.5346181 0.533574 0.53235859 0.53099899 0.52968907 0.52866555 0.52737012 0.52574049 0.52404475 0.52277122 0.52184547 0.52024401 0.51904863 0.51774627 0.51654419 0.51559347 0.51469055 0.51354365 0.51213188 0.5112667 0.50988804 0.50833907 0.50664729
