name,year,age,mig
Kiribati,1950,0,0
Kiribati,1950,1,0
Kiribati,1950,2,0
Kiribati,1950,3,0
Kiribati,1950,4,0
Kiribati,1950,5,0
Kiribati,1950,6,0
Kiribati,1950,7,0
Kiribati,1950,8,0
Kiribati,1950,9,0
Kiribati,1950,10,0
Kiribati,1950,11,0
Kiribati,1950,12,0
Kiribati,1950,13,0
Kiribati,1950,14,0
Kiribati,1950,15,0
Kiribati,1950,16,0
Kiribati,1950,17,0
Kiribati,1950,18,0
Kiribati,1950,19,0
Kiribati,1950,20,0
Kiribati,1950,21,0
Kiribati,1950,22,0
Kiribati,1950,23,0
Kiribati,1950,24,0
Kiribati,1950,25,0
Kiribati,1950,26,0
Kiribati,1950,27,0
Kiribati,1950,28,0
Kiribati,1950,29,0
Kiribati,1950,30,0
Kiribati,1950,31,0
Kiribati,1950,32,0
Kiribati,1950,33,0
Kiribati,1950,34,0
Kiribati,1950,35,0
Kiribati,1950,36,0
Kiribati,1950,37,0
Kiribati,1950,38,0
Kiribati,1950,39,0
Kiribati,1950,40,0
Kiribati,1950,41,0
Kiribati,1950,42,0
Kiribati,1950,43,0
Kiribati,1950,44,0
Kiribati,1950,45,0
Kiribati,1950,46,0
Kiribati,1950,47,0
Kiribati,1950,48,0
Kiribati,1950,49,0
Kiribati,1950,50,0
Kiribati,1950,51,0
Kiribati,1950,52,0
Kiribati,1950,53,0
Kiribati,1950,54,0
Kiribati,1950,55,0
Kiribati,1950,56,0
Kiribati,1950,57,0
Kiribati,1950,58,0
Kiribati,1950,59,0
Kiribati,1950,60,0
Kiribati,1950,61,0
Kiribati,1950,62,0
Kiribati,1950,63,0
Kiribati,1950,64,0
Kiribati,1950,65,0
Kiribati,1950,66,0
Kiribati,1950,67,0
Kiribati,1950,68,0
Kiribati,1950,69,0
Kiribati,1950,70,0
Kiribati,1950,71,0
Kiribati,1950,72,0
Kiribati,1950,73,0
Kiribati,1950,74,0
Kiribati,1950,75,0
Kiribati,1950,76,0
Kiribati,1950,77,0
Kiribati,1950,78,0
Kiribati,1950,79,0
Kiribati,1950,80,0
Kiribati,1950,81,0
Kiribati,1950,82,0
Kiribati,1950,83,0
Kiribati,1950,84,0
Kiribati,1950,85,0
Kiribati,1950,86,0
Kiribati,1950,87,0
Kiribati,1950,88,0
Kiribati,1950,89,0
Kiribati,1950,90,0
Kiribati,1950,91,0
Kiribati,1950,92,0
Kiribati,1950,93,0
Kiribati,1950,94,0
Kiribati,1950,95,0
Kiribati,1950,96,0
Kiribati,1950,97,0
Kiribati,1950,98,0
Kiribati,1950,99,0
Kiribati,1950,100,0
Kiribati,1951,0,0
Kiribati,1951,1,0
Kiribati,1951,2,0
Kiribati,1951,3,0
Kiribati,1951,4,0
Kiribati,1951,5,0
Kiribati,1951,6,0
Kiribati,1951,7,0
Kiribati,1951,8,0
Kiribati,1951,9,0
Kiribati,1951,10,0
Kiribati,1951,11,0
Kiribati,1951,12,0
Kiribati,1951,13,0
Kiribati,1951,14,0
Kiribati,1951,15,0
Kiribati,1951,16,0
Kiribati,1951,17,0
Kiribati,1951,18,0
Kiribati,1951,19,0
Kiribati,1951,20,0
Kiribati,1951,21,0
Kiribati,1951,22,0
Kiribati,1951,23,0
Kiribati,1951,24,0
Kiribati,1951,25,0
Kiribati,1951,26,0
Kiribati,1951,27,0
Kiribati,1951,28,0
Kiribati,1951,29,0
Kiribati,1951,30,0
Kiribati,1951,31,0
Kiribati,1951,32,0
Kiribati,1951,33,0
Kiribati,1951,34,0
Kiribati,1951,35,0
Kiribati,1951,36,0
Kiribati,1951,37,0
Kiribati,1951,38,0
Kiribati,1951,39,0
Kiribati,1951,40,0
Kiribati,1951,41,0
Kiribati,1951,42,0
Kiribati,1951,43,0
Kiribati,1951,44,0
Kiribati,1951,45,0
Kiribati,1951,46,0
Kiribati,1951,47,0
Kiribati,1951,48,0
Kiribati,1951,49,0
Kiribati,1951,50,0
Kiribati,1951,51,0
Kiribati,1951,52,0
Kiribati,1951,53,0
Kiribati,1951,54,0
Kiribati,1951,55,0
Kiribati,1951,56,0
Kiribati,1951,57,0
Kiribati,1951,58,0
Kiribati,1951,59,0
Kiribati,1951,60,0
Kiribati,1951,61,0
Kiribati,1951,62,0
Kiribati,1951,63,0
Kiribati,1951,64,0
Kiribati,1951,65,0
Kiribati,1951,66,0
Kiribati,1951,67,0
Kiribati,1951,68,0
Kiribati,1951,69,0
Kiribati,1951,70,0
Kiribati,1951,71,0
Kiribati,1951,72,0
Kiribati,1951,73,0
Kiribati,1951,74,0
Kiribati,1951,75,0
Kiribati,1951,76,0
Kiribati,1951,77,0
Kiribati,1951,78,0
Kiribati,1951,79,0
Kiribati,1951,80,0
Kiribati,1951,81,0
Kiribati,1951,82,0
Kiribati,1951,83,0
Kiribati,1951,84,0
Kiribati,1951,85,0
Kiribati,1951,86,0
Kiribati,1951,87,0
Kiribati,1951,88,0
Kiribati,1951,89,0
Kiribati,1951,90,0
Kiribati,1951,91,0
Kiribati,1951,92,0
Kiribati,1951,93,0
Kiribati,1951,94,0
Kiribati,1951,95,0
Kiribati,1951,96,0
Kiribati,1951,97,0
Kiribati,1951,98,0
Kiribati,1951,99,0
Kiribati,1951,100,0
Kiribati,1952,0,0
Kiribati,1952,1,0
Kiribati,1952,2,0
Kiribati,1952,3,0
Kiribati,1952,4,0
Kiribati,1952,5,0
Kiribati,1952,6,0
Kiribati,1952,7,0
Kiribati,1952,8,0
Kiribati,1952,9,0
Kiribati,1952,10,0
Kiribati,1952,11,0
Kiribati,1952,12,0
Kiribati,1952,13,0
Kiribati,1952,14,0
Kiribati,1952,15,0
Kiribati,1952,16,0
Kiribati,1952,17,0
Kiribati,1952,18,0
Kiribati,1952,19,0
Kiribati,1952,20,0
Kiribati,1952,21,0
Kiribati,1952,22,0
Kiribati,1952,23,0
Kiribati,1952,24,0
Kiribati,1952,25,0
Kiribati,1952,26,0
Kiribati,1952,27,0
Kiribati,1952,28,0
Kiribati,1952,29,0
Kiribati,1952,30,0
Kiribati,1952,31,0
Kiribati,1952,32,0
Kiribati,1952,33,0
Kiribati,1952,34,0
Kiribati,1952,35,0
Kiribati,1952,36,0
Kiribati,1952,37,0
Kiribati,1952,38,0
Kiribati,1952,39,0
Kiribati,1952,40,0
Kiribati,1952,41,0
Kiribati,1952,42,0
Kiribati,1952,43,0
Kiribati,1952,44,0
Kiribati,1952,45,0
Kiribati,1952,46,0
Kiribati,1952,47,0
Kiribati,1952,48,0
Kiribati,1952,49,0
Kiribati,1952,50,0
Kiribati,1952,51,0
Kiribati,1952,52,0
Kiribati,1952,53,0
Kiribati,1952,54,0
Kiribati,1952,55,0
Kiribati,1952,56,0
Kiribati,1952,57,0
Kiribati,1952,58,0
Kiribati,1952,59,0
Kiribati,1952,60,0
Kiribati,1952,61,0
Kiribati,1952,62,0
Kiribati,1952,63,0
Kiribati,1952,64,0
Kiribati,1952,65,0
Kiribati,1952,66,0
Kiribati,1952,67,0
Kiribati,1952,68,0
Kiribati,1952,69,0
Kiribati,1952,70,0
Kiribati,1952,71,0
Kiribati,1952,72,0
Kiribati,1952,73,0
Kiribati,1952,74,0
Kiribati,1952,75,0
Kiribati,1952,76,0
Kiribati,1952,77,0
Kiribati,1952,78,0
Kiribati,1952,79,0
Kiribati,1952,80,0
Kiribati,1952,81,0
Kiribati,1952,82,0
Kiribati,1952,83,0
Kiribati,1952,84,0
Kiribati,1952,85,0
Kiribati,1952,86,0
Kiribati,1952,87,0
Kiribati,1952,88,0
Kiribati,1952,89,0
Kiribati,1952,90,0
Kiribati,1952,91,0
Kiribati,1952,92,0
Kiribati,1952,93,0
Kiribati,1952,94,0
Kiribati,1952,95,0
Kiribati,1952,96,0
Kiribati,1952,97,0
Kiribati,1952,98,0
Kiribati,1952,99,0
Kiribati,1952,100,0
Kiribati,1953,0,0
Kiribati,1953,1,0
Kiribati,1953,2,0
Kiribati,1953,3,0
Kiribati,1953,4,0
Kiribati,1953,5,0
Kiribati,1953,6,0
Kiribati,1953,7,0
Kiribati,1953,8,0
Kiribati,1953,9,0
Kiribati,1953,10,0
Kiribati,1953,11,0
Kiribati,1953,12,0
Kiribati,1953,13,0
Kiribati,1953,14,0
Kiribati,1953,15,0
Kiribati,1953,16,0
Kiribati,1953,17,0
Kiribati,1953,18,0
Kiribati,1953,19,0
Kiribati,1953,20,0
Kiribati,1953,21,0
Kiribati,1953,22,0
Kiribati,1953,23,0
Kiribati,1953,24,0
Kiribati,1953,25,0
Kiribati,1953,26,0
Kiribati,1953,27,0
Kiribati,1953,28,0
Kiribati,1953,29,0
Kiribati,1953,30,0
Kiribati,1953,31,0
Kiribati,1953,32,0
Kiribati,1953,33,0
Kiribati,1953,34,0
Kiribati,1953,35,0
Kiribati,1953,36,0
Kiribati,1953,37,0
Kiribati,1953,38,0
Kiribati,1953,39,0
Kiribati,1953,40,0
Kiribati,1953,41,0
Kiribati,1953,42,0
Kiribati,1953,43,0
Kiribati,1953,44,0
Kiribati,1953,45,0
Kiribati,1953,46,0
Kiribati,1953,47,0
Kiribati,1953,48,0
Kiribati,1953,49,0
Kiribati,1953,50,0
Kiribati,1953,51,0
Kiribati,1953,52,0
Kiribati,1953,53,0
Kiribati,1953,54,0
Kiribati,1953,55,0
Kiribati,1953,56,0
Kiribati,1953,57,0
Kiribati,1953,58,0
Kiribati,1953,59,0
Kiribati,1953,60,0
Kiribati,1953,61,0
Kiribati,1953,62,0
Kiribati,1953,63,0
Kiribati,1953,64,0
Kiribati,1953,65,0
Kiribati,1953,66,0
Kiribati,1953,67,0
Kiribati,1953,68,0
Kiribati,1953,69,0
Kiribati,1953,70,0
Kiribati,1953,71,0
Kiribati,1953,72,0
Kiribati,1953,73,0
Kiribati,1953,74,0
Kiribati,1953,75,0
Kiribati,1953,76,0
Kiribati,1953,77,0
Kiribati,1953,78,0
Kiribati,1953,79,0
Kiribati,1953,80,0
Kiribati,1953,81,0
Kiribati,1953,82,0
Kiribati,1953,83,0
Kiribati,1953,84,0
Kiribati,1953,85,0
Kiribati,1953,86,0
Kiribati,1953,87,0
Kiribati,1953,88,0
Kiribati,1953,89,0
Kiribati,1953,90,0
Kiribati,1953,91,0
Kiribati,1953,92,0
Kiribati,1953,93,0
Kiribati,1953,94,0
Kiribati,1953,95,0
Kiribati,1953,96,0
Kiribati,1953,97,0
Kiribati,1953,98,0
Kiribati,1953,99,0
Kiribati,1953,100,0
Kiribati,1954,0,0
Kiribati,1954,1,0
Kiribati,1954,2,0
Kiribati,1954,3,0
Kiribati,1954,4,0
Kiribati,1954,5,0
Kiribati,1954,6,0
Kiribati,1954,7,0
Kiribati,1954,8,0
Kiribati,1954,9,0
Kiribati,1954,10,0
Kiribati,1954,11,0
Kiribati,1954,12,0
Kiribati,1954,13,0
Kiribati,1954,14,0
Kiribati,1954,15,0
Kiribati,1954,16,0
Kiribati,1954,17,0
Kiribati,1954,18,0
Kiribati,1954,19,0
Kiribati,1954,20,0
Kiribati,1954,21,0
Kiribati,1954,22,0
Kiribati,1954,23,0
Kiribati,1954,24,0
Kiribati,1954,25,0
Kiribati,1954,26,0
Kiribati,1954,27,0
Kiribati,1954,28,0
Kiribati,1954,29,0
Kiribati,1954,30,0
Kiribati,1954,31,0
Kiribati,1954,32,0
Kiribati,1954,33,0
Kiribati,1954,34,0
Kiribati,1954,35,0
Kiribati,1954,36,0
Kiribati,1954,37,0
Kiribati,1954,38,0
Kiribati,1954,39,0
Kiribati,1954,40,0
Kiribati,1954,41,0
Kiribati,1954,42,0
Kiribati,1954,43,0
Kiribati,1954,44,0
Kiribati,1954,45,0
Kiribati,1954,46,0
Kiribati,1954,47,0
Kiribati,1954,48,0
Kiribati,1954,49,0
Kiribati,1954,50,0
Kiribati,1954,51,0
Kiribati,1954,52,0
Kiribati,1954,53,0
Kiribati,1954,54,0
Kiribati,1954,55,0
Kiribati,1954,56,0
Kiribati,1954,57,0
Kiribati,1954,58,0
Kiribati,1954,59,0
Kiribati,1954,60,0
Kiribati,1954,61,0
Kiribati,1954,62,0
Kiribati,1954,63,0
Kiribati,1954,64,0
Kiribati,1954,65,0
Kiribati,1954,66,0
Kiribati,1954,67,0
Kiribati,1954,68,0
Kiribati,1954,69,0
Kiribati,1954,70,0
Kiribati,1954,71,0
Kiribati,1954,72,0
Kiribati,1954,73,0
Kiribati,1954,74,0
Kiribati,1954,75,0
Kiribati,1954,76,0
Kiribati,1954,77,0
Kiribati,1954,78,0
Kiribati,1954,79,0
Kiribati,1954,80,0
Kiribati,1954,81,0
Kiribati,1954,82,0
Kiribati,1954,83,0
Kiribati,1954,84,0
Kiribati,1954,85,0
Kiribati,1954,86,0
Kiribati,1954,87,0
Kiribati,1954,88,0
Kiribati,1954,89,0
Kiribati,1954,90,0
Kiribati,1954,91,0
Kiribati,1954,92,0
Kiribati,1954,93,0
Kiribati,1954,94,0
Kiribati,1954,95,0
Kiribati,1954,96,0
Kiribati,1954,97,0
Kiribati,1954,98,0
Kiribati,1954,99,0
Kiribati,1954,100,0
Kiribati,1955,0,0
Kiribati,1955,1,0
Kiribati,1955,2,0
Kiribati,1955,3,0
Kiribati,1955,4,0
Kiribati,1955,5,0
Kiribati,1955,6,0
Kiribati,1955,7,0
Kiribati,1955,8,0
Kiribati,1955,9,0
Kiribati,1955,10,0
Kiribati,1955,11,0
Kiribati,1955,12,0
Kiribati,1955,13,0
Kiribati,1955,14,0
Kiribati,1955,15,0
Kiribati,1955,16,0
Kiribati,1955,17,0
Kiribati,1955,18,0
Kiribati,1955,19,0
Kiribati,1955,20,0
Kiribati,1955,21,0
Kiribati,1955,22,0
Kiribati,1955,23,0
Kiribati,1955,24,0
Kiribati,1955,25,0
Kiribati,1955,26,0
Kiribati,1955,27,0
Kiribati,1955,28,0
Kiribati,1955,29,0
Kiribati,1955,30,0
Kiribati,1955,31,0
Kiribati,1955,32,0
Kiribati,1955,33,0
Kiribati,1955,34,0
Kiribati,1955,35,0
Kiribati,1955,36,0
Kiribati,1955,37,0
Kiribati,1955,38,0
Kiribati,1955,39,0
Kiribati,1955,40,0
Kiribati,1955,41,0
Kiribati,1955,42,0
Kiribati,1955,43,0
Kiribati,1955,44,0
Kiribati,1955,45,0
Kiribati,1955,46,0
Kiribati,1955,47,0
Kiribati,1955,48,0
Kiribati,1955,49,0
Kiribati,1955,50,0
Kiribati,1955,51,0
Kiribati,1955,52,0
Kiribati,1955,53,0
Kiribati,1955,54,0
Kiribati,1955,55,0
Kiribati,1955,56,0
Kiribati,1955,57,0
Kiribati,1955,58,0
Kiribati,1955,59,0
Kiribati,1955,60,0
Kiribati,1955,61,0
Kiribati,1955,62,0
Kiribati,1955,63,0
Kiribati,1955,64,0
Kiribati,1955,65,0
Kiribati,1955,66,0
Kiribati,1955,67,0
Kiribati,1955,68,0
Kiribati,1955,69,0
Kiribati,1955,70,0
Kiribati,1955,71,0
Kiribati,1955,72,0
Kiribati,1955,73,0
Kiribati,1955,74,0
Kiribati,1955,75,0
Kiribati,1955,76,0
Kiribati,1955,77,0
Kiribati,1955,78,0
Kiribati,1955,79,0
Kiribati,1955,80,0
Kiribati,1955,81,0
Kiribati,1955,82,0
Kiribati,1955,83,0
Kiribati,1955,84,0
Kiribati,1955,85,0
Kiribati,1955,86,0
Kiribati,1955,87,0
Kiribati,1955,88,0
Kiribati,1955,89,0
Kiribati,1955,90,0
Kiribati,1955,91,0
Kiribati,1955,92,0
Kiribati,1955,93,0
Kiribati,1955,94,0
Kiribati,1955,95,0
Kiribati,1955,96,0
Kiribati,1955,97,0
Kiribati,1955,98,0
Kiribati,1955,99,0
Kiribati,1955,100,0
Kiribati,1956,0,0
Kiribati,1956,1,0
Kiribati,1956,2,0
Kiribati,1956,3,0
Kiribati,1956,4,0
Kiribati,1956,5,0
Kiribati,1956,6,0
Kiribati,1956,7,0
Kiribati,1956,8,0
Kiribati,1956,9,0
Kiribati,1956,10,0
Kiribati,1956,11,0
Kiribati,1956,12,0
Kiribati,1956,13,0
Kiribati,1956,14,0
Kiribati,1956,15,0
Kiribati,1956,16,0
Kiribati,1956,17,0
Kiribati,1956,18,0
Kiribati,1956,19,0
Kiribati,1956,20,0
Kiribati,1956,21,0
Kiribati,1956,22,0
Kiribati,1956,23,0
Kiribati,1956,24,0
Kiribati,1956,25,0
Kiribati,1956,26,0
Kiribati,1956,27,0
Kiribati,1956,28,0
Kiribati,1956,29,0
Kiribati,1956,30,0
Kiribati,1956,31,0
Kiribati,1956,32,0
Kiribati,1956,33,0
Kiribati,1956,34,0
Kiribati,1956,35,0
Kiribati,1956,36,0
Kiribati,1956,37,0
Kiribati,1956,38,0
Kiribati,1956,39,0
Kiribati,1956,40,0
Kiribati,1956,41,0
Kiribati,1956,42,0
Kiribati,1956,43,0
Kiribati,1956,44,0
Kiribati,1956,45,0
Kiribati,1956,46,0
Kiribati,1956,47,0
Kiribati,1956,48,0
Kiribati,1956,49,0
Kiribati,1956,50,0
Kiribati,1956,51,0
Kiribati,1956,52,0
Kiribati,1956,53,0
Kiribati,1956,54,0
Kiribati,1956,55,0
Kiribati,1956,56,0
Kiribati,1956,57,0
Kiribati,1956,58,0
Kiribati,1956,59,0
Kiribati,1956,60,0
Kiribati,1956,61,0
Kiribati,1956,62,0
Kiribati,1956,63,0
Kiribati,1956,64,0
Kiribati,1956,65,0
Kiribati,1956,66,0
Kiribati,1956,67,0
Kiribati,1956,68,0
Kiribati,1956,69,0
Kiribati,1956,70,0
Kiribati,1956,71,0
Kiribati,1956,72,0
Kiribati,1956,73,0
Kiribati,1956,74,0
Kiribati,1956,75,0
Kiribati,1956,76,0
Kiribati,1956,77,0
Kiribati,1956,78,0
Kiribati,1956,79,0
Kiribati,1956,80,0
Kiribati,1956,81,0
Kiribati,1956,82,0
Kiribati,1956,83,0
Kiribati,1956,84,0
Kiribati,1956,85,0
Kiribati,1956,86,0
Kiribati,1956,87,0
Kiribati,1956,88,0
Kiribati,1956,89,0
Kiribati,1956,90,0
Kiribati,1956,91,0
Kiribati,1956,92,0
Kiribati,1956,93,0
Kiribati,1956,94,0
Kiribati,1956,95,0
Kiribati,1956,96,0
Kiribati,1956,97,0
Kiribati,1956,98,0
Kiribati,1956,99,0
Kiribati,1956,100,0
Kiribati,1957,0,0
Kiribati,1957,1,0
Kiribati,1957,2,0
Kiribati,1957,3,0
Kiribati,1957,4,0
Kiribati,1957,5,0
Kiribati,1957,6,0
Kiribati,1957,7,0
Kiribati,1957,8,0
Kiribati,1957,9,0
Kiribati,1957,10,0
Kiribati,1957,11,0
Kiribati,1957,12,0
Kiribati,1957,13,0
Kiribati,1957,14,0
Kiribati,1957,15,0
Kiribati,1957,16,0
Kiribati,1957,17,0
Kiribati,1957,18,0
Kiribati,1957,19,0
Kiribati,1957,20,0
Kiribati,1957,21,0
Kiribati,1957,22,0
Kiribati,1957,23,0
Kiribati,1957,24,0
Kiribati,1957,25,0
Kiribati,1957,26,0
Kiribati,1957,27,0
Kiribati,1957,28,0
Kiribati,1957,29,0
Kiribati,1957,30,0
Kiribati,1957,31,0
Kiribati,1957,32,0
Kiribati,1957,33,0
Kiribati,1957,34,0
Kiribati,1957,35,0
Kiribati,1957,36,0
Kiribati,1957,37,0
Kiribati,1957,38,0
Kiribati,1957,39,0
Kiribati,1957,40,0
Kiribati,1957,41,0
Kiribati,1957,42,0
Kiribati,1957,43,0
Kiribati,1957,44,0
Kiribati,1957,45,0
Kiribati,1957,46,0
Kiribati,1957,47,0
Kiribati,1957,48,0
Kiribati,1957,49,0
Kiribati,1957,50,0
Kiribati,1957,51,0
Kiribati,1957,52,0
Kiribati,1957,53,0
Kiribati,1957,54,0
Kiribati,1957,55,0
Kiribati,1957,56,0
Kiribati,1957,57,0
Kiribati,1957,58,0
Kiribati,1957,59,0
Kiribati,1957,60,0
Kiribati,1957,61,0
Kiribati,1957,62,0
Kiribati,1957,63,0
Kiribati,1957,64,0
Kiribati,1957,65,0
Kiribati,1957,66,0
Kiribati,1957,67,0
Kiribati,1957,68,0
Kiribati,1957,69,0
Kiribati,1957,70,0
Kiribati,1957,71,0
Kiribati,1957,72,0
Kiribati,1957,73,0
Kiribati,1957,74,0
Kiribati,1957,75,0
Kiribati,1957,76,0
Kiribati,1957,77,0
Kiribati,1957,78,0
Kiribati,1957,79,0
Kiribati,1957,80,0
Kiribati,1957,81,0
Kiribati,1957,82,0
Kiribati,1957,83,0
Kiribati,1957,84,0
Kiribati,1957,85,0
Kiribati,1957,86,0
Kiribati,1957,87,0
Kiribati,1957,88,0
Kiribati,1957,89,0
Kiribati,1957,90,0
Kiribati,1957,91,0
Kiribati,1957,92,0
Kiribati,1957,93,0
Kiribati,1957,94,0
Kiribati,1957,95,0
Kiribati,1957,96,0
Kiribati,1957,97,0
Kiribati,1957,98,0
Kiribati,1957,99,0
Kiribati,1957,100,0
Kiribati,1958,0,0
Kiribati,1958,1,0
Kiribati,1958,2,0
Kiribati,1958,3,0
Kiribati,1958,4,0
Kiribati,1958,5,0
Kiribati,1958,6,0
Kiribati,1958,7,0
Kiribati,1958,8,0
Kiribati,1958,9,0
Kiribati,1958,10,0
Kiribati,1958,11,0
Kiribati,1958,12,0
Kiribati,1958,13,0
Kiribati,1958,14,0
Kiribati,1958,15,0
Kiribati,1958,16,0
Kiribati,1958,17,0
Kiribati,1958,18,0
Kiribati,1958,19,0
Kiribati,1958,20,0
Kiribati,1958,21,0
Kiribati,1958,22,0
Kiribati,1958,23,0
Kiribati,1958,24,0
Kiribati,1958,25,0
Kiribati,1958,26,0
Kiribati,1958,27,0
Kiribati,1958,28,0
Kiribati,1958,29,0
Kiribati,1958,30,0
Kiribati,1958,31,0
Kiribati,1958,32,0
Kiribati,1958,33,0
Kiribati,1958,34,0
Kiribati,1958,35,0
Kiribati,1958,36,0
Kiribati,1958,37,0
Kiribati,1958,38,0
Kiribati,1958,39,0
Kiribati,1958,40,0
Kiribati,1958,41,0
Kiribati,1958,42,0
Kiribati,1958,43,0
Kiribati,1958,44,0
Kiribati,1958,45,0
Kiribati,1958,46,0
Kiribati,1958,47,0
Kiribati,1958,48,0
Kiribati,1958,49,0
Kiribati,1958,50,0
Kiribati,1958,51,0
Kiribati,1958,52,0
Kiribati,1958,53,0
Kiribati,1958,54,0
Kiribati,1958,55,0
Kiribati,1958,56,0
Kiribati,1958,57,0
Kiribati,1958,58,0
Kiribati,1958,59,0
Kiribati,1958,60,0
Kiribati,1958,61,0
Kiribati,1958,62,0
Kiribati,1958,63,0
Kiribati,1958,64,0
Kiribati,1958,65,0
Kiribati,1958,66,0
Kiribati,1958,67,0
Kiribati,1958,68,0
Kiribati,1958,69,0
Kiribati,1958,70,0
Kiribati,1958,71,0
Kiribati,1958,72,0
Kiribati,1958,73,0
Kiribati,1958,74,0
Kiribati,1958,75,0
Kiribati,1958,76,0
Kiribati,1958,77,0
Kiribati,1958,78,0
Kiribati,1958,79,0
Kiribati,1958,80,0
Kiribati,1958,81,0
Kiribati,1958,82,0
Kiribati,1958,83,0
Kiribati,1958,84,0
Kiribati,1958,85,0
Kiribati,1958,86,0
Kiribati,1958,87,0
Kiribati,1958,88,0
Kiribati,1958,89,0
Kiribati,1958,90,0
Kiribati,1958,91,0
Kiribati,1958,92,0
Kiribati,1958,93,0
Kiribati,1958,94,0
Kiribati,1958,95,0
Kiribati,1958,96,0
Kiribati,1958,97,0
Kiribati,1958,98,0
Kiribati,1958,99,0
Kiribati,1958,100,0
Kiribati,1959,0,0
Kiribati,1959,1,0
Kiribati,1959,2,0
Kiribati,1959,3,0
Kiribati,1959,4,0
Kiribati,1959,5,0
Kiribati,1959,6,0
Kiribati,1959,7,0
Kiribati,1959,8,0
Kiribati,1959,9,0
Kiribati,1959,10,0
Kiribati,1959,11,0
Kiribati,1959,12,0
Kiribati,1959,13,0
Kiribati,1959,14,0
Kiribati,1959,15,0
Kiribati,1959,16,0
Kiribati,1959,17,0
Kiribati,1959,18,0
Kiribati,1959,19,0
Kiribati,1959,20,0
Kiribati,1959,21,0
Kiribati,1959,22,0
Kiribati,1959,23,0
Kiribati,1959,24,0
Kiribati,1959,25,0
Kiribati,1959,26,0
Kiribati,1959,27,0
Kiribati,1959,28,0
Kiribati,1959,29,0
Kiribati,1959,30,0
Kiribati,1959,31,0
Kiribati,1959,32,0
Kiribati,1959,33,0
Kiribati,1959,34,0
Kiribati,1959,35,0
Kiribati,1959,36,0
Kiribati,1959,37,0
Kiribati,1959,38,0
Kiribati,1959,39,0
Kiribati,1959,40,0
Kiribati,1959,41,0
Kiribati,1959,42,0
Kiribati,1959,43,0
Kiribati,1959,44,0
Kiribati,1959,45,0
Kiribati,1959,46,0
Kiribati,1959,47,0
Kiribati,1959,48,0
Kiribati,1959,49,0
Kiribati,1959,50,0
Kiribati,1959,51,0
Kiribati,1959,52,0
Kiribati,1959,53,0
Kiribati,1959,54,0
Kiribati,1959,55,0
Kiribati,1959,56,0
Kiribati,1959,57,0
Kiribati,1959,58,0
Kiribati,1959,59,0
Kiribati,1959,60,0
Kiribati,1959,61,0
Kiribati,1959,62,0
Kiribati,1959,63,0
Kiribati,1959,64,0
Kiribati,1959,65,0
Kiribati,1959,66,0
Kiribati,1959,67,0
Kiribati,1959,68,0
Kiribati,1959,69,0
Kiribati,1959,70,0
Kiribati,1959,71,0
Kiribati,1959,72,0
Kiribati,1959,73,0
Kiribati,1959,74,0
Kiribati,1959,75,0
Kiribati,1959,76,0
Kiribati,1959,77,0
Kiribati,1959,78,0
Kiribati,1959,79,0
Kiribati,1959,80,0
Kiribati,1959,81,0
Kiribati,1959,82,0
Kiribati,1959,83,0
Kiribati,1959,84,0
Kiribati,1959,85,0
Kiribati,1959,86,0
Kiribati,1959,87,0
Kiribati,1959,88,0
Kiribati,1959,89,0
Kiribati,1959,90,0
Kiribati,1959,91,0
Kiribati,1959,92,0
Kiribati,1959,93,0
Kiribati,1959,94,0
Kiribati,1959,95,0
Kiribati,1959,96,0
Kiribati,1959,97,0
Kiribati,1959,98,0
Kiribati,1959,99,0
Kiribati,1959,100,0
Kiribati,1960,0,0
Kiribati,1960,1,0
Kiribati,1960,2,0
Kiribati,1960,3,0
Kiribati,1960,4,0
Kiribati,1960,5,0
Kiribati,1960,6,0
Kiribati,1960,7,0
Kiribati,1960,8,0
Kiribati,1960,9,0
Kiribati,1960,10,0
Kiribati,1960,11,0
Kiribati,1960,12,0
Kiribati,1960,13,0
Kiribati,1960,14,0
Kiribati,1960,15,0
Kiribati,1960,16,0
Kiribati,1960,17,0
Kiribati,1960,18,0
Kiribati,1960,19,0
Kiribati,1960,20,0
Kiribati,1960,21,0
Kiribati,1960,22,0
Kiribati,1960,23,0
Kiribati,1960,24,0
Kiribati,1960,25,0
Kiribati,1960,26,0
Kiribati,1960,27,0
Kiribati,1960,28,0
Kiribati,1960,29,0
Kiribati,1960,30,0
Kiribati,1960,31,0
Kiribati,1960,32,0
Kiribati,1960,33,0
Kiribati,1960,34,0
Kiribati,1960,35,0
Kiribati,1960,36,0
Kiribati,1960,37,0
Kiribati,1960,38,0
Kiribati,1960,39,0
Kiribati,1960,40,0
Kiribati,1960,41,0
Kiribati,1960,42,0
Kiribati,1960,43,0
Kiribati,1960,44,0
Kiribati,1960,45,0
Kiribati,1960,46,0
Kiribati,1960,47,0
Kiribati,1960,48,0
Kiribati,1960,49,0
Kiribati,1960,50,0
Kiribati,1960,51,0
Kiribati,1960,52,0
Kiribati,1960,53,0
Kiribati,1960,54,0
Kiribati,1960,55,0
Kiribati,1960,56,0
Kiribati,1960,57,0
Kiribati,1960,58,0
Kiribati,1960,59,0
Kiribati,1960,60,0
Kiribati,1960,61,0
Kiribati,1960,62,0
Kiribati,1960,63,0
Kiribati,1960,64,0
Kiribati,1960,65,0
Kiribati,1960,66,0
Kiribati,1960,67,0
Kiribati,1960,68,0
Kiribati,1960,69,0
Kiribati,1960,70,0
Kiribati,1960,71,0
Kiribati,1960,72,0
Kiribati,1960,73,0
Kiribati,1960,74,0
Kiribati,1960,75,0
Kiribati,1960,76,0
Kiribati,1960,77,0
Kiribati,1960,78,0
Kiribati,1960,79,0
Kiribati,1960,80,0
Kiribati,1960,81,0
Kiribati,1960,82,0
Kiribati,1960,83,0
Kiribati,1960,84,0
Kiribati,1960,85,0
Kiribati,1960,86,0
Kiribati,1960,87,0
Kiribati,1960,88,0
Kiribati,1960,89,0
Kiribati,1960,90,0
Kiribati,1960,91,0
Kiribati,1960,92,0
Kiribati,1960,93,0
Kiribati,1960,94,0
Kiribati,1960,95,0
Kiribati,1960,96,0
Kiribati,1960,97,0
Kiribati,1960,98,0
Kiribati,1960,99,0
Kiribati,1960,100,0
Kiribati,1961,0,0
Kiribati,1961,1,0
Kiribati,1961,2,0
Kiribati,1961,3,0
Kiribati,1961,4,0
Kiribati,1961,5,0
Kiribati,1961,6,0
Kiribati,1961,7,0
Kiribati,1961,8,0
Kiribati,1961,9,0
Kiribati,1961,10,0
Kiribati,1961,11,0
Kiribati,1961,12,0
Kiribati,1961,13,0
Kiribati,1961,14,0
Kiribati,1961,15,0
Kiribati,1961,16,0
Kiribati,1961,17,0
Kiribati,1961,18,0
Kiribati,1961,19,0
Kiribati,1961,20,0
Kiribati,1961,21,0
Kiribati,1961,22,0
Kiribati,1961,23,0
Kiribati,1961,24,0
Kiribati,1961,25,0
Kiribati,1961,26,0
Kiribati,1961,27,0
Kiribati,1961,28,0
Kiribati,1961,29,0
Kiribati,1961,30,0
Kiribati,1961,31,0
Kiribati,1961,32,0
Kiribati,1961,33,0
Kiribati,1961,34,0
Kiribati,1961,35,0
Kiribati,1961,36,0
Kiribati,1961,37,0
Kiribati,1961,38,0
Kiribati,1961,39,0
Kiribati,1961,40,0
Kiribati,1961,41,0
Kiribati,1961,42,0
Kiribati,1961,43,0
Kiribati,1961,44,0
Kiribati,1961,45,0
Kiribati,1961,46,0
Kiribati,1961,47,0
Kiribati,1961,48,0
Kiribati,1961,49,0
Kiribati,1961,50,0
Kiribati,1961,51,0
Kiribati,1961,52,0
Kiribati,1961,53,0
Kiribati,1961,54,0
Kiribati,1961,55,0
Kiribati,1961,56,0
Kiribati,1961,57,0
Kiribati,1961,58,0
Kiribati,1961,59,0
Kiribati,1961,60,0
Kiribati,1961,61,0
Kiribati,1961,62,0
Kiribati,1961,63,0
Kiribati,1961,64,0
Kiribati,1961,65,0
Kiribati,1961,66,0
Kiribati,1961,67,0
Kiribati,1961,68,0
Kiribati,1961,69,0
Kiribati,1961,70,0
Kiribati,1961,71,0
Kiribati,1961,72,0
Kiribati,1961,73,0
Kiribati,1961,74,0
Kiribati,1961,75,0
Kiribati,1961,76,0
Kiribati,1961,77,0
Kiribati,1961,78,0
Kiribati,1961,79,0
Kiribati,1961,80,0
Kiribati,1961,81,0
Kiribati,1961,82,0
Kiribati,1961,83,0
Kiribati,1961,84,0
Kiribati,1961,85,0
Kiribati,1961,86,0
Kiribati,1961,87,0
Kiribati,1961,88,0
Kiribati,1961,89,0
Kiribati,1961,90,0
Kiribati,1961,91,0
Kiribati,1961,92,0
Kiribati,1961,93,0
Kiribati,1961,94,0
Kiribati,1961,95,0
Kiribati,1961,96,0
Kiribati,1961,97,0
Kiribati,1961,98,0
Kiribati,1961,99,0
Kiribati,1961,100,0
Kiribati,1962,0,0
Kiribati,1962,1,0
Kiribati,1962,2,0
Kiribati,1962,3,0
Kiribati,1962,4,0
Kiribati,1962,5,0
Kiribati,1962,6,0
Kiribati,1962,7,0
Kiribati,1962,8,0
Kiribati,1962,9,0
Kiribati,1962,10,0
Kiribati,1962,11,0
Kiribati,1962,12,0
Kiribati,1962,13,0
Kiribati,1962,14,0
Kiribati,1962,15,0
Kiribati,1962,16,0
Kiribati,1962,17,0
Kiribati,1962,18,0
Kiribati,1962,19,0
Kiribati,1962,20,0
Kiribati,1962,21,0
Kiribati,1962,22,0
Kiribati,1962,23,0
Kiribati,1962,24,0
Kiribati,1962,25,0
Kiribati,1962,26,0
Kiribati,1962,27,0
Kiribati,1962,28,0
Kiribati,1962,29,0
Kiribati,1962,30,0
Kiribati,1962,31,0
Kiribati,1962,32,0
Kiribati,1962,33,0
Kiribati,1962,34,0
Kiribati,1962,35,0
Kiribati,1962,36,0
Kiribati,1962,37,0
Kiribati,1962,38,0
Kiribati,1962,39,0
Kiribati,1962,40,0
Kiribati,1962,41,0
Kiribati,1962,42,0
Kiribati,1962,43,0
Kiribati,1962,44,0
Kiribati,1962,45,0
Kiribati,1962,46,0
Kiribati,1962,47,0
Kiribati,1962,48,0
Kiribati,1962,49,0
Kiribati,1962,50,0
Kiribati,1962,51,0
Kiribati,1962,52,0
Kiribati,1962,53,0
Kiribati,1962,54,0
Kiribati,1962,55,0
Kiribati,1962,56,0
Kiribati,1962,57,0
Kiribati,1962,58,0
Kiribati,1962,59,0
Kiribati,1962,60,0
Kiribati,1962,61,0
Kiribati,1962,62,0
Kiribati,1962,63,0
Kiribati,1962,64,0
Kiribati,1962,65,0
Kiribati,1962,66,0
Kiribati,1962,67,0
Kiribati,1962,68,0
Kiribati,1962,69,0
Kiribati,1962,70,0
Kiribati,1962,71,0
Kiribati,1962,72,0
Kiribati,1962,73,0
Kiribati,1962,74,0
Kiribati,1962,75,0
Kiribati,1962,76,0
Kiribati,1962,77,0
Kiribati,1962,78,0
Kiribati,1962,79,0
Kiribati,1962,80,0
Kiribati,1962,81,0
Kiribati,1962,82,0
Kiribati,1962,83,0
Kiribati,1962,84,0
Kiribati,1962,85,0
Kiribati,1962,86,0
Kiribati,1962,87,0
Kiribati,1962,88,0
Kiribati,1962,89,0
Kiribati,1962,90,0
Kiribati,1962,91,0
Kiribati,1962,92,0
Kiribati,1962,93,0
Kiribati,1962,94,0
Kiribati,1962,95,0
Kiribati,1962,96,0
Kiribati,1962,97,0
Kiribati,1962,98,0
Kiribati,1962,99,0
Kiribati,1962,100,0
Kiribati,1963,0,0
Kiribati,1963,1,0
Kiribati,1963,2,0
Kiribati,1963,3,0
Kiribati,1963,4,0
Kiribati,1963,5,0
Kiribati,1963,6,0
Kiribati,1963,7,0
Kiribati,1963,8,0
Kiribati,1963,9,0
Kiribati,1963,10,0
Kiribati,1963,11,0
Kiribati,1963,12,0
Kiribati,1963,13,0
Kiribati,1963,14,0
Kiribati,1963,15,0
Kiribati,1963,16,0
Kiribati,1963,17,0
Kiribati,1963,18,0
Kiribati,1963,19,0
Kiribati,1963,20,0
Kiribati,1963,21,0
Kiribati,1963,22,0
Kiribati,1963,23,0
Kiribati,1963,24,0
Kiribati,1963,25,0
Kiribati,1963,26,0
Kiribati,1963,27,0
Kiribati,1963,28,0
Kiribati,1963,29,0
Kiribati,1963,30,0
Kiribati,1963,31,0
Kiribati,1963,32,0
Kiribati,1963,33,0
Kiribati,1963,34,0
Kiribati,1963,35,0
Kiribati,1963,36,0
Kiribati,1963,37,0
Kiribati,1963,38,0
Kiribati,1963,39,0
Kiribati,1963,40,0
Kiribati,1963,41,0
Kiribati,1963,42,0
Kiribati,1963,43,0
Kiribati,1963,44,0
Kiribati,1963,45,0
Kiribati,1963,46,0
Kiribati,1963,47,0
Kiribati,1963,48,0
Kiribati,1963,49,0
Kiribati,1963,50,0
Kiribati,1963,51,0
Kiribati,1963,52,0
Kiribati,1963,53,0
Kiribati,1963,54,0
Kiribati,1963,55,0
Kiribati,1963,56,0
Kiribati,1963,57,0
Kiribati,1963,58,0
Kiribati,1963,59,0
Kiribati,1963,60,0
Kiribati,1963,61,0
Kiribati,1963,62,0
Kiribati,1963,63,0
Kiribati,1963,64,0
Kiribati,1963,65,0
Kiribati,1963,66,0
Kiribati,1963,67,0
Kiribati,1963,68,0
Kiribati,1963,69,0
Kiribati,1963,70,0
Kiribati,1963,71,0
Kiribati,1963,72,0
Kiribati,1963,73,0
Kiribati,1963,74,0
Kiribati,1963,75,0
Kiribati,1963,76,0
Kiribati,1963,77,0
Kiribati,1963,78,0
Kiribati,1963,79,0
Kiribati,1963,80,0
Kiribati,1963,81,0
Kiribati,1963,82,0
Kiribati,1963,83,0
Kiribati,1963,84,0
Kiribati,1963,85,0
Kiribati,1963,86,0
Kiribati,1963,87,0
Kiribati,1963,88,0
Kiribati,1963,89,0
Kiribati,1963,90,0
Kiribati,1963,91,0
Kiribati,1963,92,0
Kiribati,1963,93,0
Kiribati,1963,94,0
Kiribati,1963,95,0
Kiribati,1963,96,0
Kiribati,1963,97,0
Kiribati,1963,98,0
Kiribati,1963,99,0
Kiribati,1963,100,0
Kiribati,1964,0,0
Kiribati,1964,1,0
Kiribati,1964,2,0
Kiribati,1964,3,0
Kiribati,1964,4,0
Kiribati,1964,5,0
Kiribati,1964,6,0
Kiribati,1964,7,0
Kiribati,1964,8,0
Kiribati,1964,9,0
Kiribati,1964,10,0
Kiribati,1964,11,0
Kiribati,1964,12,0
Kiribati,1964,13,0
Kiribati,1964,14,0
Kiribati,1964,15,0
Kiribati,1964,16,0
Kiribati,1964,17,0
Kiribati,1964,18,0
Kiribati,1964,19,0
Kiribati,1964,20,0
Kiribati,1964,21,0
Kiribati,1964,22,0
Kiribati,1964,23,0
Kiribati,1964,24,0
Kiribati,1964,25,0
Kiribati,1964,26,0
Kiribati,1964,27,0
Kiribati,1964,28,0
Kiribati,1964,29,0
Kiribati,1964,30,0
Kiribati,1964,31,0
Kiribati,1964,32,0
Kiribati,1964,33,0
Kiribati,1964,34,0
Kiribati,1964,35,0
Kiribati,1964,36,0
Kiribati,1964,37,0
Kiribati,1964,38,0
Kiribati,1964,39,0
Kiribati,1964,40,0
Kiribati,1964,41,0
Kiribati,1964,42,0
Kiribati,1964,43,0
Kiribati,1964,44,0
Kiribati,1964,45,0
Kiribati,1964,46,0
Kiribati,1964,47,0
Kiribati,1964,48,0
Kiribati,1964,49,0
Kiribati,1964,50,0
Kiribati,1964,51,0
Kiribati,1964,52,0
Kiribati,1964,53,0
Kiribati,1964,54,0
Kiribati,1964,55,0
Kiribati,1964,56,0
Kiribati,1964,57,0
Kiribati,1964,58,0
Kiribati,1964,59,0
Kiribati,1964,60,0
Kiribati,1964,61,0
Kiribati,1964,62,0
Kiribati,1964,63,0
Kiribati,1964,64,0
Kiribati,1964,65,0
Kiribati,1964,66,0
Kiribati,1964,67,0
Kiribati,1964,68,0
Kiribati,1964,69,0
Kiribati,1964,70,0
Kiribati,1964,71,0
Kiribati,1964,72,0
Kiribati,1964,73,0
Kiribati,1964,74,0
Kiribati,1964,75,0
Kiribati,1964,76,0
Kiribati,1964,77,0
Kiribati,1964,78,0
Kiribati,1964,79,0
Kiribati,1964,80,0
Kiribati,1964,81,0
Kiribati,1964,82,0
Kiribati,1964,83,0
Kiribati,1964,84,0
Kiribati,1964,85,0
Kiribati,1964,86,0
Kiribati,1964,87,0
Kiribati,1964,88,0
Kiribati,1964,89,0
Kiribati,1964,90,0
Kiribati,1964,91,0
Kiribati,1964,92,0
Kiribati,1964,93,0
Kiribati,1964,94,0
Kiribati,1964,95,0
Kiribati,1964,96,0
Kiribati,1964,97,0
Kiribati,1964,98,0
Kiribati,1964,99,0
Kiribati,1964,100,0
Kiribati,1965,0,0
Kiribati,1965,1,0
Kiribati,1965,2,0
Kiribati,1965,3,0
Kiribati,1965,4,0
Kiribati,1965,5,0
Kiribati,1965,6,0
Kiribati,1965,7,0
Kiribati,1965,8,0
Kiribati,1965,9,0
Kiribati,1965,10,0
Kiribati,1965,11,0
Kiribati,1965,12,0
Kiribati,1965,13,0
Kiribati,1965,14,0
Kiribati,1965,15,0
Kiribati,1965,16,0
Kiribati,1965,17,0
Kiribati,1965,18,0
Kiribati,1965,19,0
Kiribati,1965,20,0
Kiribati,1965,21,0
Kiribati,1965,22,0
Kiribati,1965,23,0
Kiribati,1965,24,0
Kiribati,1965,25,0
Kiribati,1965,26,0
Kiribati,1965,27,0
Kiribati,1965,28,0
Kiribati,1965,29,0
Kiribati,1965,30,0
Kiribati,1965,31,0
Kiribati,1965,32,0
Kiribati,1965,33,0
Kiribati,1965,34,0
Kiribati,1965,35,0
Kiribati,1965,36,0
Kiribati,1965,37,0
Kiribati,1965,38,0
Kiribati,1965,39,0
Kiribati,1965,40,0
Kiribati,1965,41,0
Kiribati,1965,42,0
Kiribati,1965,43,0
Kiribati,1965,44,0
Kiribati,1965,45,0
Kiribati,1965,46,0
Kiribati,1965,47,0
Kiribati,1965,48,0
Kiribati,1965,49,0
Kiribati,1965,50,0
Kiribati,1965,51,0
Kiribati,1965,52,0
Kiribati,1965,53,0
Kiribati,1965,54,0
Kiribati,1965,55,0
Kiribati,1965,56,0
Kiribati,1965,57,0
Kiribati,1965,58,0
Kiribati,1965,59,0
Kiribati,1965,60,0
Kiribati,1965,61,0
Kiribati,1965,62,0
Kiribati,1965,63,0
Kiribati,1965,64,0
Kiribati,1965,65,0
Kiribati,1965,66,0
Kiribati,1965,67,0
Kiribati,1965,68,0
Kiribati,1965,69,0
Kiribati,1965,70,0
Kiribati,1965,71,0
Kiribati,1965,72,0
Kiribati,1965,73,0
Kiribati,1965,74,0
Kiribati,1965,75,0
Kiribati,1965,76,0
Kiribati,1965,77,0
Kiribati,1965,78,0
Kiribati,1965,79,0
Kiribati,1965,80,0
Kiribati,1965,81,0
Kiribati,1965,82,0
Kiribati,1965,83,0
Kiribati,1965,84,0
Kiribati,1965,85,0
Kiribati,1965,86,0
Kiribati,1965,87,0
Kiribati,1965,88,0
Kiribati,1965,89,0
Kiribati,1965,90,0
Kiribati,1965,91,0
Kiribati,1965,92,0
Kiribati,1965,93,0
Kiribati,1965,94,0
Kiribati,1965,95,0
Kiribati,1965,96,0
Kiribati,1965,97,0
Kiribati,1965,98,0
Kiribati,1965,99,0
Kiribati,1965,100,0
Kiribati,1966,0,-19.4526315789474
Kiribati,1966,1,-19.4526315789474
Kiribati,1966,2,-15.9157894736842
Kiribati,1966,3,-15.9157894736842
Kiribati,1966,4,-14.1473684210526
Kiribati,1966,5,-12.3789473684211
Kiribati,1966,6,-12.3789473684211
Kiribati,1966,7,-10.6105263157895
Kiribati,1966,8,-10.6105263157895
Kiribati,1966,9,-8.84210526315789
Kiribati,1966,10,-8.84210526315789
Kiribati,1966,11,-7.07368421052632
Kiribati,1966,12,-7.07368421052632
Kiribati,1966,13,-7.07368421052632
Kiribati,1966,14,-7.07368421052632
Kiribati,1966,15,-7.07368421052632
Kiribati,1966,16,-8.84210526315789
Kiribati,1966,17,-12.3789473684211
Kiribati,1966,18,-15.9157894736842
Kiribati,1966,19,-22.9894736842105
Kiribati,1966,20,-24.7578947368421
Kiribati,1966,21,-28.2947368421053
Kiribati,1966,22,-30.0631578947368
Kiribati,1966,23,-31.8315789473684
Kiribati,1966,24,-31.8315789473684
Kiribati,1966,25,-30.0631578947368
Kiribati,1966,26,-30.0631578947368
Kiribati,1966,27,-26.5263157894737
Kiribati,1966,28,-26.5263157894737
Kiribati,1966,29,-22.9894736842105
Kiribati,1966,30,-22.9894736842105
Kiribati,1966,31,-19.4526315789474
Kiribati,1966,32,-19.4526315789474
Kiribati,1966,33,-15.9157894736842
Kiribati,1966,34,-15.9157894736842
Kiribati,1966,35,-14.1473684210526
Kiribati,1966,36,-12.3789473684211
Kiribati,1966,37,-12.3789473684211
Kiribati,1966,38,-10.6105263157895
Kiribati,1966,39,-10.6105263157895
Kiribati,1966,40,-8.84210526315789
Kiribati,1966,41,-8.84210526315789
Kiribati,1966,42,-7.07368421052632
Kiribati,1966,43,-7.07368421052632
Kiribati,1966,44,-7.07368421052632
Kiribati,1966,45,-7.07368421052632
Kiribati,1966,46,-7.07368421052632
Kiribati,1966,47,-5.30526315789474
Kiribati,1966,48,-5.30526315789474
Kiribati,1966,49,-3.53684210526316
Kiribati,1966,50,-3.53684210526316
Kiribati,1966,51,-3.53684210526316
Kiribati,1966,52,-3.53684210526316
Kiribati,1966,53,-3.53684210526316
Kiribati,1966,54,-3.53684210526316
Kiribati,1966,55,-3.53684210526316
Kiribati,1966,56,-3.53684210526316
Kiribati,1966,57,-3.53684210526316
Kiribati,1966,58,-3.53684210526316
Kiribati,1966,59,-3.53684210526316
Kiribati,1966,60,-3.53684210526316
Kiribati,1966,61,-3.53684210526316
Kiribati,1966,62,-3.53684210526316
Kiribati,1966,63,-3.53684210526316
Kiribati,1966,64,-3.53684210526316
Kiribati,1966,65,-3.53684210526316
Kiribati,1966,66,-3.53684210526316
Kiribati,1966,67,-3.53684210526316
Kiribati,1966,68,-3.53684210526316
Kiribati,1966,69,-3.53684210526316
Kiribati,1966,70,-3.53684210526316
Kiribati,1966,71,-3.53684210526316
Kiribati,1966,72,-3.53684210526316
Kiribati,1966,73,-3.53684210526316
Kiribati,1966,74,-3.53684210526316
Kiribati,1966,75,-3.53684210526316
Kiribati,1966,76,0
Kiribati,1966,77,0
Kiribati,1966,78,0
Kiribati,1966,79,0
Kiribati,1966,80,0
Kiribati,1966,81,0
Kiribati,1966,82,0
Kiribati,1966,83,0
Kiribati,1966,84,0
Kiribati,1966,85,0
Kiribati,1966,86,0
Kiribati,1966,87,0
Kiribati,1966,88,0
Kiribati,1966,89,0
Kiribati,1966,90,0
Kiribati,1966,91,0
Kiribati,1966,92,0
Kiribati,1966,93,0
Kiribati,1966,94,0
Kiribati,1966,95,0
Kiribati,1966,96,0
Kiribati,1966,97,0
Kiribati,1966,98,0
Kiribati,1966,99,0
Kiribati,1966,100,0
Kiribati,1967,0,-20.2168421052632
Kiribati,1967,1,-20.2168421052632
Kiribati,1967,2,-16.5410526315789
Kiribati,1967,3,-16.5410526315789
Kiribati,1967,4,-14.7031578947368
Kiribati,1967,5,-12.8652631578947
Kiribati,1967,6,-12.8652631578947
Kiribati,1967,7,-11.0273684210526
Kiribati,1967,8,-11.0273684210526
Kiribati,1967,9,-9.18947368421053
Kiribati,1967,10,-9.18947368421053
Kiribati,1967,11,-7.35157894736842
Kiribati,1967,12,-7.35157894736842
Kiribati,1967,13,-7.35157894736842
Kiribati,1967,14,-7.35157894736842
Kiribati,1967,15,-7.35157894736842
Kiribati,1967,16,-9.18947368421053
Kiribati,1967,17,-12.8652631578947
Kiribati,1967,18,-16.5410526315789
Kiribati,1967,19,-23.8926315789474
Kiribati,1967,20,-25.7305263157895
Kiribati,1967,21,-29.4063157894737
Kiribati,1967,22,-31.2442105263158
Kiribati,1967,23,-33.0821052631579
Kiribati,1967,24,-33.0821052631579
Kiribati,1967,25,-31.2442105263158
Kiribati,1967,26,-31.2442105263158
Kiribati,1967,27,-27.5684210526316
Kiribati,1967,28,-27.5684210526316
Kiribati,1967,29,-23.8926315789474
Kiribati,1967,30,-23.8926315789474
Kiribati,1967,31,-20.2168421052632
Kiribati,1967,32,-20.2168421052632
Kiribati,1967,33,-16.5410526315789
Kiribati,1967,34,-16.5410526315789
Kiribati,1967,35,-14.7031578947368
Kiribati,1967,36,-12.8652631578947
Kiribati,1967,37,-12.8652631578947
Kiribati,1967,38,-11.0273684210526
Kiribati,1967,39,-11.0273684210526
Kiribati,1967,40,-9.18947368421053
Kiribati,1967,41,-9.18947368421053
Kiribati,1967,42,-7.35157894736842
Kiribati,1967,43,-7.35157894736842
Kiribati,1967,44,-7.35157894736842
Kiribati,1967,45,-7.35157894736842
Kiribati,1967,46,-7.35157894736842
Kiribati,1967,47,-5.51368421052632
Kiribati,1967,48,-5.51368421052632
Kiribati,1967,49,-3.67578947368421
Kiribati,1967,50,-3.67578947368421
Kiribati,1967,51,-3.67578947368421
Kiribati,1967,52,-3.67578947368421
Kiribati,1967,53,-3.67578947368421
Kiribati,1967,54,-3.67578947368421
Kiribati,1967,55,-3.67578947368421
Kiribati,1967,56,-3.67578947368421
Kiribati,1967,57,-3.67578947368421
Kiribati,1967,58,-3.67578947368421
Kiribati,1967,59,-3.67578947368421
Kiribati,1967,60,-3.67578947368421
Kiribati,1967,61,-3.67578947368421
Kiribati,1967,62,-3.67578947368421
Kiribati,1967,63,-3.67578947368421
Kiribati,1967,64,-3.67578947368421
Kiribati,1967,65,-3.67578947368421
Kiribati,1967,66,-3.67578947368421
Kiribati,1967,67,-3.67578947368421
Kiribati,1967,68,-3.67578947368421
Kiribati,1967,69,-3.67578947368421
Kiribati,1967,70,-3.67578947368421
Kiribati,1967,71,-3.67578947368421
Kiribati,1967,72,-3.67578947368421
Kiribati,1967,73,-3.67578947368421
Kiribati,1967,74,-3.67578947368421
Kiribati,1967,75,-3.67578947368421
Kiribati,1967,76,0
Kiribati,1967,77,0
Kiribati,1967,78,0
Kiribati,1967,79,0
Kiribati,1967,80,0
Kiribati,1967,81,0
Kiribati,1967,82,0
Kiribati,1967,83,0
Kiribati,1967,84,0
Kiribati,1967,85,0
Kiribati,1967,86,0
Kiribati,1967,87,0
Kiribati,1967,88,0
Kiribati,1967,89,0
Kiribati,1967,90,0
Kiribati,1967,91,0
Kiribati,1967,92,0
Kiribati,1967,93,0
Kiribati,1967,94,0
Kiribati,1967,95,0
Kiribati,1967,96,0
Kiribati,1967,97,0
Kiribati,1967,98,0
Kiribati,1967,99,0
Kiribati,1967,100,0
Kiribati,1968,0,-20.2863157894737
Kiribati,1968,1,-20.2863157894737
Kiribati,1968,2,-16.5978947368421
Kiribati,1968,3,-16.5978947368421
Kiribati,1968,4,-14.7536842105263
Kiribati,1968,5,-12.9094736842105
Kiribati,1968,6,-12.9094736842105
Kiribati,1968,7,-11.0652631578947
Kiribati,1968,8,-11.0652631578947
Kiribati,1968,9,-9.22105263157895
Kiribati,1968,10,-9.22105263157895
Kiribati,1968,11,-7.37684210526316
Kiribati,1968,12,-7.37684210526316
Kiribati,1968,13,-7.37684210526316
Kiribati,1968,14,-7.37684210526316
Kiribati,1968,15,-7.37684210526316
Kiribati,1968,16,-9.22105263157895
Kiribati,1968,17,-12.9094736842105
Kiribati,1968,18,-16.5978947368421
Kiribati,1968,19,-23.9747368421053
Kiribati,1968,20,-25.8189473684211
Kiribati,1968,21,-29.5073684210526
Kiribati,1968,22,-31.3515789473684
Kiribati,1968,23,-33.1957894736842
Kiribati,1968,24,-33.1957894736842
Kiribati,1968,25,-31.3515789473684
Kiribati,1968,26,-31.3515789473684
Kiribati,1968,27,-27.6631578947368
Kiribati,1968,28,-27.6631578947368
Kiribati,1968,29,-23.9747368421053
Kiribati,1968,30,-23.9747368421053
Kiribati,1968,31,-20.2863157894737
Kiribati,1968,32,-20.2863157894737
Kiribati,1968,33,-16.5978947368421
Kiribati,1968,34,-16.5978947368421
Kiribati,1968,35,-14.7536842105263
Kiribati,1968,36,-12.9094736842105
Kiribati,1968,37,-12.9094736842105
Kiribati,1968,38,-11.0652631578947
Kiribati,1968,39,-11.0652631578947
Kiribati,1968,40,-9.22105263157895
Kiribati,1968,41,-9.22105263157895
Kiribati,1968,42,-7.37684210526316
Kiribati,1968,43,-7.37684210526316
Kiribati,1968,44,-7.37684210526316
Kiribati,1968,45,-7.37684210526316
Kiribati,1968,46,-7.37684210526316
Kiribati,1968,47,-5.53263157894737
Kiribati,1968,48,-5.53263157894737
Kiribati,1968,49,-3.68842105263158
Kiribati,1968,50,-3.68842105263158
Kiribati,1968,51,-3.68842105263158
Kiribati,1968,52,-3.68842105263158
Kiribati,1968,53,-3.68842105263158
Kiribati,1968,54,-3.68842105263158
Kiribati,1968,55,-3.68842105263158
Kiribati,1968,56,-3.68842105263158
Kiribati,1968,57,-3.68842105263158
Kiribati,1968,58,-3.68842105263158
Kiribati,1968,59,-3.68842105263158
Kiribati,1968,60,-3.68842105263158
Kiribati,1968,61,-3.68842105263158
Kiribati,1968,62,-3.68842105263158
Kiribati,1968,63,-3.68842105263158
Kiribati,1968,64,-3.68842105263158
Kiribati,1968,65,-3.68842105263158
Kiribati,1968,66,-3.68842105263158
Kiribati,1968,67,-3.68842105263158
Kiribati,1968,68,-3.68842105263158
Kiribati,1968,69,-3.68842105263158
Kiribati,1968,70,-3.68842105263158
Kiribati,1968,71,-3.68842105263158
Kiribati,1968,72,-3.68842105263158
Kiribati,1968,73,-3.68842105263158
Kiribati,1968,74,-3.68842105263158
Kiribati,1968,75,-3.68842105263158
Kiribati,1968,76,0
Kiribati,1968,77,0
Kiribati,1968,78,0
Kiribati,1968,79,0
Kiribati,1968,80,0
Kiribati,1968,81,0
Kiribati,1968,82,0
Kiribati,1968,83,0
Kiribati,1968,84,0
Kiribati,1968,85,0
Kiribati,1968,86,0
Kiribati,1968,87,0
Kiribati,1968,88,0
Kiribati,1968,89,0
Kiribati,1968,90,0
Kiribati,1968,91,0
Kiribati,1968,92,0
Kiribati,1968,93,0
Kiribati,1968,94,0
Kiribati,1968,95,0
Kiribati,1968,96,0
Kiribati,1968,97,0
Kiribati,1968,98,0
Kiribati,1968,99,0
Kiribati,1968,100,0
Kiribati,1969,0,-5.14105263157895
Kiribati,1969,1,-5.14105263157895
Kiribati,1969,2,-4.20631578947368
Kiribati,1969,3,-4.20631578947368
Kiribati,1969,4,-3.73894736842105
Kiribati,1969,5,-3.27157894736842
Kiribati,1969,6,-3.27157894736842
Kiribati,1969,7,-2.80421052631579
Kiribati,1969,8,-2.80421052631579
Kiribati,1969,9,-2.33684210526316
Kiribati,1969,10,-2.33684210526316
Kiribati,1969,11,-1.86947368421053
Kiribati,1969,12,-1.86947368421053
Kiribati,1969,13,-1.86947368421053
Kiribati,1969,14,-1.86947368421053
Kiribati,1969,15,-1.86947368421053
Kiribati,1969,16,-2.33684210526316
Kiribati,1969,17,-3.27157894736842
Kiribati,1969,18,-4.20631578947368
Kiribati,1969,19,-6.07578947368421
Kiribati,1969,20,-6.54315789473684
Kiribati,1969,21,-7.47789473684211
Kiribati,1969,22,-7.94526315789474
Kiribati,1969,23,-8.41263157894737
Kiribati,1969,24,-8.41263157894737
Kiribati,1969,25,-7.94526315789474
Kiribati,1969,26,-7.94526315789474
Kiribati,1969,27,-7.01052631578947
Kiribati,1969,28,-7.01052631578947
Kiribati,1969,29,-6.07578947368421
Kiribati,1969,30,-6.07578947368421
Kiribati,1969,31,-5.14105263157895
Kiribati,1969,32,-5.14105263157895
Kiribati,1969,33,-4.20631578947368
Kiribati,1969,34,-4.20631578947368
Kiribati,1969,35,-3.73894736842105
Kiribati,1969,36,-3.27157894736842
Kiribati,1969,37,-3.27157894736842
Kiribati,1969,38,-2.80421052631579
Kiribati,1969,39,-2.80421052631579
Kiribati,1969,40,-2.33684210526316
Kiribati,1969,41,-2.33684210526316
Kiribati,1969,42,-1.86947368421053
Kiribati,1969,43,-1.86947368421053
Kiribati,1969,44,-1.86947368421053
Kiribati,1969,45,-1.86947368421053
Kiribati,1969,46,-1.86947368421053
Kiribati,1969,47,-1.40210526315789
Kiribati,1969,48,-1.40210526315789
Kiribati,1969,49,-0.934736842105263
Kiribati,1969,50,-0.934736842105263
Kiribati,1969,51,-0.934736842105263
Kiribati,1969,52,-0.934736842105263
Kiribati,1969,53,-0.934736842105263
Kiribati,1969,54,-0.934736842105263
Kiribati,1969,55,-0.934736842105263
Kiribati,1969,56,-0.934736842105263
Kiribati,1969,57,-0.934736842105263
Kiribati,1969,58,-0.934736842105263
Kiribati,1969,59,-0.934736842105263
Kiribati,1969,60,-0.934736842105263
Kiribati,1969,61,-0.934736842105263
Kiribati,1969,62,-0.934736842105263
Kiribati,1969,63,-0.934736842105263
Kiribati,1969,64,-0.934736842105263
Kiribati,1969,65,-0.934736842105263
Kiribati,1969,66,-0.934736842105263
Kiribati,1969,67,-0.934736842105263
Kiribati,1969,68,-0.934736842105263
Kiribati,1969,69,-0.934736842105263
Kiribati,1969,70,-0.934736842105263
Kiribati,1969,71,-0.934736842105263
Kiribati,1969,72,-0.934736842105263
Kiribati,1969,73,-0.934736842105263
Kiribati,1969,74,-0.934736842105263
Kiribati,1969,75,-0.934736842105263
Kiribati,1969,76,0
Kiribati,1969,77,0
Kiribati,1969,78,0
Kiribati,1969,79,0
Kiribati,1969,80,0
Kiribati,1969,81,0
Kiribati,1969,82,0
Kiribati,1969,83,0
Kiribati,1969,84,0
Kiribati,1969,85,0
Kiribati,1969,86,0
Kiribati,1969,87,0
Kiribati,1969,88,0
Kiribati,1969,89,0
Kiribati,1969,90,0
Kiribati,1969,91,0
Kiribati,1969,92,0
Kiribati,1969,93,0
Kiribati,1969,94,0
Kiribati,1969,95,0
Kiribati,1969,96,0
Kiribati,1969,97,0
Kiribati,1969,98,0
Kiribati,1969,99,0
Kiribati,1969,100,0
Kiribati,1970,0,-5.39578947368421
Kiribati,1970,1,-5.39578947368421
Kiribati,1970,2,-4.41473684210526
Kiribati,1970,3,-4.41473684210526
Kiribati,1970,4,-3.92421052631579
Kiribati,1970,5,-3.43368421052632
Kiribati,1970,6,-3.43368421052632
Kiribati,1970,7,-2.94315789473684
Kiribati,1970,8,-2.94315789473684
Kiribati,1970,9,-2.45263157894737
Kiribati,1970,10,-2.45263157894737
Kiribati,1970,11,-1.96210526315789
Kiribati,1970,12,-1.96210526315789
Kiribati,1970,13,-1.96210526315789
Kiribati,1970,14,-1.96210526315789
Kiribati,1970,15,-1.96210526315789
Kiribati,1970,16,-2.45263157894737
Kiribati,1970,17,-3.43368421052632
Kiribati,1970,18,-4.41473684210526
Kiribati,1970,19,-6.37684210526316
Kiribati,1970,20,-6.86736842105263
Kiribati,1970,21,-7.84842105263158
Kiribati,1970,22,-8.33894736842105
Kiribati,1970,23,-8.82947368421053
Kiribati,1970,24,-8.82947368421053
Kiribati,1970,25,-8.33894736842105
Kiribati,1970,26,-8.33894736842105
Kiribati,1970,27,-7.3578947368421
Kiribati,1970,28,-7.3578947368421
Kiribati,1970,29,-6.37684210526316
Kiribati,1970,30,-6.37684210526316
Kiribati,1970,31,-5.39578947368421
Kiribati,1970,32,-5.39578947368421
Kiribati,1970,33,-4.41473684210526
Kiribati,1970,34,-4.41473684210526
Kiribati,1970,35,-3.92421052631579
Kiribati,1970,36,-3.43368421052632
Kiribati,1970,37,-3.43368421052632
Kiribati,1970,38,-2.94315789473684
Kiribati,1970,39,-2.94315789473684
Kiribati,1970,40,-2.45263157894737
Kiribati,1970,41,-2.45263157894737
Kiribati,1970,42,-1.96210526315789
Kiribati,1970,43,-1.96210526315789
Kiribati,1970,44,-1.96210526315789
Kiribati,1970,45,-1.96210526315789
Kiribati,1970,46,-1.96210526315789
Kiribati,1970,47,-1.47157894736842
Kiribati,1970,48,-1.47157894736842
Kiribati,1970,49,-0.981052631578947
Kiribati,1970,50,-0.981052631578947
Kiribati,1970,51,-0.981052631578947
Kiribati,1970,52,-0.981052631578947
Kiribati,1970,53,-0.981052631578947
Kiribati,1970,54,-0.981052631578947
Kiribati,1970,55,-0.981052631578947
Kiribati,1970,56,-0.981052631578947
Kiribati,1970,57,-0.981052631578947
Kiribati,1970,58,-0.981052631578947
Kiribati,1970,59,-0.981052631578947
Kiribati,1970,60,-0.981052631578947
Kiribati,1970,61,-0.981052631578947
Kiribati,1970,62,-0.981052631578947
Kiribati,1970,63,-0.981052631578947
Kiribati,1970,64,-0.981052631578947
Kiribati,1970,65,-0.981052631578947
Kiribati,1970,66,-0.981052631578947
Kiribati,1970,67,-0.981052631578947
Kiribati,1970,68,-0.981052631578947
Kiribati,1970,69,-0.981052631578947
Kiribati,1970,70,-0.981052631578947
Kiribati,1970,71,-0.981052631578947
Kiribati,1970,72,-0.981052631578947
Kiribati,1970,73,-0.981052631578947
Kiribati,1970,74,-0.981052631578947
Kiribati,1970,75,-0.981052631578947
Kiribati,1970,76,0
Kiribati,1970,77,0
Kiribati,1970,78,0
Kiribati,1970,79,0
Kiribati,1970,80,0
Kiribati,1970,81,0
Kiribati,1970,82,0
Kiribati,1970,83,0
Kiribati,1970,84,0
Kiribati,1970,85,0
Kiribati,1970,86,0
Kiribati,1970,87,0
Kiribati,1970,88,0
Kiribati,1970,89,0
Kiribati,1970,90,0
Kiribati,1970,91,0
Kiribati,1970,92,0
Kiribati,1970,93,0
Kiribati,1970,94,0
Kiribati,1970,95,0
Kiribati,1970,96,0
Kiribati,1970,97,0
Kiribati,1970,98,0
Kiribati,1970,99,0
Kiribati,1970,100,0
Kiribati,1971,0,-6.13684210526316
Kiribati,1971,1,-6.13684210526316
Kiribati,1971,2,-5.02105263157895
Kiribati,1971,3,-5.02105263157895
Kiribati,1971,4,-4.46315789473684
Kiribati,1971,5,-3.90526315789474
Kiribati,1971,6,-3.90526315789474
Kiribati,1971,7,-3.34736842105263
Kiribati,1971,8,-3.34736842105263
Kiribati,1971,9,-2.78947368421053
Kiribati,1971,10,-2.78947368421053
Kiribati,1971,11,-2.23157894736842
Kiribati,1971,12,-2.23157894736842
Kiribati,1971,13,-2.23157894736842
Kiribati,1971,14,-2.23157894736842
Kiribati,1971,15,-2.23157894736842
Kiribati,1971,16,-2.78947368421053
Kiribati,1971,17,-3.90526315789474
Kiribati,1971,18,-5.02105263157895
Kiribati,1971,19,-7.25263157894737
Kiribati,1971,20,-7.81052631578947
Kiribati,1971,21,-8.92631578947369
Kiribati,1971,22,-9.48421052631579
Kiribati,1971,23,-10.0421052631579
Kiribati,1971,24,-10.0421052631579
Kiribati,1971,25,-9.48421052631579
Kiribati,1971,26,-9.48421052631579
Kiribati,1971,27,-8.36842105263158
Kiribati,1971,28,-8.36842105263158
Kiribati,1971,29,-7.25263157894737
Kiribati,1971,30,-7.25263157894737
Kiribati,1971,31,-6.13684210526316
Kiribati,1971,32,-6.13684210526316
Kiribati,1971,33,-5.02105263157895
Kiribati,1971,34,-5.02105263157895
Kiribati,1971,35,-4.46315789473684
Kiribati,1971,36,-3.90526315789474
Kiribati,1971,37,-3.90526315789474
Kiribati,1971,38,-3.34736842105263
Kiribati,1971,39,-3.34736842105263
Kiribati,1971,40,-2.78947368421053
Kiribati,1971,41,-2.78947368421053
Kiribati,1971,42,-2.23157894736842
Kiribati,1971,43,-2.23157894736842
Kiribati,1971,44,-2.23157894736842
Kiribati,1971,45,-2.23157894736842
Kiribati,1971,46,-2.23157894736842
Kiribati,1971,47,-1.67368421052632
Kiribati,1971,48,-1.67368421052632
Kiribati,1971,49,-1.11578947368421
Kiribati,1971,50,-1.11578947368421
Kiribati,1971,51,-1.11578947368421
Kiribati,1971,52,-1.11578947368421
Kiribati,1971,53,-1.11578947368421
Kiribati,1971,54,-1.11578947368421
Kiribati,1971,55,-1.11578947368421
Kiribati,1971,56,-1.11578947368421
Kiribati,1971,57,-1.11578947368421
Kiribati,1971,58,-1.11578947368421
Kiribati,1971,59,-1.11578947368421
Kiribati,1971,60,-1.11578947368421
Kiribati,1971,61,-1.11578947368421
Kiribati,1971,62,-1.11578947368421
Kiribati,1971,63,-1.11578947368421
Kiribati,1971,64,-1.11578947368421
Kiribati,1971,65,-1.11578947368421
Kiribati,1971,66,-1.11578947368421
Kiribati,1971,67,-1.11578947368421
Kiribati,1971,68,-1.11578947368421
Kiribati,1971,69,-1.11578947368421
Kiribati,1971,70,-1.11578947368421
Kiribati,1971,71,-1.11578947368421
Kiribati,1971,72,-1.11578947368421
Kiribati,1971,73,-1.11578947368421
Kiribati,1971,74,-1.11578947368421
Kiribati,1971,75,-1.11578947368421
Kiribati,1971,76,0
Kiribati,1971,77,0
Kiribati,1971,78,0
Kiribati,1971,79,0
Kiribati,1971,80,0
Kiribati,1971,81,0
Kiribati,1971,82,0
Kiribati,1971,83,0
Kiribati,1971,84,0
Kiribati,1971,85,0
Kiribati,1971,86,0
Kiribati,1971,87,0
Kiribati,1971,88,0
Kiribati,1971,89,0
Kiribati,1971,90,0
Kiribati,1971,91,0
Kiribati,1971,92,0
Kiribati,1971,93,0
Kiribati,1971,94,0
Kiribati,1971,95,0
Kiribati,1971,96,0
Kiribati,1971,97,0
Kiribati,1971,98,0
Kiribati,1971,99,0
Kiribati,1971,100,0
Kiribati,1972,0,-6.71578947368421
Kiribati,1972,1,-6.71578947368421
Kiribati,1972,2,-5.49473684210526
Kiribati,1972,3,-5.49473684210526
Kiribati,1972,4,-4.88421052631579
Kiribati,1972,5,-4.27368421052632
Kiribati,1972,6,-4.27368421052632
Kiribati,1972,7,-3.66315789473684
Kiribati,1972,8,-3.66315789473684
Kiribati,1972,9,-3.05263157894737
Kiribati,1972,10,-3.05263157894737
Kiribati,1972,11,-2.44210526315789
Kiribati,1972,12,-2.44210526315789
Kiribati,1972,13,-2.44210526315789
Kiribati,1972,14,-2.44210526315789
Kiribati,1972,15,-2.44210526315789
Kiribati,1972,16,-3.05263157894737
Kiribati,1972,17,-4.27368421052632
Kiribati,1972,18,-5.49473684210526
Kiribati,1972,19,-7.93684210526316
Kiribati,1972,20,-8.54736842105263
Kiribati,1972,21,-9.76842105263158
Kiribati,1972,22,-10.3789473684211
Kiribati,1972,23,-10.9894736842105
Kiribati,1972,24,-10.9894736842105
Kiribati,1972,25,-10.3789473684211
Kiribati,1972,26,-10.3789473684211
Kiribati,1972,27,-9.1578947368421
Kiribati,1972,28,-9.1578947368421
Kiribati,1972,29,-7.93684210526316
Kiribati,1972,30,-7.93684210526316
Kiribati,1972,31,-6.71578947368421
Kiribati,1972,32,-6.71578947368421
Kiribati,1972,33,-5.49473684210526
Kiribati,1972,34,-5.49473684210526
Kiribati,1972,35,-4.88421052631579
Kiribati,1972,36,-4.27368421052632
Kiribati,1972,37,-4.27368421052632
Kiribati,1972,38,-3.66315789473684
Kiribati,1972,39,-3.66315789473684
Kiribati,1972,40,-3.05263157894737
Kiribati,1972,41,-3.05263157894737
Kiribati,1972,42,-2.44210526315789
Kiribati,1972,43,-2.44210526315789
Kiribati,1972,44,-2.44210526315789
Kiribati,1972,45,-2.44210526315789
Kiribati,1972,46,-2.44210526315789
Kiribati,1972,47,-1.83157894736842
Kiribati,1972,48,-1.83157894736842
Kiribati,1972,49,-1.22105263157895
Kiribati,1972,50,-1.22105263157895
Kiribati,1972,51,-1.22105263157895
Kiribati,1972,52,-1.22105263157895
Kiribati,1972,53,-1.22105263157895
Kiribati,1972,54,-1.22105263157895
Kiribati,1972,55,-1.22105263157895
Kiribati,1972,56,-1.22105263157895
Kiribati,1972,57,-1.22105263157895
Kiribati,1972,58,-1.22105263157895
Kiribati,1972,59,-1.22105263157895
Kiribati,1972,60,-1.22105263157895
Kiribati,1972,61,-1.22105263157895
Kiribati,1972,62,-1.22105263157895
Kiribati,1972,63,-1.22105263157895
Kiribati,1972,64,-1.22105263157895
Kiribati,1972,65,-1.22105263157895
Kiribati,1972,66,-1.22105263157895
Kiribati,1972,67,-1.22105263157895
Kiribati,1972,68,-1.22105263157895
Kiribati,1972,69,-1.22105263157895
Kiribati,1972,70,-1.22105263157895
Kiribati,1972,71,-1.22105263157895
Kiribati,1972,72,-1.22105263157895
Kiribati,1972,73,-1.22105263157895
Kiribati,1972,74,-1.22105263157895
Kiribati,1972,75,-1.22105263157895
Kiribati,1972,76,0
Kiribati,1972,77,0
Kiribati,1972,78,0
Kiribati,1972,79,0
Kiribati,1972,80,0
Kiribati,1972,81,0
Kiribati,1972,82,0
Kiribati,1972,83,0
Kiribati,1972,84,0
Kiribati,1972,85,0
Kiribati,1972,86,0
Kiribati,1972,87,0
Kiribati,1972,88,0
Kiribati,1972,89,0
Kiribati,1972,90,0
Kiribati,1972,91,0
Kiribati,1972,92,0
Kiribati,1972,93,0
Kiribati,1972,94,0
Kiribati,1972,95,0
Kiribati,1972,96,0
Kiribati,1972,97,0
Kiribati,1972,98,0
Kiribati,1972,99,0
Kiribati,1972,100,0
Kiribati,1973,0,-10.1894736842105
Kiribati,1973,1,-10.1894736842105
Kiribati,1973,2,-8.33684210526316
Kiribati,1973,3,-8.33684210526316
Kiribati,1973,4,-7.41052631578947
Kiribati,1973,5,-6.48421052631579
Kiribati,1973,6,-6.48421052631579
Kiribati,1973,7,-5.55789473684211
Kiribati,1973,8,-5.55789473684211
Kiribati,1973,9,-4.63157894736842
Kiribati,1973,10,-4.63157894736842
Kiribati,1973,11,-3.70526315789474
Kiribati,1973,12,-3.70526315789474
Kiribati,1973,13,-3.70526315789474
Kiribati,1973,14,-3.70526315789474
Kiribati,1973,15,-3.70526315789474
Kiribati,1973,16,-4.63157894736842
Kiribati,1973,17,-6.48421052631579
Kiribati,1973,18,-8.33684210526316
Kiribati,1973,19,-12.0421052631579
Kiribati,1973,20,-12.9684210526316
Kiribati,1973,21,-14.8210526315789
Kiribati,1973,22,-15.7473684210526
Kiribati,1973,23,-16.6736842105263
Kiribati,1973,24,-16.6736842105263
Kiribati,1973,25,-15.7473684210526
Kiribati,1973,26,-15.7473684210526
Kiribati,1973,27,-13.8947368421053
Kiribati,1973,28,-13.8947368421053
Kiribati,1973,29,-12.0421052631579
Kiribati,1973,30,-12.0421052631579
Kiribati,1973,31,-10.1894736842105
Kiribati,1973,32,-10.1894736842105
Kiribati,1973,33,-8.33684210526316
Kiribati,1973,34,-8.33684210526316
Kiribati,1973,35,-7.41052631578947
Kiribati,1973,36,-6.48421052631579
Kiribati,1973,37,-6.48421052631579
Kiribati,1973,38,-5.55789473684211
Kiribati,1973,39,-5.55789473684211
Kiribati,1973,40,-4.63157894736842
Kiribati,1973,41,-4.63157894736842
Kiribati,1973,42,-3.70526315789474
Kiribati,1973,43,-3.70526315789474
Kiribati,1973,44,-3.70526315789474
Kiribati,1973,45,-3.70526315789474
Kiribati,1973,46,-3.70526315789474
Kiribati,1973,47,-2.77894736842105
Kiribati,1973,48,-2.77894736842105
Kiribati,1973,49,-1.85263157894737
Kiribati,1973,50,-1.85263157894737
Kiribati,1973,51,-1.85263157894737
Kiribati,1973,52,-1.85263157894737
Kiribati,1973,53,-1.85263157894737
Kiribati,1973,54,-1.85263157894737
Kiribati,1973,55,-1.85263157894737
Kiribati,1973,56,-1.85263157894737
Kiribati,1973,57,-1.85263157894737
Kiribati,1973,58,-1.85263157894737
Kiribati,1973,59,-1.85263157894737
Kiribati,1973,60,-1.85263157894737
Kiribati,1973,61,-1.85263157894737
Kiribati,1973,62,-1.85263157894737
Kiribati,1973,63,-1.85263157894737
Kiribati,1973,64,-1.85263157894737
Kiribati,1973,65,-1.85263157894737
Kiribati,1973,66,-1.85263157894737
Kiribati,1973,67,-1.85263157894737
Kiribati,1973,68,-1.85263157894737
Kiribati,1973,69,-1.85263157894737
Kiribati,1973,70,-1.85263157894737
Kiribati,1973,71,-1.85263157894737
Kiribati,1973,72,-1.85263157894737
Kiribati,1973,73,-1.85263157894737
Kiribati,1973,74,-1.85263157894737
Kiribati,1973,75,-1.85263157894737
Kiribati,1973,76,0
Kiribati,1973,77,0
Kiribati,1973,78,0
Kiribati,1973,79,0
Kiribati,1973,80,0
Kiribati,1973,81,0
Kiribati,1973,82,0
Kiribati,1973,83,0
Kiribati,1973,84,0
Kiribati,1973,85,0
Kiribati,1973,86,0
Kiribati,1973,87,0
Kiribati,1973,88,0
Kiribati,1973,89,0
Kiribati,1973,90,0
Kiribati,1973,91,0
Kiribati,1973,92,0
Kiribati,1973,93,0
Kiribati,1973,94,0
Kiribati,1973,95,0
Kiribati,1973,96,0
Kiribati,1973,97,0
Kiribati,1973,98,0
Kiribati,1973,99,0
Kiribati,1973,100,0
Kiribati,1974,0,-37.1684210526316
Kiribati,1974,1,-37.1684210526316
Kiribati,1974,2,-30.4105263157895
Kiribati,1974,3,-30.4105263157895
Kiribati,1974,4,-27.0315789473684
Kiribati,1974,5,-23.6526315789474
Kiribati,1974,6,-23.6526315789474
Kiribati,1974,7,-20.2736842105263
Kiribati,1974,8,-20.2736842105263
Kiribati,1974,9,-16.8947368421053
Kiribati,1974,10,-16.8947368421053
Kiribati,1974,11,-13.5157894736842
Kiribati,1974,12,-13.5157894736842
Kiribati,1974,13,-13.5157894736842
Kiribati,1974,14,-13.5157894736842
Kiribati,1974,15,-13.5157894736842
Kiribati,1974,16,-16.8947368421053
Kiribati,1974,17,-23.6526315789474
Kiribati,1974,18,-30.4105263157895
Kiribati,1974,19,-43.9263157894737
Kiribati,1974,20,-47.3052631578947
Kiribati,1974,21,-54.0631578947368
Kiribati,1974,22,-57.4421052631579
Kiribati,1974,23,-60.821052631579
Kiribati,1974,24,-60.821052631579
Kiribati,1974,25,-57.4421052631579
Kiribati,1974,26,-57.4421052631579
Kiribati,1974,27,-50.6842105263158
Kiribati,1974,28,-50.6842105263158
Kiribati,1974,29,-43.9263157894737
Kiribati,1974,30,-43.9263157894737
Kiribati,1974,31,-37.1684210526316
Kiribati,1974,32,-37.1684210526316
Kiribati,1974,33,-30.4105263157895
Kiribati,1974,34,-30.4105263157895
Kiribati,1974,35,-27.0315789473684
Kiribati,1974,36,-23.6526315789474
Kiribati,1974,37,-23.6526315789474
Kiribati,1974,38,-20.2736842105263
Kiribati,1974,39,-20.2736842105263
Kiribati,1974,40,-16.8947368421053
Kiribati,1974,41,-16.8947368421053
Kiribati,1974,42,-13.5157894736842
Kiribati,1974,43,-13.5157894736842
Kiribati,1974,44,-13.5157894736842
Kiribati,1974,45,-13.5157894736842
Kiribati,1974,46,-13.5157894736842
Kiribati,1974,47,-10.1368421052632
Kiribati,1974,48,-10.1368421052632
Kiribati,1974,49,-6.7578947368421
Kiribati,1974,50,-6.7578947368421
Kiribati,1974,51,-6.7578947368421
Kiribati,1974,52,-6.7578947368421
Kiribati,1974,53,-6.7578947368421
Kiribati,1974,54,-6.7578947368421
Kiribati,1974,55,-6.7578947368421
Kiribati,1974,56,-6.7578947368421
Kiribati,1974,57,-6.7578947368421
Kiribati,1974,58,-6.7578947368421
Kiribati,1974,59,-6.7578947368421
Kiribati,1974,60,-6.7578947368421
Kiribati,1974,61,-6.7578947368421
Kiribati,1974,62,-6.7578947368421
Kiribati,1974,63,-6.7578947368421
Kiribati,1974,64,-6.7578947368421
Kiribati,1974,65,-6.7578947368421
Kiribati,1974,66,-6.7578947368421
Kiribati,1974,67,-6.7578947368421
Kiribati,1974,68,-6.7578947368421
Kiribati,1974,69,-6.7578947368421
Kiribati,1974,70,-6.7578947368421
Kiribati,1974,71,-6.7578947368421
Kiribati,1974,72,-6.7578947368421
Kiribati,1974,73,-6.7578947368421
Kiribati,1974,74,-6.7578947368421
Kiribati,1974,75,-6.7578947368421
Kiribati,1974,76,0
Kiribati,1974,77,0
Kiribati,1974,78,0
Kiribati,1974,79,0
Kiribati,1974,80,0
Kiribati,1974,81,0
Kiribati,1974,82,0
Kiribati,1974,83,0
Kiribati,1974,84,0
Kiribati,1974,85,0
Kiribati,1974,86,0
Kiribati,1974,87,0
Kiribati,1974,88,0
Kiribati,1974,89,0
Kiribati,1974,90,0
Kiribati,1974,91,0
Kiribati,1974,92,0
Kiribati,1974,93,0
Kiribati,1974,94,0
Kiribati,1974,95,0
Kiribati,1974,96,0
Kiribati,1974,97,0
Kiribati,1974,98,0
Kiribati,1974,99,0
Kiribati,1974,100,0
Kiribati,1975,0,-39.5073684210526
Kiribati,1975,1,-39.5073684210526
Kiribati,1975,2,-32.3242105263158
Kiribati,1975,3,-32.3242105263158
Kiribati,1975,4,-28.7326315789474
Kiribati,1975,5,-25.1410526315789
Kiribati,1975,6,-25.1410526315789
Kiribati,1975,7,-21.5494736842105
Kiribati,1975,8,-21.5494736842105
Kiribati,1975,9,-17.9578947368421
Kiribati,1975,10,-17.9578947368421
Kiribati,1975,11,-14.3663157894737
Kiribati,1975,12,-14.3663157894737
Kiribati,1975,13,-14.3663157894737
Kiribati,1975,14,-14.3663157894737
Kiribati,1975,15,-14.3663157894737
Kiribati,1975,16,-17.9578947368421
Kiribati,1975,17,-25.1410526315789
Kiribati,1975,18,-32.3242105263158
Kiribati,1975,19,-46.6905263157895
Kiribati,1975,20,-50.2821052631579
Kiribati,1975,21,-57.4652631578947
Kiribati,1975,22,-61.0568421052632
Kiribati,1975,23,-64.6484210526316
Kiribati,1975,24,-64.6484210526316
Kiribati,1975,25,-61.0568421052632
Kiribati,1975,26,-61.0568421052632
Kiribati,1975,27,-53.8736842105263
Kiribati,1975,28,-53.8736842105263
Kiribati,1975,29,-46.6905263157895
Kiribati,1975,30,-46.6905263157895
Kiribati,1975,31,-39.5073684210526
Kiribati,1975,32,-39.5073684210526
Kiribati,1975,33,-32.3242105263158
Kiribati,1975,34,-32.3242105263158
Kiribati,1975,35,-28.7326315789474
Kiribati,1975,36,-25.1410526315789
Kiribati,1975,37,-25.1410526315789
Kiribati,1975,38,-21.5494736842105
Kiribati,1975,39,-21.5494736842105
Kiribati,1975,40,-17.9578947368421
Kiribati,1975,41,-17.9578947368421
Kiribati,1975,42,-14.3663157894737
Kiribati,1975,43,-14.3663157894737
Kiribati,1975,44,-14.3663157894737
Kiribati,1975,45,-14.3663157894737
Kiribati,1975,46,-14.3663157894737
Kiribati,1975,47,-10.7747368421053
Kiribati,1975,48,-10.7747368421053
Kiribati,1975,49,-7.18315789473684
Kiribati,1975,50,-7.18315789473684
Kiribati,1975,51,-7.18315789473684
Kiribati,1975,52,-7.18315789473684
Kiribati,1975,53,-7.18315789473684
Kiribati,1975,54,-7.18315789473684
Kiribati,1975,55,-7.18315789473684
Kiribati,1975,56,-7.18315789473684
Kiribati,1975,57,-7.18315789473684
Kiribati,1975,58,-7.18315789473684
Kiribati,1975,59,-7.18315789473684
Kiribati,1975,60,-7.18315789473684
Kiribati,1975,61,-7.18315789473684
Kiribati,1975,62,-7.18315789473684
Kiribati,1975,63,-7.18315789473684
Kiribati,1975,64,-7.18315789473684
Kiribati,1975,65,-7.18315789473684
Kiribati,1975,66,-7.18315789473684
Kiribati,1975,67,-7.18315789473684
Kiribati,1975,68,-7.18315789473684
Kiribati,1975,69,-7.18315789473684
Kiribati,1975,70,-7.18315789473684
Kiribati,1975,71,-7.18315789473684
Kiribati,1975,72,-7.18315789473684
Kiribati,1975,73,-7.18315789473684
Kiribati,1975,74,-7.18315789473684
Kiribati,1975,75,-7.18315789473684
Kiribati,1975,76,0
Kiribati,1975,77,0
Kiribati,1975,78,0
Kiribati,1975,79,0
Kiribati,1975,80,0
Kiribati,1975,81,0
Kiribati,1975,82,0
Kiribati,1975,83,0
Kiribati,1975,84,0
Kiribati,1975,85,0
Kiribati,1975,86,0
Kiribati,1975,87,0
Kiribati,1975,88,0
Kiribati,1975,89,0
Kiribati,1975,90,0
Kiribati,1975,91,0
Kiribati,1975,92,0
Kiribati,1975,93,0
Kiribati,1975,94,0
Kiribati,1975,95,0
Kiribati,1975,96,0
Kiribati,1975,97,0
Kiribati,1975,98,0
Kiribati,1975,99,0
Kiribati,1975,100,0
Kiribati,1976,0,-41.5684210526316
Kiribati,1976,1,-41.5684210526316
Kiribati,1976,2,-34.0105263157895
Kiribati,1976,3,-34.0105263157895
Kiribati,1976,4,-30.2315789473684
Kiribati,1976,5,-26.4526315789474
Kiribati,1976,6,-26.4526315789474
Kiribati,1976,7,-22.6736842105263
Kiribati,1976,8,-22.6736842105263
Kiribati,1976,9,-18.8947368421053
Kiribati,1976,10,-18.8947368421053
Kiribati,1976,11,-15.1157894736842
Kiribati,1976,12,-15.1157894736842
Kiribati,1976,13,-15.1157894736842
Kiribati,1976,14,-15.1157894736842
Kiribati,1976,15,-15.1157894736842
Kiribati,1976,16,-18.8947368421053
Kiribati,1976,17,-26.4526315789474
Kiribati,1976,18,-34.0105263157895
Kiribati,1976,19,-49.1263157894737
Kiribati,1976,20,-52.9052631578947
Kiribati,1976,21,-60.4631578947368
Kiribati,1976,22,-64.2421052631579
Kiribati,1976,23,-68.021052631579
Kiribati,1976,24,-68.021052631579
Kiribati,1976,25,-64.2421052631579
Kiribati,1976,26,-64.2421052631579
Kiribati,1976,27,-56.6842105263158
Kiribati,1976,28,-56.6842105263158
Kiribati,1976,29,-49.1263157894737
Kiribati,1976,30,-49.1263157894737
Kiribati,1976,31,-41.5684210526316
Kiribati,1976,32,-41.5684210526316
Kiribati,1976,33,-34.0105263157895
Kiribati,1976,34,-34.0105263157895
Kiribati,1976,35,-30.2315789473684
Kiribati,1976,36,-26.4526315789474
Kiribati,1976,37,-26.4526315789474
Kiribati,1976,38,-22.6736842105263
Kiribati,1976,39,-22.6736842105263
Kiribati,1976,40,-18.8947368421053
Kiribati,1976,41,-18.8947368421053
Kiribati,1976,42,-15.1157894736842
Kiribati,1976,43,-15.1157894736842
Kiribati,1976,44,-15.1157894736842
Kiribati,1976,45,-15.1157894736842
Kiribati,1976,46,-15.1157894736842
Kiribati,1976,47,-11.3368421052632
Kiribati,1976,48,-11.3368421052632
Kiribati,1976,49,-7.5578947368421
Kiribati,1976,50,-7.5578947368421
Kiribati,1976,51,-7.5578947368421
Kiribati,1976,52,-7.5578947368421
Kiribati,1976,53,-7.5578947368421
Kiribati,1976,54,-7.5578947368421
Kiribati,1976,55,-7.5578947368421
Kiribati,1976,56,-7.5578947368421
Kiribati,1976,57,-7.5578947368421
Kiribati,1976,58,-7.5578947368421
Kiribati,1976,59,-7.5578947368421
Kiribati,1976,60,-7.5578947368421
Kiribati,1976,61,-7.5578947368421
Kiribati,1976,62,-7.5578947368421
Kiribati,1976,63,-7.5578947368421
Kiribati,1976,64,-7.5578947368421
Kiribati,1976,65,-7.5578947368421
Kiribati,1976,66,-7.5578947368421
Kiribati,1976,67,-7.5578947368421
Kiribati,1976,68,-7.5578947368421
Kiribati,1976,69,-7.5578947368421
Kiribati,1976,70,-7.5578947368421
Kiribati,1976,71,-7.5578947368421
Kiribati,1976,72,-7.5578947368421
Kiribati,1976,73,-7.5578947368421
Kiribati,1976,74,-7.5578947368421
Kiribati,1976,75,-7.5578947368421
Kiribati,1976,76,0
Kiribati,1976,77,0
Kiribati,1976,78,0
Kiribati,1976,79,0
Kiribati,1976,80,0
Kiribati,1976,81,0
Kiribati,1976,82,0
Kiribati,1976,83,0
Kiribati,1976,84,0
Kiribati,1976,85,0
Kiribati,1976,86,0
Kiribati,1976,87,0
Kiribati,1976,88,0
Kiribati,1976,89,0
Kiribati,1976,90,0
Kiribati,1976,91,0
Kiribati,1976,92,0
Kiribati,1976,93,0
Kiribati,1976,94,0
Kiribati,1976,95,0
Kiribati,1976,96,0
Kiribati,1976,97,0
Kiribati,1976,98,0
Kiribati,1976,99,0
Kiribati,1976,100,0
Kiribati,1977,0,-42.9347368421053
Kiribati,1977,1,-42.9347368421053
Kiribati,1977,2,-35.1284210526316
Kiribati,1977,3,-35.1284210526316
Kiribati,1977,4,-31.2252631578947
Kiribati,1977,5,-27.3221052631579
Kiribati,1977,6,-27.3221052631579
Kiribati,1977,7,-23.4189473684211
Kiribati,1977,8,-23.4189473684211
Kiribati,1977,9,-19.5157894736842
Kiribati,1977,10,-19.5157894736842
Kiribati,1977,11,-15.6126315789474
Kiribati,1977,12,-15.6126315789474
Kiribati,1977,13,-15.6126315789474
Kiribati,1977,14,-15.6126315789474
Kiribati,1977,15,-15.6126315789474
Kiribati,1977,16,-19.5157894736842
Kiribati,1977,17,-27.3221052631579
Kiribati,1977,18,-35.1284210526316
Kiribati,1977,19,-50.741052631579
Kiribati,1977,20,-54.6442105263158
Kiribati,1977,21,-62.4505263157895
Kiribati,1977,22,-66.3536842105263
Kiribati,1977,23,-70.2568421052632
Kiribati,1977,24,-70.2568421052632
Kiribati,1977,25,-66.3536842105263
Kiribati,1977,26,-66.3536842105263
Kiribati,1977,27,-58.5473684210526
Kiribati,1977,28,-58.5473684210526
Kiribati,1977,29,-50.741052631579
Kiribati,1977,30,-50.741052631579
Kiribati,1977,31,-42.9347368421053
Kiribati,1977,32,-42.9347368421053
Kiribati,1977,33,-35.1284210526316
Kiribati,1977,34,-35.1284210526316
Kiribati,1977,35,-31.2252631578947
Kiribati,1977,36,-27.3221052631579
Kiribati,1977,37,-27.3221052631579
Kiribati,1977,38,-23.4189473684211
Kiribati,1977,39,-23.4189473684211
Kiribati,1977,40,-19.5157894736842
Kiribati,1977,41,-19.5157894736842
Kiribati,1977,42,-15.6126315789474
Kiribati,1977,43,-15.6126315789474
Kiribati,1977,44,-15.6126315789474
Kiribati,1977,45,-15.6126315789474
Kiribati,1977,46,-15.6126315789474
Kiribati,1977,47,-11.7094736842105
Kiribati,1977,48,-11.7094736842105
Kiribati,1977,49,-7.80631578947368
Kiribati,1977,50,-7.80631578947368
Kiribati,1977,51,-7.80631578947368
Kiribati,1977,52,-7.80631578947368
Kiribati,1977,53,-7.80631578947368
Kiribati,1977,54,-7.80631578947368
Kiribati,1977,55,-7.80631578947368
Kiribati,1977,56,-7.80631578947368
Kiribati,1977,57,-7.80631578947368
Kiribati,1977,58,-7.80631578947368
Kiribati,1977,59,-7.80631578947368
Kiribati,1977,60,-7.80631578947368
Kiribati,1977,61,-7.80631578947368
Kiribati,1977,62,-7.80631578947368
Kiribati,1977,63,-7.80631578947368
Kiribati,1977,64,-7.80631578947368
Kiribati,1977,65,-7.80631578947368
Kiribati,1977,66,-7.80631578947368
Kiribati,1977,67,-7.80631578947368
Kiribati,1977,68,-7.80631578947368
Kiribati,1977,69,-7.80631578947368
Kiribati,1977,70,-7.80631578947368
Kiribati,1977,71,-7.80631578947368
Kiribati,1977,72,-7.80631578947368
Kiribati,1977,73,-7.80631578947368
Kiribati,1977,74,-7.80631578947368
Kiribati,1977,75,-7.80631578947368
Kiribati,1977,76,0
Kiribati,1977,77,0
Kiribati,1977,78,0
Kiribati,1977,79,0
Kiribati,1977,80,0
Kiribati,1977,81,0
Kiribati,1977,82,0
Kiribati,1977,83,0
Kiribati,1977,84,0
Kiribati,1977,85,0
Kiribati,1977,86,0
Kiribati,1977,87,0
Kiribati,1977,88,0
Kiribati,1977,89,0
Kiribati,1977,90,0
Kiribati,1977,91,0
Kiribati,1977,92,0
Kiribati,1977,93,0
Kiribati,1977,94,0
Kiribati,1977,95,0
Kiribati,1977,96,0
Kiribati,1977,97,0
Kiribati,1977,98,0
Kiribati,1977,99,0
Kiribati,1977,100,0
Kiribati,1978,0,-43.0273684210526
Kiribati,1978,1,-43.0273684210526
Kiribati,1978,2,-35.2042105263158
Kiribati,1978,3,-35.2042105263158
Kiribati,1978,4,-31.2926315789474
Kiribati,1978,5,-27.3810526315789
Kiribati,1978,6,-27.3810526315789
Kiribati,1978,7,-23.4694736842105
Kiribati,1978,8,-23.4694736842105
Kiribati,1978,9,-19.5578947368421
Kiribati,1978,10,-19.5578947368421
Kiribati,1978,11,-15.6463157894737
Kiribati,1978,12,-15.6463157894737
Kiribati,1978,13,-15.6463157894737
Kiribati,1978,14,-15.6463157894737
Kiribati,1978,15,-15.6463157894737
Kiribati,1978,16,-19.5578947368421
Kiribati,1978,17,-27.3810526315789
Kiribati,1978,18,-35.2042105263158
Kiribati,1978,19,-50.8505263157895
Kiribati,1978,20,-54.7621052631579
Kiribati,1978,21,-62.5852631578947
Kiribati,1978,22,-66.4968421052632
Kiribati,1978,23,-70.4084210526316
Kiribati,1978,24,-70.4084210526316
Kiribati,1978,25,-66.4968421052632
Kiribati,1978,26,-66.4968421052632
Kiribati,1978,27,-58.6736842105263
Kiribati,1978,28,-58.6736842105263
Kiribati,1978,29,-50.8505263157895
Kiribati,1978,30,-50.8505263157895
Kiribati,1978,31,-43.0273684210526
Kiribati,1978,32,-43.0273684210526
Kiribati,1978,33,-35.2042105263158
Kiribati,1978,34,-35.2042105263158
Kiribati,1978,35,-31.2926315789474
Kiribati,1978,36,-27.3810526315789
Kiribati,1978,37,-27.3810526315789
Kiribati,1978,38,-23.4694736842105
Kiribati,1978,39,-23.4694736842105
Kiribati,1978,40,-19.5578947368421
Kiribati,1978,41,-19.5578947368421
Kiribati,1978,42,-15.6463157894737
Kiribati,1978,43,-15.6463157894737
Kiribati,1978,44,-15.6463157894737
Kiribati,1978,45,-15.6463157894737
Kiribati,1978,46,-15.6463157894737
Kiribati,1978,47,-11.7347368421053
Kiribati,1978,48,-11.7347368421053
Kiribati,1978,49,-7.82315789473684
Kiribati,1978,50,-7.82315789473684
Kiribati,1978,51,-7.82315789473684
Kiribati,1978,52,-7.82315789473684
Kiribati,1978,53,-7.82315789473684
Kiribati,1978,54,-7.82315789473684
Kiribati,1978,55,-7.82315789473684
Kiribati,1978,56,-7.82315789473684
Kiribati,1978,57,-7.82315789473684
Kiribati,1978,58,-7.82315789473684
Kiribati,1978,59,-7.82315789473684
Kiribati,1978,60,-7.82315789473684
Kiribati,1978,61,-7.82315789473684
Kiribati,1978,62,-7.82315789473684
Kiribati,1978,63,-7.82315789473684
Kiribati,1978,64,-7.82315789473684
Kiribati,1978,65,-7.82315789473684
Kiribati,1978,66,-7.82315789473684
Kiribati,1978,67,-7.82315789473684
Kiribati,1978,68,-7.82315789473684
Kiribati,1978,69,-7.82315789473684
Kiribati,1978,70,-7.82315789473684
Kiribati,1978,71,-7.82315789473684
Kiribati,1978,72,-7.82315789473684
Kiribati,1978,73,-7.82315789473684
Kiribati,1978,74,-7.82315789473684
Kiribati,1978,75,-7.82315789473684
Kiribati,1978,76,0
Kiribati,1978,77,0
Kiribati,1978,78,0
Kiribati,1978,79,0
Kiribati,1978,80,0
Kiribati,1978,81,0
Kiribati,1978,82,0
Kiribati,1978,83,0
Kiribati,1978,84,0
Kiribati,1978,85,0
Kiribati,1978,86,0
Kiribati,1978,87,0
Kiribati,1978,88,0
Kiribati,1978,89,0
Kiribati,1978,90,0
Kiribati,1978,91,0
Kiribati,1978,92,0
Kiribati,1978,93,0
Kiribati,1978,94,0
Kiribati,1978,95,0
Kiribati,1978,96,0
Kiribati,1978,97,0
Kiribati,1978,98,0
Kiribati,1978,99,0
Kiribati,1978,100,0
Kiribati,1979,0,-11.9494736842105
Kiribati,1979,1,-11.9494736842105
Kiribati,1979,2,-9.77684210526316
Kiribati,1979,3,-9.77684210526316
Kiribati,1979,4,-8.69052631578947
Kiribati,1979,5,-7.60421052631579
Kiribati,1979,6,-7.60421052631579
Kiribati,1979,7,-6.51789473684211
Kiribati,1979,8,-6.51789473684211
Kiribati,1979,9,-5.43157894736842
Kiribati,1979,10,-5.43157894736842
Kiribati,1979,11,-4.34526315789474
Kiribati,1979,12,-4.34526315789474
Kiribati,1979,13,-4.34526315789474
Kiribati,1979,14,-4.34526315789474
Kiribati,1979,15,-4.34526315789474
Kiribati,1979,16,-5.43157894736842
Kiribati,1979,17,-7.60421052631579
Kiribati,1979,18,-9.77684210526316
Kiribati,1979,19,-14.1221052631579
Kiribati,1979,20,-15.2084210526316
Kiribati,1979,21,-17.3810526315789
Kiribati,1979,22,-18.4673684210526
Kiribati,1979,23,-19.5536842105263
Kiribati,1979,24,-19.5536842105263
Kiribati,1979,25,-18.4673684210526
Kiribati,1979,26,-18.4673684210526
Kiribati,1979,27,-16.2947368421053
Kiribati,1979,28,-16.2947368421053
Kiribati,1979,29,-14.1221052631579
Kiribati,1979,30,-14.1221052631579
Kiribati,1979,31,-11.9494736842105
Kiribati,1979,32,-11.9494736842105
Kiribati,1979,33,-9.77684210526316
Kiribati,1979,34,-9.77684210526316
Kiribati,1979,35,-8.69052631578947
Kiribati,1979,36,-7.60421052631579
Kiribati,1979,37,-7.60421052631579
Kiribati,1979,38,-6.51789473684211
Kiribati,1979,39,-6.51789473684211
Kiribati,1979,40,-5.43157894736842
Kiribati,1979,41,-5.43157894736842
Kiribati,1979,42,-4.34526315789474
Kiribati,1979,43,-4.34526315789474
Kiribati,1979,44,-4.34526315789474
Kiribati,1979,45,-4.34526315789474
Kiribati,1979,46,-4.34526315789474
Kiribati,1979,47,-3.25894736842105
Kiribati,1979,48,-3.25894736842105
Kiribati,1979,49,-2.17263157894737
Kiribati,1979,50,-2.17263157894737
Kiribati,1979,51,-2.17263157894737
Kiribati,1979,52,-2.17263157894737
Kiribati,1979,53,-2.17263157894737
Kiribati,1979,54,-2.17263157894737
Kiribati,1979,55,-2.17263157894737
Kiribati,1979,56,-2.17263157894737
Kiribati,1979,57,-2.17263157894737
Kiribati,1979,58,-2.17263157894737
Kiribati,1979,59,-2.17263157894737
Kiribati,1979,60,-2.17263157894737
Kiribati,1979,61,-2.17263157894737
Kiribati,1979,62,-2.17263157894737
Kiribati,1979,63,-2.17263157894737
Kiribati,1979,64,-2.17263157894737
Kiribati,1979,65,-2.17263157894737
Kiribati,1979,66,-2.17263157894737
Kiribati,1979,67,-2.17263157894737
Kiribati,1979,68,-2.17263157894737
Kiribati,1979,69,-2.17263157894737
Kiribati,1979,70,-2.17263157894737
Kiribati,1979,71,-2.17263157894737
Kiribati,1979,72,-2.17263157894737
Kiribati,1979,73,-2.17263157894737
Kiribati,1979,74,-2.17263157894737
Kiribati,1979,75,-2.17263157894737
Kiribati,1979,76,0
Kiribati,1979,77,0
Kiribati,1979,78,0
Kiribati,1979,79,0
Kiribati,1979,80,0
Kiribati,1979,81,0
Kiribati,1979,82,0
Kiribati,1979,83,0
Kiribati,1979,84,0
Kiribati,1979,85,0
Kiribati,1979,86,0
Kiribati,1979,87,0
Kiribati,1979,88,0
Kiribati,1979,89,0
Kiribati,1979,90,0
Kiribati,1979,91,0
Kiribati,1979,92,0
Kiribati,1979,93,0
Kiribati,1979,94,0
Kiribati,1979,95,0
Kiribati,1979,96,0
Kiribati,1979,97,0
Kiribati,1979,98,0
Kiribati,1979,99,0
Kiribati,1979,100,0
Kiribati,1980,0,-14.1263157894737
Kiribati,1980,1,-14.1263157894737
Kiribati,1980,2,-11.5578947368421
Kiribati,1980,3,-11.5578947368421
Kiribati,1980,4,-10.2736842105263
Kiribati,1980,5,-8.98947368421053
Kiribati,1980,6,-8.98947368421053
Kiribati,1980,7,-7.70526315789474
Kiribati,1980,8,-7.70526315789474
Kiribati,1980,9,-6.42105263157895
Kiribati,1980,10,-6.42105263157895
Kiribati,1980,11,-5.13684210526316
Kiribati,1980,12,-5.13684210526316
Kiribati,1980,13,-5.13684210526316
Kiribati,1980,14,-5.13684210526316
Kiribati,1980,15,-5.13684210526316
Kiribati,1980,16,-6.42105263157895
Kiribati,1980,17,-8.98947368421053
Kiribati,1980,18,-11.5578947368421
Kiribati,1980,19,-16.6947368421053
Kiribati,1980,20,-17.9789473684211
Kiribati,1980,21,-20.5473684210526
Kiribati,1980,22,-21.8315789473684
Kiribati,1980,23,-23.1157894736842
Kiribati,1980,24,-23.1157894736842
Kiribati,1980,25,-21.8315789473684
Kiribati,1980,26,-21.8315789473684
Kiribati,1980,27,-19.2631578947368
Kiribati,1980,28,-19.2631578947368
Kiribati,1980,29,-16.6947368421053
Kiribati,1980,30,-16.6947368421053
Kiribati,1980,31,-14.1263157894737
Kiribati,1980,32,-14.1263157894737
Kiribati,1980,33,-11.5578947368421
Kiribati,1980,34,-11.5578947368421
Kiribati,1980,35,-10.2736842105263
Kiribati,1980,36,-8.98947368421053
Kiribati,1980,37,-8.98947368421053
Kiribati,1980,38,-7.70526315789474
Kiribati,1980,39,-7.70526315789474
Kiribati,1980,40,-6.42105263157895
Kiribati,1980,41,-6.42105263157895
Kiribati,1980,42,-5.13684210526316
Kiribati,1980,43,-5.13684210526316
Kiribati,1980,44,-5.13684210526316
Kiribati,1980,45,-5.13684210526316
Kiribati,1980,46,-5.13684210526316
Kiribati,1980,47,-3.85263157894737
Kiribati,1980,48,-3.85263157894737
Kiribati,1980,49,-2.56842105263158
Kiribati,1980,50,-2.56842105263158
Kiribati,1980,51,-2.56842105263158
Kiribati,1980,52,-2.56842105263158
Kiribati,1980,53,-2.56842105263158
Kiribati,1980,54,-2.56842105263158
Kiribati,1980,55,-2.56842105263158
Kiribati,1980,56,-2.56842105263158
Kiribati,1980,57,-2.56842105263158
Kiribati,1980,58,-2.56842105263158
Kiribati,1980,59,-2.56842105263158
Kiribati,1980,60,-2.56842105263158
Kiribati,1980,61,-2.56842105263158
Kiribati,1980,62,-2.56842105263158
Kiribati,1980,63,-2.56842105263158
Kiribati,1980,64,-2.56842105263158
Kiribati,1980,65,-2.56842105263158
Kiribati,1980,66,-2.56842105263158
Kiribati,1980,67,-2.56842105263158
Kiribati,1980,68,-2.56842105263158
Kiribati,1980,69,-2.56842105263158
Kiribati,1980,70,-2.56842105263158
Kiribati,1980,71,-2.56842105263158
Kiribati,1980,72,-2.56842105263158
Kiribati,1980,73,-2.56842105263158
Kiribati,1980,74,-2.56842105263158
Kiribati,1980,75,-2.56842105263158
Kiribati,1980,76,0
Kiribati,1980,77,0
Kiribati,1980,78,0
Kiribati,1980,79,0
Kiribati,1980,80,0
Kiribati,1980,81,0
Kiribati,1980,82,0
Kiribati,1980,83,0
Kiribati,1980,84,0
Kiribati,1980,85,0
Kiribati,1980,86,0
Kiribati,1980,87,0
Kiribati,1980,88,0
Kiribati,1980,89,0
Kiribati,1980,90,0
Kiribati,1980,91,0
Kiribati,1980,92,0
Kiribati,1980,93,0
Kiribati,1980,94,0
Kiribati,1980,95,0
Kiribati,1980,96,0
Kiribati,1980,97,0
Kiribati,1980,98,0
Kiribati,1980,99,0
Kiribati,1980,100,0
Kiribati,1981,0,-14.9368421052632
Kiribati,1981,1,-14.9368421052632
Kiribati,1981,2,-12.2210526315789
Kiribati,1981,3,-12.2210526315789
Kiribati,1981,4,-10.8631578947368
Kiribati,1981,5,-9.50526315789474
Kiribati,1981,6,-9.50526315789474
Kiribati,1981,7,-8.14736842105263
Kiribati,1981,8,-8.14736842105263
Kiribati,1981,9,-6.78947368421053
Kiribati,1981,10,-6.78947368421053
Kiribati,1981,11,-5.43157894736842
Kiribati,1981,12,-5.43157894736842
Kiribati,1981,13,-5.43157894736842
Kiribati,1981,14,-5.43157894736842
Kiribati,1981,15,-5.43157894736842
Kiribati,1981,16,-6.78947368421053
Kiribati,1981,17,-9.50526315789474
Kiribati,1981,18,-12.2210526315789
Kiribati,1981,19,-17.6526315789474
Kiribati,1981,20,-19.0105263157895
Kiribati,1981,21,-21.7263157894737
Kiribati,1981,22,-23.0842105263158
Kiribati,1981,23,-24.4421052631579
Kiribati,1981,24,-24.4421052631579
Kiribati,1981,25,-23.0842105263158
Kiribati,1981,26,-23.0842105263158
Kiribati,1981,27,-20.3684210526316
Kiribati,1981,28,-20.3684210526316
Kiribati,1981,29,-17.6526315789474
Kiribati,1981,30,-17.6526315789474
Kiribati,1981,31,-14.9368421052632
Kiribati,1981,32,-14.9368421052632
Kiribati,1981,33,-12.2210526315789
Kiribati,1981,34,-12.2210526315789
Kiribati,1981,35,-10.8631578947368
Kiribati,1981,36,-9.50526315789474
Kiribati,1981,37,-9.50526315789474
Kiribati,1981,38,-8.14736842105263
Kiribati,1981,39,-8.14736842105263
Kiribati,1981,40,-6.78947368421053
Kiribati,1981,41,-6.78947368421053
Kiribati,1981,42,-5.43157894736842
Kiribati,1981,43,-5.43157894736842
Kiribati,1981,44,-5.43157894736842
Kiribati,1981,45,-5.43157894736842
Kiribati,1981,46,-5.43157894736842
Kiribati,1981,47,-4.07368421052632
Kiribati,1981,48,-4.07368421052632
Kiribati,1981,49,-2.71578947368421
Kiribati,1981,50,-2.71578947368421
Kiribati,1981,51,-2.71578947368421
Kiribati,1981,52,-2.71578947368421
Kiribati,1981,53,-2.71578947368421
Kiribati,1981,54,-2.71578947368421
Kiribati,1981,55,-2.71578947368421
Kiribati,1981,56,-2.71578947368421
Kiribati,1981,57,-2.71578947368421
Kiribati,1981,58,-2.71578947368421
Kiribati,1981,59,-2.71578947368421
Kiribati,1981,60,-2.71578947368421
Kiribati,1981,61,-2.71578947368421
Kiribati,1981,62,-2.71578947368421
Kiribati,1981,63,-2.71578947368421
Kiribati,1981,64,-2.71578947368421
Kiribati,1981,65,-2.71578947368421
Kiribati,1981,66,-2.71578947368421
Kiribati,1981,67,-2.71578947368421
Kiribati,1981,68,-2.71578947368421
Kiribati,1981,69,-2.71578947368421
Kiribati,1981,70,-2.71578947368421
Kiribati,1981,71,-2.71578947368421
Kiribati,1981,72,-2.71578947368421
Kiribati,1981,73,-2.71578947368421
Kiribati,1981,74,-2.71578947368421
Kiribati,1981,75,-2.71578947368421
Kiribati,1981,76,0
Kiribati,1981,77,0
Kiribati,1981,78,0
Kiribati,1981,79,0
Kiribati,1981,80,0
Kiribati,1981,81,0
Kiribati,1981,82,0
Kiribati,1981,83,0
Kiribati,1981,84,0
Kiribati,1981,85,0
Kiribati,1981,86,0
Kiribati,1981,87,0
Kiribati,1981,88,0
Kiribati,1981,89,0
Kiribati,1981,90,0
Kiribati,1981,91,0
Kiribati,1981,92,0
Kiribati,1981,93,0
Kiribati,1981,94,0
Kiribati,1981,95,0
Kiribati,1981,96,0
Kiribati,1981,97,0
Kiribati,1981,98,0
Kiribati,1981,99,0
Kiribati,1981,100,0
Kiribati,1982,0,-15.6084210526316
Kiribati,1982,1,-15.6084210526316
Kiribati,1982,2,-12.7705263157895
Kiribati,1982,3,-12.7705263157895
Kiribati,1982,4,-11.3515789473684
Kiribati,1982,5,-9.93263157894737
Kiribati,1982,6,-9.93263157894737
Kiribati,1982,7,-8.51368421052632
Kiribati,1982,8,-8.51368421052632
Kiribati,1982,9,-7.09473684210526
Kiribati,1982,10,-7.09473684210526
Kiribati,1982,11,-5.67578947368421
Kiribati,1982,12,-5.67578947368421
Kiribati,1982,13,-5.67578947368421
Kiribati,1982,14,-5.67578947368421
Kiribati,1982,15,-5.67578947368421
Kiribati,1982,16,-7.09473684210526
Kiribati,1982,17,-9.93263157894737
Kiribati,1982,18,-12.7705263157895
Kiribati,1982,19,-18.4463157894737
Kiribati,1982,20,-19.8652631578947
Kiribati,1982,21,-22.7031578947368
Kiribati,1982,22,-24.1221052631579
Kiribati,1982,23,-25.5410526315789
Kiribati,1982,24,-25.5410526315789
Kiribati,1982,25,-24.1221052631579
Kiribati,1982,26,-24.1221052631579
Kiribati,1982,27,-21.2842105263158
Kiribati,1982,28,-21.2842105263158
Kiribati,1982,29,-18.4463157894737
Kiribati,1982,30,-18.4463157894737
Kiribati,1982,31,-15.6084210526316
Kiribati,1982,32,-15.6084210526316
Kiribati,1982,33,-12.7705263157895
Kiribati,1982,34,-12.7705263157895
Kiribati,1982,35,-11.3515789473684
Kiribati,1982,36,-9.93263157894737
Kiribati,1982,37,-9.93263157894737
Kiribati,1982,38,-8.51368421052632
Kiribati,1982,39,-8.51368421052632
Kiribati,1982,40,-7.09473684210526
Kiribati,1982,41,-7.09473684210526
Kiribati,1982,42,-5.67578947368421
Kiribati,1982,43,-5.67578947368421
Kiribati,1982,44,-5.67578947368421
Kiribati,1982,45,-5.67578947368421
Kiribati,1982,46,-5.67578947368421
Kiribati,1982,47,-4.25684210526316
Kiribati,1982,48,-4.25684210526316
Kiribati,1982,49,-2.83789473684211
Kiribati,1982,50,-2.83789473684211
Kiribati,1982,51,-2.83789473684211
Kiribati,1982,52,-2.83789473684211
Kiribati,1982,53,-2.83789473684211
Kiribati,1982,54,-2.83789473684211
Kiribati,1982,55,-2.83789473684211
Kiribati,1982,56,-2.83789473684211
Kiribati,1982,57,-2.83789473684211
Kiribati,1982,58,-2.83789473684211
Kiribati,1982,59,-2.83789473684211
Kiribati,1982,60,-2.83789473684211
Kiribati,1982,61,-2.83789473684211
Kiribati,1982,62,-2.83789473684211
Kiribati,1982,63,-2.83789473684211
Kiribati,1982,64,-2.83789473684211
Kiribati,1982,65,-2.83789473684211
Kiribati,1982,66,-2.83789473684211
Kiribati,1982,67,-2.83789473684211
Kiribati,1982,68,-2.83789473684211
Kiribati,1982,69,-2.83789473684211
Kiribati,1982,70,-2.83789473684211
Kiribati,1982,71,-2.83789473684211
Kiribati,1982,72,-2.83789473684211
Kiribati,1982,73,-2.83789473684211
Kiribati,1982,74,-2.83789473684211
Kiribati,1982,75,-2.83789473684211
Kiribati,1982,76,0
Kiribati,1982,77,0
Kiribati,1982,78,0
Kiribati,1982,79,0
Kiribati,1982,80,0
Kiribati,1982,81,0
Kiribati,1982,82,0
Kiribati,1982,83,0
Kiribati,1982,84,0
Kiribati,1982,85,0
Kiribati,1982,86,0
Kiribati,1982,87,0
Kiribati,1982,88,0
Kiribati,1982,89,0
Kiribati,1982,90,0
Kiribati,1982,91,0
Kiribati,1982,92,0
Kiribati,1982,93,0
Kiribati,1982,94,0
Kiribati,1982,95,0
Kiribati,1982,96,0
Kiribati,1982,97,0
Kiribati,1982,98,0
Kiribati,1982,99,0
Kiribati,1982,100,0
Kiribati,1983,0,-16.2568421052632
Kiribati,1983,1,-16.2568421052632
Kiribati,1983,2,-13.3010526315789
Kiribati,1983,3,-13.3010526315789
Kiribati,1983,4,-11.8231578947368
Kiribati,1983,5,-10.3452631578947
Kiribati,1983,6,-10.3452631578947
Kiribati,1983,7,-8.86736842105263
Kiribati,1983,8,-8.86736842105263
Kiribati,1983,9,-7.38947368421053
Kiribati,1983,10,-7.38947368421053
Kiribati,1983,11,-5.91157894736842
Kiribati,1983,12,-5.91157894736842
Kiribati,1983,13,-5.91157894736842
Kiribati,1983,14,-5.91157894736842
Kiribati,1983,15,-5.91157894736842
Kiribati,1983,16,-7.38947368421053
Kiribati,1983,17,-10.3452631578947
Kiribati,1983,18,-13.3010526315789
Kiribati,1983,19,-19.2126315789474
Kiribati,1983,20,-20.6905263157895
Kiribati,1983,21,-23.6463157894737
Kiribati,1983,22,-25.1242105263158
Kiribati,1983,23,-26.6021052631579
Kiribati,1983,24,-26.6021052631579
Kiribati,1983,25,-25.1242105263158
Kiribati,1983,26,-25.1242105263158
Kiribati,1983,27,-22.1684210526316
Kiribati,1983,28,-22.1684210526316
Kiribati,1983,29,-19.2126315789474
Kiribati,1983,30,-19.2126315789474
Kiribati,1983,31,-16.2568421052632
Kiribati,1983,32,-16.2568421052632
Kiribati,1983,33,-13.3010526315789
Kiribati,1983,34,-13.3010526315789
Kiribati,1983,35,-11.8231578947368
Kiribati,1983,36,-10.3452631578947
Kiribati,1983,37,-10.3452631578947
Kiribati,1983,38,-8.86736842105263
Kiribati,1983,39,-8.86736842105263
Kiribati,1983,40,-7.38947368421053
Kiribati,1983,41,-7.38947368421053
Kiribati,1983,42,-5.91157894736842
Kiribati,1983,43,-5.91157894736842
Kiribati,1983,44,-5.91157894736842
Kiribati,1983,45,-5.91157894736842
Kiribati,1983,46,-5.91157894736842
Kiribati,1983,47,-4.43368421052632
Kiribati,1983,48,-4.43368421052632
Kiribati,1983,49,-2.95578947368421
Kiribati,1983,50,-2.95578947368421
Kiribati,1983,51,-2.95578947368421
Kiribati,1983,52,-2.95578947368421
Kiribati,1983,53,-2.95578947368421
Kiribati,1983,54,-2.95578947368421
Kiribati,1983,55,-2.95578947368421
Kiribati,1983,56,-2.95578947368421
Kiribati,1983,57,-2.95578947368421
Kiribati,1983,58,-2.95578947368421
Kiribati,1983,59,-2.95578947368421
Kiribati,1983,60,-2.95578947368421
Kiribati,1983,61,-2.95578947368421
Kiribati,1983,62,-2.95578947368421
Kiribati,1983,63,-2.95578947368421
Kiribati,1983,64,-2.95578947368421
Kiribati,1983,65,-2.95578947368421
Kiribati,1983,66,-2.95578947368421
Kiribati,1983,67,-2.95578947368421
Kiribati,1983,68,-2.95578947368421
Kiribati,1983,69,-2.95578947368421
Kiribati,1983,70,-2.95578947368421
Kiribati,1983,71,-2.95578947368421
Kiribati,1983,72,-2.95578947368421
Kiribati,1983,73,-2.95578947368421
Kiribati,1983,74,-2.95578947368421
Kiribati,1983,75,-2.95578947368421
Kiribati,1983,76,0
Kiribati,1983,77,0
Kiribati,1983,78,0
Kiribati,1983,79,0
Kiribati,1983,80,0
Kiribati,1983,81,0
Kiribati,1983,82,0
Kiribati,1983,83,0
Kiribati,1983,84,0
Kiribati,1983,85,0
Kiribati,1983,86,0
Kiribati,1983,87,0
Kiribati,1983,88,0
Kiribati,1983,89,0
Kiribati,1983,90,0
Kiribati,1983,91,0
Kiribati,1983,92,0
Kiribati,1983,93,0
Kiribati,1983,94,0
Kiribati,1983,95,0
Kiribati,1983,96,0
Kiribati,1983,97,0
Kiribati,1983,98,0
Kiribati,1983,99,0
Kiribati,1983,100,0
Kiribati,1984,0,-16.9052631578947
Kiribati,1984,1,-16.9052631578947
Kiribati,1984,2,-13.8315789473684
Kiribati,1984,3,-13.8315789473684
Kiribati,1984,4,-12.2947368421053
Kiribati,1984,5,-10.7578947368421
Kiribati,1984,6,-10.7578947368421
Kiribati,1984,7,-9.22105263157895
Kiribati,1984,8,-9.22105263157895
Kiribati,1984,9,-7.68421052631579
Kiribati,1984,10,-7.68421052631579
Kiribati,1984,11,-6.14736842105263
Kiribati,1984,12,-6.14736842105263
Kiribati,1984,13,-6.14736842105263
Kiribati,1984,14,-6.14736842105263
Kiribati,1984,15,-6.14736842105263
Kiribati,1984,16,-7.68421052631579
Kiribati,1984,17,-10.7578947368421
Kiribati,1984,18,-13.8315789473684
Kiribati,1984,19,-19.9789473684211
Kiribati,1984,20,-21.5157894736842
Kiribati,1984,21,-24.5894736842105
Kiribati,1984,22,-26.1263157894737
Kiribati,1984,23,-27.6631578947368
Kiribati,1984,24,-27.6631578947368
Kiribati,1984,25,-26.1263157894737
Kiribati,1984,26,-26.1263157894737
Kiribati,1984,27,-23.0526315789474
Kiribati,1984,28,-23.0526315789474
Kiribati,1984,29,-19.9789473684211
Kiribati,1984,30,-19.9789473684211
Kiribati,1984,31,-16.9052631578947
Kiribati,1984,32,-16.9052631578947
Kiribati,1984,33,-13.8315789473684
Kiribati,1984,34,-13.8315789473684
Kiribati,1984,35,-12.2947368421053
Kiribati,1984,36,-10.7578947368421
Kiribati,1984,37,-10.7578947368421
Kiribati,1984,38,-9.22105263157895
Kiribati,1984,39,-9.22105263157895
Kiribati,1984,40,-7.68421052631579
Kiribati,1984,41,-7.68421052631579
Kiribati,1984,42,-6.14736842105263
Kiribati,1984,43,-6.14736842105263
Kiribati,1984,44,-6.14736842105263
Kiribati,1984,45,-6.14736842105263
Kiribati,1984,46,-6.14736842105263
Kiribati,1984,47,-4.61052631578947
Kiribati,1984,48,-4.61052631578947
Kiribati,1984,49,-3.07368421052632
Kiribati,1984,50,-3.07368421052632
Kiribati,1984,51,-3.07368421052632
Kiribati,1984,52,-3.07368421052632
Kiribati,1984,53,-3.07368421052632
Kiribati,1984,54,-3.07368421052632
Kiribati,1984,55,-3.07368421052632
Kiribati,1984,56,-3.07368421052632
Kiribati,1984,57,-3.07368421052632
Kiribati,1984,58,-3.07368421052632
Kiribati,1984,59,-3.07368421052632
Kiribati,1984,60,-3.07368421052632
Kiribati,1984,61,-3.07368421052632
Kiribati,1984,62,-3.07368421052632
Kiribati,1984,63,-3.07368421052632
Kiribati,1984,64,-3.07368421052632
Kiribati,1984,65,-3.07368421052632
Kiribati,1984,66,-3.07368421052632
Kiribati,1984,67,-3.07368421052632
Kiribati,1984,68,-3.07368421052632
Kiribati,1984,69,-3.07368421052632
Kiribati,1984,70,-3.07368421052632
Kiribati,1984,71,-3.07368421052632
Kiribati,1984,72,-3.07368421052632
Kiribati,1984,73,-3.07368421052632
Kiribati,1984,74,-3.07368421052632
Kiribati,1984,75,-3.07368421052632
Kiribati,1984,76,0
Kiribati,1984,77,0
Kiribati,1984,78,0
Kiribati,1984,79,0
Kiribati,1984,80,0
Kiribati,1984,81,0
Kiribati,1984,82,0
Kiribati,1984,83,0
Kiribati,1984,84,0
Kiribati,1984,85,0
Kiribati,1984,86,0
Kiribati,1984,87,0
Kiribati,1984,88,0
Kiribati,1984,89,0
Kiribati,1984,90,0
Kiribati,1984,91,0
Kiribati,1984,92,0
Kiribati,1984,93,0
Kiribati,1984,94,0
Kiribati,1984,95,0
Kiribati,1984,96,0
Kiribati,1984,97,0
Kiribati,1984,98,0
Kiribati,1984,99,0
Kiribati,1984,100,0
Kiribati,1985,0,-9.70315789473684
Kiribati,1985,1,-9.70315789473684
Kiribati,1985,2,-7.93894736842105
Kiribati,1985,3,-7.93894736842105
Kiribati,1985,4,-7.05684210526316
Kiribati,1985,5,-6.17473684210526
Kiribati,1985,6,-6.17473684210526
Kiribati,1985,7,-5.29263157894737
Kiribati,1985,8,-5.29263157894737
Kiribati,1985,9,-4.41052631578947
Kiribati,1985,10,-4.41052631578947
Kiribati,1985,11,-3.52842105263158
Kiribati,1985,12,-3.52842105263158
Kiribati,1985,13,-3.52842105263158
Kiribati,1985,14,-3.52842105263158
Kiribati,1985,15,-3.52842105263158
Kiribati,1985,16,-4.41052631578947
Kiribati,1985,17,-6.17473684210526
Kiribati,1985,18,-7.93894736842105
Kiribati,1985,19,-11.4673684210526
Kiribati,1985,20,-12.3494736842105
Kiribati,1985,21,-14.1136842105263
Kiribati,1985,22,-14.9957894736842
Kiribati,1985,23,-15.8778947368421
Kiribati,1985,24,-15.8778947368421
Kiribati,1985,25,-14.9957894736842
Kiribati,1985,26,-14.9957894736842
Kiribati,1985,27,-13.2315789473684
Kiribati,1985,28,-13.2315789473684
Kiribati,1985,29,-11.4673684210526
Kiribati,1985,30,-11.4673684210526
Kiribati,1985,31,-9.70315789473684
Kiribati,1985,32,-9.70315789473684
Kiribati,1985,33,-7.93894736842105
Kiribati,1985,34,-7.93894736842105
Kiribati,1985,35,-7.05684210526316
Kiribati,1985,36,-6.17473684210526
Kiribati,1985,37,-6.17473684210526
Kiribati,1985,38,-5.29263157894737
Kiribati,1985,39,-5.29263157894737
Kiribati,1985,40,-4.41052631578947
Kiribati,1985,41,-4.41052631578947
Kiribati,1985,42,-3.52842105263158
Kiribati,1985,43,-3.52842105263158
Kiribati,1985,44,-3.52842105263158
Kiribati,1985,45,-3.52842105263158
Kiribati,1985,46,-3.52842105263158
Kiribati,1985,47,-2.64631578947368
Kiribati,1985,48,-2.64631578947368
Kiribati,1985,49,-1.76421052631579
Kiribati,1985,50,-1.76421052631579
Kiribati,1985,51,-1.76421052631579
Kiribati,1985,52,-1.76421052631579
Kiribati,1985,53,-1.76421052631579
Kiribati,1985,54,-1.76421052631579
Kiribati,1985,55,-1.76421052631579
Kiribati,1985,56,-1.76421052631579
Kiribati,1985,57,-1.76421052631579
Kiribati,1985,58,-1.76421052631579
Kiribati,1985,59,-1.76421052631579
Kiribati,1985,60,-1.76421052631579
Kiribati,1985,61,-1.76421052631579
Kiribati,1985,62,-1.76421052631579
Kiribati,1985,63,-1.76421052631579
Kiribati,1985,64,-1.76421052631579
Kiribati,1985,65,-1.76421052631579
Kiribati,1985,66,-1.76421052631579
Kiribati,1985,67,-1.76421052631579
Kiribati,1985,68,-1.76421052631579
Kiribati,1985,69,-1.76421052631579
Kiribati,1985,70,-1.76421052631579
Kiribati,1985,71,-1.76421052631579
Kiribati,1985,72,-1.76421052631579
Kiribati,1985,73,-1.76421052631579
Kiribati,1985,74,-1.76421052631579
Kiribati,1985,75,-1.76421052631579
Kiribati,1985,76,0
Kiribati,1985,77,0
Kiribati,1985,78,0
Kiribati,1985,79,0
Kiribati,1985,80,0
Kiribati,1985,81,0
Kiribati,1985,82,0
Kiribati,1985,83,0
Kiribati,1985,84,0
Kiribati,1985,85,0
Kiribati,1985,86,0
Kiribati,1985,87,0
Kiribati,1985,88,0
Kiribati,1985,89,0
Kiribati,1985,90,0
Kiribati,1985,91,0
Kiribati,1985,92,0
Kiribati,1985,93,0
Kiribati,1985,94,0
Kiribati,1985,95,0
Kiribati,1985,96,0
Kiribati,1985,97,0
Kiribati,1985,98,0
Kiribati,1985,99,0
Kiribati,1985,100,0
Kiribati,1986,0,-6.32210526315789
Kiribati,1986,1,-6.32210526315789
Kiribati,1986,2,-5.17263157894737
Kiribati,1986,3,-5.17263157894737
Kiribati,1986,4,-4.59789473684211
Kiribati,1986,5,-4.02315789473684
Kiribati,1986,6,-4.02315789473684
Kiribati,1986,7,-3.44842105263158
Kiribati,1986,8,-3.44842105263158
Kiribati,1986,9,-2.87368421052632
Kiribati,1986,10,-2.87368421052632
Kiribati,1986,11,-2.29894736842105
Kiribati,1986,12,-2.29894736842105
Kiribati,1986,13,-2.29894736842105
Kiribati,1986,14,-2.29894736842105
Kiribati,1986,15,-2.29894736842105
Kiribati,1986,16,-2.87368421052632
Kiribati,1986,17,-4.02315789473684
Kiribati,1986,18,-5.17263157894737
Kiribati,1986,19,-7.47157894736842
Kiribati,1986,20,-8.04631578947368
Kiribati,1986,21,-9.19578947368421
Kiribati,1986,22,-9.77052631578947
Kiribati,1986,23,-10.3452631578947
Kiribati,1986,24,-10.3452631578947
Kiribati,1986,25,-9.77052631578947
Kiribati,1986,26,-9.77052631578947
Kiribati,1986,27,-8.62105263157895
Kiribati,1986,28,-8.62105263157895
Kiribati,1986,29,-7.47157894736842
Kiribati,1986,30,-7.47157894736842
Kiribati,1986,31,-6.32210526315789
Kiribati,1986,32,-6.32210526315789
Kiribati,1986,33,-5.17263157894737
Kiribati,1986,34,-5.17263157894737
Kiribati,1986,35,-4.59789473684211
Kiribati,1986,36,-4.02315789473684
Kiribati,1986,37,-4.02315789473684
Kiribati,1986,38,-3.44842105263158
Kiribati,1986,39,-3.44842105263158
Kiribati,1986,40,-2.87368421052632
Kiribati,1986,41,-2.87368421052632
Kiribati,1986,42,-2.29894736842105
Kiribati,1986,43,-2.29894736842105
Kiribati,1986,44,-2.29894736842105
Kiribati,1986,45,-2.29894736842105
Kiribati,1986,46,-2.29894736842105
Kiribati,1986,47,-1.72421052631579
Kiribati,1986,48,-1.72421052631579
Kiribati,1986,49,-1.14947368421053
Kiribati,1986,50,-1.14947368421053
Kiribati,1986,51,-1.14947368421053
Kiribati,1986,52,-1.14947368421053
Kiribati,1986,53,-1.14947368421053
Kiribati,1986,54,-1.14947368421053
Kiribati,1986,55,-1.14947368421053
Kiribati,1986,56,-1.14947368421053
Kiribati,1986,57,-1.14947368421053
Kiribati,1986,58,-1.14947368421053
Kiribati,1986,59,-1.14947368421053
Kiribati,1986,60,-1.14947368421053
Kiribati,1986,61,-1.14947368421053
Kiribati,1986,62,-1.14947368421053
Kiribati,1986,63,-1.14947368421053
Kiribati,1986,64,-1.14947368421053
Kiribati,1986,65,-1.14947368421053
Kiribati,1986,66,-1.14947368421053
Kiribati,1986,67,-1.14947368421053
Kiribati,1986,68,-1.14947368421053
Kiribati,1986,69,-1.14947368421053
Kiribati,1986,70,-1.14947368421053
Kiribati,1986,71,-1.14947368421053
Kiribati,1986,72,-1.14947368421053
Kiribati,1986,73,-1.14947368421053
Kiribati,1986,74,-1.14947368421053
Kiribati,1986,75,-1.14947368421053
Kiribati,1986,76,0
Kiribati,1986,77,0
Kiribati,1986,78,0
Kiribati,1986,79,0
Kiribati,1986,80,0
Kiribati,1986,81,0
Kiribati,1986,82,0
Kiribati,1986,83,0
Kiribati,1986,84,0
Kiribati,1986,85,0
Kiribati,1986,86,0
Kiribati,1986,87,0
Kiribati,1986,88,0
Kiribati,1986,89,0
Kiribati,1986,90,0
Kiribati,1986,91,0
Kiribati,1986,92,0
Kiribati,1986,93,0
Kiribati,1986,94,0
Kiribati,1986,95,0
Kiribati,1986,96,0
Kiribati,1986,97,0
Kiribati,1986,98,0
Kiribati,1986,99,0
Kiribati,1986,100,0
Kiribati,1987,0,-6.90105263157895
Kiribati,1987,1,-6.90105263157895
Kiribati,1987,2,-5.64631578947368
Kiribati,1987,3,-5.64631578947368
Kiribati,1987,4,-5.01894736842105
Kiribati,1987,5,-4.39157894736842
Kiribati,1987,6,-4.39157894736842
Kiribati,1987,7,-3.76421052631579
Kiribati,1987,8,-3.76421052631579
Kiribati,1987,9,-3.13684210526316
Kiribati,1987,10,-3.13684210526316
Kiribati,1987,11,-2.50947368421053
Kiribati,1987,12,-2.50947368421053
Kiribati,1987,13,-2.50947368421053
Kiribati,1987,14,-2.50947368421053
Kiribati,1987,15,-2.50947368421053
Kiribati,1987,16,-3.13684210526316
Kiribati,1987,17,-4.39157894736842
Kiribati,1987,18,-5.64631578947368
Kiribati,1987,19,-8.15578947368421
Kiribati,1987,20,-8.78315789473684
Kiribati,1987,21,-10.0378947368421
Kiribati,1987,22,-10.6652631578947
Kiribati,1987,23,-11.2926315789474
Kiribati,1987,24,-11.2926315789474
Kiribati,1987,25,-10.6652631578947
Kiribati,1987,26,-10.6652631578947
Kiribati,1987,27,-9.41052631578947
Kiribati,1987,28,-9.41052631578947
Kiribati,1987,29,-8.15578947368421
Kiribati,1987,30,-8.15578947368421
Kiribati,1987,31,-6.90105263157895
Kiribati,1987,32,-6.90105263157895
Kiribati,1987,33,-5.64631578947368
Kiribati,1987,34,-5.64631578947368
Kiribati,1987,35,-5.01894736842105
Kiribati,1987,36,-4.39157894736842
Kiribati,1987,37,-4.39157894736842
Kiribati,1987,38,-3.76421052631579
Kiribati,1987,39,-3.76421052631579
Kiribati,1987,40,-3.13684210526316
Kiribati,1987,41,-3.13684210526316
Kiribati,1987,42,-2.50947368421053
Kiribati,1987,43,-2.50947368421053
Kiribati,1987,44,-2.50947368421053
Kiribati,1987,45,-2.50947368421053
Kiribati,1987,46,-2.50947368421053
Kiribati,1987,47,-1.88210526315789
Kiribati,1987,48,-1.88210526315789
Kiribati,1987,49,-1.25473684210526
Kiribati,1987,50,-1.25473684210526
Kiribati,1987,51,-1.25473684210526
Kiribati,1987,52,-1.25473684210526
Kiribati,1987,53,-1.25473684210526
Kiribati,1987,54,-1.25473684210526
Kiribati,1987,55,-1.25473684210526
Kiribati,1987,56,-1.25473684210526
Kiribati,1987,57,-1.25473684210526
Kiribati,1987,58,-1.25473684210526
Kiribati,1987,59,-1.25473684210526
Kiribati,1987,60,-1.25473684210526
Kiribati,1987,61,-1.25473684210526
Kiribati,1987,62,-1.25473684210526
Kiribati,1987,63,-1.25473684210526
Kiribati,1987,64,-1.25473684210526
Kiribati,1987,65,-1.25473684210526
Kiribati,1987,66,-1.25473684210526
Kiribati,1987,67,-1.25473684210526
Kiribati,1987,68,-1.25473684210526
Kiribati,1987,69,-1.25473684210526
Kiribati,1987,70,-1.25473684210526
Kiribati,1987,71,-1.25473684210526
Kiribati,1987,72,-1.25473684210526
Kiribati,1987,73,-1.25473684210526
Kiribati,1987,74,-1.25473684210526
Kiribati,1987,75,-1.25473684210526
Kiribati,1987,76,0
Kiribati,1987,77,0
Kiribati,1987,78,0
Kiribati,1987,79,0
Kiribati,1987,80,0
Kiribati,1987,81,0
Kiribati,1987,82,0
Kiribati,1987,83,0
Kiribati,1987,84,0
Kiribati,1987,85,0
Kiribati,1987,86,0
Kiribati,1987,87,0
Kiribati,1987,88,0
Kiribati,1987,89,0
Kiribati,1987,90,0
Kiribati,1987,91,0
Kiribati,1987,92,0
Kiribati,1987,93,0
Kiribati,1987,94,0
Kiribati,1987,95,0
Kiribati,1987,96,0
Kiribati,1987,97,0
Kiribati,1987,98,0
Kiribati,1987,99,0
Kiribati,1987,100,0
Kiribati,1988,0,-7.43368421052632
Kiribati,1988,1,-7.43368421052632
Kiribati,1988,2,-6.0821052631579
Kiribati,1988,3,-6.0821052631579
Kiribati,1988,4,-5.40631578947368
Kiribati,1988,5,-4.73052631578947
Kiribati,1988,6,-4.73052631578947
Kiribati,1988,7,-4.05473684210526
Kiribati,1988,8,-4.05473684210526
Kiribati,1988,9,-3.37894736842105
Kiribati,1988,10,-3.37894736842105
Kiribati,1988,11,-2.70315789473684
Kiribati,1988,12,-2.70315789473684
Kiribati,1988,13,-2.70315789473684
Kiribati,1988,14,-2.70315789473684
Kiribati,1988,15,-2.70315789473684
Kiribati,1988,16,-3.37894736842105
Kiribati,1988,17,-4.73052631578947
Kiribati,1988,18,-6.0821052631579
Kiribati,1988,19,-8.78526315789474
Kiribati,1988,20,-9.46105263157895
Kiribati,1988,21,-10.8126315789474
Kiribati,1988,22,-11.4884210526316
Kiribati,1988,23,-12.1642105263158
Kiribati,1988,24,-12.1642105263158
Kiribati,1988,25,-11.4884210526316
Kiribati,1988,26,-11.4884210526316
Kiribati,1988,27,-10.1368421052632
Kiribati,1988,28,-10.1368421052632
Kiribati,1988,29,-8.78526315789474
Kiribati,1988,30,-8.78526315789474
Kiribati,1988,31,-7.43368421052632
Kiribati,1988,32,-7.43368421052632
Kiribati,1988,33,-6.0821052631579
Kiribati,1988,34,-6.0821052631579
Kiribati,1988,35,-5.40631578947368
Kiribati,1988,36,-4.73052631578947
Kiribati,1988,37,-4.73052631578947
Kiribati,1988,38,-4.05473684210526
Kiribati,1988,39,-4.05473684210526
Kiribati,1988,40,-3.37894736842105
Kiribati,1988,41,-3.37894736842105
Kiribati,1988,42,-2.70315789473684
Kiribati,1988,43,-2.70315789473684
Kiribati,1988,44,-2.70315789473684
Kiribati,1988,45,-2.70315789473684
Kiribati,1988,46,-2.70315789473684
Kiribati,1988,47,-2.02736842105263
Kiribati,1988,48,-2.02736842105263
Kiribati,1988,49,-1.35157894736842
Kiribati,1988,50,-1.35157894736842
Kiribati,1988,51,-1.35157894736842
Kiribati,1988,52,-1.35157894736842
Kiribati,1988,53,-1.35157894736842
Kiribati,1988,54,-1.35157894736842
Kiribati,1988,55,-1.35157894736842
Kiribati,1988,56,-1.35157894736842
Kiribati,1988,57,-1.35157894736842
Kiribati,1988,58,-1.35157894736842
Kiribati,1988,59,-1.35157894736842
Kiribati,1988,60,-1.35157894736842
Kiribati,1988,61,-1.35157894736842
Kiribati,1988,62,-1.35157894736842
Kiribati,1988,63,-1.35157894736842
Kiribati,1988,64,-1.35157894736842
Kiribati,1988,65,-1.35157894736842
Kiribati,1988,66,-1.35157894736842
Kiribati,1988,67,-1.35157894736842
Kiribati,1988,68,-1.35157894736842
Kiribati,1988,69,-1.35157894736842
Kiribati,1988,70,-1.35157894736842
Kiribati,1988,71,-1.35157894736842
Kiribati,1988,72,-1.35157894736842
Kiribati,1988,73,-1.35157894736842
Kiribati,1988,74,-1.35157894736842
Kiribati,1988,75,-1.35157894736842
Kiribati,1988,76,0
Kiribati,1988,77,0
Kiribati,1988,78,0
Kiribati,1988,79,0
Kiribati,1988,80,0
Kiribati,1988,81,0
Kiribati,1988,82,0
Kiribati,1988,83,0
Kiribati,1988,84,0
Kiribati,1988,85,0
Kiribati,1988,86,0
Kiribati,1988,87,0
Kiribati,1988,88,0
Kiribati,1988,89,0
Kiribati,1988,90,0
Kiribati,1988,91,0
Kiribati,1988,92,0
Kiribati,1988,93,0
Kiribati,1988,94,0
Kiribati,1988,95,0
Kiribati,1988,96,0
Kiribati,1988,97,0
Kiribati,1988,98,0
Kiribati,1988,99,0
Kiribati,1988,100,0
Kiribati,1989,0,-7.82736842105263
Kiribati,1989,1,-7.82736842105263
Kiribati,1989,2,-6.40421052631579
Kiribati,1989,3,-6.40421052631579
Kiribati,1989,4,-5.69263157894737
Kiribati,1989,5,-4.98105263157895
Kiribati,1989,6,-4.98105263157895
Kiribati,1989,7,-4.26947368421053
Kiribati,1989,8,-4.26947368421053
Kiribati,1989,9,-3.55789473684211
Kiribati,1989,10,-3.55789473684211
Kiribati,1989,11,-2.84631578947368
Kiribati,1989,12,-2.84631578947368
Kiribati,1989,13,-2.84631578947368
Kiribati,1989,14,-2.84631578947368
Kiribati,1989,15,-2.84631578947368
Kiribati,1989,16,-3.55789473684211
Kiribati,1989,17,-4.98105263157895
Kiribati,1989,18,-6.40421052631579
Kiribati,1989,19,-9.25052631578948
Kiribati,1989,20,-9.96210526315789
Kiribati,1989,21,-11.3852631578947
Kiribati,1989,22,-12.0968421052632
Kiribati,1989,23,-12.8084210526316
Kiribati,1989,24,-12.8084210526316
Kiribati,1989,25,-12.0968421052632
Kiribati,1989,26,-12.0968421052632
Kiribati,1989,27,-10.6736842105263
Kiribati,1989,28,-10.6736842105263
Kiribati,1989,29,-9.25052631578948
Kiribati,1989,30,-9.25052631578948
Kiribati,1989,31,-7.82736842105263
Kiribati,1989,32,-7.82736842105263
Kiribati,1989,33,-6.40421052631579
Kiribati,1989,34,-6.40421052631579
Kiribati,1989,35,-5.69263157894737
Kiribati,1989,36,-4.98105263157895
Kiribati,1989,37,-4.98105263157895
Kiribati,1989,38,-4.26947368421053
Kiribati,1989,39,-4.26947368421053
Kiribati,1989,40,-3.55789473684211
Kiribati,1989,41,-3.55789473684211
Kiribati,1989,42,-2.84631578947368
Kiribati,1989,43,-2.84631578947368
Kiribati,1989,44,-2.84631578947368
Kiribati,1989,45,-2.84631578947368
Kiribati,1989,46,-2.84631578947368
Kiribati,1989,47,-2.13473684210526
Kiribati,1989,48,-2.13473684210526
Kiribati,1989,49,-1.42315789473684
Kiribati,1989,50,-1.42315789473684
Kiribati,1989,51,-1.42315789473684
Kiribati,1989,52,-1.42315789473684
Kiribati,1989,53,-1.42315789473684
Kiribati,1989,54,-1.42315789473684
Kiribati,1989,55,-1.42315789473684
Kiribati,1989,56,-1.42315789473684
Kiribati,1989,57,-1.42315789473684
Kiribati,1989,58,-1.42315789473684
Kiribati,1989,59,-1.42315789473684
Kiribati,1989,60,-1.42315789473684
Kiribati,1989,61,-1.42315789473684
Kiribati,1989,62,-1.42315789473684
Kiribati,1989,63,-1.42315789473684
Kiribati,1989,64,-1.42315789473684
Kiribati,1989,65,-1.42315789473684
Kiribati,1989,66,-1.42315789473684
Kiribati,1989,67,-1.42315789473684
Kiribati,1989,68,-1.42315789473684
Kiribati,1989,69,-1.42315789473684
Kiribati,1989,70,-1.42315789473684
Kiribati,1989,71,-1.42315789473684
Kiribati,1989,72,-1.42315789473684
Kiribati,1989,73,-1.42315789473684
Kiribati,1989,74,-1.42315789473684
Kiribati,1989,75,-1.42315789473684
Kiribati,1989,76,0
Kiribati,1989,77,0
Kiribati,1989,78,0
Kiribati,1989,79,0
Kiribati,1989,80,0
Kiribati,1989,81,0
Kiribati,1989,82,0
Kiribati,1989,83,0
Kiribati,1989,84,0
Kiribati,1989,85,0
Kiribati,1989,86,0
Kiribati,1989,87,0
Kiribati,1989,88,0
Kiribati,1989,89,0
Kiribati,1989,90,0
Kiribati,1989,91,0
Kiribati,1989,92,0
Kiribati,1989,93,0
Kiribati,1989,94,0
Kiribati,1989,95,0
Kiribati,1989,96,0
Kiribati,1989,97,0
Kiribati,1989,98,0
Kiribati,1989,99,0
Kiribati,1989,100,0
Kiribati,1990,0,-10.2126315789474
Kiribati,1990,1,-10.2126315789474
Kiribati,1990,2,-8.35578947368421
Kiribati,1990,3,-8.35578947368421
Kiribati,1990,4,-7.42736842105263
Kiribati,1990,5,-6.49894736842105
Kiribati,1990,6,-6.49894736842105
Kiribati,1990,7,-5.57052631578947
Kiribati,1990,8,-5.57052631578947
Kiribati,1990,9,-4.64210526315789
Kiribati,1990,10,-4.64210526315789
Kiribati,1990,11,-3.71368421052632
Kiribati,1990,12,-3.71368421052632
Kiribati,1990,13,-3.71368421052632
Kiribati,1990,14,-3.71368421052632
Kiribati,1990,15,-3.71368421052632
Kiribati,1990,16,-4.64210526315789
Kiribati,1990,17,-6.49894736842105
Kiribati,1990,18,-8.35578947368421
Kiribati,1990,19,-12.0694736842105
Kiribati,1990,20,-12.9978947368421
Kiribati,1990,21,-14.8547368421053
Kiribati,1990,22,-15.7831578947368
Kiribati,1990,23,-16.7115789473684
Kiribati,1990,24,-16.7115789473684
Kiribati,1990,25,-15.7831578947368
Kiribati,1990,26,-15.7831578947368
Kiribati,1990,27,-13.9263157894737
Kiribati,1990,28,-13.9263157894737
Kiribati,1990,29,-12.0694736842105
Kiribati,1990,30,-12.0694736842105
Kiribati,1990,31,-10.2126315789474
Kiribati,1990,32,-10.2126315789474
Kiribati,1990,33,-8.35578947368421
Kiribati,1990,34,-8.35578947368421
Kiribati,1990,35,-7.42736842105263
Kiribati,1990,36,-6.49894736842105
Kiribati,1990,37,-6.49894736842105
Kiribati,1990,38,-5.57052631578947
Kiribati,1990,39,-5.57052631578947
Kiribati,1990,40,-4.64210526315789
Kiribati,1990,41,-4.64210526315789
Kiribati,1990,42,-3.71368421052632
Kiribati,1990,43,-3.71368421052632
Kiribati,1990,44,-3.71368421052632
Kiribati,1990,45,-3.71368421052632
Kiribati,1990,46,-3.71368421052632
Kiribati,1990,47,-2.78526315789474
Kiribati,1990,48,-2.78526315789474
Kiribati,1990,49,-1.85684210526316
Kiribati,1990,50,-1.85684210526316
Kiribati,1990,51,-1.85684210526316
Kiribati,1990,52,-1.85684210526316
Kiribati,1990,53,-1.85684210526316
Kiribati,1990,54,-1.85684210526316
Kiribati,1990,55,-1.85684210526316
Kiribati,1990,56,-1.85684210526316
Kiribati,1990,57,-1.85684210526316
Kiribati,1990,58,-1.85684210526316
Kiribati,1990,59,-1.85684210526316
Kiribati,1990,60,-1.85684210526316
Kiribati,1990,61,-1.85684210526316
Kiribati,1990,62,-1.85684210526316
Kiribati,1990,63,-1.85684210526316
Kiribati,1990,64,-1.85684210526316
Kiribati,1990,65,-1.85684210526316
Kiribati,1990,66,-1.85684210526316
Kiribati,1990,67,-1.85684210526316
Kiribati,1990,68,-1.85684210526316
Kiribati,1990,69,-1.85684210526316
Kiribati,1990,70,-1.85684210526316
Kiribati,1990,71,-1.85684210526316
Kiribati,1990,72,-1.85684210526316
Kiribati,1990,73,-1.85684210526316
Kiribati,1990,74,-1.85684210526316
Kiribati,1990,75,-1.85684210526316
Kiribati,1990,76,0
Kiribati,1990,77,0
Kiribati,1990,78,0
Kiribati,1990,79,0
Kiribati,1990,80,0
Kiribati,1990,81,0
Kiribati,1990,82,0
Kiribati,1990,83,0
Kiribati,1990,84,0
Kiribati,1990,85,0
Kiribati,1990,86,0
Kiribati,1990,87,0
Kiribati,1990,88,0
Kiribati,1990,89,0
Kiribati,1990,90,0
Kiribati,1990,91,0
Kiribati,1990,92,0
Kiribati,1990,93,0
Kiribati,1990,94,0
Kiribati,1990,95,0
Kiribati,1990,96,0
Kiribati,1990,97,0
Kiribati,1990,98,0
Kiribati,1990,99,0
Kiribati,1990,100,0
Kiribati,1991,0,-19.5452631578947
Kiribati,1991,1,-19.5452631578947
Kiribati,1991,2,-15.9915789473684
Kiribati,1991,3,-15.9915789473684
Kiribati,1991,4,-14.2147368421053
Kiribati,1991,5,-12.4378947368421
Kiribati,1991,6,-12.4378947368421
Kiribati,1991,7,-10.6610526315789
Kiribati,1991,8,-10.6610526315789
Kiribati,1991,9,-8.88421052631579
Kiribati,1991,10,-8.88421052631579
Kiribati,1991,11,-7.10736842105263
Kiribati,1991,12,-7.10736842105263
Kiribati,1991,13,-7.10736842105263
Kiribati,1991,14,-7.10736842105263
Kiribati,1991,15,-7.10736842105263
Kiribati,1991,16,-8.88421052631579
Kiribati,1991,17,-12.4378947368421
Kiribati,1991,18,-15.9915789473684
Kiribati,1991,19,-23.0989473684211
Kiribati,1991,20,-24.8757894736842
Kiribati,1991,21,-28.4294736842105
Kiribati,1991,22,-30.2063157894737
Kiribati,1991,23,-31.9831578947368
Kiribati,1991,24,-31.9831578947368
Kiribati,1991,25,-30.2063157894737
Kiribati,1991,26,-30.2063157894737
Kiribati,1991,27,-26.6526315789474
Kiribati,1991,28,-26.6526315789474
Kiribati,1991,29,-23.0989473684211
Kiribati,1991,30,-23.0989473684211
Kiribati,1991,31,-19.5452631578947
Kiribati,1991,32,-19.5452631578947
Kiribati,1991,33,-15.9915789473684
Kiribati,1991,34,-15.9915789473684
Kiribati,1991,35,-14.2147368421053
Kiribati,1991,36,-12.4378947368421
Kiribati,1991,37,-12.4378947368421
Kiribati,1991,38,-10.6610526315789
Kiribati,1991,39,-10.6610526315789
Kiribati,1991,40,-8.88421052631579
Kiribati,1991,41,-8.88421052631579
Kiribati,1991,42,-7.10736842105263
Kiribati,1991,43,-7.10736842105263
Kiribati,1991,44,-7.10736842105263
Kiribati,1991,45,-7.10736842105263
Kiribati,1991,46,-7.10736842105263
Kiribati,1991,47,-5.33052631578947
Kiribati,1991,48,-5.33052631578947
Kiribati,1991,49,-3.55368421052632
Kiribati,1991,50,-3.55368421052632
Kiribati,1991,51,-3.55368421052632
Kiribati,1991,52,-3.55368421052632
Kiribati,1991,53,-3.55368421052632
Kiribati,1991,54,-3.55368421052632
Kiribati,1991,55,-3.55368421052632
Kiribati,1991,56,-3.55368421052632
Kiribati,1991,57,-3.55368421052632
Kiribati,1991,58,-3.55368421052632
Kiribati,1991,59,-3.55368421052632
Kiribati,1991,60,-3.55368421052632
Kiribati,1991,61,-3.55368421052632
Kiribati,1991,62,-3.55368421052632
Kiribati,1991,63,-3.55368421052632
Kiribati,1991,64,-3.55368421052632
Kiribati,1991,65,-3.55368421052632
Kiribati,1991,66,-3.55368421052632
Kiribati,1991,67,-3.55368421052632
Kiribati,1991,68,-3.55368421052632
Kiribati,1991,69,-3.55368421052632
Kiribati,1991,70,-3.55368421052632
Kiribati,1991,71,-3.55368421052632
Kiribati,1991,72,-3.55368421052632
Kiribati,1991,73,-3.55368421052632
Kiribati,1991,74,-3.55368421052632
Kiribati,1991,75,-3.55368421052632
Kiribati,1991,76,0
Kiribati,1991,77,0
Kiribati,1991,78,0
Kiribati,1991,79,0
Kiribati,1991,80,0
Kiribati,1991,81,0
Kiribati,1991,82,0
Kiribati,1991,83,0
Kiribati,1991,84,0
Kiribati,1991,85,0
Kiribati,1991,86,0
Kiribati,1991,87,0
Kiribati,1991,88,0
Kiribati,1991,89,0
Kiribati,1991,90,0
Kiribati,1991,91,0
Kiribati,1991,92,0
Kiribati,1991,93,0
Kiribati,1991,94,0
Kiribati,1991,95,0
Kiribati,1991,96,0
Kiribati,1991,97,0
Kiribati,1991,98,0
Kiribati,1991,99,0
Kiribati,1991,100,0
Kiribati,1992,0,-22.0231578947368
Kiribati,1992,1,-22.0231578947368
Kiribati,1992,2,-18.0189473684211
Kiribati,1992,3,-18.0189473684211
Kiribati,1992,4,-16.0168421052632
Kiribati,1992,5,-14.0147368421053
Kiribati,1992,6,-14.0147368421053
Kiribati,1992,7,-12.0126315789474
Kiribati,1992,8,-12.0126315789474
Kiribati,1992,9,-10.0105263157895
Kiribati,1992,10,-10.0105263157895
Kiribati,1992,11,-8.00842105263158
Kiribati,1992,12,-8.00842105263158
Kiribati,1992,13,-8.00842105263158
Kiribati,1992,14,-8.00842105263158
Kiribati,1992,15,-8.00842105263158
Kiribati,1992,16,-10.0105263157895
Kiribati,1992,17,-14.0147368421053
Kiribati,1992,18,-18.0189473684211
Kiribati,1992,19,-26.0273684210526
Kiribati,1992,20,-28.0294736842105
Kiribati,1992,21,-32.0336842105263
Kiribati,1992,22,-34.0357894736842
Kiribati,1992,23,-36.0378947368421
Kiribati,1992,24,-36.0378947368421
Kiribati,1992,25,-34.0357894736842
Kiribati,1992,26,-34.0357894736842
Kiribati,1992,27,-30.0315789473684
Kiribati,1992,28,-30.0315789473684
Kiribati,1992,29,-26.0273684210526
Kiribati,1992,30,-26.0273684210526
Kiribati,1992,31,-22.0231578947368
Kiribati,1992,32,-22.0231578947368
Kiribati,1992,33,-18.0189473684211
Kiribati,1992,34,-18.0189473684211
Kiribati,1992,35,-16.0168421052632
Kiribati,1992,36,-14.0147368421053
Kiribati,1992,37,-14.0147368421053
Kiribati,1992,38,-12.0126315789474
Kiribati,1992,39,-12.0126315789474
Kiribati,1992,40,-10.0105263157895
Kiribati,1992,41,-10.0105263157895
Kiribati,1992,42,-8.00842105263158
Kiribati,1992,43,-8.00842105263158
Kiribati,1992,44,-8.00842105263158
Kiribati,1992,45,-8.00842105263158
Kiribati,1992,46,-8.00842105263158
Kiribati,1992,47,-6.00631578947368
Kiribati,1992,48,-6.00631578947368
Kiribati,1992,49,-4.00421052631579
Kiribati,1992,50,-4.00421052631579
Kiribati,1992,51,-4.00421052631579
Kiribati,1992,52,-4.00421052631579
Kiribati,1992,53,-4.00421052631579
Kiribati,1992,54,-4.00421052631579
Kiribati,1992,55,-4.00421052631579
Kiribati,1992,56,-4.00421052631579
Kiribati,1992,57,-4.00421052631579
Kiribati,1992,58,-4.00421052631579
Kiribati,1992,59,-4.00421052631579
Kiribati,1992,60,-4.00421052631579
Kiribati,1992,61,-4.00421052631579
Kiribati,1992,62,-4.00421052631579
Kiribati,1992,63,-4.00421052631579
Kiribati,1992,64,-4.00421052631579
Kiribati,1992,65,-4.00421052631579
Kiribati,1992,66,-4.00421052631579
Kiribati,1992,67,-4.00421052631579
Kiribati,1992,68,-4.00421052631579
Kiribati,1992,69,-4.00421052631579
Kiribati,1992,70,-4.00421052631579
Kiribati,1992,71,-4.00421052631579
Kiribati,1992,72,-4.00421052631579
Kiribati,1992,73,-4.00421052631579
Kiribati,1992,74,-4.00421052631579
Kiribati,1992,75,-4.00421052631579
Kiribati,1992,76,0
Kiribati,1992,77,0
Kiribati,1992,78,0
Kiribati,1992,79,0
Kiribati,1992,80,0
Kiribati,1992,81,0
Kiribati,1992,82,0
Kiribati,1992,83,0
Kiribati,1992,84,0
Kiribati,1992,85,0
Kiribati,1992,86,0
Kiribati,1992,87,0
Kiribati,1992,88,0
Kiribati,1992,89,0
Kiribati,1992,90,0
Kiribati,1992,91,0
Kiribati,1992,92,0
Kiribati,1992,93,0
Kiribati,1992,94,0
Kiribati,1992,95,0
Kiribati,1992,96,0
Kiribati,1992,97,0
Kiribati,1992,98,0
Kiribati,1992,99,0
Kiribati,1992,100,0
Kiribati,1993,0,-22.578947368421
Kiribati,1993,1,-22.578947368421
Kiribati,1993,2,-18.4736842105263
Kiribati,1993,3,-18.4736842105263
Kiribati,1993,4,-16.4210526315789
Kiribati,1993,5,-14.3684210526316
Kiribati,1993,6,-14.3684210526316
Kiribati,1993,7,-12.3157894736842
Kiribati,1993,8,-12.3157894736842
Kiribati,1993,9,-10.2631578947368
Kiribati,1993,10,-10.2631578947368
Kiribati,1993,11,-8.21052631578947
Kiribati,1993,12,-8.21052631578947
Kiribati,1993,13,-8.21052631578947
Kiribati,1993,14,-8.21052631578947
Kiribati,1993,15,-8.21052631578947
Kiribati,1993,16,-10.2631578947368
Kiribati,1993,17,-14.3684210526316
Kiribati,1993,18,-18.4736842105263
Kiribati,1993,19,-26.6842105263158
Kiribati,1993,20,-28.7368421052632
Kiribati,1993,21,-32.8421052631579
Kiribati,1993,22,-34.8947368421053
Kiribati,1993,23,-36.9473684210526
Kiribati,1993,24,-36.9473684210526
Kiribati,1993,25,-34.8947368421053
Kiribati,1993,26,-34.8947368421053
Kiribati,1993,27,-30.7894736842105
Kiribati,1993,28,-30.7894736842105
Kiribati,1993,29,-26.6842105263158
Kiribati,1993,30,-26.6842105263158
Kiribati,1993,31,-22.578947368421
Kiribati,1993,32,-22.578947368421
Kiribati,1993,33,-18.4736842105263
Kiribati,1993,34,-18.4736842105263
Kiribati,1993,35,-16.4210526315789
Kiribati,1993,36,-14.3684210526316
Kiribati,1993,37,-14.3684210526316
Kiribati,1993,38,-12.3157894736842
Kiribati,1993,39,-12.3157894736842
Kiribati,1993,40,-10.2631578947368
Kiribati,1993,41,-10.2631578947368
Kiribati,1993,42,-8.21052631578947
Kiribati,1993,43,-8.21052631578947
Kiribati,1993,44,-8.21052631578947
Kiribati,1993,45,-8.21052631578947
Kiribati,1993,46,-8.21052631578947
Kiribati,1993,47,-6.15789473684211
Kiribati,1993,48,-6.15789473684211
Kiribati,1993,49,-4.10526315789474
Kiribati,1993,50,-4.10526315789474
Kiribati,1993,51,-4.10526315789474
Kiribati,1993,52,-4.10526315789474
Kiribati,1993,53,-4.10526315789474
Kiribati,1993,54,-4.10526315789474
Kiribati,1993,55,-4.10526315789474
Kiribati,1993,56,-4.10526315789474
Kiribati,1993,57,-4.10526315789474
Kiribati,1993,58,-4.10526315789474
Kiribati,1993,59,-4.10526315789474
Kiribati,1993,60,-4.10526315789474
Kiribati,1993,61,-4.10526315789474
Kiribati,1993,62,-4.10526315789474
Kiribati,1993,63,-4.10526315789474
Kiribati,1993,64,-4.10526315789474
Kiribati,1993,65,-4.10526315789474
Kiribati,1993,66,-4.10526315789474
Kiribati,1993,67,-4.10526315789474
Kiribati,1993,68,-4.10526315789474
Kiribati,1993,69,-4.10526315789474
Kiribati,1993,70,-4.10526315789474
Kiribati,1993,71,-4.10526315789474
Kiribati,1993,72,-4.10526315789474
Kiribati,1993,73,-4.10526315789474
Kiribati,1993,74,-4.10526315789474
Kiribati,1993,75,-4.10526315789474
Kiribati,1993,76,0
Kiribati,1993,77,0
Kiribati,1993,78,0
Kiribati,1993,79,0
Kiribati,1993,80,0
Kiribati,1993,81,0
Kiribati,1993,82,0
Kiribati,1993,83,0
Kiribati,1993,84,0
Kiribati,1993,85,0
Kiribati,1993,86,0
Kiribati,1993,87,0
Kiribati,1993,88,0
Kiribati,1993,89,0
Kiribati,1993,90,0
Kiribati,1993,91,0
Kiribati,1993,92,0
Kiribati,1993,93,0
Kiribati,1993,94,0
Kiribati,1993,95,0
Kiribati,1993,96,0
Kiribati,1993,97,0
Kiribati,1993,98,0
Kiribati,1993,99,0
Kiribati,1993,100,0
Kiribati,1994,0,-23.0652631578947
Kiribati,1994,1,-23.0652631578947
Kiribati,1994,2,-18.8715789473684
Kiribati,1994,3,-18.8715789473684
Kiribati,1994,4,-16.7747368421053
Kiribati,1994,5,-14.6778947368421
Kiribati,1994,6,-14.6778947368421
Kiribati,1994,7,-12.5810526315789
Kiribati,1994,8,-12.5810526315789
Kiribati,1994,9,-10.4842105263158
Kiribati,1994,10,-10.4842105263158
Kiribati,1994,11,-8.38736842105263
Kiribati,1994,12,-8.38736842105263
Kiribati,1994,13,-8.38736842105263
Kiribati,1994,14,-8.38736842105263
Kiribati,1994,15,-8.38736842105263
Kiribati,1994,16,-10.4842105263158
Kiribati,1994,17,-14.6778947368421
Kiribati,1994,18,-18.8715789473684
Kiribati,1994,19,-27.2589473684211
Kiribati,1994,20,-29.3557894736842
Kiribati,1994,21,-33.5494736842105
Kiribati,1994,22,-35.6463157894737
Kiribati,1994,23,-37.7431578947368
Kiribati,1994,24,-37.7431578947368
Kiribati,1994,25,-35.6463157894737
Kiribati,1994,26,-35.6463157894737
Kiribati,1994,27,-31.4526315789474
Kiribati,1994,28,-31.4526315789474
Kiribati,1994,29,-27.2589473684211
Kiribati,1994,30,-27.2589473684211
Kiribati,1994,31,-23.0652631578947
Kiribati,1994,32,-23.0652631578947
Kiribati,1994,33,-18.8715789473684
Kiribati,1994,34,-18.8715789473684
Kiribati,1994,35,-16.7747368421053
Kiribati,1994,36,-14.6778947368421
Kiribati,1994,37,-14.6778947368421
Kiribati,1994,38,-12.5810526315789
Kiribati,1994,39,-12.5810526315789
Kiribati,1994,40,-10.4842105263158
Kiribati,1994,41,-10.4842105263158
Kiribati,1994,42,-8.38736842105263
Kiribati,1994,43,-8.38736842105263
Kiribati,1994,44,-8.38736842105263
Kiribati,1994,45,-8.38736842105263
Kiribati,1994,46,-8.38736842105263
Kiribati,1994,47,-6.29052631578947
Kiribati,1994,48,-6.29052631578947
Kiribati,1994,49,-4.19368421052632
Kiribati,1994,50,-4.19368421052632
Kiribati,1994,51,-4.19368421052632
Kiribati,1994,52,-4.19368421052632
Kiribati,1994,53,-4.19368421052632
Kiribati,1994,54,-4.19368421052632
Kiribati,1994,55,-4.19368421052632
Kiribati,1994,56,-4.19368421052632
Kiribati,1994,57,-4.19368421052632
Kiribati,1994,58,-4.19368421052632
Kiribati,1994,59,-4.19368421052632
Kiribati,1994,60,-4.19368421052632
Kiribati,1994,61,-4.19368421052632
Kiribati,1994,62,-4.19368421052632
Kiribati,1994,63,-4.19368421052632
Kiribati,1994,64,-4.19368421052632
Kiribati,1994,65,-4.19368421052632
Kiribati,1994,66,-4.19368421052632
Kiribati,1994,67,-4.19368421052632
Kiribati,1994,68,-4.19368421052632
Kiribati,1994,69,-4.19368421052632
Kiribati,1994,70,-4.19368421052632
Kiribati,1994,71,-4.19368421052632
Kiribati,1994,72,-4.19368421052632
Kiribati,1994,73,-4.19368421052632
Kiribati,1994,74,-4.19368421052632
Kiribati,1994,75,-4.19368421052632
Kiribati,1994,76,0
Kiribati,1994,77,0
Kiribati,1994,78,0
Kiribati,1994,79,0
Kiribati,1994,80,0
Kiribati,1994,81,0
Kiribati,1994,82,0
Kiribati,1994,83,0
Kiribati,1994,84,0
Kiribati,1994,85,0
Kiribati,1994,86,0
Kiribati,1994,87,0
Kiribati,1994,88,0
Kiribati,1994,89,0
Kiribati,1994,90,0
Kiribati,1994,91,0
Kiribati,1994,92,0
Kiribati,1994,93,0
Kiribati,1994,94,0
Kiribati,1994,95,0
Kiribati,1994,96,0
Kiribati,1994,97,0
Kiribati,1994,98,0
Kiribati,1994,99,0
Kiribati,1994,100,0
Kiribati,1995,0,-21.4905263157895
Kiribati,1995,1,-21.4905263157895
Kiribati,1995,2,-17.5831578947368
Kiribati,1995,3,-17.5831578947368
Kiribati,1995,4,-15.6294736842105
Kiribati,1995,5,-13.6757894736842
Kiribati,1995,6,-13.6757894736842
Kiribati,1995,7,-11.7221052631579
Kiribati,1995,8,-11.7221052631579
Kiribati,1995,9,-9.76842105263158
Kiribati,1995,10,-9.76842105263158
Kiribati,1995,11,-7.81473684210526
Kiribati,1995,12,-7.81473684210526
Kiribati,1995,13,-7.81473684210526
Kiribati,1995,14,-7.81473684210526
Kiribati,1995,15,-7.81473684210526
Kiribati,1995,16,-9.76842105263158
Kiribati,1995,17,-13.6757894736842
Kiribati,1995,18,-17.5831578947368
Kiribati,1995,19,-25.3978947368421
Kiribati,1995,20,-27.3515789473684
Kiribati,1995,21,-31.2589473684211
Kiribati,1995,22,-33.2126315789474
Kiribati,1995,23,-35.1663157894737
Kiribati,1995,24,-35.1663157894737
Kiribati,1995,25,-33.2126315789474
Kiribati,1995,26,-33.2126315789474
Kiribati,1995,27,-29.3052631578947
Kiribati,1995,28,-29.3052631578947
Kiribati,1995,29,-25.3978947368421
Kiribati,1995,30,-25.3978947368421
Kiribati,1995,31,-21.4905263157895
Kiribati,1995,32,-21.4905263157895
Kiribati,1995,33,-17.5831578947368
Kiribati,1995,34,-17.5831578947368
Kiribati,1995,35,-15.6294736842105
Kiribati,1995,36,-13.6757894736842
Kiribati,1995,37,-13.6757894736842
Kiribati,1995,38,-11.7221052631579
Kiribati,1995,39,-11.7221052631579
Kiribati,1995,40,-9.76842105263158
Kiribati,1995,41,-9.76842105263158
Kiribati,1995,42,-7.81473684210526
Kiribati,1995,43,-7.81473684210526
Kiribati,1995,44,-7.81473684210526
Kiribati,1995,45,-7.81473684210526
Kiribati,1995,46,-7.81473684210526
Kiribati,1995,47,-5.86105263157895
Kiribati,1995,48,-5.86105263157895
Kiribati,1995,49,-3.90736842105263
Kiribati,1995,50,-3.90736842105263
Kiribati,1995,51,-3.90736842105263
Kiribati,1995,52,-3.90736842105263
Kiribati,1995,53,-3.90736842105263
Kiribati,1995,54,-3.90736842105263
Kiribati,1995,55,-3.90736842105263
Kiribati,1995,56,-3.90736842105263
Kiribati,1995,57,-3.90736842105263
Kiribati,1995,58,-3.90736842105263
Kiribati,1995,59,-3.90736842105263
Kiribati,1995,60,-3.90736842105263
Kiribati,1995,61,-3.90736842105263
Kiribati,1995,62,-3.90736842105263
Kiribati,1995,63,-3.90736842105263
Kiribati,1995,64,-3.90736842105263
Kiribati,1995,65,-3.90736842105263
Kiribati,1995,66,-3.90736842105263
Kiribati,1995,67,-3.90736842105263
Kiribati,1995,68,-3.90736842105263
Kiribati,1995,69,-3.90736842105263
Kiribati,1995,70,-3.90736842105263
Kiribati,1995,71,-3.90736842105263
Kiribati,1995,72,-3.90736842105263
Kiribati,1995,73,-3.90736842105263
Kiribati,1995,74,-3.90736842105263
Kiribati,1995,75,-3.90736842105263
Kiribati,1995,76,0
Kiribati,1995,77,0
Kiribati,1995,78,0
Kiribati,1995,79,0
Kiribati,1995,80,0
Kiribati,1995,81,0
Kiribati,1995,82,0
Kiribati,1995,83,0
Kiribati,1995,84,0
Kiribati,1995,85,0
Kiribati,1995,86,0
Kiribati,1995,87,0
Kiribati,1995,88,0
Kiribati,1995,89,0
Kiribati,1995,90,0
Kiribati,1995,91,0
Kiribati,1995,92,0
Kiribati,1995,93,0
Kiribati,1995,94,0
Kiribati,1995,95,0
Kiribati,1995,96,0
Kiribati,1995,97,0
Kiribati,1995,98,0
Kiribati,1995,99,0
Kiribati,1995,100,0
Kiribati,1996,0,-16.2336842105263
Kiribati,1996,1,-16.2336842105263
Kiribati,1996,2,-13.2821052631579
Kiribati,1996,3,-13.2821052631579
Kiribati,1996,4,-11.8063157894737
Kiribati,1996,5,-10.3305263157895
Kiribati,1996,6,-10.3305263157895
Kiribati,1996,7,-8.85473684210526
Kiribati,1996,8,-8.85473684210526
Kiribati,1996,9,-7.37894736842105
Kiribati,1996,10,-7.37894736842105
Kiribati,1996,11,-5.90315789473684
Kiribati,1996,12,-5.90315789473684
Kiribati,1996,13,-5.90315789473684
Kiribati,1996,14,-5.90315789473684
Kiribati,1996,15,-5.90315789473684
Kiribati,1996,16,-7.37894736842105
Kiribati,1996,17,-10.3305263157895
Kiribati,1996,18,-13.2821052631579
Kiribati,1996,19,-19.1852631578947
Kiribati,1996,20,-20.6610526315789
Kiribati,1996,21,-23.6126315789474
Kiribati,1996,22,-25.0884210526316
Kiribati,1996,23,-26.5642105263158
Kiribati,1996,24,-26.5642105263158
Kiribati,1996,25,-25.0884210526316
Kiribati,1996,26,-25.0884210526316
Kiribati,1996,27,-22.1368421052632
Kiribati,1996,28,-22.1368421052632
Kiribati,1996,29,-19.1852631578947
Kiribati,1996,30,-19.1852631578947
Kiribati,1996,31,-16.2336842105263
Kiribati,1996,32,-16.2336842105263
Kiribati,1996,33,-13.2821052631579
Kiribati,1996,34,-13.2821052631579
Kiribati,1996,35,-11.8063157894737
Kiribati,1996,36,-10.3305263157895
Kiribati,1996,37,-10.3305263157895
Kiribati,1996,38,-8.85473684210526
Kiribati,1996,39,-8.85473684210526
Kiribati,1996,40,-7.37894736842105
Kiribati,1996,41,-7.37894736842105
Kiribati,1996,42,-5.90315789473684
Kiribati,1996,43,-5.90315789473684
Kiribati,1996,44,-5.90315789473684
Kiribati,1996,45,-5.90315789473684
Kiribati,1996,46,-5.90315789473684
Kiribati,1996,47,-4.42736842105263
Kiribati,1996,48,-4.42736842105263
Kiribati,1996,49,-2.95157894736842
Kiribati,1996,50,-2.95157894736842
Kiribati,1996,51,-2.95157894736842
Kiribati,1996,52,-2.95157894736842
Kiribati,1996,53,-2.95157894736842
Kiribati,1996,54,-2.95157894736842
Kiribati,1996,55,-2.95157894736842
Kiribati,1996,56,-2.95157894736842
Kiribati,1996,57,-2.95157894736842
Kiribati,1996,58,-2.95157894736842
Kiribati,1996,59,-2.95157894736842
Kiribati,1996,60,-2.95157894736842
Kiribati,1996,61,-2.95157894736842
Kiribati,1996,62,-2.95157894736842
Kiribati,1996,63,-2.95157894736842
Kiribati,1996,64,-2.95157894736842
Kiribati,1996,65,-2.95157894736842
Kiribati,1996,66,-2.95157894736842
Kiribati,1996,67,-2.95157894736842
Kiribati,1996,68,-2.95157894736842
Kiribati,1996,69,-2.95157894736842
Kiribati,1996,70,-2.95157894736842
Kiribati,1996,71,-2.95157894736842
Kiribati,1996,72,-2.95157894736842
Kiribati,1996,73,-2.95157894736842
Kiribati,1996,74,-2.95157894736842
Kiribati,1996,75,-2.95157894736842
Kiribati,1996,76,0
Kiribati,1996,77,0
Kiribati,1996,78,0
Kiribati,1996,79,0
Kiribati,1996,80,0
Kiribati,1996,81,0
Kiribati,1996,82,0
Kiribati,1996,83,0
Kiribati,1996,84,0
Kiribati,1996,85,0
Kiribati,1996,86,0
Kiribati,1996,87,0
Kiribati,1996,88,0
Kiribati,1996,89,0
Kiribati,1996,90,0
Kiribati,1996,91,0
Kiribati,1996,92,0
Kiribati,1996,93,0
Kiribati,1996,94,0
Kiribati,1996,95,0
Kiribati,1996,96,0
Kiribati,1996,97,0
Kiribati,1996,98,0
Kiribati,1996,99,0
Kiribati,1996,100,0
Kiribati,1997,0,-16.0484210526316
Kiribati,1997,1,-16.0484210526316
Kiribati,1997,2,-13.1305263157895
Kiribati,1997,3,-13.1305263157895
Kiribati,1997,4,-11.6715789473684
Kiribati,1997,5,-10.2126315789474
Kiribati,1997,6,-10.2126315789474
Kiribati,1997,7,-8.75368421052631
Kiribati,1997,8,-8.75368421052631
Kiribati,1997,9,-7.29473684210526
Kiribati,1997,10,-7.29473684210526
Kiribati,1997,11,-5.83578947368421
Kiribati,1997,12,-5.83578947368421
Kiribati,1997,13,-5.83578947368421
Kiribati,1997,14,-5.83578947368421
Kiribati,1997,15,-5.83578947368421
Kiribati,1997,16,-7.29473684210526
Kiribati,1997,17,-10.2126315789474
Kiribati,1997,18,-13.1305263157895
Kiribati,1997,19,-18.9663157894737
Kiribati,1997,20,-20.4252631578947
Kiribati,1997,21,-23.3431578947368
Kiribati,1997,22,-24.8021052631579
Kiribati,1997,23,-26.2610526315789
Kiribati,1997,24,-26.2610526315789
Kiribati,1997,25,-24.8021052631579
Kiribati,1997,26,-24.8021052631579
Kiribati,1997,27,-21.8842105263158
Kiribati,1997,28,-21.8842105263158
Kiribati,1997,29,-18.9663157894737
Kiribati,1997,30,-18.9663157894737
Kiribati,1997,31,-16.0484210526316
Kiribati,1997,32,-16.0484210526316
Kiribati,1997,33,-13.1305263157895
Kiribati,1997,34,-13.1305263157895
Kiribati,1997,35,-11.6715789473684
Kiribati,1997,36,-10.2126315789474
Kiribati,1997,37,-10.2126315789474
Kiribati,1997,38,-8.75368421052631
Kiribati,1997,39,-8.75368421052631
Kiribati,1997,40,-7.29473684210526
Kiribati,1997,41,-7.29473684210526
Kiribati,1997,42,-5.83578947368421
Kiribati,1997,43,-5.83578947368421
Kiribati,1997,44,-5.83578947368421
Kiribati,1997,45,-5.83578947368421
Kiribati,1997,46,-5.83578947368421
Kiribati,1997,47,-4.37684210526316
Kiribati,1997,48,-4.37684210526316
Kiribati,1997,49,-2.91789473684211
Kiribati,1997,50,-2.91789473684211
Kiribati,1997,51,-2.91789473684211
Kiribati,1997,52,-2.91789473684211
Kiribati,1997,53,-2.91789473684211
Kiribati,1997,54,-2.91789473684211
Kiribati,1997,55,-2.91789473684211
Kiribati,1997,56,-2.91789473684211
Kiribati,1997,57,-2.91789473684211
Kiribati,1997,58,-2.91789473684211
Kiribati,1997,59,-2.91789473684211
Kiribati,1997,60,-2.91789473684211
Kiribati,1997,61,-2.91789473684211
Kiribati,1997,62,-2.91789473684211
Kiribati,1997,63,-2.91789473684211
Kiribati,1997,64,-2.91789473684211
Kiribati,1997,65,-2.91789473684211
Kiribati,1997,66,-2.91789473684211
Kiribati,1997,67,-2.91789473684211
Kiribati,1997,68,-2.91789473684211
Kiribati,1997,69,-2.91789473684211
Kiribati,1997,70,-2.91789473684211
Kiribati,1997,71,-2.91789473684211
Kiribati,1997,72,-2.91789473684211
Kiribati,1997,73,-2.91789473684211
Kiribati,1997,74,-2.91789473684211
Kiribati,1997,75,-2.91789473684211
Kiribati,1997,76,0
Kiribati,1997,77,0
Kiribati,1997,78,0
Kiribati,1997,79,0
Kiribati,1997,80,0
Kiribati,1997,81,0
Kiribati,1997,82,0
Kiribati,1997,83,0
Kiribati,1997,84,0
Kiribati,1997,85,0
Kiribati,1997,86,0
Kiribati,1997,87,0
Kiribati,1997,88,0
Kiribati,1997,89,0
Kiribati,1997,90,0
Kiribati,1997,91,0
Kiribati,1997,92,0
Kiribati,1997,93,0
Kiribati,1997,94,0
Kiribati,1997,95,0
Kiribati,1997,96,0
Kiribati,1997,97,0
Kiribati,1997,98,0
Kiribati,1997,99,0
Kiribati,1997,100,0
Kiribati,1998,0,-16.5810526315789
Kiribati,1998,1,-16.5810526315789
Kiribati,1998,2,-13.5663157894737
Kiribati,1998,3,-13.5663157894737
Kiribati,1998,4,-12.0589473684211
Kiribati,1998,5,-10.5515789473684
Kiribati,1998,6,-10.5515789473684
Kiribati,1998,7,-9.04421052631579
Kiribati,1998,8,-9.04421052631579
Kiribati,1998,9,-7.53684210526316
Kiribati,1998,10,-7.53684210526316
Kiribati,1998,11,-6.02947368421053
Kiribati,1998,12,-6.02947368421053
Kiribati,1998,13,-6.02947368421053
Kiribati,1998,14,-6.02947368421053
Kiribati,1998,15,-6.02947368421053
Kiribati,1998,16,-7.53684210526316
Kiribati,1998,17,-10.5515789473684
Kiribati,1998,18,-13.5663157894737
Kiribati,1998,19,-19.5957894736842
Kiribati,1998,20,-21.1031578947368
Kiribati,1998,21,-24.1178947368421
Kiribati,1998,22,-25.6252631578947
Kiribati,1998,23,-27.1326315789474
Kiribati,1998,24,-27.1326315789474
Kiribati,1998,25,-25.6252631578947
Kiribati,1998,26,-25.6252631578947
Kiribati,1998,27,-22.6105263157895
Kiribati,1998,28,-22.6105263157895
Kiribati,1998,29,-19.5957894736842
Kiribati,1998,30,-19.5957894736842
Kiribati,1998,31,-16.5810526315789
Kiribati,1998,32,-16.5810526315789
Kiribati,1998,33,-13.5663157894737
Kiribati,1998,34,-13.5663157894737
Kiribati,1998,35,-12.0589473684211
Kiribati,1998,36,-10.5515789473684
Kiribati,1998,37,-10.5515789473684
Kiribati,1998,38,-9.04421052631579
Kiribati,1998,39,-9.04421052631579
Kiribati,1998,40,-7.53684210526316
Kiribati,1998,41,-7.53684210526316
Kiribati,1998,42,-6.02947368421053
Kiribati,1998,43,-6.02947368421053
Kiribati,1998,44,-6.02947368421053
Kiribati,1998,45,-6.02947368421053
Kiribati,1998,46,-6.02947368421053
Kiribati,1998,47,-4.52210526315789
Kiribati,1998,48,-4.52210526315789
Kiribati,1998,49,-3.01473684210526
Kiribati,1998,50,-3.01473684210526
Kiribati,1998,51,-3.01473684210526
Kiribati,1998,52,-3.01473684210526
Kiribati,1998,53,-3.01473684210526
Kiribati,1998,54,-3.01473684210526
Kiribati,1998,55,-3.01473684210526
Kiribati,1998,56,-3.01473684210526
Kiribati,1998,57,-3.01473684210526
Kiribati,1998,58,-3.01473684210526
Kiribati,1998,59,-3.01473684210526
Kiribati,1998,60,-3.01473684210526
Kiribati,1998,61,-3.01473684210526
Kiribati,1998,62,-3.01473684210526
Kiribati,1998,63,-3.01473684210526
Kiribati,1998,64,-3.01473684210526
Kiribati,1998,65,-3.01473684210526
Kiribati,1998,66,-3.01473684210526
Kiribati,1998,67,-3.01473684210526
Kiribati,1998,68,-3.01473684210526
Kiribati,1998,69,-3.01473684210526
Kiribati,1998,70,-3.01473684210526
Kiribati,1998,71,-3.01473684210526
Kiribati,1998,72,-3.01473684210526
Kiribati,1998,73,-3.01473684210526
Kiribati,1998,74,-3.01473684210526
Kiribati,1998,75,-3.01473684210526
Kiribati,1998,76,0
Kiribati,1998,77,0
Kiribati,1998,78,0
Kiribati,1998,79,0
Kiribati,1998,80,0
Kiribati,1998,81,0
Kiribati,1998,82,0
Kiribati,1998,83,0
Kiribati,1998,84,0
Kiribati,1998,85,0
Kiribati,1998,86,0
Kiribati,1998,87,0
Kiribati,1998,88,0
Kiribati,1998,89,0
Kiribati,1998,90,0
Kiribati,1998,91,0
Kiribati,1998,92,0
Kiribati,1998,93,0
Kiribati,1998,94,0
Kiribati,1998,95,0
Kiribati,1998,96,0
Kiribati,1998,97,0
Kiribati,1998,98,0
Kiribati,1998,99,0
Kiribati,1998,100,0
Kiribati,1999,0,-16.9747368421053
Kiribati,1999,1,-16.9747368421053
Kiribati,1999,2,-13.8884210526316
Kiribati,1999,3,-13.8884210526316
Kiribati,1999,4,-12.3452631578947
Kiribati,1999,5,-10.8021052631579
Kiribati,1999,6,-10.8021052631579
Kiribati,1999,7,-9.25894736842105
Kiribati,1999,8,-9.25894736842105
Kiribati,1999,9,-7.71578947368421
Kiribati,1999,10,-7.71578947368421
Kiribati,1999,11,-6.17263157894737
Kiribati,1999,12,-6.17263157894737
Kiribati,1999,13,-6.17263157894737
Kiribati,1999,14,-6.17263157894737
Kiribati,1999,15,-6.17263157894737
Kiribati,1999,16,-7.71578947368421
Kiribati,1999,17,-10.8021052631579
Kiribati,1999,18,-13.8884210526316
Kiribati,1999,19,-20.0610526315789
Kiribati,1999,20,-21.6042105263158
Kiribati,1999,21,-24.6905263157895
Kiribati,1999,22,-26.2336842105263
Kiribati,1999,23,-27.7768421052632
Kiribati,1999,24,-27.7768421052632
Kiribati,1999,25,-26.2336842105263
Kiribati,1999,26,-26.2336842105263
Kiribati,1999,27,-23.1473684210526
Kiribati,1999,28,-23.1473684210526
Kiribati,1999,29,-20.0610526315789
Kiribati,1999,30,-20.0610526315789
Kiribati,1999,31,-16.9747368421053
Kiribati,1999,32,-16.9747368421053
Kiribati,1999,33,-13.8884210526316
Kiribati,1999,34,-13.8884210526316
Kiribati,1999,35,-12.3452631578947
Kiribati,1999,36,-10.8021052631579
Kiribati,1999,37,-10.8021052631579
Kiribati,1999,38,-9.25894736842105
Kiribati,1999,39,-9.25894736842105
Kiribati,1999,40,-7.71578947368421
Kiribati,1999,41,-7.71578947368421
Kiribati,1999,42,-6.17263157894737
Kiribati,1999,43,-6.17263157894737
Kiribati,1999,44,-6.17263157894737
Kiribati,1999,45,-6.17263157894737
Kiribati,1999,46,-6.17263157894737
Kiribati,1999,47,-4.62947368421053
Kiribati,1999,48,-4.62947368421053
Kiribati,1999,49,-3.08631578947368
Kiribati,1999,50,-3.08631578947368
Kiribati,1999,51,-3.08631578947368
Kiribati,1999,52,-3.08631578947368
Kiribati,1999,53,-3.08631578947368
Kiribati,1999,54,-3.08631578947368
Kiribati,1999,55,-3.08631578947368
Kiribati,1999,56,-3.08631578947368
Kiribati,1999,57,-3.08631578947368
Kiribati,1999,58,-3.08631578947368
Kiribati,1999,59,-3.08631578947368
Kiribati,1999,60,-3.08631578947368
Kiribati,1999,61,-3.08631578947368
Kiribati,1999,62,-3.08631578947368
Kiribati,1999,63,-3.08631578947368
Kiribati,1999,64,-3.08631578947368
Kiribati,1999,65,-3.08631578947368
Kiribati,1999,66,-3.08631578947368
Kiribati,1999,67,-3.08631578947368
Kiribati,1999,68,-3.08631578947368
Kiribati,1999,69,-3.08631578947368
Kiribati,1999,70,-3.08631578947368
Kiribati,1999,71,-3.08631578947368
Kiribati,1999,72,-3.08631578947368
Kiribati,1999,73,-3.08631578947368
Kiribati,1999,74,-3.08631578947368
Kiribati,1999,75,-3.08631578947368
Kiribati,1999,76,0
Kiribati,1999,77,0
Kiribati,1999,78,0
Kiribati,1999,79,0
Kiribati,1999,80,0
Kiribati,1999,81,0
Kiribati,1999,82,0
Kiribati,1999,83,0
Kiribati,1999,84,0
Kiribati,1999,85,0
Kiribati,1999,86,0
Kiribati,1999,87,0
Kiribati,1999,88,0
Kiribati,1999,89,0
Kiribati,1999,90,0
Kiribati,1999,91,0
Kiribati,1999,92,0
Kiribati,1999,93,0
Kiribati,1999,94,0
Kiribati,1999,95,0
Kiribati,1999,96,0
Kiribati,1999,97,0
Kiribati,1999,98,0
Kiribati,1999,99,0
Kiribati,1999,100,0
Kiribati,2000,0,-14.5663157894737
Kiribati,2000,1,-14.5663157894737
Kiribati,2000,2,-11.9178947368421
Kiribati,2000,3,-11.9178947368421
Kiribati,2000,4,-10.5936842105263
Kiribati,2000,5,-9.26947368421053
Kiribati,2000,6,-9.26947368421053
Kiribati,2000,7,-7.94526315789474
Kiribati,2000,8,-7.94526315789474
Kiribati,2000,9,-6.62105263157895
Kiribati,2000,10,-6.62105263157895
Kiribati,2000,11,-5.29684210526316
Kiribati,2000,12,-5.29684210526316
Kiribati,2000,13,-5.29684210526316
Kiribati,2000,14,-5.29684210526316
Kiribati,2000,15,-5.29684210526316
Kiribati,2000,16,-6.62105263157895
Kiribati,2000,17,-9.26947368421053
Kiribati,2000,18,-11.9178947368421
Kiribati,2000,19,-17.2147368421053
Kiribati,2000,20,-18.5389473684211
Kiribati,2000,21,-21.1873684210526
Kiribati,2000,22,-22.5115789473684
Kiribati,2000,23,-23.8357894736842
Kiribati,2000,24,-23.8357894736842
Kiribati,2000,25,-22.5115789473684
Kiribati,2000,26,-22.5115789473684
Kiribati,2000,27,-19.8631578947368
Kiribati,2000,28,-19.8631578947368
Kiribati,2000,29,-17.2147368421053
Kiribati,2000,30,-17.2147368421053
Kiribati,2000,31,-14.5663157894737
Kiribati,2000,32,-14.5663157894737
Kiribati,2000,33,-11.9178947368421
Kiribati,2000,34,-11.9178947368421
Kiribati,2000,35,-10.5936842105263
Kiribati,2000,36,-9.26947368421053
Kiribati,2000,37,-9.26947368421053
Kiribati,2000,38,-7.94526315789474
Kiribati,2000,39,-7.94526315789474
Kiribati,2000,40,-6.62105263157895
Kiribati,2000,41,-6.62105263157895
Kiribati,2000,42,-5.29684210526316
Kiribati,2000,43,-5.29684210526316
Kiribati,2000,44,-5.29684210526316
Kiribati,2000,45,-5.29684210526316
Kiribati,2000,46,-5.29684210526316
Kiribati,2000,47,-3.97263157894737
Kiribati,2000,48,-3.97263157894737
Kiribati,2000,49,-2.64842105263158
Kiribati,2000,50,-2.64842105263158
Kiribati,2000,51,-2.64842105263158
Kiribati,2000,52,-2.64842105263158
Kiribati,2000,53,-2.64842105263158
Kiribati,2000,54,-2.64842105263158
Kiribati,2000,55,-2.64842105263158
Kiribati,2000,56,-2.64842105263158
Kiribati,2000,57,-2.64842105263158
Kiribati,2000,58,-2.64842105263158
Kiribati,2000,59,-2.64842105263158
Kiribati,2000,60,-2.64842105263158
Kiribati,2000,61,-2.64842105263158
Kiribati,2000,62,-2.64842105263158
Kiribati,2000,63,-2.64842105263158
Kiribati,2000,64,-2.64842105263158
Kiribati,2000,65,-2.64842105263158
Kiribati,2000,66,-2.64842105263158
Kiribati,2000,67,-2.64842105263158
Kiribati,2000,68,-2.64842105263158
Kiribati,2000,69,-2.64842105263158
Kiribati,2000,70,-2.64842105263158
Kiribati,2000,71,-2.64842105263158
Kiribati,2000,72,-2.64842105263158
Kiribati,2000,73,-2.64842105263158
Kiribati,2000,74,-2.64842105263158
Kiribati,2000,75,-2.64842105263158
Kiribati,2000,76,0
Kiribati,2000,77,0
Kiribati,2000,78,0
Kiribati,2000,79,0
Kiribati,2000,80,0
Kiribati,2000,81,0
Kiribati,2000,82,0
Kiribati,2000,83,0
Kiribati,2000,84,0
Kiribati,2000,85,0
Kiribati,2000,86,0
Kiribati,2000,87,0
Kiribati,2000,88,0
Kiribati,2000,89,0
Kiribati,2000,90,0
Kiribati,2000,91,0
Kiribati,2000,92,0
Kiribati,2000,93,0
Kiribati,2000,94,0
Kiribati,2000,95,0
Kiribati,2000,96,0
Kiribati,2000,97,0
Kiribati,2000,98,0
Kiribati,2000,99,0
Kiribati,2000,100,0
Kiribati,2001,0,-4.65473684210526
Kiribati,2001,1,-4.65473684210526
Kiribati,2001,2,-3.80842105263158
Kiribati,2001,3,-3.80842105263158
Kiribati,2001,4,-3.38526315789474
Kiribati,2001,5,-2.96210526315789
Kiribati,2001,6,-2.96210526315789
Kiribati,2001,7,-2.53894736842105
Kiribati,2001,8,-2.53894736842105
Kiribati,2001,9,-2.11578947368421
Kiribati,2001,10,-2.11578947368421
Kiribati,2001,11,-1.69263157894737
Kiribati,2001,12,-1.69263157894737
Kiribati,2001,13,-1.69263157894737
Kiribati,2001,14,-1.69263157894737
Kiribati,2001,15,-1.69263157894737
Kiribati,2001,16,-2.11578947368421
Kiribati,2001,17,-2.96210526315789
Kiribati,2001,18,-3.80842105263158
Kiribati,2001,19,-5.50105263157895
Kiribati,2001,20,-5.92421052631579
Kiribati,2001,21,-6.77052631578947
Kiribati,2001,22,-7.19368421052632
Kiribati,2001,23,-7.61684210526316
Kiribati,2001,24,-7.61684210526316
Kiribati,2001,25,-7.19368421052632
Kiribati,2001,26,-7.19368421052632
Kiribati,2001,27,-6.34736842105263
Kiribati,2001,28,-6.34736842105263
Kiribati,2001,29,-5.50105263157895
Kiribati,2001,30,-5.50105263157895
Kiribati,2001,31,-4.65473684210526
Kiribati,2001,32,-4.65473684210526
Kiribati,2001,33,-3.80842105263158
Kiribati,2001,34,-3.80842105263158
Kiribati,2001,35,-3.38526315789474
Kiribati,2001,36,-2.96210526315789
Kiribati,2001,37,-2.96210526315789
Kiribati,2001,38,-2.53894736842105
Kiribati,2001,39,-2.53894736842105
Kiribati,2001,40,-2.11578947368421
Kiribati,2001,41,-2.11578947368421
Kiribati,2001,42,-1.69263157894737
Kiribati,2001,43,-1.69263157894737
Kiribati,2001,44,-1.69263157894737
Kiribati,2001,45,-1.69263157894737
Kiribati,2001,46,-1.69263157894737
Kiribati,2001,47,-1.26947368421053
Kiribati,2001,48,-1.26947368421053
Kiribati,2001,49,-0.846315789473684
Kiribati,2001,50,-0.846315789473684
Kiribati,2001,51,-0.846315789473684
Kiribati,2001,52,-0.846315789473684
Kiribati,2001,53,-0.846315789473684
Kiribati,2001,54,-0.846315789473684
Kiribati,2001,55,-0.846315789473684
Kiribati,2001,56,-0.846315789473684
Kiribati,2001,57,-0.846315789473684
Kiribati,2001,58,-0.846315789473684
Kiribati,2001,59,-0.846315789473684
Kiribati,2001,60,-0.846315789473684
Kiribati,2001,61,-0.846315789473684
Kiribati,2001,62,-0.846315789473684
Kiribati,2001,63,-0.846315789473684
Kiribati,2001,64,-0.846315789473684
Kiribati,2001,65,-0.846315789473684
Kiribati,2001,66,-0.846315789473684
Kiribati,2001,67,-0.846315789473684
Kiribati,2001,68,-0.846315789473684
Kiribati,2001,69,-0.846315789473684
Kiribati,2001,70,-0.846315789473684
Kiribati,2001,71,-0.846315789473684
Kiribati,2001,72,-0.846315789473684
Kiribati,2001,73,-0.846315789473684
Kiribati,2001,74,-0.846315789473684
Kiribati,2001,75,-0.846315789473684
Kiribati,2001,76,0
Kiribati,2001,77,0
Kiribati,2001,78,0
Kiribati,2001,79,0
Kiribati,2001,80,0
Kiribati,2001,81,0
Kiribati,2001,82,0
Kiribati,2001,83,0
Kiribati,2001,84,0
Kiribati,2001,85,0
Kiribati,2001,86,0
Kiribati,2001,87,0
Kiribati,2001,88,0
Kiribati,2001,89,0
Kiribati,2001,90,0
Kiribati,2001,91,0
Kiribati,2001,92,0
Kiribati,2001,93,0
Kiribati,2001,94,0
Kiribati,2001,95,0
Kiribati,2001,96,0
Kiribati,2001,97,0
Kiribati,2001,98,0
Kiribati,2001,99,0
Kiribati,2001,100,0
Kiribati,2002,0,-3.17263157894737
Kiribati,2002,1,-3.17263157894737
Kiribati,2002,2,-2.59578947368421
Kiribati,2002,3,-2.59578947368421
Kiribati,2002,4,-2.30736842105263
Kiribati,2002,5,-2.01894736842105
Kiribati,2002,6,-2.01894736842105
Kiribati,2002,7,-1.73052631578947
Kiribati,2002,8,-1.73052631578947
Kiribati,2002,9,-1.44210526315789
Kiribati,2002,10,-1.44210526315789
Kiribati,2002,11,-1.15368421052632
Kiribati,2002,12,-1.15368421052632
Kiribati,2002,13,-1.15368421052632
Kiribati,2002,14,-1.15368421052632
Kiribati,2002,15,-1.15368421052632
Kiribati,2002,16,-1.44210526315789
Kiribati,2002,17,-2.01894736842105
Kiribati,2002,18,-2.59578947368421
Kiribati,2002,19,-3.74947368421053
Kiribati,2002,20,-4.03789473684211
Kiribati,2002,21,-4.61473684210526
Kiribati,2002,22,-4.90315789473684
Kiribati,2002,23,-5.19157894736842
Kiribati,2002,24,-5.19157894736842
Kiribati,2002,25,-4.90315789473684
Kiribati,2002,26,-4.90315789473684
Kiribati,2002,27,-4.32631578947368
Kiribati,2002,28,-4.32631578947368
Kiribati,2002,29,-3.74947368421053
Kiribati,2002,30,-3.74947368421053
Kiribati,2002,31,-3.17263157894737
Kiribati,2002,32,-3.17263157894737
Kiribati,2002,33,-2.59578947368421
Kiribati,2002,34,-2.59578947368421
Kiribati,2002,35,-2.30736842105263
Kiribati,2002,36,-2.01894736842105
Kiribati,2002,37,-2.01894736842105
Kiribati,2002,38,-1.73052631578947
Kiribati,2002,39,-1.73052631578947
Kiribati,2002,40,-1.44210526315789
Kiribati,2002,41,-1.44210526315789
Kiribati,2002,42,-1.15368421052632
Kiribati,2002,43,-1.15368421052632
Kiribati,2002,44,-1.15368421052632
Kiribati,2002,45,-1.15368421052632
Kiribati,2002,46,-1.15368421052632
Kiribati,2002,47,-0.865263157894737
Kiribati,2002,48,-0.865263157894737
Kiribati,2002,49,-0.576842105263158
Kiribati,2002,50,-0.576842105263158
Kiribati,2002,51,-0.576842105263158
Kiribati,2002,52,-0.576842105263158
Kiribati,2002,53,-0.576842105263158
Kiribati,2002,54,-0.576842105263158
Kiribati,2002,55,-0.576842105263158
Kiribati,2002,56,-0.576842105263158
Kiribati,2002,57,-0.576842105263158
Kiribati,2002,58,-0.576842105263158
Kiribati,2002,59,-0.576842105263158
Kiribati,2002,60,-0.576842105263158
Kiribati,2002,61,-0.576842105263158
Kiribati,2002,62,-0.576842105263158
Kiribati,2002,63,-0.576842105263158
Kiribati,2002,64,-0.576842105263158
Kiribati,2002,65,-0.576842105263158
Kiribati,2002,66,-0.576842105263158
Kiribati,2002,67,-0.576842105263158
Kiribati,2002,68,-0.576842105263158
Kiribati,2002,69,-0.576842105263158
Kiribati,2002,70,-0.576842105263158
Kiribati,2002,71,-0.576842105263158
Kiribati,2002,72,-0.576842105263158
Kiribati,2002,73,-0.576842105263158
Kiribati,2002,74,-0.576842105263158
Kiribati,2002,75,-0.576842105263158
Kiribati,2002,76,0
Kiribati,2002,77,0
Kiribati,2002,78,0
Kiribati,2002,79,0
Kiribati,2002,80,0
Kiribati,2002,81,0
Kiribati,2002,82,0
Kiribati,2002,83,0
Kiribati,2002,84,0
Kiribati,2002,85,0
Kiribati,2002,86,0
Kiribati,2002,87,0
Kiribati,2002,88,0
Kiribati,2002,89,0
Kiribati,2002,90,0
Kiribati,2002,91,0
Kiribati,2002,92,0
Kiribati,2002,93,0
Kiribati,2002,94,0
Kiribati,2002,95,0
Kiribati,2002,96,0
Kiribati,2002,97,0
Kiribati,2002,98,0
Kiribati,2002,99,0
Kiribati,2002,100,0
Kiribati,2003,0,-3.63578947368421
Kiribati,2003,1,-3.63578947368421
Kiribati,2003,2,-2.97473684210526
Kiribati,2003,3,-2.97473684210526
Kiribati,2003,4,-2.64421052631579
Kiribati,2003,5,-2.31368421052632
Kiribati,2003,6,-2.31368421052632
Kiribati,2003,7,-1.98315789473684
Kiribati,2003,8,-1.98315789473684
Kiribati,2003,9,-1.65263157894737
Kiribati,2003,10,-1.65263157894737
Kiribati,2003,11,-1.32210526315789
Kiribati,2003,12,-1.32210526315789
Kiribati,2003,13,-1.32210526315789
Kiribati,2003,14,-1.32210526315789
Kiribati,2003,15,-1.32210526315789
Kiribati,2003,16,-1.65263157894737
Kiribati,2003,17,-2.31368421052632
Kiribati,2003,18,-2.97473684210526
Kiribati,2003,19,-4.29684210526316
Kiribati,2003,20,-4.62736842105263
Kiribati,2003,21,-5.28842105263158
Kiribati,2003,22,-5.61894736842105
Kiribati,2003,23,-5.94947368421053
Kiribati,2003,24,-5.94947368421053
Kiribati,2003,25,-5.61894736842105
Kiribati,2003,26,-5.61894736842105
Kiribati,2003,27,-4.95789473684211
Kiribati,2003,28,-4.95789473684211
Kiribati,2003,29,-4.29684210526316
Kiribati,2003,30,-4.29684210526316
Kiribati,2003,31,-3.63578947368421
Kiribati,2003,32,-3.63578947368421
Kiribati,2003,33,-2.97473684210526
Kiribati,2003,34,-2.97473684210526
Kiribati,2003,35,-2.64421052631579
Kiribati,2003,36,-2.31368421052632
Kiribati,2003,37,-2.31368421052632
Kiribati,2003,38,-1.98315789473684
Kiribati,2003,39,-1.98315789473684
Kiribati,2003,40,-1.65263157894737
Kiribati,2003,41,-1.65263157894737
Kiribati,2003,42,-1.32210526315789
Kiribati,2003,43,-1.32210526315789
Kiribati,2003,44,-1.32210526315789
Kiribati,2003,45,-1.32210526315789
Kiribati,2003,46,-1.32210526315789
Kiribati,2003,47,-0.991578947368421
Kiribati,2003,48,-0.991578947368421
Kiribati,2003,49,-0.661052631578947
Kiribati,2003,50,-0.661052631578947
Kiribati,2003,51,-0.661052631578947
Kiribati,2003,52,-0.661052631578947
Kiribati,2003,53,-0.661052631578947
Kiribati,2003,54,-0.661052631578947
Kiribati,2003,55,-0.661052631578947
Kiribati,2003,56,-0.661052631578947
Kiribati,2003,57,-0.661052631578947
Kiribati,2003,58,-0.661052631578947
Kiribati,2003,59,-0.661052631578947
Kiribati,2003,60,-0.661052631578947
Kiribati,2003,61,-0.661052631578947
Kiribati,2003,62,-0.661052631578947
Kiribati,2003,63,-0.661052631578947
Kiribati,2003,64,-0.661052631578947
Kiribati,2003,65,-0.661052631578947
Kiribati,2003,66,-0.661052631578947
Kiribati,2003,67,-0.661052631578947
Kiribati,2003,68,-0.661052631578947
Kiribati,2003,69,-0.661052631578947
Kiribati,2003,70,-0.661052631578947
Kiribati,2003,71,-0.661052631578947
Kiribati,2003,72,-0.661052631578947
Kiribati,2003,73,-0.661052631578947
Kiribati,2003,74,-0.661052631578947
Kiribati,2003,75,-0.661052631578947
Kiribati,2003,76,0
Kiribati,2003,77,0
Kiribati,2003,78,0
Kiribati,2003,79,0
Kiribati,2003,80,0
Kiribati,2003,81,0
Kiribati,2003,82,0
Kiribati,2003,83,0
Kiribati,2003,84,0
Kiribati,2003,85,0
Kiribati,2003,86,0
Kiribati,2003,87,0
Kiribati,2003,88,0
Kiribati,2003,89,0
Kiribati,2003,90,0
Kiribati,2003,91,0
Kiribati,2003,92,0
Kiribati,2003,93,0
Kiribati,2003,94,0
Kiribati,2003,95,0
Kiribati,2003,96,0
Kiribati,2003,97,0
Kiribati,2003,98,0
Kiribati,2003,99,0
Kiribati,2003,100,0
Kiribati,2004,0,-4.19157894736842
Kiribati,2004,1,-4.19157894736842
Kiribati,2004,2,-3.42947368421053
Kiribati,2004,3,-3.42947368421053
Kiribati,2004,4,-3.04842105263158
Kiribati,2004,5,-2.66736842105263
Kiribati,2004,6,-2.66736842105263
Kiribati,2004,7,-2.28631578947368
Kiribati,2004,8,-2.28631578947368
Kiribati,2004,9,-1.90526315789474
Kiribati,2004,10,-1.90526315789474
Kiribati,2004,11,-1.52421052631579
Kiribati,2004,12,-1.52421052631579
Kiribati,2004,13,-1.52421052631579
Kiribati,2004,14,-1.52421052631579
Kiribati,2004,15,-1.52421052631579
Kiribati,2004,16,-1.90526315789474
Kiribati,2004,17,-2.66736842105263
Kiribati,2004,18,-3.42947368421053
Kiribati,2004,19,-4.95368421052632
Kiribati,2004,20,-5.33473684210526
Kiribati,2004,21,-6.09684210526316
Kiribati,2004,22,-6.4778947368421
Kiribati,2004,23,-6.85894736842105
Kiribati,2004,24,-6.85894736842105
Kiribati,2004,25,-6.4778947368421
Kiribati,2004,26,-6.4778947368421
Kiribati,2004,27,-5.71578947368421
Kiribati,2004,28,-5.71578947368421
Kiribati,2004,29,-4.95368421052632
Kiribati,2004,30,-4.95368421052632
Kiribati,2004,31,-4.19157894736842
Kiribati,2004,32,-4.19157894736842
Kiribati,2004,33,-3.42947368421053
Kiribati,2004,34,-3.42947368421053
Kiribati,2004,35,-3.04842105263158
Kiribati,2004,36,-2.66736842105263
Kiribati,2004,37,-2.66736842105263
Kiribati,2004,38,-2.28631578947368
Kiribati,2004,39,-2.28631578947368
Kiribati,2004,40,-1.90526315789474
Kiribati,2004,41,-1.90526315789474
Kiribati,2004,42,-1.52421052631579
Kiribati,2004,43,-1.52421052631579
Kiribati,2004,44,-1.52421052631579
Kiribati,2004,45,-1.52421052631579
Kiribati,2004,46,-1.52421052631579
Kiribati,2004,47,-1.14315789473684
Kiribati,2004,48,-1.14315789473684
Kiribati,2004,49,-0.762105263157895
Kiribati,2004,50,-0.762105263157895
Kiribati,2004,51,-0.762105263157895
Kiribati,2004,52,-0.762105263157895
Kiribati,2004,53,-0.762105263157895
Kiribati,2004,54,-0.762105263157895
Kiribati,2004,55,-0.762105263157895
Kiribati,2004,56,-0.762105263157895
Kiribati,2004,57,-0.762105263157895
Kiribati,2004,58,-0.762105263157895
Kiribati,2004,59,-0.762105263157895
Kiribati,2004,60,-0.762105263157895
Kiribati,2004,61,-0.762105263157895
Kiribati,2004,62,-0.762105263157895
Kiribati,2004,63,-0.762105263157895
Kiribati,2004,64,-0.762105263157895
Kiribati,2004,65,-0.762105263157895
Kiribati,2004,66,-0.762105263157895
Kiribati,2004,67,-0.762105263157895
Kiribati,2004,68,-0.762105263157895
Kiribati,2004,69,-0.762105263157895
Kiribati,2004,70,-0.762105263157895
Kiribati,2004,71,-0.762105263157895
Kiribati,2004,72,-0.762105263157895
Kiribati,2004,73,-0.762105263157895
Kiribati,2004,74,-0.762105263157895
Kiribati,2004,75,-0.762105263157895
Kiribati,2004,76,0
Kiribati,2004,77,0
Kiribati,2004,78,0
Kiribati,2004,79,0
Kiribati,2004,80,0
Kiribati,2004,81,0
Kiribati,2004,82,0
Kiribati,2004,83,0
Kiribati,2004,84,0
Kiribati,2004,85,0
Kiribati,2004,86,0
Kiribati,2004,87,0
Kiribati,2004,88,0
Kiribati,2004,89,0
Kiribati,2004,90,0
Kiribati,2004,91,0
Kiribati,2004,92,0
Kiribati,2004,93,0
Kiribati,2004,94,0
Kiribati,2004,95,0
Kiribati,2004,96,0
Kiribati,2004,97,0
Kiribati,2004,98,0
Kiribati,2004,99,0
Kiribati,2004,100,0
Kiribati,2005,0,-5.23368421052632
Kiribati,2005,1,-5.23368421052632
Kiribati,2005,2,-4.2821052631579
Kiribati,2005,3,-4.2821052631579
Kiribati,2005,4,-3.80631578947368
Kiribati,2005,5,-3.33052631578947
Kiribati,2005,6,-3.33052631578947
Kiribati,2005,7,-2.85473684210526
Kiribati,2005,8,-2.85473684210526
Kiribati,2005,9,-2.37894736842105
Kiribati,2005,10,-2.37894736842105
Kiribati,2005,11,-1.90315789473684
Kiribati,2005,12,-1.90315789473684
Kiribati,2005,13,-1.90315789473684
Kiribati,2005,14,-1.90315789473684
Kiribati,2005,15,-1.90315789473684
Kiribati,2005,16,-2.37894736842105
Kiribati,2005,17,-3.33052631578947
Kiribati,2005,18,-4.2821052631579
Kiribati,2005,19,-6.18526315789474
Kiribati,2005,20,-6.66105263157895
Kiribati,2005,21,-7.61263157894737
Kiribati,2005,22,-8.08842105263158
Kiribati,2005,23,-8.56421052631579
Kiribati,2005,24,-8.56421052631579
Kiribati,2005,25,-8.08842105263158
Kiribati,2005,26,-8.08842105263158
Kiribati,2005,27,-7.13684210526316
Kiribati,2005,28,-7.13684210526316
Kiribati,2005,29,-6.18526315789474
Kiribati,2005,30,-6.18526315789474
Kiribati,2005,31,-5.23368421052632
Kiribati,2005,32,-5.23368421052632
Kiribati,2005,33,-4.2821052631579
Kiribati,2005,34,-4.2821052631579
Kiribati,2005,35,-3.80631578947368
Kiribati,2005,36,-3.33052631578947
Kiribati,2005,37,-3.33052631578947
Kiribati,2005,38,-2.85473684210526
Kiribati,2005,39,-2.85473684210526
Kiribati,2005,40,-2.37894736842105
Kiribati,2005,41,-2.37894736842105
Kiribati,2005,42,-1.90315789473684
Kiribati,2005,43,-1.90315789473684
Kiribati,2005,44,-1.90315789473684
Kiribati,2005,45,-1.90315789473684
Kiribati,2005,46,-1.90315789473684
Kiribati,2005,47,-1.42736842105263
Kiribati,2005,48,-1.42736842105263
Kiribati,2005,49,-0.951578947368421
Kiribati,2005,50,-0.951578947368421
Kiribati,2005,51,-0.951578947368421
Kiribati,2005,52,-0.951578947368421
Kiribati,2005,53,-0.951578947368421
Kiribati,2005,54,-0.951578947368421
Kiribati,2005,55,-0.951578947368421
Kiribati,2005,56,-0.951578947368421
Kiribati,2005,57,-0.951578947368421
Kiribati,2005,58,-0.951578947368421
Kiribati,2005,59,-0.951578947368421
Kiribati,2005,60,-0.951578947368421
Kiribati,2005,61,-0.951578947368421
Kiribati,2005,62,-0.951578947368421
Kiribati,2005,63,-0.951578947368421
Kiribati,2005,64,-0.951578947368421
Kiribati,2005,65,-0.951578947368421
Kiribati,2005,66,-0.951578947368421
Kiribati,2005,67,-0.951578947368421
Kiribati,2005,68,-0.951578947368421
Kiribati,2005,69,-0.951578947368421
Kiribati,2005,70,-0.951578947368421
Kiribati,2005,71,-0.951578947368421
Kiribati,2005,72,-0.951578947368421
Kiribati,2005,73,-0.951578947368421
Kiribati,2005,74,-0.951578947368421
Kiribati,2005,75,-0.951578947368421
Kiribati,2005,76,0
Kiribati,2005,77,0
Kiribati,2005,78,0
Kiribati,2005,79,0
Kiribati,2005,80,0
Kiribati,2005,81,0
Kiribati,2005,82,0
Kiribati,2005,83,0
Kiribati,2005,84,0
Kiribati,2005,85,0
Kiribati,2005,86,0
Kiribati,2005,87,0
Kiribati,2005,88,0
Kiribati,2005,89,0
Kiribati,2005,90,0
Kiribati,2005,91,0
Kiribati,2005,92,0
Kiribati,2005,93,0
Kiribati,2005,94,0
Kiribati,2005,95,0
Kiribati,2005,96,0
Kiribati,2005,97,0
Kiribati,2005,98,0
Kiribati,2005,99,0
Kiribati,2005,100,0
Kiribati,2006,0,-6.71578947368421
Kiribati,2006,1,-6.71578947368421
Kiribati,2006,2,-5.49473684210526
Kiribati,2006,3,-5.49473684210526
Kiribati,2006,4,-4.88421052631579
Kiribati,2006,5,-4.27368421052632
Kiribati,2006,6,-4.27368421052632
Kiribati,2006,7,-3.66315789473684
Kiribati,2006,8,-3.66315789473684
Kiribati,2006,9,-3.05263157894737
Kiribati,2006,10,-3.05263157894737
Kiribati,2006,11,-2.44210526315789
Kiribati,2006,12,-2.44210526315789
Kiribati,2006,13,-2.44210526315789
Kiribati,2006,14,-2.44210526315789
Kiribati,2006,15,-2.44210526315789
Kiribati,2006,16,-3.05263157894737
Kiribati,2006,17,-4.27368421052632
Kiribati,2006,18,-5.49473684210526
Kiribati,2006,19,-7.93684210526316
Kiribati,2006,20,-8.54736842105263
Kiribati,2006,21,-9.76842105263158
Kiribati,2006,22,-10.3789473684211
Kiribati,2006,23,-10.9894736842105
Kiribati,2006,24,-10.9894736842105
Kiribati,2006,25,-10.3789473684211
Kiribati,2006,26,-10.3789473684211
Kiribati,2006,27,-9.1578947368421
Kiribati,2006,28,-9.1578947368421
Kiribati,2006,29,-7.93684210526316
Kiribati,2006,30,-7.93684210526316
Kiribati,2006,31,-6.71578947368421
Kiribati,2006,32,-6.71578947368421
Kiribati,2006,33,-5.49473684210526
Kiribati,2006,34,-5.49473684210526
Kiribati,2006,35,-4.88421052631579
Kiribati,2006,36,-4.27368421052632
Kiribati,2006,37,-4.27368421052632
Kiribati,2006,38,-3.66315789473684
Kiribati,2006,39,-3.66315789473684
Kiribati,2006,40,-3.05263157894737
Kiribati,2006,41,-3.05263157894737
Kiribati,2006,42,-2.44210526315789
Kiribati,2006,43,-2.44210526315789
Kiribati,2006,44,-2.44210526315789
Kiribati,2006,45,-2.44210526315789
Kiribati,2006,46,-2.44210526315789
Kiribati,2006,47,-1.83157894736842
Kiribati,2006,48,-1.83157894736842
Kiribati,2006,49,-1.22105263157895
Kiribati,2006,50,-1.22105263157895
Kiribati,2006,51,-1.22105263157895
Kiribati,2006,52,-1.22105263157895
Kiribati,2006,53,-1.22105263157895
Kiribati,2006,54,-1.22105263157895
Kiribati,2006,55,-1.22105263157895
Kiribati,2006,56,-1.22105263157895
Kiribati,2006,57,-1.22105263157895
Kiribati,2006,58,-1.22105263157895
Kiribati,2006,59,-1.22105263157895
Kiribati,2006,60,-1.22105263157895
Kiribati,2006,61,-1.22105263157895
Kiribati,2006,62,-1.22105263157895
Kiribati,2006,63,-1.22105263157895
Kiribati,2006,64,-1.22105263157895
Kiribati,2006,65,-1.22105263157895
Kiribati,2006,66,-1.22105263157895
Kiribati,2006,67,-1.22105263157895
Kiribati,2006,68,-1.22105263157895
Kiribati,2006,69,-1.22105263157895
Kiribati,2006,70,-1.22105263157895
Kiribati,2006,71,-1.22105263157895
Kiribati,2006,72,-1.22105263157895
Kiribati,2006,73,-1.22105263157895
Kiribati,2006,74,-1.22105263157895
Kiribati,2006,75,-1.22105263157895
Kiribati,2006,76,0
Kiribati,2006,77,0
Kiribati,2006,78,0
Kiribati,2006,79,0
Kiribati,2006,80,0
Kiribati,2006,81,0
Kiribati,2006,82,0
Kiribati,2006,83,0
Kiribati,2006,84,0
Kiribati,2006,85,0
Kiribati,2006,86,0
Kiribati,2006,87,0
Kiribati,2006,88,0
Kiribati,2006,89,0
Kiribati,2006,90,0
Kiribati,2006,91,0
Kiribati,2006,92,0
Kiribati,2006,93,0
Kiribati,2006,94,0
Kiribati,2006,95,0
Kiribati,2006,96,0
Kiribati,2006,97,0
Kiribati,2006,98,0
Kiribati,2006,99,0
Kiribati,2006,100,0
Kiribati,2007,0,-6.71578947368421
Kiribati,2007,1,-6.71578947368421
Kiribati,2007,2,-5.49473684210526
Kiribati,2007,3,-5.49473684210526
Kiribati,2007,4,-4.88421052631579
Kiribati,2007,5,-4.27368421052632
Kiribati,2007,6,-4.27368421052632
Kiribati,2007,7,-3.66315789473684
Kiribati,2007,8,-3.66315789473684
Kiribati,2007,9,-3.05263157894737
Kiribati,2007,10,-3.05263157894737
Kiribati,2007,11,-2.44210526315789
Kiribati,2007,12,-2.44210526315789
Kiribati,2007,13,-2.44210526315789
Kiribati,2007,14,-2.44210526315789
Kiribati,2007,15,-2.44210526315789
Kiribati,2007,16,-3.05263157894737
Kiribati,2007,17,-4.27368421052632
Kiribati,2007,18,-5.49473684210526
Kiribati,2007,19,-7.93684210526316
Kiribati,2007,20,-8.54736842105263
Kiribati,2007,21,-9.76842105263158
Kiribati,2007,22,-10.3789473684211
Kiribati,2007,23,-10.9894736842105
Kiribati,2007,24,-10.9894736842105
Kiribati,2007,25,-10.3789473684211
Kiribati,2007,26,-10.3789473684211
Kiribati,2007,27,-9.1578947368421
Kiribati,2007,28,-9.1578947368421
Kiribati,2007,29,-7.93684210526316
Kiribati,2007,30,-7.93684210526316
Kiribati,2007,31,-6.71578947368421
Kiribati,2007,32,-6.71578947368421
Kiribati,2007,33,-5.49473684210526
Kiribati,2007,34,-5.49473684210526
Kiribati,2007,35,-4.88421052631579
Kiribati,2007,36,-4.27368421052632
Kiribati,2007,37,-4.27368421052632
Kiribati,2007,38,-3.66315789473684
Kiribati,2007,39,-3.66315789473684
Kiribati,2007,40,-3.05263157894737
Kiribati,2007,41,-3.05263157894737
Kiribati,2007,42,-2.44210526315789
Kiribati,2007,43,-2.44210526315789
Kiribati,2007,44,-2.44210526315789
Kiribati,2007,45,-2.44210526315789
Kiribati,2007,46,-2.44210526315789
Kiribati,2007,47,-1.83157894736842
Kiribati,2007,48,-1.83157894736842
Kiribati,2007,49,-1.22105263157895
Kiribati,2007,50,-1.22105263157895
Kiribati,2007,51,-1.22105263157895
Kiribati,2007,52,-1.22105263157895
Kiribati,2007,53,-1.22105263157895
Kiribati,2007,54,-1.22105263157895
Kiribati,2007,55,-1.22105263157895
Kiribati,2007,56,-1.22105263157895
Kiribati,2007,57,-1.22105263157895
Kiribati,2007,58,-1.22105263157895
Kiribati,2007,59,-1.22105263157895
Kiribati,2007,60,-1.22105263157895
Kiribati,2007,61,-1.22105263157895
Kiribati,2007,62,-1.22105263157895
Kiribati,2007,63,-1.22105263157895
Kiribati,2007,64,-1.22105263157895
Kiribati,2007,65,-1.22105263157895
Kiribati,2007,66,-1.22105263157895
Kiribati,2007,67,-1.22105263157895
Kiribati,2007,68,-1.22105263157895
Kiribati,2007,69,-1.22105263157895
Kiribati,2007,70,-1.22105263157895
Kiribati,2007,71,-1.22105263157895
Kiribati,2007,72,-1.22105263157895
Kiribati,2007,73,-1.22105263157895
Kiribati,2007,74,-1.22105263157895
Kiribati,2007,75,-1.22105263157895
Kiribati,2007,76,0
Kiribati,2007,77,0
Kiribati,2007,78,0
Kiribati,2007,79,0
Kiribati,2007,80,0
Kiribati,2007,81,0
Kiribati,2007,82,0
Kiribati,2007,83,0
Kiribati,2007,84,0
Kiribati,2007,85,0
Kiribati,2007,86,0
Kiribati,2007,87,0
Kiribati,2007,88,0
Kiribati,2007,89,0
Kiribati,2007,90,0
Kiribati,2007,91,0
Kiribati,2007,92,0
Kiribati,2007,93,0
Kiribati,2007,94,0
Kiribati,2007,95,0
Kiribati,2007,96,0
Kiribati,2007,97,0
Kiribati,2007,98,0
Kiribati,2007,99,0
Kiribati,2007,100,0
Kiribati,2008,0,-6.69263157894737
Kiribati,2008,1,-6.69263157894737
Kiribati,2008,2,-5.47578947368421
Kiribati,2008,3,-5.47578947368421
Kiribati,2008,4,-4.86736842105263
Kiribati,2008,5,-4.25894736842105
Kiribati,2008,6,-4.25894736842105
Kiribati,2008,7,-3.65052631578947
Kiribati,2008,8,-3.65052631578947
Kiribati,2008,9,-3.04210526315789
Kiribati,2008,10,-3.04210526315789
Kiribati,2008,11,-2.43368421052632
Kiribati,2008,12,-2.43368421052632
Kiribati,2008,13,-2.43368421052632
Kiribati,2008,14,-2.43368421052632
Kiribati,2008,15,-2.43368421052632
Kiribati,2008,16,-3.04210526315789
Kiribati,2008,17,-4.25894736842105
Kiribati,2008,18,-5.47578947368421
Kiribati,2008,19,-7.90947368421052
Kiribati,2008,20,-8.5178947368421
Kiribati,2008,21,-9.73473684210526
Kiribati,2008,22,-10.3431578947368
Kiribati,2008,23,-10.9515789473684
Kiribati,2008,24,-10.9515789473684
Kiribati,2008,25,-10.3431578947368
Kiribati,2008,26,-10.3431578947368
Kiribati,2008,27,-9.12631578947368
Kiribati,2008,28,-9.12631578947368
Kiribati,2008,29,-7.90947368421052
Kiribati,2008,30,-7.90947368421052
Kiribati,2008,31,-6.69263157894737
Kiribati,2008,32,-6.69263157894737
Kiribati,2008,33,-5.47578947368421
Kiribati,2008,34,-5.47578947368421
Kiribati,2008,35,-4.86736842105263
Kiribati,2008,36,-4.25894736842105
Kiribati,2008,37,-4.25894736842105
Kiribati,2008,38,-3.65052631578947
Kiribati,2008,39,-3.65052631578947
Kiribati,2008,40,-3.04210526315789
Kiribati,2008,41,-3.04210526315789
Kiribati,2008,42,-2.43368421052632
Kiribati,2008,43,-2.43368421052632
Kiribati,2008,44,-2.43368421052632
Kiribati,2008,45,-2.43368421052632
Kiribati,2008,46,-2.43368421052632
Kiribati,2008,47,-1.82526315789474
Kiribati,2008,48,-1.82526315789474
Kiribati,2008,49,-1.21684210526316
Kiribati,2008,50,-1.21684210526316
Kiribati,2008,51,-1.21684210526316
Kiribati,2008,52,-1.21684210526316
Kiribati,2008,53,-1.21684210526316
Kiribati,2008,54,-1.21684210526316
Kiribati,2008,55,-1.21684210526316
Kiribati,2008,56,-1.21684210526316
Kiribati,2008,57,-1.21684210526316
Kiribati,2008,58,-1.21684210526316
Kiribati,2008,59,-1.21684210526316
Kiribati,2008,60,-1.21684210526316
Kiribati,2008,61,-1.21684210526316
Kiribati,2008,62,-1.21684210526316
Kiribati,2008,63,-1.21684210526316
Kiribati,2008,64,-1.21684210526316
Kiribati,2008,65,-1.21684210526316
Kiribati,2008,66,-1.21684210526316
Kiribati,2008,67,-1.21684210526316
Kiribati,2008,68,-1.21684210526316
Kiribati,2008,69,-1.21684210526316
Kiribati,2008,70,-1.21684210526316
Kiribati,2008,71,-1.21684210526316
Kiribati,2008,72,-1.21684210526316
Kiribati,2008,73,-1.21684210526316
Kiribati,2008,74,-1.21684210526316
Kiribati,2008,75,-1.21684210526316
Kiribati,2008,76,0
Kiribati,2008,77,0
Kiribati,2008,78,0
Kiribati,2008,79,0
Kiribati,2008,80,0
Kiribati,2008,81,0
Kiribati,2008,82,0
Kiribati,2008,83,0
Kiribati,2008,84,0
Kiribati,2008,85,0
Kiribati,2008,86,0
Kiribati,2008,87,0
Kiribati,2008,88,0
Kiribati,2008,89,0
Kiribati,2008,90,0
Kiribati,2008,91,0
Kiribati,2008,92,0
Kiribati,2008,93,0
Kiribati,2008,94,0
Kiribati,2008,95,0
Kiribati,2008,96,0
Kiribati,2008,97,0
Kiribati,2008,98,0
Kiribati,2008,99,0
Kiribati,2008,100,0
Kiribati,2009,0,-6.69263157894737
Kiribati,2009,1,-6.69263157894737
Kiribati,2009,2,-5.47578947368421
Kiribati,2009,3,-5.47578947368421
Kiribati,2009,4,-4.86736842105263
Kiribati,2009,5,-4.25894736842105
Kiribati,2009,6,-4.25894736842105
Kiribati,2009,7,-3.65052631578947
Kiribati,2009,8,-3.65052631578947
Kiribati,2009,9,-3.04210526315789
Kiribati,2009,10,-3.04210526315789
Kiribati,2009,11,-2.43368421052632
Kiribati,2009,12,-2.43368421052632
Kiribati,2009,13,-2.43368421052632
Kiribati,2009,14,-2.43368421052632
Kiribati,2009,15,-2.43368421052632
Kiribati,2009,16,-3.04210526315789
Kiribati,2009,17,-4.25894736842105
Kiribati,2009,18,-5.47578947368421
Kiribati,2009,19,-7.90947368421052
Kiribati,2009,20,-8.5178947368421
Kiribati,2009,21,-9.73473684210526
Kiribati,2009,22,-10.3431578947368
Kiribati,2009,23,-10.9515789473684
Kiribati,2009,24,-10.9515789473684
Kiribati,2009,25,-10.3431578947368
Kiribati,2009,26,-10.3431578947368
Kiribati,2009,27,-9.12631578947368
Kiribati,2009,28,-9.12631578947368
Kiribati,2009,29,-7.90947368421052
Kiribati,2009,30,-7.90947368421052
Kiribati,2009,31,-6.69263157894737
Kiribati,2009,32,-6.69263157894737
Kiribati,2009,33,-5.47578947368421
Kiribati,2009,34,-5.47578947368421
Kiribati,2009,35,-4.86736842105263
Kiribati,2009,36,-4.25894736842105
Kiribati,2009,37,-4.25894736842105
Kiribati,2009,38,-3.65052631578947
Kiribati,2009,39,-3.65052631578947
Kiribati,2009,40,-3.04210526315789
Kiribati,2009,41,-3.04210526315789
Kiribati,2009,42,-2.43368421052632
Kiribati,2009,43,-2.43368421052632
Kiribati,2009,44,-2.43368421052632
Kiribati,2009,45,-2.43368421052632
Kiribati,2009,46,-2.43368421052632
Kiribati,2009,47,-1.82526315789474
Kiribati,2009,48,-1.82526315789474
Kiribati,2009,49,-1.21684210526316
Kiribati,2009,50,-1.21684210526316
Kiribati,2009,51,-1.21684210526316
Kiribati,2009,52,-1.21684210526316
Kiribati,2009,53,-1.21684210526316
Kiribati,2009,54,-1.21684210526316
Kiribati,2009,55,-1.21684210526316
Kiribati,2009,56,-1.21684210526316
Kiribati,2009,57,-1.21684210526316
Kiribati,2009,58,-1.21684210526316
Kiribati,2009,59,-1.21684210526316
Kiribati,2009,60,-1.21684210526316
Kiribati,2009,61,-1.21684210526316
Kiribati,2009,62,-1.21684210526316
Kiribati,2009,63,-1.21684210526316
Kiribati,2009,64,-1.21684210526316
Kiribati,2009,65,-1.21684210526316
Kiribati,2009,66,-1.21684210526316
Kiribati,2009,67,-1.21684210526316
Kiribati,2009,68,-1.21684210526316
Kiribati,2009,69,-1.21684210526316
Kiribati,2009,70,-1.21684210526316
Kiribati,2009,71,-1.21684210526316
Kiribati,2009,72,-1.21684210526316
Kiribati,2009,73,-1.21684210526316
Kiribati,2009,74,-1.21684210526316
Kiribati,2009,75,-1.21684210526316
Kiribati,2009,76,0
Kiribati,2009,77,0
Kiribati,2009,78,0
Kiribati,2009,79,0
Kiribati,2009,80,0
Kiribati,2009,81,0
Kiribati,2009,82,0
Kiribati,2009,83,0
Kiribati,2009,84,0
Kiribati,2009,85,0
Kiribati,2009,86,0
Kiribati,2009,87,0
Kiribati,2009,88,0
Kiribati,2009,89,0
Kiribati,2009,90,0
Kiribati,2009,91,0
Kiribati,2009,92,0
Kiribati,2009,93,0
Kiribati,2009,94,0
Kiribati,2009,95,0
Kiribati,2009,96,0
Kiribati,2009,97,0
Kiribati,2009,98,0
Kiribati,2009,99,0
Kiribati,2009,100,0
Kiribati,2010,0,-10.56
Kiribati,2010,1,-10.56
Kiribati,2010,2,-8.64
Kiribati,2010,3,-8.64
Kiribati,2010,4,-7.68
Kiribati,2010,5,-6.72
Kiribati,2010,6,-6.72
Kiribati,2010,7,-5.76
Kiribati,2010,8,-5.76
Kiribati,2010,9,-4.8
Kiribati,2010,10,-4.8
Kiribati,2010,11,-3.84
Kiribati,2010,12,-3.84
Kiribati,2010,13,-3.84
Kiribati,2010,14,-3.84
Kiribati,2010,15,-3.84
Kiribati,2010,16,-4.8
Kiribati,2010,17,-6.72
Kiribati,2010,18,-8.64
Kiribati,2010,19,-12.48
Kiribati,2010,20,-13.44
Kiribati,2010,21,-15.36
Kiribati,2010,22,-16.32
Kiribati,2010,23,-17.28
Kiribati,2010,24,-17.28
Kiribati,2010,25,-16.32
Kiribati,2010,26,-16.32
Kiribati,2010,27,-14.4
Kiribati,2010,28,-14.4
Kiribati,2010,29,-12.48
Kiribati,2010,30,-12.48
Kiribati,2010,31,-10.56
Kiribati,2010,32,-10.56
Kiribati,2010,33,-8.64
Kiribati,2010,34,-8.64
Kiribati,2010,35,-7.68
Kiribati,2010,36,-6.72
Kiribati,2010,37,-6.72
Kiribati,2010,38,-5.76
Kiribati,2010,39,-5.76
Kiribati,2010,40,-4.8
Kiribati,2010,41,-4.8
Kiribati,2010,42,-3.84
Kiribati,2010,43,-3.84
Kiribati,2010,44,-3.84
Kiribati,2010,45,-3.84
Kiribati,2010,46,-3.84
Kiribati,2010,47,-2.88
Kiribati,2010,48,-2.88
Kiribati,2010,49,-1.92
Kiribati,2010,50,-1.92
Kiribati,2010,51,-1.92
Kiribati,2010,52,-1.92
Kiribati,2010,53,-1.92
Kiribati,2010,54,-1.92
Kiribati,2010,55,-1.92
Kiribati,2010,56,-1.92
Kiribati,2010,57,-1.92
Kiribati,2010,58,-1.92
Kiribati,2010,59,-1.92
Kiribati,2010,60,-1.92
Kiribati,2010,61,-1.92
Kiribati,2010,62,-1.92
Kiribati,2010,63,-1.92
Kiribati,2010,64,-1.92
Kiribati,2010,65,-1.92
Kiribati,2010,66,-1.92
Kiribati,2010,67,-1.92
Kiribati,2010,68,-1.92
Kiribati,2010,69,-1.92
Kiribati,2010,70,-1.92
Kiribati,2010,71,-1.92
Kiribati,2010,72,-1.92
Kiribati,2010,73,-1.92
Kiribati,2010,74,-1.92
Kiribati,2010,75,-1.92
Kiribati,2010,76,0
Kiribati,2010,77,0
Kiribati,2010,78,0
Kiribati,2010,79,0
Kiribati,2010,80,0
Kiribati,2010,81,0
Kiribati,2010,82,0
Kiribati,2010,83,0
Kiribati,2010,84,0
Kiribati,2010,85,0
Kiribati,2010,86,0
Kiribati,2010,87,0
Kiribati,2010,88,0
Kiribati,2010,89,0
Kiribati,2010,90,0
Kiribati,2010,91,0
Kiribati,2010,92,0
Kiribati,2010,93,0
Kiribati,2010,94,0
Kiribati,2010,95,0
Kiribati,2010,96,0
Kiribati,2010,97,0
Kiribati,2010,98,0
Kiribati,2010,99,0
Kiribati,2010,100,0
Kiribati,2011,0,-23.5978947368421
Kiribati,2011,1,-23.5978947368421
Kiribati,2011,2,-19.3073684210526
Kiribati,2011,3,-19.3073684210526
Kiribati,2011,4,-17.1621052631579
Kiribati,2011,5,-15.0168421052632
Kiribati,2011,6,-15.0168421052632
Kiribati,2011,7,-12.8715789473684
Kiribati,2011,8,-12.8715789473684
Kiribati,2011,9,-10.7263157894737
Kiribati,2011,10,-10.7263157894737
Kiribati,2011,11,-8.58105263157895
Kiribati,2011,12,-8.58105263157895
Kiribati,2011,13,-8.58105263157895
Kiribati,2011,14,-8.58105263157895
Kiribati,2011,15,-8.58105263157895
Kiribati,2011,16,-10.7263157894737
Kiribati,2011,17,-15.0168421052632
Kiribati,2011,18,-19.3073684210526
Kiribati,2011,19,-27.8884210526316
Kiribati,2011,20,-30.0336842105263
Kiribati,2011,21,-34.3242105263158
Kiribati,2011,22,-36.4694736842105
Kiribati,2011,23,-38.6147368421053
Kiribati,2011,24,-38.6147368421053
Kiribati,2011,25,-36.4694736842105
Kiribati,2011,26,-36.4694736842105
Kiribati,2011,27,-32.178947368421
Kiribati,2011,28,-32.178947368421
Kiribati,2011,29,-27.8884210526316
Kiribati,2011,30,-27.8884210526316
Kiribati,2011,31,-23.5978947368421
Kiribati,2011,32,-23.5978947368421
Kiribati,2011,33,-19.3073684210526
Kiribati,2011,34,-19.3073684210526
Kiribati,2011,35,-17.1621052631579
Kiribati,2011,36,-15.0168421052632
Kiribati,2011,37,-15.0168421052632
Kiribati,2011,38,-12.8715789473684
Kiribati,2011,39,-12.8715789473684
Kiribati,2011,40,-10.7263157894737
Kiribati,2011,41,-10.7263157894737
Kiribati,2011,42,-8.58105263157895
Kiribati,2011,43,-8.58105263157895
Kiribati,2011,44,-8.58105263157895
Kiribati,2011,45,-8.58105263157895
Kiribati,2011,46,-8.58105263157895
Kiribati,2011,47,-6.43578947368421
Kiribati,2011,48,-6.43578947368421
Kiribati,2011,49,-4.29052631578947
Kiribati,2011,50,-4.29052631578947
Kiribati,2011,51,-4.29052631578947
Kiribati,2011,52,-4.29052631578947
Kiribati,2011,53,-4.29052631578947
Kiribati,2011,54,-4.29052631578947
Kiribati,2011,55,-4.29052631578947
Kiribati,2011,56,-4.29052631578947
Kiribati,2011,57,-4.29052631578947
Kiribati,2011,58,-4.29052631578947
Kiribati,2011,59,-4.29052631578947
Kiribati,2011,60,-4.29052631578947
Kiribati,2011,61,-4.29052631578947
Kiribati,2011,62,-4.29052631578947
Kiribati,2011,63,-4.29052631578947
Kiribati,2011,64,-4.29052631578947
Kiribati,2011,65,-4.29052631578947
Kiribati,2011,66,-4.29052631578947
Kiribati,2011,67,-4.29052631578947
Kiribati,2011,68,-4.29052631578947
Kiribati,2011,69,-4.29052631578947
Kiribati,2011,70,-4.29052631578947
Kiribati,2011,71,-4.29052631578947
Kiribati,2011,72,-4.29052631578947
Kiribati,2011,73,-4.29052631578947
Kiribati,2011,74,-4.29052631578947
Kiribati,2011,75,-4.29052631578947
Kiribati,2011,76,0
Kiribati,2011,77,0
Kiribati,2011,78,0
Kiribati,2011,79,0
Kiribati,2011,80,0
Kiribati,2011,81,0
Kiribati,2011,82,0
Kiribati,2011,83,0
Kiribati,2011,84,0
Kiribati,2011,85,0
Kiribati,2011,86,0
Kiribati,2011,87,0
Kiribati,2011,88,0
Kiribati,2011,89,0
Kiribati,2011,90,0
Kiribati,2011,91,0
Kiribati,2011,92,0
Kiribati,2011,93,0
Kiribati,2011,94,0
Kiribati,2011,95,0
Kiribati,2011,96,0
Kiribati,2011,97,0
Kiribati,2011,98,0
Kiribati,2011,99,0
Kiribati,2011,100,0
Kiribati,2012,0,-25.3115789473684
Kiribati,2012,1,-25.3115789473684
Kiribati,2012,2,-20.7094736842105
Kiribati,2012,3,-20.7094736842105
Kiribati,2012,4,-18.4084210526316
Kiribati,2012,5,-16.1073684210526
Kiribati,2012,6,-16.1073684210526
Kiribati,2012,7,-13.8063157894737
Kiribati,2012,8,-13.8063157894737
Kiribati,2012,9,-11.5052631578947
Kiribati,2012,10,-11.5052631578947
Kiribati,2012,11,-9.20421052631579
Kiribati,2012,12,-9.20421052631579
Kiribati,2012,13,-9.20421052631579
Kiribati,2012,14,-9.20421052631579
Kiribati,2012,15,-9.20421052631579
Kiribati,2012,16,-11.5052631578947
Kiribati,2012,17,-16.1073684210526
Kiribati,2012,18,-20.7094736842105
Kiribati,2012,19,-29.9136842105263
Kiribati,2012,20,-32.2147368421053
Kiribati,2012,21,-36.8168421052632
Kiribati,2012,22,-39.1178947368421
Kiribati,2012,23,-41.4189473684211
Kiribati,2012,24,-41.4189473684211
Kiribati,2012,25,-39.1178947368421
Kiribati,2012,26,-39.1178947368421
Kiribati,2012,27,-34.5157894736842
Kiribati,2012,28,-34.5157894736842
Kiribati,2012,29,-29.9136842105263
Kiribati,2012,30,-29.9136842105263
Kiribati,2012,31,-25.3115789473684
Kiribati,2012,32,-25.3115789473684
Kiribati,2012,33,-20.7094736842105
Kiribati,2012,34,-20.7094736842105
Kiribati,2012,35,-18.4084210526316
Kiribati,2012,36,-16.1073684210526
Kiribati,2012,37,-16.1073684210526
Kiribati,2012,38,-13.8063157894737
Kiribati,2012,39,-13.8063157894737
Kiribati,2012,40,-11.5052631578947
Kiribati,2012,41,-11.5052631578947
Kiribati,2012,42,-9.20421052631579
Kiribati,2012,43,-9.20421052631579
Kiribati,2012,44,-9.20421052631579
Kiribati,2012,45,-9.20421052631579
Kiribati,2012,46,-9.20421052631579
Kiribati,2012,47,-6.90315789473684
Kiribati,2012,48,-6.90315789473684
Kiribati,2012,49,-4.60210526315789
Kiribati,2012,50,-4.60210526315789
Kiribati,2012,51,-4.60210526315789
Kiribati,2012,52,-4.60210526315789
Kiribati,2012,53,-4.60210526315789
Kiribati,2012,54,-4.60210526315789
Kiribati,2012,55,-4.60210526315789
Kiribati,2012,56,-4.60210526315789
Kiribati,2012,57,-4.60210526315789
Kiribati,2012,58,-4.60210526315789
Kiribati,2012,59,-4.60210526315789
Kiribati,2012,60,-4.60210526315789
Kiribati,2012,61,-4.60210526315789
Kiribati,2012,62,-4.60210526315789
Kiribati,2012,63,-4.60210526315789
Kiribati,2012,64,-4.60210526315789
Kiribati,2012,65,-4.60210526315789
Kiribati,2012,66,-4.60210526315789
Kiribati,2012,67,-4.60210526315789
Kiribati,2012,68,-4.60210526315789
Kiribati,2012,69,-4.60210526315789
Kiribati,2012,70,-4.60210526315789
Kiribati,2012,71,-4.60210526315789
Kiribati,2012,72,-4.60210526315789
Kiribati,2012,73,-4.60210526315789
Kiribati,2012,74,-4.60210526315789
Kiribati,2012,75,-4.60210526315789
Kiribati,2012,76,0
Kiribati,2012,77,0
Kiribati,2012,78,0
Kiribati,2012,79,0
Kiribati,2012,80,0
Kiribati,2012,81,0
Kiribati,2012,82,0
Kiribati,2012,83,0
Kiribati,2012,84,0
Kiribati,2012,85,0
Kiribati,2012,86,0
Kiribati,2012,87,0
Kiribati,2012,88,0
Kiribati,2012,89,0
Kiribati,2012,90,0
Kiribati,2012,91,0
Kiribati,2012,92,0
Kiribati,2012,93,0
Kiribati,2012,94,0
Kiribati,2012,95,0
Kiribati,2012,96,0
Kiribati,2012,97,0
Kiribati,2012,98,0
Kiribati,2012,99,0
Kiribati,2012,100,0
Kiribati,2013,0,-25.4968421052632
Kiribati,2013,1,-25.4968421052632
Kiribati,2013,2,-20.8610526315789
Kiribati,2013,3,-20.8610526315789
Kiribati,2013,4,-18.5431578947368
Kiribati,2013,5,-16.2252631578947
Kiribati,2013,6,-16.2252631578947
Kiribati,2013,7,-13.9073684210526
Kiribati,2013,8,-13.9073684210526
Kiribati,2013,9,-11.5894736842105
Kiribati,2013,10,-11.5894736842105
Kiribati,2013,11,-9.27157894736842
Kiribati,2013,12,-9.27157894736842
Kiribati,2013,13,-9.27157894736842
Kiribati,2013,14,-9.27157894736842
Kiribati,2013,15,-9.27157894736842
Kiribati,2013,16,-11.5894736842105
Kiribati,2013,17,-16.2252631578947
Kiribati,2013,18,-20.8610526315789
Kiribati,2013,19,-30.1326315789474
Kiribati,2013,20,-32.4505263157895
Kiribati,2013,21,-37.0863157894737
Kiribati,2013,22,-39.4042105263158
Kiribati,2013,23,-41.7221052631579
Kiribati,2013,24,-41.7221052631579
Kiribati,2013,25,-39.4042105263158
Kiribati,2013,26,-39.4042105263158
Kiribati,2013,27,-34.7684210526316
Kiribati,2013,28,-34.7684210526316
Kiribati,2013,29,-30.1326315789474
Kiribati,2013,30,-30.1326315789474
Kiribati,2013,31,-25.4968421052632
Kiribati,2013,32,-25.4968421052632
Kiribati,2013,33,-20.8610526315789
Kiribati,2013,34,-20.8610526315789
Kiribati,2013,35,-18.5431578947368
Kiribati,2013,36,-16.2252631578947
Kiribati,2013,37,-16.2252631578947
Kiribati,2013,38,-13.9073684210526
Kiribati,2013,39,-13.9073684210526
Kiribati,2013,40,-11.5894736842105
Kiribati,2013,41,-11.5894736842105
Kiribati,2013,42,-9.27157894736842
Kiribati,2013,43,-9.27157894736842
Kiribati,2013,44,-9.27157894736842
Kiribati,2013,45,-9.27157894736842
Kiribati,2013,46,-9.27157894736842
Kiribati,2013,47,-6.95368421052632
Kiribati,2013,48,-6.95368421052632
Kiribati,2013,49,-4.63578947368421
Kiribati,2013,50,-4.63578947368421
Kiribati,2013,51,-4.63578947368421
Kiribati,2013,52,-4.63578947368421
Kiribati,2013,53,-4.63578947368421
Kiribati,2013,54,-4.63578947368421
Kiribati,2013,55,-4.63578947368421
Kiribati,2013,56,-4.63578947368421
Kiribati,2013,57,-4.63578947368421
Kiribati,2013,58,-4.63578947368421
Kiribati,2013,59,-4.63578947368421
Kiribati,2013,60,-4.63578947368421
Kiribati,2013,61,-4.63578947368421
Kiribati,2013,62,-4.63578947368421
Kiribati,2013,63,-4.63578947368421
Kiribati,2013,64,-4.63578947368421
Kiribati,2013,65,-4.63578947368421
Kiribati,2013,66,-4.63578947368421
Kiribati,2013,67,-4.63578947368421
Kiribati,2013,68,-4.63578947368421
Kiribati,2013,69,-4.63578947368421
Kiribati,2013,70,-4.63578947368421
Kiribati,2013,71,-4.63578947368421
Kiribati,2013,72,-4.63578947368421
Kiribati,2013,73,-4.63578947368421
Kiribati,2013,74,-4.63578947368421
Kiribati,2013,75,-4.63578947368421
Kiribati,2013,76,0
Kiribati,2013,77,0
Kiribati,2013,78,0
Kiribati,2013,79,0
Kiribati,2013,80,0
Kiribati,2013,81,0
Kiribati,2013,82,0
Kiribati,2013,83,0
Kiribati,2013,84,0
Kiribati,2013,85,0
Kiribati,2013,86,0
Kiribati,2013,87,0
Kiribati,2013,88,0
Kiribati,2013,89,0
Kiribati,2013,90,0
Kiribati,2013,91,0
Kiribati,2013,92,0
Kiribati,2013,93,0
Kiribati,2013,94,0
Kiribati,2013,95,0
Kiribati,2013,96,0
Kiribati,2013,97,0
Kiribati,2013,98,0
Kiribati,2013,99,0
Kiribati,2013,100,0
Kiribati,2014,0,-26.1221052631579
Kiribati,2014,1,-26.1221052631579
Kiribati,2014,2,-21.3726315789474
Kiribati,2014,3,-21.3726315789474
Kiribati,2014,4,-18.9978947368421
Kiribati,2014,5,-16.6231578947368
Kiribati,2014,6,-16.6231578947368
Kiribati,2014,7,-14.2484210526316
Kiribati,2014,8,-14.2484210526316
Kiribati,2014,9,-11.8736842105263
Kiribati,2014,10,-11.8736842105263
Kiribati,2014,11,-9.49894736842105
Kiribati,2014,12,-9.49894736842105
Kiribati,2014,13,-9.49894736842105
Kiribati,2014,14,-9.49894736842105
Kiribati,2014,15,-9.49894736842105
Kiribati,2014,16,-11.8736842105263
Kiribati,2014,17,-16.6231578947368
Kiribati,2014,18,-21.3726315789474
Kiribati,2014,19,-30.8715789473684
Kiribati,2014,20,-33.2463157894737
Kiribati,2014,21,-37.9957894736842
Kiribati,2014,22,-40.3705263157895
Kiribati,2014,23,-42.7452631578947
Kiribati,2014,24,-42.7452631578947
Kiribati,2014,25,-40.3705263157895
Kiribati,2014,26,-40.3705263157895
Kiribati,2014,27,-35.6210526315789
Kiribati,2014,28,-35.6210526315789
Kiribati,2014,29,-30.8715789473684
Kiribati,2014,30,-30.8715789473684
Kiribati,2014,31,-26.1221052631579
Kiribati,2014,32,-26.1221052631579
Kiribati,2014,33,-21.3726315789474
Kiribati,2014,34,-21.3726315789474
Kiribati,2014,35,-18.9978947368421
Kiribati,2014,36,-16.6231578947368
Kiribati,2014,37,-16.6231578947368
Kiribati,2014,38,-14.2484210526316
Kiribati,2014,39,-14.2484210526316
Kiribati,2014,40,-11.8736842105263
Kiribati,2014,41,-11.8736842105263
Kiribati,2014,42,-9.49894736842105
Kiribati,2014,43,-9.49894736842105
Kiribati,2014,44,-9.49894736842105
Kiribati,2014,45,-9.49894736842105
Kiribati,2014,46,-9.49894736842105
Kiribati,2014,47,-7.12421052631579
Kiribati,2014,48,-7.12421052631579
Kiribati,2014,49,-4.74947368421053
Kiribati,2014,50,-4.74947368421053
Kiribati,2014,51,-4.74947368421053
Kiribati,2014,52,-4.74947368421053
Kiribati,2014,53,-4.74947368421053
Kiribati,2014,54,-4.74947368421053
Kiribati,2014,55,-4.74947368421053
Kiribati,2014,56,-4.74947368421053
Kiribati,2014,57,-4.74947368421053
Kiribati,2014,58,-4.74947368421053
Kiribati,2014,59,-4.74947368421053
Kiribati,2014,60,-4.74947368421053
Kiribati,2014,61,-4.74947368421053
Kiribati,2014,62,-4.74947368421053
Kiribati,2014,63,-4.74947368421053
Kiribati,2014,64,-4.74947368421053
Kiribati,2014,65,-4.74947368421053
Kiribati,2014,66,-4.74947368421053
Kiribati,2014,67,-4.74947368421053
Kiribati,2014,68,-4.74947368421053
Kiribati,2014,69,-4.74947368421053
Kiribati,2014,70,-4.74947368421053
Kiribati,2014,71,-4.74947368421053
Kiribati,2014,72,-4.74947368421053
Kiribati,2014,73,-4.74947368421053
Kiribati,2014,74,-4.74947368421053
Kiribati,2014,75,-4.74947368421053
Kiribati,2014,76,0
Kiribati,2014,77,0
Kiribati,2014,78,0
Kiribati,2014,79,0
Kiribati,2014,80,0
Kiribati,2014,81,0
Kiribati,2014,82,0
Kiribati,2014,83,0
Kiribati,2014,84,0
Kiribati,2014,85,0
Kiribati,2014,86,0
Kiribati,2014,87,0
Kiribati,2014,88,0
Kiribati,2014,89,0
Kiribati,2014,90,0
Kiribati,2014,91,0
Kiribati,2014,92,0
Kiribati,2014,93,0
Kiribati,2014,94,0
Kiribati,2014,95,0
Kiribati,2014,96,0
Kiribati,2014,97,0
Kiribati,2014,98,0
Kiribati,2014,99,0
Kiribati,2014,100,0
Kiribati,2015,0,-23.6673684210526
Kiribati,2015,1,-23.6673684210526
Kiribati,2015,2,-19.3642105263158
Kiribati,2015,3,-19.3642105263158
Kiribati,2015,4,-17.2126315789474
Kiribati,2015,5,-15.0610526315789
Kiribati,2015,6,-15.0610526315789
Kiribati,2015,7,-12.9094736842105
Kiribati,2015,8,-12.9094736842105
Kiribati,2015,9,-10.7578947368421
Kiribati,2015,10,-10.7578947368421
Kiribati,2015,11,-8.60631578947368
Kiribati,2015,12,-8.60631578947368
Kiribati,2015,13,-8.60631578947368
Kiribati,2015,14,-8.60631578947368
Kiribati,2015,15,-8.60631578947368
Kiribati,2015,16,-10.7578947368421
Kiribati,2015,17,-15.0610526315789
Kiribati,2015,18,-19.3642105263158
Kiribati,2015,19,-27.9705263157895
Kiribati,2015,20,-30.1221052631579
Kiribati,2015,21,-34.4252631578947
Kiribati,2015,22,-36.5768421052632
Kiribati,2015,23,-38.7284210526316
Kiribati,2015,24,-38.7284210526316
Kiribati,2015,25,-36.5768421052632
Kiribati,2015,26,-36.5768421052632
Kiribati,2015,27,-32.2736842105263
Kiribati,2015,28,-32.2736842105263
Kiribati,2015,29,-27.9705263157895
Kiribati,2015,30,-27.9705263157895
Kiribati,2015,31,-23.6673684210526
Kiribati,2015,32,-23.6673684210526
Kiribati,2015,33,-19.3642105263158
Kiribati,2015,34,-19.3642105263158
Kiribati,2015,35,-17.2126315789474
Kiribati,2015,36,-15.0610526315789
Kiribati,2015,37,-15.0610526315789
Kiribati,2015,38,-12.9094736842105
Kiribati,2015,39,-12.9094736842105
Kiribati,2015,40,-10.7578947368421
Kiribati,2015,41,-10.7578947368421
Kiribati,2015,42,-8.60631578947368
Kiribati,2015,43,-8.60631578947368
Kiribati,2015,44,-8.60631578947368
Kiribati,2015,45,-8.60631578947368
Kiribati,2015,46,-8.60631578947368
Kiribati,2015,47,-6.45473684210526
Kiribati,2015,48,-6.45473684210526
Kiribati,2015,49,-4.30315789473684
Kiribati,2015,50,-4.30315789473684
Kiribati,2015,51,-4.30315789473684
Kiribati,2015,52,-4.30315789473684
Kiribati,2015,53,-4.30315789473684
Kiribati,2015,54,-4.30315789473684
Kiribati,2015,55,-4.30315789473684
Kiribati,2015,56,-4.30315789473684
Kiribati,2015,57,-4.30315789473684
Kiribati,2015,58,-4.30315789473684
Kiribati,2015,59,-4.30315789473684
Kiribati,2015,60,-4.30315789473684
Kiribati,2015,61,-4.30315789473684
Kiribati,2015,62,-4.30315789473684
Kiribati,2015,63,-4.30315789473684
Kiribati,2015,64,-4.30315789473684
Kiribati,2015,65,-4.30315789473684
Kiribati,2015,66,-4.30315789473684
Kiribati,2015,67,-4.30315789473684
Kiribati,2015,68,-4.30315789473684
Kiribati,2015,69,-4.30315789473684
Kiribati,2015,70,-4.30315789473684
Kiribati,2015,71,-4.30315789473684
Kiribati,2015,72,-4.30315789473684
Kiribati,2015,73,-4.30315789473684
Kiribati,2015,74,-4.30315789473684
Kiribati,2015,75,-4.30315789473684
Kiribati,2015,76,0
Kiribati,2015,77,0
Kiribati,2015,78,0
Kiribati,2015,79,0
Kiribati,2015,80,0
Kiribati,2015,81,0
Kiribati,2015,82,0
Kiribati,2015,83,0
Kiribati,2015,84,0
Kiribati,2015,85,0
Kiribati,2015,86,0
Kiribati,2015,87,0
Kiribati,2015,88,0
Kiribati,2015,89,0
Kiribati,2015,90,0
Kiribati,2015,91,0
Kiribati,2015,92,0
Kiribati,2015,93,0
Kiribati,2015,94,0
Kiribati,2015,95,0
Kiribati,2015,96,0
Kiribati,2015,97,0
Kiribati,2015,98,0
Kiribati,2015,99,0
Kiribati,2015,100,0
Kiribati,2016,0,-17.5073684210526
Kiribati,2016,1,-17.5073684210526
Kiribati,2016,2,-14.3242105263158
Kiribati,2016,3,-14.3242105263158
Kiribati,2016,4,-12.7326315789474
Kiribati,2016,5,-11.1410526315789
Kiribati,2016,6,-11.1410526315789
Kiribati,2016,7,-9.54947368421053
Kiribati,2016,8,-9.54947368421053
Kiribati,2016,9,-7.95789473684211
Kiribati,2016,10,-7.95789473684211
Kiribati,2016,11,-6.36631578947368
Kiribati,2016,12,-6.36631578947368
Kiribati,2016,13,-6.36631578947368
Kiribati,2016,14,-6.36631578947368
Kiribati,2016,15,-6.36631578947368
Kiribati,2016,16,-7.95789473684211
Kiribati,2016,17,-11.1410526315789
Kiribati,2016,18,-14.3242105263158
Kiribati,2016,19,-20.6905263157895
Kiribati,2016,20,-22.2821052631579
Kiribati,2016,21,-25.4652631578947
Kiribati,2016,22,-27.0568421052632
Kiribati,2016,23,-28.6484210526316
Kiribati,2016,24,-28.6484210526316
Kiribati,2016,25,-27.0568421052632
Kiribati,2016,26,-27.0568421052632
Kiribati,2016,27,-23.8736842105263
Kiribati,2016,28,-23.8736842105263
Kiribati,2016,29,-20.6905263157895
Kiribati,2016,30,-20.6905263157895
Kiribati,2016,31,-17.5073684210526
Kiribati,2016,32,-17.5073684210526
Kiribati,2016,33,-14.3242105263158
Kiribati,2016,34,-14.3242105263158
Kiribati,2016,35,-12.7326315789474
Kiribati,2016,36,-11.1410526315789
Kiribati,2016,37,-11.1410526315789
Kiribati,2016,38,-9.54947368421053
Kiribati,2016,39,-9.54947368421053
Kiribati,2016,40,-7.95789473684211
Kiribati,2016,41,-7.95789473684211
Kiribati,2016,42,-6.36631578947368
Kiribati,2016,43,-6.36631578947368
Kiribati,2016,44,-6.36631578947368
Kiribati,2016,45,-6.36631578947368
Kiribati,2016,46,-6.36631578947368
Kiribati,2016,47,-4.77473684210526
Kiribati,2016,48,-4.77473684210526
Kiribati,2016,49,-3.18315789473684
Kiribati,2016,50,-3.18315789473684
Kiribati,2016,51,-3.18315789473684
Kiribati,2016,52,-3.18315789473684
Kiribati,2016,53,-3.18315789473684
Kiribati,2016,54,-3.18315789473684
Kiribati,2016,55,-3.18315789473684
Kiribati,2016,56,-3.18315789473684
Kiribati,2016,57,-3.18315789473684
Kiribati,2016,58,-3.18315789473684
Kiribati,2016,59,-3.18315789473684
Kiribati,2016,60,-3.18315789473684
Kiribati,2016,61,-3.18315789473684
Kiribati,2016,62,-3.18315789473684
Kiribati,2016,63,-3.18315789473684
Kiribati,2016,64,-3.18315789473684
Kiribati,2016,65,-3.18315789473684
Kiribati,2016,66,-3.18315789473684
Kiribati,2016,67,-3.18315789473684
Kiribati,2016,68,-3.18315789473684
Kiribati,2016,69,-3.18315789473684
Kiribati,2016,70,-3.18315789473684
Kiribati,2016,71,-3.18315789473684
Kiribati,2016,72,-3.18315789473684
Kiribati,2016,73,-3.18315789473684
Kiribati,2016,74,-3.18315789473684
Kiribati,2016,75,-3.18315789473684
Kiribati,2016,76,0
Kiribati,2016,77,0
Kiribati,2016,78,0
Kiribati,2016,79,0
Kiribati,2016,80,0
Kiribati,2016,81,0
Kiribati,2016,82,0
Kiribati,2016,83,0
Kiribati,2016,84,0
Kiribati,2016,85,0
Kiribati,2016,86,0
Kiribati,2016,87,0
Kiribati,2016,88,0
Kiribati,2016,89,0
Kiribati,2016,90,0
Kiribati,2016,91,0
Kiribati,2016,92,0
Kiribati,2016,93,0
Kiribati,2016,94,0
Kiribati,2016,95,0
Kiribati,2016,96,0
Kiribati,2016,97,0
Kiribati,2016,98,0
Kiribati,2016,99,0
Kiribati,2016,100,0
Kiribati,2017,0,-17.3684210526316
Kiribati,2017,1,-17.3684210526316
Kiribati,2017,2,-14.2105263157895
Kiribati,2017,3,-14.2105263157895
Kiribati,2017,4,-12.6315789473684
Kiribati,2017,5,-11.0526315789474
Kiribati,2017,6,-11.0526315789474
Kiribati,2017,7,-9.47368421052632
Kiribati,2017,8,-9.47368421052632
Kiribati,2017,9,-7.89473684210526
Kiribati,2017,10,-7.89473684210526
Kiribati,2017,11,-6.31578947368421
Kiribati,2017,12,-6.31578947368421
Kiribati,2017,13,-6.31578947368421
Kiribati,2017,14,-6.31578947368421
Kiribati,2017,15,-6.31578947368421
Kiribati,2017,16,-7.89473684210526
Kiribati,2017,17,-11.0526315789474
Kiribati,2017,18,-14.2105263157895
Kiribati,2017,19,-20.5263157894737
Kiribati,2017,20,-22.1052631578947
Kiribati,2017,21,-25.2631578947368
Kiribati,2017,22,-26.8421052631579
Kiribati,2017,23,-28.421052631579
Kiribati,2017,24,-28.421052631579
Kiribati,2017,25,-26.8421052631579
Kiribati,2017,26,-26.8421052631579
Kiribati,2017,27,-23.6842105263158
Kiribati,2017,28,-23.6842105263158
Kiribati,2017,29,-20.5263157894737
Kiribati,2017,30,-20.5263157894737
Kiribati,2017,31,-17.3684210526316
Kiribati,2017,32,-17.3684210526316
Kiribati,2017,33,-14.2105263157895
Kiribati,2017,34,-14.2105263157895
Kiribati,2017,35,-12.6315789473684
Kiribati,2017,36,-11.0526315789474
Kiribati,2017,37,-11.0526315789474
Kiribati,2017,38,-9.47368421052632
Kiribati,2017,39,-9.47368421052632
Kiribati,2017,40,-7.89473684210526
Kiribati,2017,41,-7.89473684210526
Kiribati,2017,42,-6.31578947368421
Kiribati,2017,43,-6.31578947368421
Kiribati,2017,44,-6.31578947368421
Kiribati,2017,45,-6.31578947368421
Kiribati,2017,46,-6.31578947368421
Kiribati,2017,47,-4.73684210526316
Kiribati,2017,48,-4.73684210526316
Kiribati,2017,49,-3.15789473684211
Kiribati,2017,50,-3.15789473684211
Kiribati,2017,51,-3.15789473684211
Kiribati,2017,52,-3.15789473684211
Kiribati,2017,53,-3.15789473684211
Kiribati,2017,54,-3.15789473684211
Kiribati,2017,55,-3.15789473684211
Kiribati,2017,56,-3.15789473684211
Kiribati,2017,57,-3.15789473684211
Kiribati,2017,58,-3.15789473684211
Kiribati,2017,59,-3.15789473684211
Kiribati,2017,60,-3.15789473684211
Kiribati,2017,61,-3.15789473684211
Kiribati,2017,62,-3.15789473684211
Kiribati,2017,63,-3.15789473684211
Kiribati,2017,64,-3.15789473684211
Kiribati,2017,65,-3.15789473684211
Kiribati,2017,66,-3.15789473684211
Kiribati,2017,67,-3.15789473684211
Kiribati,2017,68,-3.15789473684211
Kiribati,2017,69,-3.15789473684211
Kiribati,2017,70,-3.15789473684211
Kiribati,2017,71,-3.15789473684211
Kiribati,2017,72,-3.15789473684211
Kiribati,2017,73,-3.15789473684211
Kiribati,2017,74,-3.15789473684211
Kiribati,2017,75,-3.15789473684211
Kiribati,2017,76,0
Kiribati,2017,77,0
Kiribati,2017,78,0
Kiribati,2017,79,0
Kiribati,2017,80,0
Kiribati,2017,81,0
Kiribati,2017,82,0
Kiribati,2017,83,0
Kiribati,2017,84,0
Kiribati,2017,85,0
Kiribati,2017,86,0
Kiribati,2017,87,0
Kiribati,2017,88,0
Kiribati,2017,89,0
Kiribati,2017,90,0
Kiribati,2017,91,0
Kiribati,2017,92,0
Kiribati,2017,93,0
Kiribati,2017,94,0
Kiribati,2017,95,0
Kiribati,2017,96,0
Kiribati,2017,97,0
Kiribati,2017,98,0
Kiribati,2017,99,0
Kiribati,2017,100,0
Kiribati,2018,0,-17.16
Kiribati,2018,1,-17.16
Kiribati,2018,2,-14.04
Kiribati,2018,3,-14.04
Kiribati,2018,4,-12.48
Kiribati,2018,5,-10.92
Kiribati,2018,6,-10.92
Kiribati,2018,7,-9.36
Kiribati,2018,8,-9.36
Kiribati,2018,9,-7.8
Kiribati,2018,10,-7.8
Kiribati,2018,11,-6.24
Kiribati,2018,12,-6.24
Kiribati,2018,13,-6.24
Kiribati,2018,14,-6.24
Kiribati,2018,15,-6.24
Kiribati,2018,16,-7.8
Kiribati,2018,17,-10.92
Kiribati,2018,18,-14.04
Kiribati,2018,19,-20.28
Kiribati,2018,20,-21.84
Kiribati,2018,21,-24.96
Kiribati,2018,22,-26.52
Kiribati,2018,23,-28.08
Kiribati,2018,24,-28.08
Kiribati,2018,25,-26.52
Kiribati,2018,26,-26.52
Kiribati,2018,27,-23.4
Kiribati,2018,28,-23.4
Kiribati,2018,29,-20.28
Kiribati,2018,30,-20.28
Kiribati,2018,31,-17.16
Kiribati,2018,32,-17.16
Kiribati,2018,33,-14.04
Kiribati,2018,34,-14.04
Kiribati,2018,35,-12.48
Kiribati,2018,36,-10.92
Kiribati,2018,37,-10.92
Kiribati,2018,38,-9.36
Kiribati,2018,39,-9.36
Kiribati,2018,40,-7.8
Kiribati,2018,41,-7.8
Kiribati,2018,42,-6.24
Kiribati,2018,43,-6.24
Kiribati,2018,44,-6.24
Kiribati,2018,45,-6.24
Kiribati,2018,46,-6.24
Kiribati,2018,47,-4.68
Kiribati,2018,48,-4.68
Kiribati,2018,49,-3.12
Kiribati,2018,50,-3.12
Kiribati,2018,51,-3.12
Kiribati,2018,52,-3.12
Kiribati,2018,53,-3.12
Kiribati,2018,54,-3.12
Kiribati,2018,55,-3.12
Kiribati,2018,56,-3.12
Kiribati,2018,57,-3.12
Kiribati,2018,58,-3.12
Kiribati,2018,59,-3.12
Kiribati,2018,60,-3.12
Kiribati,2018,61,-3.12
Kiribati,2018,62,-3.12
Kiribati,2018,63,-3.12
Kiribati,2018,64,-3.12
Kiribati,2018,65,-3.12
Kiribati,2018,66,-3.12
Kiribati,2018,67,-3.12
Kiribati,2018,68,-3.12
Kiribati,2018,69,-3.12
Kiribati,2018,70,-3.12
Kiribati,2018,71,-3.12
Kiribati,2018,72,-3.12
Kiribati,2018,73,-3.12
Kiribati,2018,74,-3.12
Kiribati,2018,75,-3.12
Kiribati,2018,76,0
Kiribati,2018,77,0
Kiribati,2018,78,0
Kiribati,2018,79,0
Kiribati,2018,80,0
Kiribati,2018,81,0
Kiribati,2018,82,0
Kiribati,2018,83,0
Kiribati,2018,84,0
Kiribati,2018,85,0
Kiribati,2018,86,0
Kiribati,2018,87,0
Kiribati,2018,88,0
Kiribati,2018,89,0
Kiribati,2018,90,0
Kiribati,2018,91,0
Kiribati,2018,92,0
Kiribati,2018,93,0
Kiribati,2018,94,0
Kiribati,2018,95,0
Kiribati,2018,96,0
Kiribati,2018,97,0
Kiribati,2018,98,0
Kiribati,2018,99,0
Kiribati,2018,100,0
Kiribati,2019,0,-16.3263157894737
Kiribati,2019,1,-16.3263157894737
Kiribati,2019,2,-13.3578947368421
Kiribati,2019,3,-13.3578947368421
Kiribati,2019,4,-11.8736842105263
Kiribati,2019,5,-10.3894736842105
Kiribati,2019,6,-10.3894736842105
Kiribati,2019,7,-8.90526315789474
Kiribati,2019,8,-8.90526315789474
Kiribati,2019,9,-7.42105263157895
Kiribati,2019,10,-7.42105263157895
Kiribati,2019,11,-5.93684210526316
Kiribati,2019,12,-5.93684210526316
Kiribati,2019,13,-5.93684210526316
Kiribati,2019,14,-5.93684210526316
Kiribati,2019,15,-5.93684210526316
Kiribati,2019,16,-7.42105263157895
Kiribati,2019,17,-10.3894736842105
Kiribati,2019,18,-13.3578947368421
Kiribati,2019,19,-19.2947368421053
Kiribati,2019,20,-20.7789473684211
Kiribati,2019,21,-23.7473684210526
Kiribati,2019,22,-25.2315789473684
Kiribati,2019,23,-26.7157894736842
Kiribati,2019,24,-26.7157894736842
Kiribati,2019,25,-25.2315789473684
Kiribati,2019,26,-25.2315789473684
Kiribati,2019,27,-22.2631578947368
Kiribati,2019,28,-22.2631578947368
Kiribati,2019,29,-19.2947368421053
Kiribati,2019,30,-19.2947368421053
Kiribati,2019,31,-16.3263157894737
Kiribati,2019,32,-16.3263157894737
Kiribati,2019,33,-13.3578947368421
Kiribati,2019,34,-13.3578947368421
Kiribati,2019,35,-11.8736842105263
Kiribati,2019,36,-10.3894736842105
Kiribati,2019,37,-10.3894736842105
Kiribati,2019,38,-8.90526315789474
Kiribati,2019,39,-8.90526315789474
Kiribati,2019,40,-7.42105263157895
Kiribati,2019,41,-7.42105263157895
Kiribati,2019,42,-5.93684210526316
Kiribati,2019,43,-5.93684210526316
Kiribati,2019,44,-5.93684210526316
Kiribati,2019,45,-5.93684210526316
Kiribati,2019,46,-5.93684210526316
Kiribati,2019,47,-4.45263157894737
Kiribati,2019,48,-4.45263157894737
Kiribati,2019,49,-2.96842105263158
Kiribati,2019,50,-2.96842105263158
Kiribati,2019,51,-2.96842105263158
Kiribati,2019,52,-2.96842105263158
Kiribati,2019,53,-2.96842105263158
Kiribati,2019,54,-2.96842105263158
Kiribati,2019,55,-2.96842105263158
Kiribati,2019,56,-2.96842105263158
Kiribati,2019,57,-2.96842105263158
Kiribati,2019,58,-2.96842105263158
Kiribati,2019,59,-2.96842105263158
Kiribati,2019,60,-2.96842105263158
Kiribati,2019,61,-2.96842105263158
Kiribati,2019,62,-2.96842105263158
Kiribati,2019,63,-2.96842105263158
Kiribati,2019,64,-2.96842105263158
Kiribati,2019,65,-2.96842105263158
Kiribati,2019,66,-2.96842105263158
Kiribati,2019,67,-2.96842105263158
Kiribati,2019,68,-2.96842105263158
Kiribati,2019,69,-2.96842105263158
Kiribati,2019,70,-2.96842105263158
Kiribati,2019,71,-2.96842105263158
Kiribati,2019,72,-2.96842105263158
Kiribati,2019,73,-2.96842105263158
Kiribati,2019,74,-2.96842105263158
Kiribati,2019,75,-2.96842105263158
Kiribati,2019,76,0
Kiribati,2019,77,0
Kiribati,2019,78,0
Kiribati,2019,79,0
Kiribati,2019,80,0
Kiribati,2019,81,0
Kiribati,2019,82,0
Kiribati,2019,83,0
Kiribati,2019,84,0
Kiribati,2019,85,0
Kiribati,2019,86,0
Kiribati,2019,87,0
Kiribati,2019,88,0
Kiribati,2019,89,0
Kiribati,2019,90,0
Kiribati,2019,91,0
Kiribati,2019,92,0
Kiribati,2019,93,0
Kiribati,2019,94,0
Kiribati,2019,95,0
Kiribati,2019,96,0
Kiribati,2019,97,0
Kiribati,2019,98,0
Kiribati,2019,99,0
Kiribati,2019,100,0
Kiribati,2020,0,0
Kiribati,2020,1,0
Kiribati,2020,2,0
Kiribati,2020,3,0
Kiribati,2020,4,0
Kiribati,2020,5,0
Kiribati,2020,6,0
Kiribati,2020,7,0
Kiribati,2020,8,0
Kiribati,2020,9,0
Kiribati,2020,10,0
Kiribati,2020,11,0
Kiribati,2020,12,0
Kiribati,2020,13,0
Kiribati,2020,14,0
Kiribati,2020,15,0
Kiribati,2020,16,0
Kiribati,2020,17,0
Kiribati,2020,18,0
Kiribati,2020,19,0
Kiribati,2020,20,0
Kiribati,2020,21,0
Kiribati,2020,22,0
Kiribati,2020,23,0
Kiribati,2020,24,0
Kiribati,2020,25,0
Kiribati,2020,26,0
Kiribati,2020,27,0
Kiribati,2020,28,0
Kiribati,2020,29,0
Kiribati,2020,30,0
Kiribati,2020,31,0
Kiribati,2020,32,0
Kiribati,2020,33,0
Kiribati,2020,34,0
Kiribati,2020,35,0
Kiribati,2020,36,0
Kiribati,2020,37,0
Kiribati,2020,38,0
Kiribati,2020,39,0
Kiribati,2020,40,0
Kiribati,2020,41,0
Kiribati,2020,42,0
Kiribati,2020,43,0
Kiribati,2020,44,0
Kiribati,2020,45,0
Kiribati,2020,46,0
Kiribati,2020,47,0
Kiribati,2020,48,0
Kiribati,2020,49,0
Kiribati,2020,50,0
Kiribati,2020,51,0
Kiribati,2020,52,0
Kiribati,2020,53,0
Kiribati,2020,54,0
Kiribati,2020,55,0
Kiribati,2020,56,0
Kiribati,2020,57,0
Kiribati,2020,58,0
Kiribati,2020,59,0
Kiribati,2020,60,0
Kiribati,2020,61,0
Kiribati,2020,62,0
Kiribati,2020,63,0
Kiribati,2020,64,0
Kiribati,2020,65,0
Kiribati,2020,66,0
Kiribati,2020,67,0
Kiribati,2020,68,0
Kiribati,2020,69,0
Kiribati,2020,70,0
Kiribati,2020,71,0
Kiribati,2020,72,0
Kiribati,2020,73,0
Kiribati,2020,74,0
Kiribati,2020,75,0
Kiribati,2020,76,0
Kiribati,2020,77,0
Kiribati,2020,78,0
Kiribati,2020,79,0
Kiribati,2020,80,0
Kiribati,2020,81,0
Kiribati,2020,82,0
Kiribati,2020,83,0
Kiribati,2020,84,0
Kiribati,2020,85,0
Kiribati,2020,86,0
Kiribati,2020,87,0
Kiribati,2020,88,0
Kiribati,2020,89,0
Kiribati,2020,90,0
Kiribati,2020,91,0
Kiribati,2020,92,0
Kiribati,2020,93,0
Kiribati,2020,94,0
Kiribati,2020,95,0
Kiribati,2020,96,0
Kiribati,2020,97,0
Kiribati,2020,98,0
Kiribati,2020,99,0
Kiribati,2020,100,0
Kiribati,2021,0,-8.05894736842105
Kiribati,2021,1,-8.05894736842105
Kiribati,2021,2,-6.59368421052632
Kiribati,2021,3,-6.59368421052632
Kiribati,2021,4,-5.86105263157895
Kiribati,2021,5,-5.12842105263158
Kiribati,2021,6,-5.12842105263158
Kiribati,2021,7,-4.39578947368421
Kiribati,2021,8,-4.39578947368421
Kiribati,2021,9,-3.66315789473684
Kiribati,2021,10,-3.66315789473684
Kiribati,2021,11,-2.93052631578947
Kiribati,2021,12,-2.93052631578947
Kiribati,2021,13,-2.93052631578947
Kiribati,2021,14,-2.93052631578947
Kiribati,2021,15,-2.93052631578947
Kiribati,2021,16,-3.66315789473684
Kiribati,2021,17,-5.12842105263158
Kiribati,2021,18,-6.59368421052632
Kiribati,2021,19,-9.52421052631579
Kiribati,2021,20,-10.2568421052632
Kiribati,2021,21,-11.7221052631579
Kiribati,2021,22,-12.4547368421053
Kiribati,2021,23,-13.1873684210526
Kiribati,2021,24,-13.1873684210526
Kiribati,2021,25,-12.4547368421053
Kiribati,2021,26,-12.4547368421053
Kiribati,2021,27,-10.9894736842105
Kiribati,2021,28,-10.9894736842105
Kiribati,2021,29,-9.52421052631579
Kiribati,2021,30,-9.52421052631579
Kiribati,2021,31,-8.05894736842105
Kiribati,2021,32,-8.05894736842105
Kiribati,2021,33,-6.59368421052632
Kiribati,2021,34,-6.59368421052632
Kiribati,2021,35,-5.86105263157895
Kiribati,2021,36,-5.12842105263158
Kiribati,2021,37,-5.12842105263158
Kiribati,2021,38,-4.39578947368421
Kiribati,2021,39,-4.39578947368421
Kiribati,2021,40,-3.66315789473684
Kiribati,2021,41,-3.66315789473684
Kiribati,2021,42,-2.93052631578947
Kiribati,2021,43,-2.93052631578947
Kiribati,2021,44,-2.93052631578947
Kiribati,2021,45,-2.93052631578947
Kiribati,2021,46,-2.93052631578947
Kiribati,2021,47,-2.19789473684211
Kiribati,2021,48,-2.19789473684211
Kiribati,2021,49,-1.46526315789474
Kiribati,2021,50,-1.46526315789474
Kiribati,2021,51,-1.46526315789474
Kiribati,2021,52,-1.46526315789474
Kiribati,2021,53,-1.46526315789474
Kiribati,2021,54,-1.46526315789474
Kiribati,2021,55,-1.46526315789474
Kiribati,2021,56,-1.46526315789474
Kiribati,2021,57,-1.46526315789474
Kiribati,2021,58,-1.46526315789474
Kiribati,2021,59,-1.46526315789474
Kiribati,2021,60,-1.46526315789474
Kiribati,2021,61,-1.46526315789474
Kiribati,2021,62,-1.46526315789474
Kiribati,2021,63,-1.46526315789474
Kiribati,2021,64,-1.46526315789474
Kiribati,2021,65,-1.46526315789474
Kiribati,2021,66,-1.46526315789474
Kiribati,2021,67,-1.46526315789474
Kiribati,2021,68,-1.46526315789474
Kiribati,2021,69,-1.46526315789474
Kiribati,2021,70,-1.46526315789474
Kiribati,2021,71,-1.46526315789474
Kiribati,2021,72,-1.46526315789474
Kiribati,2021,73,-1.46526315789474
Kiribati,2021,74,-1.46526315789474
Kiribati,2021,75,-1.46526315789474
Kiribati,2021,76,0
Kiribati,2021,77,0
Kiribati,2021,78,0
Kiribati,2021,79,0
Kiribati,2021,80,0
Kiribati,2021,81,0
Kiribati,2021,82,0
Kiribati,2021,83,0
Kiribati,2021,84,0
Kiribati,2021,85,0
Kiribati,2021,86,0
Kiribati,2021,87,0
Kiribati,2021,88,0
Kiribati,2021,89,0
Kiribati,2021,90,0
Kiribati,2021,91,0
Kiribati,2021,92,0
Kiribati,2021,93,0
Kiribati,2021,94,0
Kiribati,2021,95,0
Kiribati,2021,96,0
Kiribati,2021,97,0
Kiribati,2021,98,0
Kiribati,2021,99,0
Kiribati,2021,100,0
Kiribati,2022,0,-9.14736842105263
Kiribati,2022,1,-9.14736842105263
Kiribati,2022,2,-7.48421052631579
Kiribati,2022,3,-7.48421052631579
Kiribati,2022,4,-6.65263157894737
Kiribati,2022,5,-5.82105263157895
Kiribati,2022,6,-5.82105263157895
Kiribati,2022,7,-4.98947368421053
Kiribati,2022,8,-4.98947368421053
Kiribati,2022,9,-4.15789473684211
Kiribati,2022,10,-4.15789473684211
Kiribati,2022,11,-3.32631578947368
Kiribati,2022,12,-3.32631578947368
Kiribati,2022,13,-3.32631578947368
Kiribati,2022,14,-3.32631578947368
Kiribati,2022,15,-3.32631578947368
Kiribati,2022,16,-4.15789473684211
Kiribati,2022,17,-5.82105263157895
Kiribati,2022,18,-7.48421052631579
Kiribati,2022,19,-10.8105263157895
Kiribati,2022,20,-11.6421052631579
Kiribati,2022,21,-13.3052631578947
Kiribati,2022,22,-14.1368421052632
Kiribati,2022,23,-14.9684210526316
Kiribati,2022,24,-14.9684210526316
Kiribati,2022,25,-14.1368421052632
Kiribati,2022,26,-14.1368421052632
Kiribati,2022,27,-12.4736842105263
Kiribati,2022,28,-12.4736842105263
Kiribati,2022,29,-10.8105263157895
Kiribati,2022,30,-10.8105263157895
Kiribati,2022,31,-9.14736842105263
Kiribati,2022,32,-9.14736842105263
Kiribati,2022,33,-7.48421052631579
Kiribati,2022,34,-7.48421052631579
Kiribati,2022,35,-6.65263157894737
Kiribati,2022,36,-5.82105263157895
Kiribati,2022,37,-5.82105263157895
Kiribati,2022,38,-4.98947368421053
Kiribati,2022,39,-4.98947368421053
Kiribati,2022,40,-4.15789473684211
Kiribati,2022,41,-4.15789473684211
Kiribati,2022,42,-3.32631578947368
Kiribati,2022,43,-3.32631578947368
Kiribati,2022,44,-3.32631578947368
Kiribati,2022,45,-3.32631578947368
Kiribati,2022,46,-3.32631578947368
Kiribati,2022,47,-2.49473684210526
Kiribati,2022,48,-2.49473684210526
Kiribati,2022,49,-1.66315789473684
Kiribati,2022,50,-1.66315789473684
Kiribati,2022,51,-1.66315789473684
Kiribati,2022,52,-1.66315789473684
Kiribati,2022,53,-1.66315789473684
Kiribati,2022,54,-1.66315789473684
Kiribati,2022,55,-1.66315789473684
Kiribati,2022,56,-1.66315789473684
Kiribati,2022,57,-1.66315789473684
Kiribati,2022,58,-1.66315789473684
Kiribati,2022,59,-1.66315789473684
Kiribati,2022,60,-1.66315789473684
Kiribati,2022,61,-1.66315789473684
Kiribati,2022,62,-1.66315789473684
Kiribati,2022,63,-1.66315789473684
Kiribati,2022,64,-1.66315789473684
Kiribati,2022,65,-1.66315789473684
Kiribati,2022,66,-1.66315789473684
Kiribati,2022,67,-1.66315789473684
Kiribati,2022,68,-1.66315789473684
Kiribati,2022,69,-1.66315789473684
Kiribati,2022,70,-1.66315789473684
Kiribati,2022,71,-1.66315789473684
Kiribati,2022,72,-1.66315789473684
Kiribati,2022,73,-1.66315789473684
Kiribati,2022,74,-1.66315789473684
Kiribati,2022,75,-1.66315789473684
Kiribati,2022,76,0
Kiribati,2022,77,0
Kiribati,2022,78,0
Kiribati,2022,79,0
Kiribati,2022,80,0
Kiribati,2022,81,0
Kiribati,2022,82,0
Kiribati,2022,83,0
Kiribati,2022,84,0
Kiribati,2022,85,0
Kiribati,2022,86,0
Kiribati,2022,87,0
Kiribati,2022,88,0
Kiribati,2022,89,0
Kiribati,2022,90,0
Kiribati,2022,91,0
Kiribati,2022,92,0
Kiribati,2022,93,0
Kiribati,2022,94,0
Kiribati,2022,95,0
Kiribati,2022,96,0
Kiribati,2022,97,0
Kiribati,2022,98,0
Kiribati,2022,99,0
Kiribati,2022,100,0
Kiribati,2023,0,-11.2315789473684
Kiribati,2023,1,-11.2315789473684
Kiribati,2023,2,-9.18947368421053
Kiribati,2023,3,-9.18947368421053
Kiribati,2023,4,-8.16842105263158
Kiribati,2023,5,-7.14736842105263
Kiribati,2023,6,-7.14736842105263
Kiribati,2023,7,-6.12631578947368
Kiribati,2023,8,-6.12631578947368
Kiribati,2023,9,-5.10526315789474
Kiribati,2023,10,-5.10526315789474
Kiribati,2023,11,-4.08421052631579
Kiribati,2023,12,-4.08421052631579
Kiribati,2023,13,-4.08421052631579
Kiribati,2023,14,-4.08421052631579
Kiribati,2023,15,-4.08421052631579
Kiribati,2023,16,-5.10526315789474
Kiribati,2023,17,-7.14736842105263
Kiribati,2023,18,-9.18947368421053
Kiribati,2023,19,-13.2736842105263
Kiribati,2023,20,-14.2947368421053
Kiribati,2023,21,-16.3368421052632
Kiribati,2023,22,-17.3578947368421
Kiribati,2023,23,-18.3789473684211
Kiribati,2023,24,-18.3789473684211
Kiribati,2023,25,-17.3578947368421
Kiribati,2023,26,-17.3578947368421
Kiribati,2023,27,-15.3157894736842
Kiribati,2023,28,-15.3157894736842
Kiribati,2023,29,-13.2736842105263
Kiribati,2023,30,-13.2736842105263
Kiribati,2023,31,-11.2315789473684
Kiribati,2023,32,-11.2315789473684
Kiribati,2023,33,-9.18947368421053
Kiribati,2023,34,-9.18947368421053
Kiribati,2023,35,-8.16842105263158
Kiribati,2023,36,-7.14736842105263
Kiribati,2023,37,-7.14736842105263
Kiribati,2023,38,-6.12631578947368
Kiribati,2023,39,-6.12631578947368
Kiribati,2023,40,-5.10526315789474
Kiribati,2023,41,-5.10526315789474
Kiribati,2023,42,-4.08421052631579
Kiribati,2023,43,-4.08421052631579
Kiribati,2023,44,-4.08421052631579
Kiribati,2023,45,-4.08421052631579
Kiribati,2023,46,-4.08421052631579
Kiribati,2023,47,-3.06315789473684
Kiribati,2023,48,-3.06315789473684
Kiribati,2023,49,-2.04210526315789
Kiribati,2023,50,-2.04210526315789
Kiribati,2023,51,-2.04210526315789
Kiribati,2023,52,-2.04210526315789
Kiribati,2023,53,-2.04210526315789
Kiribati,2023,54,-2.04210526315789
Kiribati,2023,55,-2.04210526315789
Kiribati,2023,56,-2.04210526315789
Kiribati,2023,57,-2.04210526315789
Kiribati,2023,58,-2.04210526315789
Kiribati,2023,59,-2.04210526315789
Kiribati,2023,60,-2.04210526315789
Kiribati,2023,61,-2.04210526315789
Kiribati,2023,62,-2.04210526315789
Kiribati,2023,63,-2.04210526315789
Kiribati,2023,64,-2.04210526315789
Kiribati,2023,65,-2.04210526315789
Kiribati,2023,66,-2.04210526315789
Kiribati,2023,67,-2.04210526315789
Kiribati,2023,68,-2.04210526315789
Kiribati,2023,69,-2.04210526315789
Kiribati,2023,70,-2.04210526315789
Kiribati,2023,71,-2.04210526315789
Kiribati,2023,72,-2.04210526315789
Kiribati,2023,73,-2.04210526315789
Kiribati,2023,74,-2.04210526315789
Kiribati,2023,75,-2.04210526315789
Kiribati,2023,76,0
Kiribati,2023,77,0
Kiribati,2023,78,0
Kiribati,2023,79,0
Kiribati,2023,80,0
Kiribati,2023,81,0
Kiribati,2023,82,0
Kiribati,2023,83,0
Kiribati,2023,84,0
Kiribati,2023,85,0
Kiribati,2023,86,0
Kiribati,2023,87,0
Kiribati,2023,88,0
Kiribati,2023,89,0
Kiribati,2023,90,0
Kiribati,2023,91,0
Kiribati,2023,92,0
Kiribati,2023,93,0
Kiribati,2023,94,0
Kiribati,2023,95,0
Kiribati,2023,96,0
Kiribati,2023,97,0
Kiribati,2023,98,0
Kiribati,2023,99,0
Kiribati,2023,100,0
Kiribati,2024,0,-11
Kiribati,2024,1,-11
Kiribati,2024,2,-9
Kiribati,2024,3,-9
Kiribati,2024,4,-8
Kiribati,2024,5,-7
Kiribati,2024,6,-7
Kiribati,2024,7,-6
Kiribati,2024,8,-6
Kiribati,2024,9,-5
Kiribati,2024,10,-5
Kiribati,2024,11,-4
Kiribati,2024,12,-4
Kiribati,2024,13,-4
Kiribati,2024,14,-4
Kiribati,2024,15,-4
Kiribati,2024,16,-5
Kiribati,2024,17,-7
Kiribati,2024,18,-9
Kiribati,2024,19,-13
Kiribati,2024,20,-14
Kiribati,2024,21,-16
Kiribati,2024,22,-17
Kiribati,2024,23,-18
Kiribati,2024,24,-18
Kiribati,2024,25,-17
Kiribati,2024,26,-17
Kiribati,2024,27,-15
Kiribati,2024,28,-15
Kiribati,2024,29,-13
Kiribati,2024,30,-13
Kiribati,2024,31,-11
Kiribati,2024,32,-11
Kiribati,2024,33,-9
Kiribati,2024,34,-9
Kiribati,2024,35,-8
Kiribati,2024,36,-7
Kiribati,2024,37,-7
Kiribati,2024,38,-6
Kiribati,2024,39,-6
Kiribati,2024,40,-5
Kiribati,2024,41,-5
Kiribati,2024,42,-4
Kiribati,2024,43,-4
Kiribati,2024,44,-4
Kiribati,2024,45,-4
Kiribati,2024,46,-4
Kiribati,2024,47,-3
Kiribati,2024,48,-3
Kiribati,2024,49,-2
Kiribati,2024,50,-2
Kiribati,2024,51,-2
Kiribati,2024,52,-2
Kiribati,2024,53,-2
Kiribati,2024,54,-2
Kiribati,2024,55,-2
Kiribati,2024,56,-2
Kiribati,2024,57,-2
Kiribati,2024,58,-2
Kiribati,2024,59,-2
Kiribati,2024,60,-2
Kiribati,2024,61,-2
Kiribati,2024,62,-2
Kiribati,2024,63,-2
Kiribati,2024,64,-2
Kiribati,2024,65,-2
Kiribati,2024,66,-2
Kiribati,2024,67,-2
Kiribati,2024,68,-2
Kiribati,2024,69,-2
Kiribati,2024,70,-2
Kiribati,2024,71,-2
Kiribati,2024,72,-2
Kiribati,2024,73,-2
Kiribati,2024,74,-2
Kiribati,2024,75,-2
Kiribati,2024,76,0
Kiribati,2024,77,0
Kiribati,2024,78,0
Kiribati,2024,79,0
Kiribati,2024,80,0
Kiribati,2024,81,0
Kiribati,2024,82,0
Kiribati,2024,83,0
Kiribati,2024,84,0
Kiribati,2024,85,0
Kiribati,2024,86,0
Kiribati,2024,87,0
Kiribati,2024,88,0
Kiribati,2024,89,0
Kiribati,2024,90,0
Kiribati,2024,91,0
Kiribati,2024,92,0
Kiribati,2024,93,0
Kiribati,2024,94,0
Kiribati,2024,95,0
Kiribati,2024,96,0
Kiribati,2024,97,0
Kiribati,2024,98,0
Kiribati,2024,99,0
Kiribati,2024,100,0
Kiribati,2025,0,-11
Kiribati,2025,1,-11
Kiribati,2025,2,-9
Kiribati,2025,3,-9
Kiribati,2025,4,-8
Kiribati,2025,5,-7
Kiribati,2025,6,-7
Kiribati,2025,7,-6
Kiribati,2025,8,-6
Kiribati,2025,9,-5
Kiribati,2025,10,-5
Kiribati,2025,11,-4
Kiribati,2025,12,-4
Kiribati,2025,13,-4
Kiribati,2025,14,-4
Kiribati,2025,15,-4
Kiribati,2025,16,-5
Kiribati,2025,17,-7
Kiribati,2025,18,-9
Kiribati,2025,19,-12
Kiribati,2025,20,-14
Kiribati,2025,21,-16
Kiribati,2025,22,-17
Kiribati,2025,23,-17
Kiribati,2025,24,-17
Kiribati,2025,25,-17
Kiribati,2025,26,-17
Kiribati,2025,27,-15
Kiribati,2025,28,-15
Kiribati,2025,29,-13
Kiribati,2025,30,-13
Kiribati,2025,31,-11
Kiribati,2025,32,-10
Kiribati,2025,33,-9
Kiribati,2025,34,-9
Kiribati,2025,35,-8
Kiribati,2025,36,-7
Kiribati,2025,37,-6
Kiribati,2025,38,-6
Kiribati,2025,39,-6
Kiribati,2025,40,-5
Kiribati,2025,41,-4
Kiribati,2025,42,-4
Kiribati,2025,43,-4
Kiribati,2025,44,-4
Kiribati,2025,45,-4
Kiribati,2025,46,-3
Kiribati,2025,47,-3
Kiribati,2025,48,-3
Kiribati,2025,49,-2
Kiribati,2025,50,-2
Kiribati,2025,51,-2
Kiribati,2025,52,-2
Kiribati,2025,53,-2
Kiribati,2025,54,-2
Kiribati,2025,55,-2
Kiribati,2025,56,-2
Kiribati,2025,57,-2
Kiribati,2025,58,-2
Kiribati,2025,59,-2
Kiribati,2025,60,-2
Kiribati,2025,61,-2
Kiribati,2025,62,-2
Kiribati,2025,63,-2
Kiribati,2025,64,-2
Kiribati,2025,65,-2
Kiribati,2025,66,-2
Kiribati,2025,67,-2
Kiribati,2025,68,-2
Kiribati,2025,69,-2
Kiribati,2025,70,-2
Kiribati,2025,71,-2
Kiribati,2025,72,-2
Kiribati,2025,73,-2
Kiribati,2025,74,-2
Kiribati,2025,75,-2
Kiribati,2025,76,0
Kiribati,2025,77,0
Kiribati,2025,78,0
Kiribati,2025,79,0
Kiribati,2025,80,0
Kiribati,2025,81,0
Kiribati,2025,82,0
Kiribati,2025,83,0
Kiribati,2025,84,0
Kiribati,2025,85,0
Kiribati,2025,86,0
Kiribati,2025,87,0
Kiribati,2025,88,0
Kiribati,2025,89,0
Kiribati,2025,90,0
Kiribati,2025,91,0
Kiribati,2025,92,0
Kiribati,2025,93,0
Kiribati,2025,94,0
Kiribati,2025,95,0
Kiribati,2025,96,0
Kiribati,2025,97,0
Kiribati,2025,98,0
Kiribati,2025,99,0
Kiribati,2025,100,0
Kiribati,2026,0,-11
Kiribati,2026,1,-10
Kiribati,2026,2,-9
Kiribati,2026,3,-8
Kiribati,2026,4,-7
Kiribati,2026,5,-7
Kiribati,2026,6,-6
Kiribati,2026,7,-6
Kiribati,2026,8,-5
Kiribati,2026,9,-5
Kiribati,2026,10,-5
Kiribati,2026,11,-4
Kiribati,2026,12,-4
Kiribati,2026,13,-4
Kiribati,2026,14,-4
Kiribati,2026,15,-4
Kiribati,2026,16,-4
Kiribati,2026,17,-7
Kiribati,2026,18,-9
Kiribati,2026,19,-12
Kiribati,2026,20,-14
Kiribati,2026,21,-16
Kiribati,2026,22,-16
Kiribati,2026,23,-17
Kiribati,2026,24,-17
Kiribati,2026,25,-16
Kiribati,2026,26,-15
Kiribati,2026,27,-15
Kiribati,2026,28,-13
Kiribati,2026,29,-13
Kiribati,2026,30,-11
Kiribati,2026,31,-11
Kiribati,2026,32,-10
Kiribati,2026,33,-9
Kiribati,2026,34,-8
Kiribati,2026,35,-7
Kiribati,2026,36,-7
Kiribati,2026,37,-6
Kiribati,2026,38,-6
Kiribati,2026,39,-5
Kiribati,2026,40,-5
Kiribati,2026,41,-4
Kiribati,2026,42,-4
Kiribati,2026,43,-4
Kiribati,2026,44,-4
Kiribati,2026,45,-4
Kiribati,2026,46,-3
Kiribati,2026,47,-3
Kiribati,2026,48,-2
Kiribati,2026,49,-2
Kiribati,2026,50,-2
Kiribati,2026,51,-2
Kiribati,2026,52,-2
Kiribati,2026,53,-2
Kiribati,2026,54,-2
Kiribati,2026,55,-2
Kiribati,2026,56,-2
Kiribati,2026,57,-2
Kiribati,2026,58,-2
Kiribati,2026,59,-2
Kiribati,2026,60,-2
Kiribati,2026,61,-2
Kiribati,2026,62,-2
Kiribati,2026,63,-2
Kiribati,2026,64,-2
Kiribati,2026,65,-2
Kiribati,2026,66,-2
Kiribati,2026,67,-2
Kiribati,2026,68,-2
Kiribati,2026,69,-2
Kiribati,2026,70,-2
Kiribati,2026,71,-2
Kiribati,2026,72,-2
Kiribati,2026,73,-2
Kiribati,2026,74,-2
Kiribati,2026,75,-2
Kiribati,2026,76,0
Kiribati,2026,77,0
Kiribati,2026,78,0
Kiribati,2026,79,0
Kiribati,2026,80,0
Kiribati,2026,81,0
Kiribati,2026,82,0
Kiribati,2026,83,0
Kiribati,2026,84,0
Kiribati,2026,85,0
Kiribati,2026,86,0
Kiribati,2026,87,0
Kiribati,2026,88,0
Kiribati,2026,89,0
Kiribati,2026,90,0
Kiribati,2026,91,0
Kiribati,2026,92,0
Kiribati,2026,93,0
Kiribati,2026,94,0
Kiribati,2026,95,0
Kiribati,2026,96,0
Kiribati,2026,97,0
Kiribati,2026,98,0
Kiribati,2026,99,0
Kiribati,2026,100,0
Kiribati,2027,0,-11
Kiribati,2027,1,-9
Kiribati,2027,2,-9
Kiribati,2027,3,-8
Kiribati,2027,4,-7
Kiribati,2027,5,-7
Kiribati,2027,6,-6
Kiribati,2027,7,-6
Kiribati,2027,8,-5
Kiribati,2027,9,-5
Kiribati,2027,10,-4
Kiribati,2027,11,-4
Kiribati,2027,12,-4
Kiribati,2027,13,-4
Kiribati,2027,14,-4
Kiribati,2027,15,-4
Kiribati,2027,16,-4
Kiribati,2027,17,-6
Kiribati,2027,18,-9
Kiribati,2027,19,-11
Kiribati,2027,20,-13
Kiribati,2027,21,-15
Kiribati,2027,22,-16
Kiribati,2027,23,-16
Kiribati,2027,24,-16
Kiribati,2027,25,-15
Kiribati,2027,26,-15
Kiribati,2027,27,-13
Kiribati,2027,28,-13
Kiribati,2027,29,-11
Kiribati,2027,30,-11
Kiribati,2027,31,-10
Kiribati,2027,32,-9
Kiribati,2027,33,-8
Kiribati,2027,34,-7
Kiribati,2027,35,-7
Kiribati,2027,36,-6
Kiribati,2027,37,-6
Kiribati,2027,38,-5
Kiribati,2027,39,-5
Kiribati,2027,40,-4
Kiribati,2027,41,-4
Kiribati,2027,42,-4
Kiribati,2027,43,-4
Kiribati,2027,44,-4
Kiribati,2027,45,-3
Kiribati,2027,46,-3
Kiribati,2027,47,-2
Kiribati,2027,48,-2
Kiribati,2027,49,-2
Kiribati,2027,50,-2
Kiribati,2027,51,-2
Kiribati,2027,52,-2
Kiribati,2027,53,-2
Kiribati,2027,54,-2
Kiribati,2027,55,-2
Kiribati,2027,56,-2
Kiribati,2027,57,-2
Kiribati,2027,58,-2
Kiribati,2027,59,-2
Kiribati,2027,60,-2
Kiribati,2027,61,-2
Kiribati,2027,62,-2
Kiribati,2027,63,-2
Kiribati,2027,64,-2
Kiribati,2027,65,-2
Kiribati,2027,66,-2
Kiribati,2027,67,-2
Kiribati,2027,68,-2
Kiribati,2027,69,-2
Kiribati,2027,70,-2
Kiribati,2027,71,-2
Kiribati,2027,72,-2
Kiribati,2027,73,-2
Kiribati,2027,74,-2
Kiribati,2027,75,-2
Kiribati,2027,76,0
Kiribati,2027,77,0
Kiribati,2027,78,0
Kiribati,2027,79,0
Kiribati,2027,80,0
Kiribati,2027,81,0
Kiribati,2027,82,0
Kiribati,2027,83,0
Kiribati,2027,84,0
Kiribati,2027,85,0
Kiribati,2027,86,0
Kiribati,2027,87,0
Kiribati,2027,88,0
Kiribati,2027,89,0
Kiribati,2027,90,0
Kiribati,2027,91,0
Kiribati,2027,92,0
Kiribati,2027,93,0
Kiribati,2027,94,0
Kiribati,2027,95,0
Kiribati,2027,96,0
Kiribati,2027,97,0
Kiribati,2027,98,0
Kiribati,2027,99,0
Kiribati,2027,100,0
Kiribati,2028,0,-11
Kiribati,2028,1,-10
Kiribati,2028,2,-9
Kiribati,2028,3,-9
Kiribati,2028,4,-8
Kiribati,2028,5,-7
Kiribati,2028,6,-7
Kiribati,2028,7,-6
Kiribati,2028,8,-6
Kiribati,2028,9,-5
Kiribati,2028,10,-5
Kiribati,2028,11,-4
Kiribati,2028,12,-4
Kiribati,2028,13,-4
Kiribati,2028,14,-4
Kiribati,2028,15,-4
Kiribati,2028,16,-4
Kiribati,2028,17,-7
Kiribati,2028,18,-9
Kiribati,2028,19,-12
Kiribati,2028,20,-14
Kiribati,2028,21,-16
Kiribati,2028,22,-16
Kiribati,2028,23,-17
Kiribati,2028,24,-17
Kiribati,2028,25,-17
Kiribati,2028,26,-16
Kiribati,2028,27,-15
Kiribati,2028,28,-13
Kiribati,2028,29,-13
Kiribati,2028,30,-11
Kiribati,2028,31,-11
Kiribati,2028,32,-10
Kiribati,2028,33,-9
Kiribati,2028,34,-8
Kiribati,2028,35,-7
Kiribati,2028,36,-7
Kiribati,2028,37,-6
Kiribati,2028,38,-6
Kiribati,2028,39,-5
Kiribati,2028,40,-5
Kiribati,2028,41,-4
Kiribati,2028,42,-4
Kiribati,2028,43,-4
Kiribati,2028,44,-4
Kiribati,2028,45,-4
Kiribati,2028,46,-3
Kiribati,2028,47,-3
Kiribati,2028,48,-2
Kiribati,2028,49,-2
Kiribati,2028,50,-2
Kiribati,2028,51,-2
Kiribati,2028,52,-2
Kiribati,2028,53,-2
Kiribati,2028,54,-2
Kiribati,2028,55,-2
Kiribati,2028,56,-2
Kiribati,2028,57,-2
Kiribati,2028,58,-2
Kiribati,2028,59,-2
Kiribati,2028,60,-2
Kiribati,2028,61,-2
Kiribati,2028,62,-2
Kiribati,2028,63,-2
Kiribati,2028,64,-2
Kiribati,2028,65,-2
Kiribati,2028,66,-2
Kiribati,2028,67,-2
Kiribati,2028,68,-2
Kiribati,2028,69,-2
Kiribati,2028,70,-2
Kiribati,2028,71,-2
Kiribati,2028,72,-2
Kiribati,2028,73,-2
Kiribati,2028,74,-2
Kiribati,2028,75,-2
Kiribati,2028,76,0
Kiribati,2028,77,0
Kiribati,2028,78,0
Kiribati,2028,79,0
Kiribati,2028,80,0
Kiribati,2028,81,0
Kiribati,2028,82,0
Kiribati,2028,83,0
Kiribati,2028,84,0
Kiribati,2028,85,0
Kiribati,2028,86,0
Kiribati,2028,87,0
Kiribati,2028,88,0
Kiribati,2028,89,0
Kiribati,2028,90,0
Kiribati,2028,91,0
Kiribati,2028,92,0
Kiribati,2028,93,0
Kiribati,2028,94,0
Kiribati,2028,95,0
Kiribati,2028,96,0
Kiribati,2028,97,0
Kiribati,2028,98,0
Kiribati,2028,99,0
Kiribati,2028,100,0
Kiribati,2029,0,-11
Kiribati,2029,1,-9
Kiribati,2029,2,-9
Kiribati,2029,3,-8
Kiribati,2029,4,-7
Kiribati,2029,5,-7
Kiribati,2029,6,-6
Kiribati,2029,7,-6
Kiribati,2029,8,-5
Kiribati,2029,9,-5
Kiribati,2029,10,-4
Kiribati,2029,11,-4
Kiribati,2029,12,-4
Kiribati,2029,13,-4
Kiribati,2029,14,-4
Kiribati,2029,15,-4
Kiribati,2029,16,-4
Kiribati,2029,17,-6
Kiribati,2029,18,-9
Kiribati,2029,19,-11
Kiribati,2029,20,-14
Kiribati,2029,21,-15
Kiribati,2029,22,-16
Kiribati,2029,23,-16
Kiribati,2029,24,-16
Kiribati,2029,25,-16
Kiribati,2029,26,-15
Kiribati,2029,27,-14
Kiribati,2029,28,-13
Kiribati,2029,29,-13
Kiribati,2029,30,-11
Kiribati,2029,31,-10
Kiribati,2029,32,-9
Kiribati,2029,33,-9
Kiribati,2029,34,-8
Kiribati,2029,35,-7
Kiribati,2029,36,-6
Kiribati,2029,37,-6
Kiribati,2029,38,-5
Kiribati,2029,39,-5
Kiribati,2029,40,-4
Kiribati,2029,41,-4
Kiribati,2029,42,-4
Kiribati,2029,43,-4
Kiribati,2029,44,-4
Kiribati,2029,45,-3
Kiribati,2029,46,-3
Kiribati,2029,47,-2
Kiribati,2029,48,-2
Kiribati,2029,49,-2
Kiribati,2029,50,-2
Kiribati,2029,51,-2
Kiribati,2029,52,-2
Kiribati,2029,53,-2
Kiribati,2029,54,-2
Kiribati,2029,55,-2
Kiribati,2029,56,-2
Kiribati,2029,57,-2
Kiribati,2029,58,-2
Kiribati,2029,59,-2
Kiribati,2029,60,-2
Kiribati,2029,61,-2
Kiribati,2029,62,-2
Kiribati,2029,63,-2
Kiribati,2029,64,-2
Kiribati,2029,65,-2
Kiribati,2029,66,-2
Kiribati,2029,67,-2
Kiribati,2029,68,-2
Kiribati,2029,69,-2
Kiribati,2029,70,-2
Kiribati,2029,71,-2
Kiribati,2029,72,-2
Kiribati,2029,73,-2
Kiribati,2029,74,-2
Kiribati,2029,75,-2
Kiribati,2029,76,0
Kiribati,2029,77,0
Kiribati,2029,78,0
Kiribati,2029,79,0
Kiribati,2029,80,0
Kiribati,2029,81,0
Kiribati,2029,82,0
Kiribati,2029,83,0
Kiribati,2029,84,0
Kiribati,2029,85,0
Kiribati,2029,86,0
Kiribati,2029,87,0
Kiribati,2029,88,0
Kiribati,2029,89,0
Kiribati,2029,90,0
Kiribati,2029,91,0
Kiribati,2029,92,0
Kiribati,2029,93,0
Kiribati,2029,94,0
Kiribati,2029,95,0
Kiribati,2029,96,0
Kiribati,2029,97,0
Kiribati,2029,98,0
Kiribati,2029,99,0
Kiribati,2029,100,0
Kiribati,2030,0,-11
Kiribati,2030,1,-9
Kiribati,2030,2,-9
Kiribati,2030,3,-8
Kiribati,2030,4,-7
Kiribati,2030,5,-7
Kiribati,2030,6,-6
Kiribati,2030,7,-6
Kiribati,2030,8,-5
Kiribati,2030,9,-5
Kiribati,2030,10,-4
Kiribati,2030,11,-4
Kiribati,2030,12,-4
Kiribati,2030,13,-4
Kiribati,2030,14,-4
Kiribati,2030,15,-4
Kiribati,2030,16,-4
Kiribati,2030,17,-6
Kiribati,2030,18,-9
Kiribati,2030,19,-12
Kiribati,2030,20,-14
Kiribati,2030,21,-15
Kiribati,2030,22,-16
Kiribati,2030,23,-16
Kiribati,2030,24,-16
Kiribati,2030,25,-16
Kiribati,2030,26,-15
Kiribati,2030,27,-14
Kiribati,2030,28,-13
Kiribati,2030,29,-13
Kiribati,2030,30,-11
Kiribati,2030,31,-10
Kiribati,2030,32,-9
Kiribati,2030,33,-9
Kiribati,2030,34,-8
Kiribati,2030,35,-7
Kiribati,2030,36,-6
Kiribati,2030,37,-6
Kiribati,2030,38,-5
Kiribati,2030,39,-5
Kiribati,2030,40,-4
Kiribati,2030,41,-4
Kiribati,2030,42,-4
Kiribati,2030,43,-4
Kiribati,2030,44,-4
Kiribati,2030,45,-3
Kiribati,2030,46,-3
Kiribati,2030,47,-2
Kiribati,2030,48,-2
Kiribati,2030,49,-2
Kiribati,2030,50,-2
Kiribati,2030,51,-2
Kiribati,2030,52,-2
Kiribati,2030,53,-2
Kiribati,2030,54,-2
Kiribati,2030,55,-2
Kiribati,2030,56,-2
Kiribati,2030,57,-2
Kiribati,2030,58,-2
Kiribati,2030,59,-2
Kiribati,2030,60,-2
Kiribati,2030,61,-2
Kiribati,2030,62,-2
Kiribati,2030,63,-2
Kiribati,2030,64,-2
Kiribati,2030,65,-2
Kiribati,2030,66,-2
Kiribati,2030,67,-2
Kiribati,2030,68,-2
Kiribati,2030,69,-2
Kiribati,2030,70,-2
Kiribati,2030,71,-2
Kiribati,2030,72,-2
Kiribati,2030,73,-2
Kiribati,2030,74,-2
Kiribati,2030,75,-2
Kiribati,2030,76,0
Kiribati,2030,77,0
Kiribati,2030,78,0
Kiribati,2030,79,0
Kiribati,2030,80,0
Kiribati,2030,81,0
Kiribati,2030,82,0
Kiribati,2030,83,0
Kiribati,2030,84,0
Kiribati,2030,85,0
Kiribati,2030,86,0
Kiribati,2030,87,0
Kiribati,2030,88,0
Kiribati,2030,89,0
Kiribati,2030,90,0
Kiribati,2030,91,0
Kiribati,2030,92,0
Kiribati,2030,93,0
Kiribati,2030,94,0
Kiribati,2030,95,0
Kiribati,2030,96,0
Kiribati,2030,97,0
Kiribati,2030,98,0
Kiribati,2030,99,0
Kiribati,2030,100,0
