name,year,age,mxB
Kiribati,1950,0,0.16191425
Kiribati,1950,1,0.0383812
Kiribati,1950,2,0.02440669
Kiribati,1950,3,0.01575554
Kiribati,1950,4,0.01049146
Kiribati,1950,5,0.00732842
Kiribati,1950,6,0.00545284
Kiribati,1950,7,0.00437173
Kiribati,1950,8,0.00377584
Kiribati,1950,9,0.0034953
Kiribati,1950,10,0.00342114
Kiribati,1950,11,0.00348684
Kiribati,1950,12,0.00364751
Kiribati,1950,13,0.00386706
Kiribati,1950,14,0.00412723
Kiribati,1950,15,0.00441577
Kiribati,1950,16,0.00473402
Kiribati,1950,17,0.00508698
Kiribati,1950,18,0.00547256
Kiribati,1950,19,0.00588222
Kiribati,1950,20,0.00629195
Kiribati,1950,21,0.00666641
Kiribati,1950,22,0.00697614
Kiribati,1950,23,0.00719881
Kiribati,1950,24,0.00734181
Kiribati,1950,25,0.00743216
Kiribati,1950,26,0.0075067
Kiribati,1950,27,0.00760589
Kiribati,1950,28,0.00775111
Kiribati,1950,29,0.00795066
Kiribati,1950,30,0.00819532
Kiribati,1950,31,0.00846319
Kiribati,1950,32,0.00873537
Kiribati,1950,33,0.00899619
Kiribati,1950,34,0.00924408
Kiribati,1950,35,0.00949022
Kiribati,1950,36,0.00975103
Kiribati,1950,37,0.01004496
Kiribati,1950,38,0.01037937
Kiribati,1950,39,0.01075054
Kiribati,1950,40,0.01114379
Kiribati,1950,41,0.01153263
Kiribati,1950,42,0.01190096
Kiribati,1950,43,0.01224656
Kiribati,1950,44,0.01258661
Kiribati,1950,45,0.01296169
Kiribati,1950,46,0.01341598
Kiribati,1950,47,0.01400251
Kiribati,1950,48,0.0147491
Kiribati,1950,49,0.01564689
Kiribati,1950,50,0.01666932
Kiribati,1950,51,0.01775726
Kiribati,1950,52,0.01886227
Kiribati,1950,53,0.01994401
Kiribati,1950,54,0.02098995
Kiribati,1950,55,0.02207931
Kiribati,1950,56,0.02330354
Kiribati,1950,57,0.02475288
Kiribati,1950,58,0.02651362
Kiribati,1950,59,0.02861903
Kiribati,1950,60,0.03105022
Kiribati,1950,61,0.03371438
Kiribati,1950,62,0.03651
Kiribati,1950,63,0.03934485
Kiribati,1950,64,0.04217573
Kiribati,1950,65,0.04509121
Kiribati,1950,66,0.04820612
Kiribati,1950,67,0.05167468
Kiribati,1950,68,0.05569305
Kiribati,1950,69,0.06033717
Kiribati,1950,70,0.06564867
Kiribati,1950,71,0.07162136
Kiribati,1950,72,0.07817061
Kiribati,1950,73,0.08527754
Kiribati,1950,74,0.09290226
Kiribati,1950,75,0.10106475
Kiribati,1950,76,0.10982629
Kiribati,1950,77,0.11930252
Kiribati,1950,78,0.12963546
Kiribati,1950,79,0.14087304
Kiribati,1950,80,0.15302569
Kiribati,1950,81,0.16619413
Kiribati,1950,82,0.18034303
Kiribati,1950,83,0.19530089
Kiribati,1950,84,0.21107878
Kiribati,1950,85,0.22780659
Kiribati,1950,86,0.2454147
Kiribati,1950,87,0.26376004
Kiribati,1950,88,0.28287318
Kiribati,1950,89,0.30208828
Kiribati,1950,90,0.32212716
Kiribati,1950,91,0.34361864
Kiribati,1950,92,0.36727639
Kiribati,1950,93,0.38996579
Kiribati,1950,94,0.41165121
Kiribati,1950,95,0.42961988
Kiribati,1950,96,0.44248932
Kiribati,1950,97,0.46604845
Kiribati,1950,98,0.51620924
Kiribati,1950,99,0.54052285
Kiribati,1950,100,0.59058534
Kiribati,1951,0,0.1612922
Kiribati,1951,1,0.03819431
Kiribati,1951,2,0.02429068
Kiribati,1951,3,0.01568389
Kiribati,1951,4,0.01044541
Kiribati,1951,5,0.00729696
Kiribati,1951,6,0.00542977
Kiribati,1951,7,0.00435323
Kiribati,1951,8,0.00375974
Kiribati,1951,9,0.00348047
Kiribati,1951,10,0.00340663
Kiribati,1951,11,0.00347217
Kiribati,1951,12,0.00363263
Kiribati,1951,13,0.00385166
Kiribati,1951,14,0.00411146
Kiribati,1951,15,0.00439963
Kiribati,1951,16,0.00471696
Kiribati,1951,17,0.00506872
Kiribati,1951,18,0.0054529
Kiribati,1951,19,0.00586068
Kiribati,1951,20,0.0062684
Kiribati,1951,21,0.00664103
Kiribati,1951,22,0.0069492
Kiribati,1951,23,0.00717127
Kiribati,1951,24,0.00731383
Kiribati,1951,25,0.00740384
Kiribati,1951,26,0.00747831
Kiribati,1951,27,0.00757717
Kiribati,1951,28,0.00772172
Kiribati,1951,29,0.0079204
Kiribati,1951,30,0.00816415
Kiribati,1951,31,0.00843124
Kiribati,1951,32,0.00870268
Kiribati,1951,33,0.00896304
Kiribati,1951,34,0.0092109
Kiribati,1951,35,0.00945699
Kiribati,1951,36,0.00971704
Kiribati,1951,37,0.01001028
Kiribati,1951,38,0.01034374
Kiribati,1951,39,0.01071281
Kiribati,1951,40,0.0111031
Kiribati,1951,41,0.01148956
Kiribati,1951,42,0.01185519
Kiribati,1951,43,0.01219742
Kiribati,1951,44,0.01253591
Kiribati,1951,45,0.01291184
Kiribati,1951,46,0.0133695
Kiribati,1951,47,0.01395431
Kiribati,1951,48,0.01469895
Kiribati,1951,49,0.01560069
Kiribati,1951,50,0.01662413
Kiribati,1951,51,0.01770832
Kiribati,1951,52,0.01879857
Kiribati,1951,53,0.01987074
Kiribati,1951,54,0.02092534
Kiribati,1951,55,0.02201064
Kiribati,1951,56,0.02322976
Kiribati,1951,57,0.02468823
Kiribati,1951,58,0.02645253
Kiribati,1951,59,0.02855386
Kiribati,1951,60,0.03097928
Kiribati,1951,61,0.03363744
Kiribati,1951,62,0.03642009
Kiribati,1951,63,0.03924975
Kiribati,1951,64,0.04208665
Kiribati,1951,65,0.04499027
Kiribati,1951,66,0.04810198
Kiribati,1951,67,0.05158069
Kiribati,1951,68,0.05556919
Kiribati,1951,69,0.06020872
Kiribati,1951,70,0.06552915
Kiribati,1951,71,0.07148525
Kiribati,1951,72,0.07804787
Kiribati,1951,73,0.08512747
Kiribati,1951,74,0.092729
Kiribati,1951,75,0.10088707
Kiribati,1951,76,0.10964476
Kiribati,1951,77,0.11911489
Kiribati,1951,78,0.12941465
Kiribati,1951,79,0.14065218
Kiribati,1951,80,0.15286095
Kiribati,1951,81,0.16597105
Kiribati,1951,82,0.18006561
Kiribati,1951,83,0.19510088
Kiribati,1951,84,0.21087458
Kiribati,1951,85,0.22745272
Kiribati,1951,86,0.24496492
Kiribati,1951,87,0.26335973
Kiribati,1951,88,0.2824914
Kiribati,1951,89,0.30235535
Kiribati,1951,90,0.32228077
Kiribati,1951,91,0.34297806
Kiribati,1951,92,0.36506803
Kiribati,1951,93,0.38930976
Kiribati,1951,94,0.41242073
Kiribati,1951,95,0.43439555
Kiribati,1951,96,0.45251774
Kiribati,1951,97,0.46572201
Kiribati,1951,98,0.4895919
Kiribati,1951,99,0.53948529
Kiribati,1951,100,0.58960079
Kiribati,1952,0,0.16066943
Kiribati,1952,1,0.03801185
Kiribati,1952,2,0.024177
Kiribati,1952,3,0.01561208
Kiribati,1952,4,0.01039946
Kiribati,1952,5,0.00726577
Kiribati,1952,6,0.00540684
Kiribati,1952,7,0.00433491
Kiribati,1952,8,0.00374375
Kiribati,1952,9,0.00346546
Kiribati,1952,10,0.00339204
Kiribati,1952,11,0.00345737
Kiribati,1952,12,0.00361738
Kiribati,1952,13,0.00383611
Kiribati,1952,14,0.00409535
Kiribati,1952,15,0.0043831
Kiribati,1952,16,0.00469992
Kiribati,1952,17,0.0050505
Kiribati,1952,18,0.00543319
Kiribati,1952,19,0.00583923
Kiribati,1952,20,0.00624493
Kiribati,1952,21,0.0066158
Kiribati,1952,22,0.00692244
Kiribati,1952,23,0.00714346
Kiribati,1952,24,0.00728589
Kiribati,1952,25,0.00737571
Kiribati,1952,26,0.00744994
Kiribati,1952,27,0.00754854
Kiribati,1952,28,0.00769251
Kiribati,1952,29,0.00789033
Kiribati,1952,30,0.00813313
Kiribati,1952,31,0.00839945
Kiribati,1952,32,0.00867032
Kiribati,1952,33,0.00893011
Kiribati,1952,34,0.00917769
Kiribati,1952,35,0.00942396
Kiribati,1952,36,0.00968405
Kiribati,1952,37,0.00997633
Kiribati,1952,38,0.01030895
Kiribati,1952,39,0.01067695
Kiribati,1952,40,0.01106488
Kiribati,1952,41,0.01144818
Kiribati,1952,42,0.01181151
Kiribati,1952,43,0.01215114
Kiribati,1952,44,0.01248622
Kiribati,1952,45,0.01286054
Kiribati,1952,46,0.01331895
Kiribati,1952,47,0.01390689
Kiribati,1952,48,0.01464911
Kiribati,1952,49,0.0155483
Kiribati,1952,50,0.01657563
Kiribati,1952,51,0.01766104
Kiribati,1952,52,0.01874785
Kiribati,1952,53,0.01980508
Kiribati,1952,54,0.02085018
Kiribati,1952,55,0.02194489
Kiribati,1952,56,0.02315948
Kiribati,1952,57,0.02461192
Kiribati,1952,58,0.02638467
Kiribati,1952,59,0.02848853
Kiribati,1952,60,0.03090885
Kiribati,1952,61,0.03356086
Kiribati,1952,62,0.03633786
Kiribati,1952,63,0.03915505
Kiribati,1952,64,0.0419878
Kiribati,1952,65,0.04489892
Kiribati,1952,66,0.04799831
Kiribati,1952,67,0.05147326
Kiribati,1952,68,0.05547121
Kiribati,1952,69,0.06007878
Kiribati,1952,70,0.06539322
Kiribati,1952,71,0.07135716
Kiribati,1952,72,0.07790238
Kiribati,1952,73,0.08499628
Kiribati,1952,74,0.0925698
Kiribati,1952,75,0.10070362
Kiribati,1952,76,0.10945749
Kiribati,1952,77,0.11892407
Kiribati,1952,78,0.12921748
Kiribati,1952,79,0.14042103
Kiribati,1952,80,0.15262973
Kiribati,1952,81,0.16579647
Kiribati,1952,82,0.1798333
Kiribati,1952,83,0.19481222
Kiribati,1952,84,0.21067294
Kiribati,1952,85,0.22724925
Kiribati,1952,86,0.24459441
Kiribati,1952,87,0.26288582
Kiribati,1952,88,0.28207599
Kiribati,1952,89,0.30196312
Kiribati,1952,90,0.32256817
Kiribati,1952,91,0.3431456
Kiribati,1952,92,0.36441609
Kiribati,1952,93,0.38702978
Kiribati,1952,94,0.41175339
Kiribati,1952,95,0.43520789
Kiribati,1952,96,0.45739583
Kiribati,1952,97,0.47565438
Kiribati,1952,98,0.48926618
Kiribati,1952,99,0.51330576
Kiribati,1952,100,0.58862478
Kiribati,1953,0,0.1599408
Kiribati,1953,1,0.03779894
Kiribati,1953,2,0.02404649
Kiribati,1953,3,0.0155296
Kiribati,1953,4,0.01034553
Kiribati,1953,5,0.0072293
Kiribati,1953,6,0.00538022
Kiribati,1953,7,0.00431361
Kiribati,1953,8,0.00372528
Kiribati,1953,9,0.00344809
Kiribati,1953,10,0.0033748
Kiribati,1953,11,0.00343998
Kiribati,1953,12,0.00359937
Kiribati,1953,13,0.00381742
Kiribati,1953,14,0.0040762
Kiribati,1953,15,0.00436321
Kiribati,1953,16,0.00467934
Kiribati,1953,17,0.00502895
Kiribati,1953,18,0.00540996
Kiribati,1953,19,0.005814
Kiribati,1953,20,0.0062175
Kiribati,1953,21,0.00658622
Kiribati,1953,22,0.00689134
Kiribati,1953,23,0.00711116
Kiribati,1953,24,0.00725291
Kiribati,1953,25,0.00734279
Kiribati,1953,26,0.00741682
Kiribati,1953,27,0.00751499
Kiribati,1953,28,0.00765831
Kiribati,1953,29,0.00785517
Kiribati,1953,30,0.00809683
Kiribati,1953,31,0.00836206
Kiribati,1953,32,0.00863226
Kiribati,1953,33,0.0088916
Kiribati,1953,34,0.0091386
Kiribati,1953,35,0.00938462
Kiribati,1953,36,0.00964492
Kiribati,1953,37,0.00993713
Kiribati,1953,38,0.0102684
Kiribati,1953,39,0.01063525
Kiribati,1953,40,0.01102189
Kiribati,1953,41,0.01140256
Kiribati,1953,42,0.01176251
Kiribati,1953,43,0.01209991
Kiribati,1953,44,0.0124324
Kiribati,1953,45,0.01280306
Kiribati,1953,46,0.01325948
Kiribati,1953,47,0.01384761
Kiribati,1953,48,0.0145923
Kiribati,1953,49,0.01548804
Kiribati,1953,50,0.01651196
Kiribati,1953,51,0.01760116
Kiribati,1953,52,0.0186894
Kiribati,1953,53,0.01974341
Kiribati,1953,54,0.0207731
Kiribati,1953,55,0.02185781
Kiribati,1953,56,0.02308189
Kiribati,1953,57,0.0245285
Kiribati,1953,58,0.02629337
Kiribati,1953,59,0.0284041
Kiribati,1953,60,0.03082515
Kiribati,1953,61,0.03347063
Kiribati,1953,62,0.03624079
Kiribati,1953,63,0.03905237
Kiribati,1953,64,0.04187254
Kiribati,1953,65,0.04477965
Kiribati,1953,66,0.04788694
Kiribati,1953,67,0.05134775
Kiribati,1953,68,0.05533993
Kiribati,1953,69,0.05995462
Kiribati,1953,70,0.06523394
Kiribati,1953,71,0.07118912
Kiribati,1953,72,0.07773998
Kiribati,1953,73,0.08481421
Kiribati,1953,74,0.09240226
Kiribati,1953,75,0.10050505
Kiribati,1953,76,0.10923172
Kiribati,1953,77,0.11869315
Kiribati,1953,78,0.12898119
Kiribati,1953,79,0.14017618
Kiribati,1953,80,0.15234866
Kiribati,1953,81,0.16551353
Kiribati,1953,82,0.17960787
Kiribati,1953,83,0.194527
Kiribati,1953,84,0.21032598
Kiribati,1953,85,0.22700047
Kiribati,1953,86,0.24434345
Kiribati,1953,87,0.26244888
Kiribati,1953,88,0.28152922
Kiribati,1953,89,0.30148246
Kiribati,1953,90,0.32211418
Kiribati,1953,91,0.34339801
Kiribati,1953,92,0.36454609
Kiribati,1953,93,0.38631364
Kiribati,1953,94,0.40934744
Kiribati,1953,95,0.43447832
Kiribati,1953,96,0.45818891
Kiribati,1953,97,0.48051638
Kiribati,1953,98,0.49891678
Kiribati,1953,99,0.51292733
Kiribati,1953,100,0.57666567
Kiribati,1954,0,0.15903141
Kiribati,1954,1,0.03753358
Kiribati,1954,2,0.02388393
Kiribati,1954,3,0.01542836
Kiribati,1954,4,0.01027942
Kiribati,1954,5,0.00718368
Kiribati,1954,6,0.00534704
Kiribati,1954,7,0.00428728
Kiribati,1954,8,0.00370241
Kiribati,1954,9,0.00342674
Kiribati,1954,10,0.00335358
Kiribati,1954,11,0.00341815
Kiribati,1954,12,0.00357687
Kiribati,1954,13,0.00379394
Kiribati,1954,14,0.00405176
Kiribati,1954,15,0.00433806
Kiribati,1954,16,0.00465307
Kiribati,1954,17,0.00500143
Kiribati,1954,18,0.00538074
Kiribati,1954,19,0.00578241
Kiribati,1954,20,0.00618334
Kiribati,1954,21,0.0065495
Kiribati,1954,22,0.0068525
Kiribati,1954,23,0.00707115
Kiribati,1954,24,0.00721205
Kiribati,1954,25,0.0073015
Kiribati,1954,26,0.0073755
Kiribati,1954,27,0.00747316
Kiribati,1954,28,0.00761561
Kiribati,1954,29,0.00781126
Kiribati,1954,30,0.0080515
Kiribati,1954,31,0.0083153
Kiribati,1954,32,0.00858428
Kiribati,1954,33,0.00884307
Kiribati,1954,34,0.00908969
Kiribati,1954,35,0.00933501
Kiribati,1954,36,0.0095949
Kiribati,1954,37,0.00988716
Kiribati,1954,38,0.0102181
Kiribati,1954,39,0.01058305
Kiribati,1954,40,0.01096822
Kiribati,1954,41,0.01134746
Kiribati,1954,42,0.01170461
Kiribati,1954,43,0.01203852
Kiribati,1954,44,0.01236882
Kiribati,1954,45,0.01273663
Kiribati,1954,46,0.01318873
Kiribati,1954,47,0.01377395
Kiribati,1954,48,0.01451769
Kiribati,1954,49,0.01541481
Kiribati,1954,50,0.01643401
Kiribati,1954,51,0.01751899
Kiribati,1954,52,0.01861117
Kiribati,1954,53,0.01966702
Kiribati,1954,54,0.0206937
Kiribati,1954,55,0.02176206
Kiribati,1954,56,0.02297493
Kiribati,1954,57,0.02443005
Kiribati,1954,58,0.02618663
Kiribati,1954,59,0.02828663
Kiribati,1954,60,0.03071206
Kiribati,1954,61,0.03335621
Kiribati,1954,62,0.03611851
Kiribati,1954,63,0.0389228
Kiribati,1954,64,0.0417375
Kiribati,1954,65,0.04463135
Kiribati,1954,66,0.0477339
Kiribati,1954,67,0.05120152
Kiribati,1954,68,0.05517627
Kiribati,1954,69,0.05978163
Kiribati,1954,70,0.06506405
Kiribati,1954,71,0.07097989
Kiribati,1954,72,0.07751805
Kiribati,1954,73,0.0845952
Kiribati,1954,74,0.09216021
Kiribati,1954,75,0.10027709
Kiribati,1954,76,0.108968
Kiribati,1954,77,0.11839789
Kiribati,1954,78,0.12867787
Kiribati,1954,79,0.13986414
Kiribati,1954,80,0.15202453
Kiribati,1954,81,0.16514998
Kiribati,1954,82,0.17923983
Kiribati,1954,83,0.19421944
Kiribati,1954,84,0.20995391
Kiribati,1954,85,0.22655863
Kiribati,1954,86,0.24401176
Kiribati,1954,87,0.26211267
Kiribati,1954,88,0.28098927
Kiribati,1954,89,0.30082796
Kiribati,1954,90,0.32153211
Kiribati,1954,91,0.34284609
Kiribati,1954,92,0.36472877
Kiribati,1954,93,0.38637313
Kiribati,1954,94,0.40853244
Kiribati,1954,95,0.43191781
Kiribati,1954,96,0.4573643
Kiribati,1954,97,0.48124023
Kiribati,1954,98,0.50365899
Kiribati,1954,99,0.52216062
Kiribati,1954,100,0.57021506
Kiribati,1955,0,0.15785612
Kiribati,1955,1,0.03719169
Kiribati,1955,2,0.02367446
Kiribati,1955,3,0.01529796
Kiribati,1955,4,0.01019539
Kiribati,1955,5,0.00712585
Kiribati,1955,6,0.00530417
Kiribati,1955,7,0.00425337
Kiribati,1955,8,0.00367321
Kiribati,1955,9,0.00339945
Kiribati,1955,10,0.00332664
Kiribati,1955,11,0.00339037
Kiribati,1955,12,0.00354774
Kiribati,1955,13,0.00376367
Kiribati,1955,14,0.0040201
Kiribati,1955,15,0.00430507
Kiribati,1955,16,0.00461887
Kiribati,1955,17,0.00496543
Kiribati,1955,18,0.00534261
Kiribati,1955,19,0.00574155
Kiribati,1955,20,0.00613931
Kiribati,1955,21,0.00650243
Kiribati,1955,22,0.00680272
Kiribati,1955,23,0.00701953
Kiribati,1955,24,0.00715965
Kiribati,1955,25,0.00724848
Kiribati,1955,26,0.00732203
Kiribati,1955,27,0.00741918
Kiribati,1955,28,0.00756052
Kiribati,1955,29,0.00775458
Kiribati,1955,30,0.00799296
Kiribati,1955,31,0.00825488
Kiribati,1955,32,0.00852217
Kiribati,1955,33,0.00877965
Kiribati,1955,34,0.00902582
Kiribati,1955,35,0.00927071
Kiribati,1955,36,0.00952958
Kiribati,1955,37,0.009821
Kiribati,1955,38,0.01015164
Kiribati,1955,39,0.01051585
Kiribati,1955,40,0.01089852
Kiribati,1955,41,0.01127611
Kiribati,1955,42,0.01163189
Kiribati,1955,43,0.011963
Kiribati,1955,44,0.0122897
Kiribati,1955,45,0.01265505
Kiribati,1955,46,0.01310353
Kiribati,1955,47,0.01368304
Kiribati,1955,48,0.01442214
Kiribati,1955,49,0.01531659
Kiribati,1955,50,0.0163357
Kiribati,1955,51,0.01741478
Kiribati,1955,52,0.01850227
Kiribati,1955,53,0.01956258
Kiribati,1955,54,0.02059162
Kiribati,1955,55,0.02165666
Kiribati,1955,56,0.02285132
Kiribati,1955,57,0.02429275
Kiribati,1955,58,0.02605519
Kiribati,1955,59,0.02814306
Kiribati,1955,60,0.03055375
Kiribati,1955,61,0.03319939
Kiribati,1955,62,0.03595853
Kiribati,1955,63,0.03875408
Kiribati,1955,64,0.04156136
Kiribati,1955,65,0.04444941
Kiribati,1955,66,0.04753698
Kiribati,1955,67,0.0509975
Kiribati,1955,68,0.05497572
Kiribati,1955,69,0.05955845
Kiribati,1955,70,0.06482594
Kiribati,1955,71,0.07073935
Kiribati,1955,72,0.07723239
Kiribati,1955,73,0.08429176
Kiribati,1955,74,0.09185653
Kiribati,1955,75,0.09994542
Kiribati,1955,76,0.10864866
Kiribati,1955,77,0.11803622
Kiribati,1955,78,0.12827886
Kiribati,1955,79,0.13945237
Kiribati,1955,80,0.15159902
Kiribati,1955,81,0.1647079
Kiribati,1955,82,0.1787538
Kiribati,1955,83,0.19372582
Kiribati,1955,84,0.20952625
Kiribati,1955,85,0.22605843
Kiribati,1955,86,0.24343191
Kiribati,1955,87,0.26165406
Kiribati,1955,88,0.28052227
Kiribati,1955,89,0.30014255
Kiribati,1955,90,0.32072886
Kiribati,1955,91,0.34212133
Kiribati,1955,92,0.3640388
Kiribati,1955,93,0.38644946
Kiribati,1955,94,0.40848409
Kiribati,1955,95,0.43096626
Kiribati,1955,96,0.45462652
Kiribati,1955,97,0.48028412
Kiribati,1955,98,0.50425847
Kiribati,1955,99,0.52668924
Kiribati,1955,100,0.57067409
Kiribati,1956,0,0.15630202
Kiribati,1956,1,0.03667843
Kiribati,1956,2,0.02336814
Kiribati,1956,3,0.01511234
Kiribati,1956,4,0.01007873
Kiribati,1956,5,0.007048
Kiribati,1956,6,0.00524724
Kiribati,1956,7,0.00420742
Kiribati,1956,8,0.00363337
Kiribati,1956,9,0.00336197
Kiribati,1956,10,0.00328911
Kiribati,1956,11,0.00335168
Kiribati,1956,12,0.00350716
Kiribati,1956,13,0.0037214
Kiribati,1956,14,0.00397696
Kiribati,1956,15,0.00426118
Kiribati,1956,16,0.00457429
Kiribati,1956,17,0.00491986
Kiribati,1956,18,0.00529498
Kiribati,1956,19,0.00569086
Kiribati,1956,20,0.00608461
Kiribati,1956,21,0.00644353
Kiribati,1956,22,0.00674017
Kiribati,1956,23,0.00695436
Kiribati,1956,24,0.00709327
Kiribati,1956,25,0.00718204
Kiribati,1956,26,0.00725555
Kiribati,1956,27,0.00735233
Kiribati,1956,28,0.00749271
Kiribati,1956,29,0.00768494
Kiribati,1956,30,0.00792087
Kiribati,1956,31,0.00818026
Kiribati,1956,32,0.00844528
Kiribati,1956,33,0.00870094
Kiribati,1956,34,0.00894584
Kiribati,1956,35,0.00919042
Kiribati,1956,36,0.00944868
Kiribati,1956,37,0.00973842
Kiribati,1956,38,0.01006741
Kiribati,1956,39,0.01043059
Kiribati,1956,40,0.01081185
Kiribati,1956,41,0.0111864
Kiribati,1956,42,0.01154064
Kiribati,1956,43,0.01187097
Kiribati,1956,44,0.01219545
Kiribati,1956,45,0.01255746
Kiribati,1956,46,0.01300333
Kiribati,1956,47,0.01357822
Kiribati,1956,48,0.01430978
Kiribati,1956,49,0.01519747
Kiribati,1956,50,0.01621187
Kiribati,1956,51,0.01728963
Kiribati,1956,52,0.01837059
Kiribati,1956,53,0.01942646
Kiribati,1956,54,0.02046116
Kiribati,1956,55,0.02152922
Kiribati,1956,56,0.02272001
Kiribati,1956,57,0.02414082
Kiribati,1956,58,0.02588642
Kiribati,1956,59,0.02797715
Kiribati,1956,60,0.03037201
Kiribati,1956,61,0.03300003
Kiribati,1956,62,0.03575984
Kiribati,1956,63,0.03855293
Kiribati,1956,64,0.04135298
Kiribati,1956,65,0.04423503
Kiribati,1956,66,0.04731756
Kiribati,1956,67,0.05076201
Kiribati,1956,68,0.05473138
Kiribati,1956,69,0.05931521
Kiribati,1956,70,0.06455674
Kiribati,1956,71,0.07045239
Kiribati,1956,72,0.07694118
Kiribati,1956,73,0.08395302
Kiribati,1956,74,0.09149926
Kiribati,1956,75,0.09958959
Kiribati,1956,76,0.10826487
Kiribati,1956,77,0.11766836
Kiribati,1956,78,0.12786942
Kiribati,1956,79,0.13900871
Kiribati,1956,80,0.15114723
Kiribati,1956,81,0.16424794
Kiribati,1956,82,0.17828375
Kiribati,1956,83,0.1932169
Kiribati,1956,84,0.20901758
Kiribati,1956,85,0.22563455
Kiribati,1956,86,0.2429387
Kiribati,1956,87,0.26108714
Kiribati,1956,88,0.28010488
Kiribati,1956,89,0.29973474
Kiribati,1956,90,0.32011336
Kiribati,1956,91,0.34140453
Kiribati,1956,92,0.36342069
Kiribati,1956,93,0.38588175
Kiribati,1956,94,0.40872515
Kiribati,1956,95,0.43109399
Kiribati,1956,96,0.45385095
Kiribati,1956,97,0.47773609
Kiribati,1956,98,0.50354944
Kiribati,1956,99,0.52757048
Kiribati,1956,100,0.57325922
Kiribati,1957,0,0.15436216
Kiribati,1957,1,0.03602579
Kiribati,1957,2,0.02297986
Kiribati,1957,3,0.01487787
Kiribati,1957,4,0.00993186
Kiribati,1957,5,0.00695028
Kiribati,1957,6,0.00517666
Kiribati,1957,7,0.00415061
Kiribati,1957,8,0.00358307
Kiribati,1957,9,0.00331469
Kiribati,1957,10,0.00324201
Kiribati,1957,11,0.00330298
Kiribati,1957,12,0.00345638
Kiribati,1957,13,0.00366852
Kiribati,1957,14,0.00392256
Kiribati,1957,15,0.00420627
Kiribati,1957,16,0.0045187
Kiribati,1957,17,0.00486304
Kiribati,1957,18,0.00523599
Kiribati,1957,19,0.00562816
Kiribati,1957,20,0.00601709
Kiribati,1957,21,0.00637073
Kiribati,1957,22,0.00666282
Kiribati,1957,23,0.00687392
Kiribati,1957,24,0.00701118
Kiribati,1957,25,0.00709964
Kiribati,1957,26,0.00717342
Kiribati,1957,27,0.00726981
Kiribati,1957,28,0.00740895
Kiribati,1957,29,0.00759901
Kiribati,1957,30,0.00783194
Kiribati,1957,31,0.00808805
Kiribati,1957,32,0.00835012
Kiribati,1957,33,0.0086035
Kiribati,1957,34,0.00884666
Kiribati,1957,35,0.00908989
Kiribati,1957,36,0.00934765
Kiribati,1957,37,0.00963607
Kiribati,1957,38,0.00996221
Kiribati,1957,39,0.01032271
Kiribati,1957,40,0.01070244
Kiribati,1957,41,0.01107561
Kiribati,1957,42,0.01142708
Kiribati,1957,43,0.01175672
Kiribati,1957,44,0.01208122
Kiribati,1957,45,0.01244102
Kiribati,1957,46,0.01288267
Kiribati,1957,47,0.01345313
Kiribati,1957,48,0.01417735
Kiribati,1957,49,0.01505437
Kiribati,1957,50,0.01605916
Kiribati,1957,51,0.01713051
Kiribati,1957,52,0.01820989
Kiribati,1957,53,0.01925966
Kiribati,1957,54,0.02029084
Kiribati,1957,55,0.0213653
Kiribati,1957,56,0.02255836
Kiribati,1957,57,0.02397249
Kiribati,1957,58,0.02569256
Kiribati,1957,59,0.02776109
Kiribati,1957,60,0.03015396
Kiribati,1957,61,0.03276192
Kiribati,1957,62,0.03550153
Kiribati,1957,63,0.03829537
Kiribati,1957,64,0.04109433
Kiribati,1957,65,0.04396989
Kiribati,1957,66,0.04704606
Kiribati,1957,67,0.05048325
Kiribati,1957,68,0.05443211
Kiribati,1957,69,0.05900175
Kiribati,1957,70,0.06423816
Kiribati,1957,71,0.07010157
Kiribati,1957,72,0.07656689
Kiribati,1957,73,0.08357045
Kiribati,1957,74,0.0910635
Kiribati,1957,75,0.09913193
Kiribati,1957,76,0.10780778
Kiribati,1957,77,0.11718008
Kiribati,1957,78,0.12739614
Kiribati,1957,79,0.13849098
Kiribati,1957,80,0.15059344
Kiribati,1957,81,0.16368474
Kiribati,1957,82,0.17771159
Kiribati,1957,83,0.19263478
Kiribati,1957,84,0.20839479
Kiribati,1957,85,0.22501527
Kiribati,1957,86,0.24241968
Kiribati,1957,87,0.26049699
Kiribati,1957,88,0.27944274
Kiribati,1957,89,0.29924018
Kiribati,1957,90,0.3196358
Kiribati,1957,91,0.34071931
Kiribati,1957,92,0.36263699
Kiribati,1957,93,0.38520583
Kiribati,1957,94,0.40810939
Kiribati,1957,95,0.43132366
Kiribati,1957,96,0.45397741
Kiribati,1957,97,0.47697127
Kiribati,1957,98,0.50105221
Kiribati,1957,99,0.52692308
Kiribati,1957,100,0.57508359
Kiribati,1958,0,0.15201265
Kiribati,1958,1,0.03524019
Kiribati,1958,2,0.02251189
Kiribati,1958,3,0.01459495
Kiribati,1958,4,0.00975447
Kiribati,1958,5,0.00683218
Kiribati,1958,6,0.00509136
Kiribati,1958,7,0.00408275
Kiribati,1958,8,0.00352313
Kiribati,1958,9,0.00325723
Kiribati,1958,10,0.003185
Kiribati,1958,11,0.00324444
Kiribati,1958,12,0.00339521
Kiribati,1958,13,0.00360507
Kiribati,1958,14,0.00385715
Kiribati,1958,15,0.00413961
Kiribati,1958,16,0.00445138
Kiribati,1958,17,0.00479413
Kiribati,1958,18,0.00516431
Kiribati,1958,19,0.00555216
Kiribati,1958,20,0.0059354
Kiribati,1958,21,0.00628288
Kiribati,1958,22,0.00656933
Kiribati,1958,23,0.00677672
Kiribati,1958,24,0.00691213
Kiribati,1958,25,0.00699997
Kiribati,1958,26,0.00707381
Kiribati,1958,27,0.00716984
Kiribati,1958,28,0.00730742
Kiribati,1958,29,0.00749475
Kiribati,1958,30,0.00772413
Kiribati,1958,31,0.00797632
Kiribati,1958,32,0.00823462
Kiribati,1958,33,0.00848509
Kiribati,1958,34,0.00872615
Kiribati,1958,35,0.00896753
Kiribati,1958,36,0.00922347
Kiribati,1958,37,0.00951063
Kiribati,1958,38,0.00983433
Kiribati,1958,39,0.01019071
Kiribati,1958,40,0.01056705
Kiribati,1958,41,0.01093902
Kiribati,1958,42,0.01129001
Kiribati,1958,43,0.01161784
Kiribati,1958,44,0.01194261
Kiribati,1958,45,0.01230251
Kiribati,1958,46,0.01274077
Kiribati,1958,47,0.01330452
Kiribati,1958,48,0.01402094
Kiribati,1958,49,0.01488691
Kiribati,1958,50,0.01587759
Kiribati,1958,51,0.01693727
Kiribati,1958,52,0.01800991
Kiribati,1958,53,0.01905917
Kiribati,1958,54,0.02008545
Kiribati,1958,55,0.02115668
Kiribati,1958,56,0.02235531
Kiribati,1958,57,0.02376852
Kiribati,1958,58,0.0254765
Kiribati,1958,59,0.02751267
Kiribati,1958,60,0.02987673
Kiribati,1958,61,0.03247817
Kiribati,1958,62,0.03519484
Kiribati,1958,63,0.03796756
Kiribati,1958,64,0.04076904
Kiribati,1958,65,0.04364486
Kiribati,1958,66,0.04671402
Kiribati,1958,67,0.05014193
Kiribati,1958,68,0.05407827
Kiribati,1958,69,0.05862025
Kiribati,1958,70,0.06383448
Kiribati,1958,71,0.06968502
Kiribati,1958,72,0.07611073
Kiribati,1958,73,0.08308463
Kiribati,1958,74,0.09056563
Kiribati,1958,75,0.09857404
Kiribati,1958,76,0.10722444
Kiribati,1958,77,0.11659546
Kiribati,1958,78,0.12677629
Kiribati,1958,79,0.1378833
Kiribati,1958,80,0.14993755
Kiribati,1958,81,0.16298965
Kiribati,1958,82,0.17700437
Kiribati,1958,83,0.19191699
Kiribati,1958,84,0.20766708
Kiribati,1958,85,0.22424454
Kiribati,1958,86,0.24165743
Kiribati,1958,87,0.25985121
Kiribati,1958,88,0.2787252
Kiribati,1958,89,0.29845334
Kiribati,1958,90,0.31903052
Kiribati,1958,91,0.34013634
Kiribati,1958,92,0.36184427
Kiribati,1958,93,0.38431622
Kiribati,1958,94,0.40733904
Kiribati,1958,95,0.43062926
Kiribati,1958,96,0.45416507
Kiribati,1958,97,0.47707062
Kiribati,1958,98,0.5002876
Kiribati,1958,99,0.52448314
Kiribati,1958,100,0.57576555
Kiribati,1959,0,0.14925029
Kiribati,1959,1,0.0343227
Kiribati,1959,2,0.02196447
Kiribati,1959,3,0.01426351
Kiribati,1959,4,0.00954641
Kiribati,1959,5,0.00669352
Kiribati,1959,6,0.00499117
Kiribati,1959,7,0.00400308
Kiribati,1959,8,0.00345365
Kiribati,1959,9,0.00319073
Kiribati,1959,10,0.00311765
Kiribati,1959,11,0.00317559
Kiribati,1959,12,0.00332374
Kiribati,1959,13,0.00353078
Kiribati,1959,14,0.00378078
Kiribati,1959,15,0.00406161
Kiribati,1959,16,0.00437201
Kiribati,1959,17,0.00471303
Kiribati,1959,18,0.00507989
Kiribati,1959,19,0.00546264
Kiribati,1959,20,0.00583928
Kiribati,1959,21,0.00617974
Kiribati,1959,22,0.00645974
Kiribati,1959,23,0.0066625
Kiribati,1959,24,0.00679569
Kiribati,1959,25,0.00688288
Kiribati,1959,26,0.00695654
Kiribati,1959,27,0.00705195
Kiribati,1959,28,0.0071878
Kiribati,1959,29,0.0073719
Kiribati,1959,30,0.00759698
Kiribati,1959,31,0.00784467
Kiribati,1959,32,0.00809862
Kiribati,1959,33,0.00834534
Kiribati,1959,34,0.00858373
Kiribati,1959,35,0.00882297
Kiribati,1959,36,0.00907652
Kiribati,1959,37,0.00936072
Kiribati,1959,38,0.00968201
Kiribati,1959,39,0.01003479
Kiribati,1959,40,0.01040614
Kiribati,1959,41,0.010775
Kiribati,1959,42,0.01112607
Kiribati,1959,43,0.01145499
Kiribati,1959,44,0.01177896
Kiribati,1959,45,0.01213921
Kiribati,1959,46,0.01257634
Kiribati,1959,47,0.01313382
Kiribati,1959,48,0.01383952
Kiribati,1959,49,0.01469352
Kiribati,1959,50,0.01566938
Kiribati,1959,51,0.01671268
Kiribati,1959,52,0.0177733
Kiribati,1959,53,0.01881699
Kiribati,1959,54,0.01984469
Kiribati,1959,55,0.0209114
Kiribati,1959,56,0.02210531
Kiribati,1959,57,0.0235206
Kiribati,1959,58,0.02522173
Kiribati,1959,59,0.02723855
Kiribati,1959,60,0.02956259
Kiribati,1959,61,0.03212953
Kiribati,1959,62,0.03483745
Kiribati,1959,63,0.03758677
Kiribati,1959,64,0.0403682
Kiribati,1959,65,0.04324865
Kiribati,1959,66,0.04631825
Kiribati,1959,67,0.04973594
Kiribati,1959,68,0.05365699
Kiribati,1959,69,0.05817854
Kiribati,1959,70,0.06335588
Kiribati,1959,71,0.06917543
Kiribati,1959,72,0.07558065
Kiribati,1959,73,0.08250798
Kiribati,1959,74,0.08995405
Kiribati,1959,75,0.09794743
Kiribati,1959,76,0.10653139
Kiribati,1959,77,0.11587376
Kiribati,1959,78,0.12605107
Kiribati,1959,79,0.13711917
Kiribati,1959,80,0.14918214
Kiribati,1959,81,0.16218301
Kiribati,1959,82,0.17615534
Kiribati,1959,83,0.19105406
Kiribati,1959,84,0.20679385
Kiribati,1959,85,0.22336373
Kiribati,1959,86,0.24073402
Kiribati,1959,87,0.25894475
Kiribati,1959,88,0.2779525
Kiribati,1959,89,0.29761131
Kiribati,1959,90,0.31812343
Kiribati,1959,91,0.33942286
Kiribati,1959,92,0.36115845
Kiribati,1959,93,0.38341987
Kiribati,1959,94,0.40635151
Kiribati,1959,95,0.4297806
Kiribati,1959,96,0.45341797
Kiribati,1959,97,0.47723798
Kiribati,1959,98,0.50038745
Kiribati,1959,99,0.5237554
Kiribati,1959,100,0.57507774
Kiribati,1960,0,0.14610488
Kiribati,1960,1,0.03328668
Kiribati,1960,2,0.02134518
Kiribati,1960,3,0.01388789
Kiribati,1960,4,0.00931026
Kiribati,1960,5,0.00653598
Kiribati,1960,6,0.00487725
Kiribati,1960,7,0.00391248
Kiribati,1960,8,0.00337471
Kiribati,1960,9,0.00311622
Kiribati,1960,10,0.00304221
Kiribati,1960,11,0.00309681
Kiribati,1960,12,0.00324234
Kiribati,1960,13,0.00344665
Kiribati,1960,14,0.00369411
Kiribati,1960,15,0.00397326
Kiribati,1960,16,0.00428189
Kiribati,1960,17,0.00462047
Kiribati,1960,18,0.00498366
Kiribati,1960,19,0.0053606
Kiribati,1960,20,0.00572983
Kiribati,1960,21,0.00606227
Kiribati,1960,22,0.00633519
Kiribati,1960,23,0.00653277
Kiribati,1960,24,0.00666307
Kiribati,1960,25,0.00674944
Kiribati,1960,26,0.00682292
Kiribati,1960,27,0.00691743
Kiribati,1960,28,0.00705117
Kiribati,1960,29,0.0072317
Kiribati,1960,30,0.00745188
Kiribati,1960,31,0.00769424
Kiribati,1960,32,0.00794339
Kiribati,1960,33,0.00818596
Kiribati,1960,34,0.00842085
Kiribati,1960,35,0.00865741
Kiribati,1960,36,0.00890829
Kiribati,1960,37,0.00918885
Kiribati,1960,38,0.00950566
Kiribati,1960,39,0.00985499
Kiribati,1960,40,0.01022217
Kiribati,1960,41,0.01058633
Kiribati,1960,42,0.01093566
Kiribati,1960,43,0.01126665
Kiribati,1960,44,0.01159321
Kiribati,1960,45,0.01195261
Kiribati,1960,46,0.01238863
Kiribati,1960,47,0.01294183
Kiribati,1960,48,0.01363685
Kiribati,1960,49,0.01447546
Kiribati,1960,50,0.01543537
Kiribati,1960,51,0.01646169
Kiribati,1960,52,0.01750574
Kiribati,1960,53,0.01853882
Kiribati,1960,54,0.01956305
Kiribati,1960,55,0.02063209
Kiribati,1960,56,0.0218198
Kiribati,1960,57,0.02322599
Kiribati,1960,58,0.02492278
Kiribati,1960,59,0.02692508
Kiribati,1960,60,0.02922203
Kiribati,1960,61,0.03174296
Kiribati,1960,62,0.03441345
Kiribati,1960,63,0.03715502
Kiribati,1960,64,0.03991495
Kiribati,1960,65,0.04277655
Kiribati,1960,66,0.04585163
Kiribati,1960,67,0.04926692
Kiribati,1960,68,0.05317121
Kiribati,1960,69,0.05766882
Kiribati,1960,70,0.06281578
Kiribati,1960,71,0.06858896
Kiribati,1960,72,0.07495485
Kiribati,1960,73,0.08185566
Kiribati,1960,74,0.0892495
Kiribati,1960,75,0.09720367
Kiribati,1960,76,0.10577077
Kiribati,1960,77,0.11504101
Kiribati,1960,78,0.12518695
Kiribati,1960,79,0.13624916
Kiribati,1960,80,0.1482698
Kiribati,1960,81,0.16127671
Kiribati,1960,82,0.17519535
Kiribati,1960,83,0.19004897
Kiribati,1960,84,0.20577543
Kiribati,1960,85,0.22233817
Kiribati,1960,86,0.23970686
Kiribati,1960,87,0.25787907
Kiribati,1960,88,0.27691515
Kiribati,1960,89,0.29672439
Kiribati,1960,90,0.31717115
Kiribati,1960,91,0.33840938
Kiribati,1960,92,0.36034905
Kiribati,1960,93,0.38264509
Kiribati,1960,94,0.40536932
Kiribati,1960,95,0.42872206
Kiribati,1960,96,0.45252817
Kiribati,1960,97,0.47648214
Kiribati,1960,98,0.50056837
Kiribati,1960,99,0.52388627
Kiribati,1960,100,0.57442559
Kiribati,1961,0,0.14261
Kiribati,1961,1,0.03214764
Kiribati,1961,2,0.0206628
Kiribati,1961,3,0.01347317
Kiribati,1961,4,0.00904909
Kiribati,1961,5,0.00636151
Kiribati,1961,6,0.00475101
Kiribati,1961,7,0.00381205
Kiribati,1961,8,0.00328723
Kiribati,1961,9,0.00303375
Kiribati,1961,10,0.00295996
Kiribati,1961,11,0.00301084
Kiribati,1961,12,0.00315154
Kiribati,1961,13,0.00335323
Kiribati,1961,14,0.00359833
Kiribati,1961,15,0.0038754
Kiribati,1961,16,0.0041822
Kiribati,1961,17,0.00451786
Kiribati,1961,18,0.00487666
Kiribati,1961,19,0.00524719
Kiribati,1961,20,0.00560824
Kiribati,1961,21,0.005932
Kiribati,1961,22,0.00619692
Kiribati,1961,23,0.00638896
Kiribati,1961,24,0.00651605
Kiribati,1961,25,0.00660112
Kiribati,1961,26,0.00667431
Kiribati,1961,27,0.00676783
Kiribati,1961,28,0.00689909
Kiribati,1961,29,0.00707553
Kiribati,1961,30,0.00729041
Kiribati,1961,31,0.00752688
Kiribati,1961,32,0.00777036
Kiribati,1961,33,0.00800853
Kiribati,1961,34,0.00823969
Kiribati,1961,35,0.00847268
Kiribati,1961,36,0.0087203
Kiribati,1961,37,0.0089969
Kiribati,1961,38,0.00930841
Kiribati,1961,39,0.00965187
Kiribati,1961,40,0.01001525
Kiribati,1961,41,0.010376
Kiribati,1961,42,0.01072209
Kiribati,1961,43,0.01105341
Kiribati,1961,44,0.01138385
Kiribati,1961,45,0.01174603
Kiribati,1961,46,0.01217945
Kiribati,1961,47,0.01272805
Kiribati,1961,48,0.01341408
Kiribati,1961,49,0.01423702
Kiribati,1961,50,0.01517727
Kiribati,1961,51,0.0161856
Kiribati,1961,52,0.01721284
Kiribati,1961,53,0.01823102
Kiribati,1961,54,0.0192469
Kiribati,1961,55,0.0203133
Kiribati,1961,56,0.0215019
Kiribati,1961,57,0.02289704
Kiribati,1961,58,0.02457735
Kiribati,1961,59,0.02656725
Kiribati,1961,60,0.02884173
Kiribati,1961,61,0.03133008
Kiribati,1961,62,0.03395175
Kiribati,1961,63,0.03665617
Kiribati,1961,64,0.03941208
Kiribati,1961,65,0.04225398
Kiribati,1961,66,0.04530978
Kiribati,1961,67,0.04872807
Kiribati,1961,68,0.05262342
Kiribati,1961,69,0.05709497
Kiribati,1961,70,0.06220736
Kiribati,1961,71,0.06794032
Kiribati,1961,72,0.07425111
Kiribati,1961,73,0.08110583
Kiribati,1961,74,0.08846932
Kiribati,1961,75,0.0963664
Kiribati,1961,76,0.10489129
Kiribati,1961,77,0.11414302
Kiribati,1961,78,0.12421226
Kiribati,1961,79,0.13524071
Kiribati,1961,80,0.14725261
Kiribati,1961,81,0.16021454
Kiribati,1961,82,0.1741381
Kiribati,1961,83,0.18893617
Kiribati,1961,84,0.20461624
Kiribati,1961,85,0.22116943
Kiribati,1961,86,0.23853819
Kiribati,1961,87,0.25671837
Kiribati,1961,88,0.27572349
Kiribati,1961,89,0.29557348
Kiribati,1961,90,0.31618503
Kiribati,1961,91,0.33736178
Kiribati,1961,92,0.35924283
Kiribati,1961,93,0.38175505
Kiribati,1961,94,0.40452515
Kiribati,1961,95,0.42768299
Kiribati,1961,96,0.45144031
Kiribati,1961,97,0.47559914
Kiribati,1961,98,0.4998533
Kiribati,1961,99,0.52410976
Kiribati,1961,100,0.57418147
Kiribati,1962,0,0.1388185
Kiribati,1962,1,0.03078648
Kiribati,1962,2,0.01985697
Kiribati,1962,3,0.01298979
Kiribati,1962,4,0.00874854
Kiribati,1962,5,0.00616281
Kiribati,1962,6,0.00460798
Kiribati,1962,7,0.0036981
Kiribati,1962,8,0.00318725
Kiribati,1962,9,0.0029385
Kiribati,1962,10,0.00286401
Kiribati,1962,11,0.0029113
Kiribati,1962,12,0.00304602
Kiribati,1962,13,0.00324273
Kiribati,1962,14,0.00348653
Kiribati,1962,15,0.00376352
Kiribati,1962,16,0.00407042
Kiribati,1962,17,0.00440539
Kiribati,1962,18,0.0047614
Kiribati,1962,19,0.00512647
Kiribati,1962,20,0.00547969
Kiribati,1962,21,0.00579477
Kiribati,1962,22,0.00605179
Kiribati,1962,23,0.00623815
Kiribati,1962,24,0.00636255
Kiribati,1962,25,0.00644679
Kiribati,1962,26,0.00651984
Kiribati,1962,27,0.00661241
Kiribati,1962,28,0.00674084
Kiribati,1962,29,0.00691221
Kiribati,1962,30,0.0071204
Kiribati,1962,31,0.00734972
Kiribati,1962,32,0.00758621
Kiribati,1962,33,0.00781845
Kiribati,1962,34,0.00804539
Kiribati,1962,35,0.00827446
Kiribati,1962,36,0.0085177
Kiribati,1962,37,0.00878955
Kiribati,1962,38,0.00909528
Kiribati,1962,39,0.00943175
Kiribati,1962,40,0.00978836
Kiribati,1962,41,0.01014613
Kiribati,1962,42,0.0104905
Kiribati,1962,43,0.01082057
Kiribati,1962,44,0.01115308
Kiribati,1962,45,0.01151954
Kiribati,1962,46,0.01195434
Kiribati,1962,47,0.01249689
Kiribati,1962,48,0.0131739
Kiribati,1962,49,0.01398347
Kiribati,1962,50,0.01490459
Kiribati,1962,51,0.01589215
Kiribati,1962,52,0.01690274
Kiribati,1962,53,0.01790701
Kiribati,1962,54,0.01891105
Kiribati,1962,55,0.01997034
Kiribati,1962,56,0.02115498
Kiribati,1962,57,0.02254662
Kiribati,1962,58,0.02420846
Kiribati,1962,59,0.02617359
Kiribati,1962,60,0.02842829
Kiribati,1962,61,0.03088983
Kiribati,1962,62,0.03347832
Kiribati,1962,63,0.0361359
Kiribati,1962,64,0.03885882
Kiribati,1962,65,0.04170182
Kiribati,1962,66,0.04473937
Kiribati,1962,67,0.04813605
Kiribati,1962,68,0.05202933
Kiribati,1962,69,0.05648363
Kiribati,1962,70,0.06155966
Kiribati,1962,71,0.06724831
Kiribati,1962,72,0.07351037
Kiribati,1962,73,0.08030271
Kiribati,1962,74,0.08761484
Kiribati,1962,75,0.09547834
Kiribati,1962,76,0.10394131
Kiribati,1962,77,0.11314666
Kiribati,1962,78,0.12319346
Kiribati,1962,79,0.13413927
Kiribati,1962,80,0.14611157
Kiribati,1962,81,0.15905897
Kiribati,1962,82,0.17293166
Kiribati,1962,83,0.18773199
Kiribati,1962,84,0.20335083
Kiribati,1962,85,0.21985126
Kiribati,1962,86,0.23720787
Kiribati,1962,87,0.255384
Kiribati,1962,88,0.27438976
Kiribati,1962,89,0.29419555
Kiribati,1962,90,0.31483605
Kiribati,1962,91,0.33616881
Kiribati,1962,92,0.35797574
Kiribati,1962,93,0.38042172
Kiribati,1962,94,0.40341348
Kiribati,1962,95,0.42661614
Kiribati,1962,96,0.45016579
Kiribati,1962,97,0.47425545
Kiribati,1962,98,0.49867789
Kiribati,1962,99,0.52304998
Kiribati,1962,100,0.57373337
Kiribati,1963,0,0.13461157
Kiribati,1963,1,0.02928854
Kiribati,1963,2,0.01896482
Kiribati,1963,3,0.01245167
Kiribati,1963,4,0.00841282
Kiribati,1963,5,0.00594093
Kiribati,1963,6,0.00444912
Kiribati,1963,7,0.00357283
Kiribati,1963,8,0.00307873
Kiribati,1963,9,0.00283637
Kiribati,1963,10,0.00276207
Kiribati,1963,11,0.00280599
Kiribati,1963,12,0.0029357
Kiribati,1963,13,0.00312611
Kiribati,1963,14,0.00336482
Kiribati,1963,15,0.00364007
Kiribati,1963,16,0.00394529
Kiribati,1963,17,0.00427746
Kiribati,1963,18,0.00462918
Kiribati,1963,19,0.00498778
Kiribati,1963,20,0.00533295
Kiribati,1963,21,0.0056392
Kiribati,1963,22,0.00588825
Kiribati,1963,23,0.00606867
Kiribati,1963,24,0.00618913
Kiribati,1963,25,0.00627135
Kiribati,1963,26,0.00634271
Kiribati,1963,27,0.00643266
Kiribati,1963,28,0.0065569
Kiribati,1963,29,0.00672205
Kiribati,1963,30,0.00692241
Kiribati,1963,31,0.00714336
Kiribati,1963,32,0.007372
Kiribati,1963,33,0.00759723
Kiribati,1963,34,0.00781819
Kiribati,1963,35,0.00804265
Kiribati,1963,36,0.00828102
Kiribati,1963,37,0.00854699
Kiribati,1963,38,0.00884684
Kiribati,1963,39,0.00917735
Kiribati,1963,40,0.00952814
Kiribati,1963,41,0.00988199
Kiribati,1963,42,0.01022744
Kiribati,1963,43,0.01055971
Kiribati,1963,44,0.01089353
Kiribati,1963,45,0.01126264
Kiribati,1963,46,0.01170036
Kiribati,1963,47,0.01224107
Kiribati,1963,48,0.01290795
Kiribati,1963,49,0.01370508
Kiribati,1963,50,0.01461107
Kiribati,1963,51,0.01558043
Kiribati,1963,52,0.01657357
Kiribati,1963,53,0.01756588
Kiribati,1963,54,0.01856031
Kiribati,1963,55,0.01960931
Kiribati,1963,56,0.02078518
Kiribati,1963,57,0.02216769
Kiribati,1963,58,0.02381818
Kiribati,1963,59,0.02575584
Kiribati,1963,60,0.02797767
Kiribati,1963,61,0.03041524
Kiribati,1963,62,0.03297709
Kiribati,1963,63,0.03560524
Kiribati,1963,64,0.038286
Kiribati,1963,65,0.04109969
Kiribati,1963,66,0.04414087
Kiribati,1963,67,0.04751602
Kiribati,1963,68,0.05137998
Kiribati,1963,69,0.05582198
Kiribati,1963,70,0.06086819
Kiribati,1963,71,0.06650857
Kiribati,1963,72,0.0727163
Kiribati,1963,73,0.07945257
Kiribati,1963,74,0.08669681
Kiribati,1963,75,0.0945053
Kiribati,1963,76,0.10293339
Kiribati,1963,77,0.11207292
Kiribati,1963,78,0.12206948
Kiribati,1963,79,0.1329882
Kiribati,1963,80,0.14487127
Kiribati,1963,81,0.15777169
Kiribati,1963,82,0.17162245
Kiribati,1963,83,0.18636344
Kiribati,1963,84,0.20198118
Kiribati,1963,85,0.21841118
Kiribati,1963,86,0.23570695
Kiribati,1963,87,0.25386816
Kiribati,1963,88,0.27286698
Kiribati,1963,89,0.29267033
Kiribati,1963,90,0.31326016
Kiribati,1963,91,0.33461756
Kiribati,1963,92,0.35657986
Kiribati,1963,93,0.37894379
Kiribati,1963,94,0.40186031
Kiribati,1963,95,0.42528186
Kiribati,1963,96,0.44886431
Kiribati,1963,97,0.47273016
Kiribati,1963,98,0.49706925
Kiribati,1963,99,0.52159833
Kiribati,1963,100,0.5727578
Kiribati,1964,0,0.13033109
Kiribati,1964,1,0.02779466
Kiribati,1964,2,0.01807148
Kiribati,1964,3,0.0119108
Kiribati,1964,4,0.00807426
Kiribati,1964,5,0.00571661
Kiribati,1964,6,0.00428825
Kiribati,1964,7,0.00344591
Kiribati,1964,8,0.00296881
Kiribati,1964,9,0.00273302
Kiribati,1964,10,0.002659
Kiribati,1964,11,0.00269962
Kiribati,1964,12,0.00282436
Kiribati,1964,13,0.00300983
Kiribati,1964,14,0.00324302
Kiribati,1964,15,0.00351429
Kiribati,1964,16,0.00381789
Kiribati,1964,17,0.00414725
Kiribati,1964,18,0.00449431
Kiribati,1964,19,0.00484615
Kiribati,1964,20,0.00518304
Kiribati,1964,21,0.00548062
Kiribati,1964,22,0.00572147
Kiribati,1964,23,0.00589593
Kiribati,1964,24,0.00601262
Kiribati,1964,25,0.00609257
Kiribati,1964,26,0.00616233
Kiribati,1964,27,0.00624964
Kiribati,1964,28,0.00636953
Kiribati,1964,29,0.00652839
Kiribati,1964,30,0.00672091
Kiribati,1964,31,0.00693335
Kiribati,1964,32,0.00715379
Kiribati,1964,33,0.00737207
Kiribati,1964,34,0.00758698
Kiribati,1964,35,0.00780596
Kiribati,1964,36,0.00803962
Kiribati,1964,37,0.00829983
Kiribati,1964,38,0.00859266
Kiribati,1964,39,0.00891656
Kiribati,1964,40,0.00926151
Kiribati,1964,41,0.00961082
Kiribati,1964,42,0.00995444
Kiribati,1964,43,0.01029029
Kiribati,1964,44,0.01062789
Kiribati,1964,45,0.01099809
Kiribati,1964,46,0.01143662
Kiribati,1964,47,0.01197678
Kiribati,1964,48,0.01263744
Kiribati,1964,49,0.01342018
Kiribati,1964,50,0.01431073
Kiribati,1964,51,0.01526436
Kiribati,1964,52,0.01624079
Kiribati,1964,53,0.01721839
Kiribati,1964,54,0.01820353
Kiribati,1964,55,0.0192433
Kiribati,1964,56,0.02040625
Kiribati,1964,57,0.02177434
Kiribati,1964,58,0.02340782
Kiribati,1964,59,0.02532593
Kiribati,1964,60,0.02751293
Kiribati,1964,61,0.02991394
Kiribati,1964,62,0.03245291
Kiribati,1964,63,0.03505908
Kiribati,1964,64,0.03771644
Kiribati,1964,65,0.04049099
Kiribati,1964,66,0.04350307
Kiribati,1964,67,0.04687923
Kiribati,1964,68,0.0507138
Kiribati,1964,69,0.05511634
Kiribati,1964,70,0.06013924
Kiribati,1964,71,0.06574018
Kiribati,1964,72,0.07189243
Kiribati,1964,73,0.07857004
Kiribati,1964,74,0.08575648
Kiribati,1964,75,0.09349536
Kiribati,1964,76,0.10186818
Kiribati,1964,77,0.11097299
Kiribati,1964,78,0.12090155
Kiribati,1964,79,0.13176812
Kiribati,1964,80,0.14362142
Kiribati,1964,81,0.15643053
Kiribati,1964,82,0.17023211
Kiribati,1964,83,0.18495152
Kiribati,1964,84,0.20050989
Kiribati,1964,85,0.21694571
Kiribati,1964,86,0.2341719
Kiribati,1964,87,0.25227526
Kiribati,1964,88,0.27126668
Kiribati,1964,89,0.29107065
Kiribati,1964,90,0.31166467
Kiribati,1964,91,0.33297646
Kiribati,1964,92,0.35497138
Kiribati,1964,93,0.37750185
Kiribati,1964,94,0.40034175
Kiribati,1964,95,0.42369185
Kiribati,1964,96,0.44750095
Kiribati,1964,97,0.47140367
Kiribati,1964,98,0.49552688
Kiribati,1964,99,0.5199889
Kiribati,1964,100,0.57161084
Kiribati,1965,0,0.12608491
Kiribati,1965,1,0.0263428
Kiribati,1965,2,0.01719954
Kiribati,1965,3,0.01138082
Kiribati,1965,4,0.00774139
Kiribati,1965,5,0.00549548
Kiribati,1965,6,0.0041294
Kiribati,1965,7,0.00332051
Kiribati,1965,8,0.00286025
Kiribati,1965,9,0.00263104
Kiribati,1965,10,0.00255741
Kiribati,1965,11,0.00259484
Kiribati,1965,12,0.0027147
Kiribati,1965,13,0.00289529
Kiribati,1965,14,0.00312424
Kiribati,1965,15,0.00339102
Kiribati,1965,16,0.00369104
Kiribati,1965,17,0.0040177
Kiribati,1965,18,0.00436012
Kiribati,1965,19,0.0047051
Kiribati,1965,20,0.00503361
Kiribati,1965,21,0.00532259
Kiribati,1965,22,0.00555572
Kiribati,1965,23,0.00572411
Kiribati,1965,24,0.0058371
Kiribati,1965,25,0.00591494
Kiribati,1965,26,0.00598296
Kiribati,1965,27,0.00606773
Kiribati,1965,28,0.00618338
Kiribati,1965,29,0.00633601
Kiribati,1965,30,0.00652078
Kiribati,1965,31,0.00672489
Kiribati,1965,32,0.00693719
Kiribati,1965,33,0.00714832
Kiribati,1965,34,0.0073574
Kiribati,1965,35,0.00757094
Kiribati,1965,36,0.00779906
Kiribati,1965,37,0.00805386
Kiribati,1965,38,0.00833997
Kiribati,1965,39,0.00865614
Kiribati,1965,40,0.00899468
Kiribati,1965,41,0.0093396
Kiribati,1965,42,0.00968082
Kiribati,1965,43,0.01001715
Kiribati,1965,44,0.01036008
Kiribati,1965,45,0.01073397
Kiribati,1965,46,0.01117164
Kiribati,1965,47,0.0117091
Kiribati,1965,48,0.01236501
Kiribati,1965,49,0.01313759
Kiribati,1965,50,0.01401098
Kiribati,1965,51,0.0149489
Kiribati,1965,52,0.01591151
Kiribati,1965,53,0.01687547
Kiribati,1965,54,0.01784863
Kiribati,1965,55,0.01887962
Kiribati,1965,56,0.02003088
Kiribati,1965,57,0.02138036
Kiribati,1965,58,0.02299164
Kiribati,1965,59,0.02488488
Kiribati,1965,60,0.02704587
Kiribati,1965,61,0.0294091
Kiribati,1965,62,0.03191296
Kiribati,1965,63,0.03450175
Kiribati,1965,64,0.03714422
Kiribati,1965,65,0.03990005
Kiribati,1965,66,0.042873
Kiribati,1965,67,0.04621618
Kiribati,1965,68,0.05004515
Kiribati,1965,69,0.05440858
Kiribati,1965,70,0.05938149
Kiribati,1965,71,0.06495045
Kiribati,1965,72,0.07105727
Kiribati,1965,73,0.07767634
Kiribati,1965,74,0.08480366
Kiribati,1965,75,0.09248521
Kiribati,1965,76,0.10078858
Kiribati,1965,77,0.10983857
Kiribati,1965,78,0.11973268
Kiribati,1965,79,0.13053014
Kiribati,1965,80,0.1423298
Kiribati,1965,81,0.15510819
Kiribati,1965,82,0.16881738
Kiribati,1965,83,0.18348731
Kiribati,1965,84,0.19902825
Kiribati,1965,85,0.21540659
Kiribati,1965,86,0.23264908
Kiribati,1965,87,0.25068576
Kiribati,1965,88,0.26962388
Kiribati,1965,89,0.28942908
Kiribati,1965,90,0.31003086
Kiribati,1965,91,0.33135392
Kiribati,1965,92,0.35330926
Kiribati,1965,93,0.37587988
Kiribati,1965,94,0.39889778
Kiribati,1965,95,0.4221749
Kiribati,1965,96,0.44591516
Kiribati,1965,97,0.47005016
Kiribati,1965,98,0.4942141
Kiribati,1965,99,0.51847607
Kiribati,1965,100,0.57033437
Kiribati,1966,0,0.12165404
Kiribati,1966,1,0.0249443
Kiribati,1966,2,0.01634121
Kiribati,1966,3,0.01084727
Kiribati,1966,4,0.0073993
Kiribati,1966,5,0.00526467
Kiribati,1966,6,0.00396243
Kiribati,1966,7,0.00318917
Kiribati,1966,8,0.00274795
Kiribati,1966,9,0.00252739
Kiribati,1966,10,0.0024559
Kiribati,1966,11,0.00249132
Kiribati,1966,12,0.00260661
Kiribati,1966,13,0.00278143
Kiribati,1966,14,0.00300402
Kiribati,1966,15,0.00326415
Kiribati,1966,16,0.00355602
Kiribati,1966,17,0.00387426
Kiribati,1966,18,0.00420826
Kiribati,1966,19,0.00454331
Kiribati,1966,20,0.0048613
Kiribati,1966,21,0.00514016
Kiribati,1966,22,0.00536473
Kiribati,1966,23,0.00552666
Kiribati,1966,24,0.00563497
Kiribati,1966,25,0.00570989
Kiribati,1966,26,0.00577554
Kiribati,1966,27,0.0058573
Kiribati,1966,28,0.00596876
Kiribati,1966,29,0.00611569
Kiribati,1966,30,0.0062936
Kiribati,1966,31,0.00649054
Kiribati,1966,32,0.00669605
Kiribati,1966,33,0.00690129
Kiribati,1966,34,0.00710552
Kiribati,1966,35,0.0073151
Kiribati,1966,36,0.00753896
Kiribati,1966,37,0.00778877
Kiribati,1966,38,0.00807007
Kiribati,1966,39,0.00838051
Kiribati,1966,40,0.00871318
Kiribati,1966,41,0.00905495
Kiribati,1966,42,0.00939578
Kiribati,1966,43,0.00973373
Kiribati,1966,44,0.01008025
Kiribati,1966,45,0.01046091
Kiribati,1966,46,0.01090161
Kiribati,1966,47,0.01143552
Kiribati,1966,48,0.01208511
Kiribati,1966,49,0.01284954
Kiribati,1966,50,0.01371044
Kiribati,1966,51,0.01463112
Kiribati,1966,52,0.01558022
Kiribati,1966,53,0.01653395
Kiribati,1966,54,0.01749683
Kiribati,1966,55,0.01851702
Kiribati,1966,56,0.01965806
Kiribati,1966,57,0.02099138
Kiribati,1966,58,0.02257745
Kiribati,1966,59,0.02444192
Kiribati,1966,60,0.02657301
Kiribati,1966,61,0.02890916
Kiribati,1966,62,0.03137815
Kiribati,1966,63,0.03393813
Kiribati,1966,64,0.03657182
Kiribati,1966,65,0.03931932
Kiribati,1966,66,0.04227634
Kiribati,1966,67,0.04557796
Kiribati,1966,68,0.04936899
Kiribati,1966,69,0.05372139
Kiribati,1966,70,0.05864932
Kiribati,1966,71,0.06416503
Kiribati,1966,72,0.07024047
Kiribati,1966,73,0.07681889
Kiribati,1966,74,0.0838958
Kiribati,1966,75,0.09152835
Kiribati,1966,76,0.09978642
Kiribati,1966,77,0.10877924
Kiribati,1966,78,0.11863285
Kiribati,1966,79,0.12941194
Kiribati,1966,80,0.14115977
Kiribati,1966,81,0.15390385
Kiribati,1966,82,0.16760396
Kiribati,1966,83,0.18220309
Kiribati,1966,84,0.19771989
Kiribati,1966,85,0.21411346
Kiribati,1966,86,0.2313324
Kiribati,1966,87,0.24943155
Kiribati,1966,88,0.26834675
Kiribati,1966,89,0.28814803
Kiribati,1966,90,0.30880412
Kiribati,1966,91,0.33018695
Kiribati,1966,92,0.3522028
Kiribati,1966,93,0.37477831
Kiribati,1966,94,0.39788226
Kiribati,1966,95,0.42139048
Kiribati,1966,96,0.44511938
Kiribati,1966,97,0.46926267
Kiribati,1966,98,0.49374761
Kiribati,1966,99,0.51815001
Kiribati,1966,100,0.57003935
Kiribati,1967,0,0.11717638
Kiribati,1967,1,0.02359536
Kiribati,1967,2,0.01550614
Kiribati,1967,3,0.01032356
Kiribati,1967,4,0.00706085
Kiribati,1967,5,0.00503498
Kiribati,1967,6,0.00379581
Kiribati,1967,7,0.00305822
Kiribati,1967,8,0.00263646
Kiribati,1967,9,0.00242515
Kiribati,1967,10,0.00235645
Kiribati,1967,11,0.00239048
Kiribati,1967,12,0.00250165
Kiribati,1967,13,0.00267084
Kiribati,1967,14,0.00288675
Kiribati,1967,15,0.00313945
Kiribati,1967,16,0.00342304
Kiribati,1967,17,0.00373105
Kiribati,1967,18,0.0040541
Kiribati,1967,19,0.00437782
Kiribati,1967,20,0.00468417
Kiribati,1967,21,0.00495238
Kiribati,1967,22,0.00516801
Kiribati,1967,23,0.00532365
Kiribati,1967,24,0.00542765
Kiribati,1967,25,0.00549945
Kiribati,1967,26,0.00556267
Kiribati,1967,27,0.0056413
Kiribati,1967,28,0.00574846
Kiribati,1967,29,0.00588977
Kiribati,1967,30,0.0060611
Kiribati,1967,31,0.0062513
Kiribati,1967,32,0.00645055
Kiribati,1967,33,0.00665067
Kiribati,1967,34,0.00685092
Kiribati,1967,35,0.00705719
Kiribati,1967,36,0.00727806
Kiribati,1967,37,0.00752368
Kiribati,1967,38,0.00779953
Kiribati,1967,39,0.00810549
Kiribati,1967,40,0.00843266
Kiribati,1967,41,0.00876938
Kiribati,1967,42,0.00910818
Kiribati,1967,43,0.00944628
Kiribati,1967,44,0.00979461
Kiribati,1967,45,0.01017562
Kiribati,1967,46,0.01061757
Kiribati,1967,47,0.01114839
Kiribati,1967,48,0.01178918
Kiribati,1967,49,0.01254245
Kiribati,1967,50,0.01339154
Kiribati,1967,51,0.01430092
Kiribati,1967,52,0.01523867
Kiribati,1967,53,0.01618647
Kiribati,1967,54,0.01714789
Kiribati,1967,55,0.01816149
Kiribati,1967,56,0.01929316
Kiribati,1967,57,0.0206163
Kiribati,1967,58,0.02218611
Kiribati,1967,59,0.02402616
Kiribati,1967,60,0.02612621
Kiribati,1967,61,0.02843432
Kiribati,1967,62,0.03088177
Kiribati,1967,63,0.03340757
Kiribati,1967,64,0.03601381
Kiribati,1967,65,0.03876095
Kiribati,1967,66,0.04171442
Kiribati,1967,67,0.04499987
Kiribati,1967,68,0.04873512
Kiribati,1967,69,0.05304091
Kiribati,1967,70,0.05794329
Kiribati,1967,71,0.06339723
Kiribati,1967,72,0.06942198
Kiribati,1967,73,0.075971
Kiribati,1967,74,0.08301334
Kiribati,1967,75,0.09060322
Kiribati,1967,76,0.09882155
Kiribati,1967,77,0.10777934
Kiribati,1967,78,0.11758712
Kiribati,1967,79,0.12833822
Kiribati,1967,80,0.14013706
Kiribati,1967,81,0.15291072
Kiribati,1967,82,0.16650607
Kiribati,1967,83,0.18100624
Kiribati,1967,84,0.19657695
Kiribati,1967,85,0.2131252
Kiribati,1967,86,0.23046213
Kiribati,1967,87,0.24815594
Kiribati,1967,88,0.26654192
Kiribati,1967,89,0.28608572
Kiribati,1967,90,0.30642387
Kiribati,1967,91,0.32842284
Kiribati,1967,92,0.35138298
Kiribati,1967,93,0.3740509
Kiribati,1967,94,0.39719358
Kiribati,1967,95,0.42082558
Kiribati,1967,96,0.44482405
Kiribati,1967,97,0.46899192
Kiribati,1967,98,0.49351987
Kiribati,1967,99,0.51826046
Kiribati,1967,100,0.57030945
Kiribati,1968,0,0.11303577
Kiribati,1968,1,0.02237101
Kiribati,1968,2,0.01474573
Kiribati,1968,3,0.00984542
Kiribati,1968,4,0.00675108
Kiribati,1968,5,0.0048243
Kiribati,1968,6,0.00364273
Kiribati,1968,7,0.00293779
Kiribati,1968,8,0.00253384
Kiribati,1968,9,0.00233099
Kiribati,1968,10,0.00226483
Kiribati,1968,11,0.00229748
Kiribati,1968,12,0.00240477
Kiribati,1968,13,0.00256857
Kiribati,1968,14,0.00277827
Kiribati,1968,15,0.00302408
Kiribati,1968,16,0.00329985
Kiribati,1968,17,0.00359901
Kiribati,1968,18,0.00391181
Kiribati,1968,19,0.00422479
Kiribati,1968,20,0.00452031
Kiribati,1968,21,0.00477852
Kiribati,1968,22,0.00498582
Kiribati,1968,23,0.00513545
Kiribati,1968,24,0.00523574
Kiribati,1968,25,0.00530498
Kiribati,1968,26,0.00536592
Kiribati,1968,27,0.00544179
Kiribati,1968,28,0.00554502
Kiribati,1968,29,0.00568111
Kiribati,1968,30,0.00584631
Kiribati,1968,31,0.00603018
Kiribati,1968,32,0.00622368
Kiribati,1968,33,0.00641887
Kiribati,1968,34,0.00661509
Kiribati,1968,35,0.00681824
Kiribati,1968,36,0.00703615
Kiribati,1968,37,0.00727873
Kiribati,1968,38,0.00755026
Kiribati,1968,39,0.00785013
Kiribati,1968,40,0.00817417
Kiribati,1968,41,0.00850776
Kiribati,1968,42,0.00884372
Kiribati,1968,43,0.00918114
Kiribati,1968,44,0.00952985
Kiribati,1968,45,0.0099138
Kiribati,1968,46,0.01035445
Kiribati,1968,47,0.01088184
Kiribati,1968,48,0.01151383
Kiribati,1968,49,0.01225501
Kiribati,1968,50,0.01309123
Kiribati,1968,51,0.01398691
Kiribati,1968,52,0.01491346
Kiribati,1968,53,0.01585341
Kiribati,1968,54,0.01681122
Kiribati,1968,55,0.0178278
Kiribati,1968,56,0.01895473
Kiribati,1968,57,0.02026293
Kiribati,1968,58,0.02181525
Kiribati,1968,59,0.02363294
Kiribati,1968,60,0.02570404
Kiribati,1968,61,0.02798716
Kiribati,1968,62,0.03041189
Kiribati,1968,63,0.03292452
Kiribati,1968,64,0.03551328
Kiribati,1968,65,0.03823005
Kiribati,1968,66,0.04117719
Kiribati,1968,67,0.04445785
Kiribati,1968,68,0.04818121
Kiribati,1968,69,0.0524163
Kiribati,1968,70,0.0572717
Kiribati,1968,71,0.06270006
Kiribati,1968,72,0.06864448
Kiribati,1968,73,0.07514848
Kiribati,1968,74,0.08216467
Kiribati,1968,75,0.08972502
Kiribati,1968,76,0.09790648
Kiribati,1968,77,0.10683001
Kiribati,1968,78,0.11660778
Kiribati,1968,79,0.12731881
Kiribati,1968,80,0.1390382
Kiribati,1968,81,0.1517968
Kiribati,1968,82,0.1655827
Kiribati,1968,83,0.18019494
Kiribati,1968,84,0.19545506
Kiribati,1968,85,0.21189304
Kiribati,1968,86,0.22952133
Kiribati,1968,87,0.24784194
Kiribati,1968,88,0.26661519
Kiribati,1968,89,0.28618613
Kiribati,1968,90,0.30569539
Kiribati,1968,91,0.32552464
Kiribati,1968,92,0.34757102
Kiribati,1968,93,0.37176264
Kiribati,1968,94,0.39659021
Kiribati,1968,95,0.42026592
Kiribati,1968,96,0.44439716
Kiribati,1968,97,0.46884242
Kiribati,1968,98,0.49340603
Kiribati,1968,99,0.51819679
Kiribati,1968,100,0.57063273
Kiribati,1969,0,0.10922881
Kiribati,1969,1,0.02126158
Kiribati,1969,2,0.01405396
Kiribati,1969,3,0.00940889
Kiribati,1969,4,0.00646738
Kiribati,1969,5,0.00463083
Kiribati,1969,6,0.00350184
Kiribati,1969,7,0.00282676
Kiribati,1969,8,0.00243913
Kiribati,1969,9,0.00224404
Kiribati,1969,10,0.00218016
Kiribati,1969,11,0.00221152
Kiribati,1969,12,0.00231509
Kiribati,1969,13,0.00247381
Kiribati,1969,14,0.00267748
Kiribati,1969,15,0.00291685
Kiribati,1969,16,0.00318549
Kiribati,1969,17,0.0034763
Kiribati,1969,18,0.00377973
Kiribati,1969,19,0.00408237
Kiribati,1969,20,0.00436784
Kiribati,1969,21,0.00461702
Kiribati,1969,22,0.00481688
Kiribati,1969,23,0.00496091
Kiribati,1969,24,0.00505754
Kiribati,1969,25,0.00512459
Kiribati,1969,26,0.00518344
Kiribati,1969,27,0.00525666
Kiribati,1969,28,0.00535633
Kiribati,1969,29,0.00548771
Kiribati,1969,30,0.00564735
Kiribati,1969,31,0.00582539
Kiribati,1969,32,0.00601335
Kiribati,1969,33,0.00620415
Kiribati,1969,34,0.00639655
Kiribati,1969,35,0.00659614
Kiribati,1969,36,0.00681125
Kiribati,1969,37,0.00705077
Kiribati,1969,38,0.00731931
Kiribati,1969,39,0.00761531
Kiribati,1969,40,0.00793319
Kiribati,1969,41,0.00826478
Kiribati,1969,42,0.00860038
Kiribati,1969,43,0.00893876
Kiribati,1969,44,0.00928696
Kiribati,1969,45,0.00966833
Kiribati,1969,46,0.01011018
Kiribati,1969,47,0.01063471
Kiribati,1969,48,0.01126158
Kiribati,1969,49,0.01199094
Kiribati,1969,50,0.01281132
Kiribati,1969,51,0.01369242
Kiribati,1969,52,0.01460741
Kiribati,1969,53,0.01553975
Kiribati,1969,54,0.01648996
Kiribati,1969,55,0.01750341
Kiribati,1969,56,0.01863163
Kiribati,1969,57,0.01993049
Kiribati,1969,58,0.0214599
Kiribati,1969,59,0.023246
Kiribati,1969,60,0.02529537
Kiribati,1969,61,0.02754786
Kiribati,1969,62,0.02994935
Kiribati,1969,63,0.03245376
Kiribati,1969,64,0.03502954
Kiribati,1969,65,0.03773319
Kiribati,1969,66,0.04065982
Kiribati,1969,67,0.04391997
Kiribati,1969,68,0.04761934
Kiribati,1969,69,0.05184375
Kiribati,1969,70,0.05662466
Kiribati,1969,71,0.06202186
Kiribati,1969,72,0.06794212
Kiribati,1969,73,0.07434714
Kiribati,1969,74,0.08132588
Kiribati,1969,75,0.08886307
Kiribati,1969,76,0.09701871
Kiribati,1969,77,0.10590831
Kiribati,1969,78,0.115709
Kiribati,1969,79,0.12639045
Kiribati,1969,80,0.13801693
Kiribati,1969,81,0.15070126
Kiribati,1969,82,0.16440144
Kiribati,1969,83,0.17910308
Kiribati,1969,84,0.19470552
Kiribati,1969,85,0.21080688
Kiribati,1969,86,0.22792363
Kiribati,1969,87,0.24667093
Kiribati,1969,88,0.26623164
Kiribati,1969,89,0.28607555
Kiribati,1969,90,0.30679632
Kiribati,1969,91,0.32770037
Kiribati,1969,92,0.34703549
Kiribati,1969,93,0.36748533
Kiribati,1969,94,0.39081392
Kiribati,1969,95,0.41665522
Kiribati,1969,96,0.44384133
Kiribati,1969,97,0.46841253
Kiribati,1969,98,0.49323859
Kiribati,1969,99,0.51804818
Kiribati,1969,100,0.57070412
Kiribati,1970,0,0.1056191
Kiribati,1970,1,0.02021677
Kiribati,1970,2,0.0134003
Kiribati,1970,3,0.00899499
Kiribati,1970,4,0.00619758
Kiribati,1970,5,0.00444632
Kiribati,1970,6,0.00336718
Kiribati,1970,7,0.00272046
Kiribati,1970,8,0.00234836
Kiribati,1970,9,0.00216063
Kiribati,1970,10,0.0020989
Kiribati,1970,11,0.00212898
Kiribati,1970,12,0.00222901
Kiribati,1970,13,0.00238274
Kiribati,1970,14,0.00258064
Kiribati,1970,15,0.00281366
Kiribati,1970,16,0.00307542
Kiribati,1970,17,0.00335837
Kiribati,1970,18,0.00365289
Kiribati,1970,19,0.00394615
Kiribati,1970,20,0.00422225
Kiribati,1970,21,0.00446321
Kiribati,1970,22,0.00465671
Kiribati,1970,23,0.00479598
Kiribati,1970,24,0.00488856
Kiribati,1970,25,0.00495223
Kiribati,1970,26,0.00500833
Kiribati,1970,27,0.00507857
Kiribati,1970,28,0.00517469
Kiribati,1970,29,0.00530168
Kiribati,1970,30,0.00545613
Kiribati,1970,31,0.00562873
Kiribati,1970,32,0.00581128
Kiribati,1970,33,0.00599717
Kiribati,1970,34,0.00618602
Kiribati,1970,35,0.00638162
Kiribati,1970,36,0.0065923
Kiribati,1970,37,0.00682846
Kiribati,1970,38,0.00709363
Kiribati,1970,39,0.00738651
Kiribati,1970,40,0.00769985
Kiribati,1970,41,0.00802396
Kiribati,1970,42,0.00835746
Kiribati,1970,43,0.00869686
Kiribati,1970,44,0.00905057
Kiribati,1970,45,0.00943701
Kiribati,1970,46,0.00988047
Kiribati,1970,47,0.01040585
Kiribati,1970,48,0.01102712
Kiribati,1970,49,0.01175112
Kiribati,1970,50,0.01256289
Kiribati,1970,51,0.0134337
Kiribati,1970,52,0.0143317
Kiribati,1970,53,0.01524736
Kiribati,1970,54,0.01619472
Kiribati,1970,55,0.01720186
Kiribati,1970,56,0.01832312
Kiribati,1970,57,0.01962526
Kiribati,1970,58,0.02113936
Kiribati,1970,59,0.02288653
Kiribati,1970,60,0.02488173
Kiribati,1970,61,0.0270903
Kiribati,1970,62,0.02945747
Kiribati,1970,63,0.03194845
Kiribati,1970,64,0.03452192
Kiribati,1970,65,0.03721967
Kiribati,1970,66,0.04012533
Kiribati,1970,67,0.04335097
Kiribati,1970,68,0.04701177
Kiribati,1970,69,0.05118486
Kiribati,1970,70,0.05594922
Kiribati,1970,71,0.06126614
Kiribati,1970,72,0.06718971
Kiribati,1970,73,0.07360339
Kiribati,1970,74,0.08048639
Kiribati,1970,75,0.0879844
Kiribati,1970,76,0.09613034
Kiribati,1970,77,0.10505192
Kiribati,1970,78,0.11473474
Kiribati,1970,79,0.12541535
Kiribati,1970,80,0.13707688
Kiribati,1970,81,0.1496074
Kiribati,1970,82,0.16323241
Kiribati,1970,83,0.17802925
Kiribati,1970,84,0.19378431
Kiribati,1970,85,0.21018335
Kiribati,1970,86,0.22696074
Kiribati,1970,87,0.24496038
Kiribati,1970,88,0.26468715
Kiribati,1970,89,0.28517259
Kiribati,1970,90,0.3058757
Kiribati,1970,91,0.32739235
Kiribati,1970,92,0.34898159
Kiribati,1970,93,0.36883658
Kiribati,1970,94,0.38976266
Kiribati,1970,95,0.41364259
Kiribati,1970,96,0.44006052
Kiribati,1970,97,0.4677454
Kiribati,1970,98,0.49266097
Kiribati,1970,99,0.51768057
Kiribati,1970,100,0.5704015
Kiribati,1971,0,0.10238574
Kiribati,1971,1,0.01930327
Kiribati,1971,2,0.01282824
Kiribati,1971,3,0.00863247
Kiribati,1971,4,0.00596122
Kiribati,1971,5,0.00428466
Kiribati,1971,6,0.00324925
Kiribati,1971,7,0.00262736
Kiribati,1971,8,0.00226886
Kiribati,1971,9,0.00208758
Kiribati,1971,10,0.00202771
Kiribati,1971,11,0.00205664
Kiribati,1971,12,0.00215354
Kiribati,1971,13,0.00230305
Kiribati,1971,14,0.00249575
Kiribati,1971,15,0.00272316
Kiribati,1971,16,0.00297886
Kiribati,1971,17,0.00325505
Kiribati,1971,18,0.00354166
Kiribati,1971,19,0.00382624
Kiribati,1971,20,0.00409381
Kiribati,1971,21,0.00432705
Kiribati,1971,22,0.00451455
Kiribati,1971,23,0.00465018
Kiribati,1971,24,0.00474076
Kiribati,1971,25,0.00480196
Kiribati,1971,26,0.0048554
Kiribati,1971,27,0.0049227
Kiribati,1971,28,0.00501527
Kiribati,1971,29,0.00513849
Kiribati,1971,30,0.00528857
Kiribati,1971,31,0.0054565
Kiribati,1971,32,0.00563439
Kiribati,1971,33,0.00581557
Kiribati,1971,34,0.00600028
Kiribati,1971,35,0.00619333
Kiribati,1971,36,0.00639992
Kiribati,1971,37,0.00663074
Kiribati,1971,38,0.00689233
Kiribati,1971,39,0.00718298
Kiribati,1971,40,0.00749573
Kiribati,1971,41,0.00781777
Kiribati,1971,42,0.00814419
Kiribati,1971,43,0.00848172
Kiribati,1971,44,0.00883678
Kiribati,1971,45,0.00922753
Kiribati,1971,46,0.00967458
Kiribati,1971,47,0.01020235
Kiribati,1971,48,0.01082195
Kiribati,1971,49,0.01153466
Kiribati,1971,50,0.01234036
Kiribati,1971,51,0.01320662
Kiribati,1971,52,0.01410397
Kiribati,1971,53,0.01500701
Kiribati,1971,54,0.01593011
Kiribati,1971,55,0.01693424
Kiribati,1971,56,0.01805505
Kiribati,1971,57,0.01934317
Kiribati,1971,58,0.02086293
Kiribati,1971,59,0.02260574
Kiribati,1971,60,0.0245584
Kiribati,1971,61,0.02671466
Kiribati,1971,62,0.02903273
Kiribati,1971,63,0.03148361
Kiribati,1971,64,0.03406956
Kiribati,1971,65,0.03677254
Kiribati,1971,66,0.0396804
Kiribati,1971,67,0.04290032
Kiribati,1971,68,0.04652752
Kiribati,1971,69,0.05065767
Kiribati,1971,70,0.05534338
Kiribati,1971,71,0.0606325
Kiribati,1971,72,0.06645758
Kiribati,1971,73,0.07288788
Kiribati,1971,74,0.07980118
Kiribati,1971,75,0.08722494
Kiribati,1971,76,0.09532461
Kiribati,1971,77,0.10420629
Kiribati,1971,78,0.11397082
Kiribati,1971,79,0.12453179
Kiribati,1971,80,0.13622532
Kiribati,1971,81,0.14888034
Kiribati,1971,82,0.16229101
Kiribati,1971,83,0.17683851
Kiribati,1971,84,0.19267784
Kiribati,1971,85,0.20957943
Kiribati,1971,86,0.22714948
Kiribati,1971,87,0.244593
Kiribati,1971,88,0.2631736
Kiribati,1971,89,0.28387189
Kiribati,1971,90,0.30527862
Kiribati,1971,91,0.32678587
Kiribati,1971,92,0.34902406
Kiribati,1971,93,0.37122696
Kiribati,1971,94,0.39148729
Kiribati,1971,95,0.41284837
Kiribati,1971,96,0.43726128
Kiribati,1971,97,0.46420491
Kiribati,1971,98,0.49232705
Kiribati,1971,99,0.51743786
Kiribati,1971,100,0.57036775
Kiribati,1972,0,0.09987168
Kiribati,1972,1,0.01867966
Kiribati,1972,2,0.01244232
Kiribati,1972,3,0.00840886
Kiribati,1972,4,0.00583924
Kiribati,1972,5,0.00422312
Kiribati,1972,6,0.00322255
Kiribati,1972,7,0.00261881
Kiribati,1972,8,0.00226648
Kiribati,1972,9,0.00208305
Kiribati,1972,10,0.00201634
Kiribati,1972,11,0.00203662
Kiribati,1972,12,0.00212541
Kiribati,1972,13,0.00226769
Kiribati,1972,14,0.00245303
Kiribati,1972,15,0.00267288
Kiribati,1972,16,0.00292131
Kiribati,1972,17,0.00319042
Kiribati,1972,18,0.00346946
Kiribati,1972,19,0.00374515
Kiribati,1972,20,0.00400377
Kiribati,1972,21,0.0042295
Kiribati,1972,22,0.00441107
Kiribati,1972,23,0.00454313
Kiribati,1972,24,0.00463278
Kiribati,1972,25,0.00469423
Kiribati,1972,26,0.00474685
Kiribati,1972,27,0.00481247
Kiribati,1972,28,0.00490269
Kiribati,1972,29,0.00502315
Kiribati,1972,30,0.00517042
Kiribati,1972,31,0.00533587
Kiribati,1972,32,0.00551124
Kiribati,1972,33,0.00568976
Kiribati,1972,34,0.00587141
Kiribati,1972,35,0.00606145
Kiribati,1972,36,0.00626719
Kiribati,1972,37,0.00649461
Kiribati,1972,38,0.00675046
Kiribati,1972,39,0.00703817
Kiribati,1972,40,0.00735124
Kiribati,1972,41,0.00767712
Kiribati,1972,42,0.00800535
Kiribati,1972,43,0.00833629
Kiribati,1972,44,0.00868934
Kiribati,1972,45,0.00908066
Kiribati,1972,46,0.0095301
Kiribati,1972,47,0.0100601
Kiribati,1972,48,0.01068379
Kiribati,1972,49,0.0113964
Kiribati,1972,50,0.01218733
Kiribati,1972,51,0.01304799
Kiribati,1972,52,0.01394823
Kiribati,1972,53,0.01486278
Kiribati,1972,54,0.01578273
Kiribati,1972,55,0.01675213
Kiribati,1972,56,0.01786414
Kiribati,1972,57,0.01915905
Kiribati,1972,58,0.02065744
Kiribati,1972,59,0.02241189
Kiribati,1972,60,0.02437605
Kiribati,1972,61,0.02649884
Kiribati,1972,62,0.0287741
Kiribati,1972,63,0.03116392
Kiribati,1972,64,0.03370257
Kiribati,1972,65,0.03644627
Kiribati,1972,66,0.03936411
Kiribati,1972,67,0.04259364
Kiribati,1972,68,0.04621856
Kiribati,1972,69,0.05030517
Kiribati,1972,70,0.05496595
Kiribati,1972,71,0.06015283
Kiribati,1972,72,0.0659375
Kiribati,1972,73,0.07226425
Kiribati,1972,74,0.0791687
Kiribati,1972,75,0.08666877
Kiribati,1972,76,0.09474834
Kiribati,1972,77,0.10357373
Kiribati,1972,78,0.11325984
Kiribati,1972,79,0.12391578
Kiribati,1972,80,0.13549297
Kiribati,1972,81,0.14822115
Kiribati,1972,82,0.16186618
Kiribati,1972,83,0.17611382
Kiribati,1972,84,0.1915527
Kiribati,1972,85,0.20851373
Kiribati,1972,86,0.22665792
Kiribati,1972,87,0.24553696
Kiribati,1972,88,0.26360794
Kiribati,1972,89,0.28262205
Kiribati,1972,90,0.30427564
Kiribati,1972,91,0.32654299
Kiribati,1972,92,0.34878028
Kiribati,1972,93,0.37167246
Kiribati,1972,94,0.39441168
Kiribati,1972,95,0.41506362
Kiribati,1972,96,0.43685627
Kiribati,1972,97,0.46173369
Kiribati,1972,98,0.4890652
Kiribati,1972,99,0.51737407
Kiribati,1972,100,0.5704277
Kiribati,1973,0,0.09748353
Kiribati,1973,1,0.01794372
Kiribati,1973,2,0.01197405
Kiribati,1973,3,0.00808917
Kiribati,1973,4,0.00560577
Kiribati,1973,5,0.00404111
Kiribati,1973,6,0.00307141
Kiribati,1973,7,0.00248695
Kiribati,1973,8,0.0021489
Kiribati,1973,9,0.0019773
Kiribati,1973,10,0.00192022
Kiribati,1973,11,0.00194738
Kiribati,1973,12,0.00203941
Kiribati,1973,13,0.00218227
Kiribati,1973,14,0.00236732
Kiribati,1973,15,0.00258614
Kiribati,1973,16,0.00283241
Kiribati,1973,17,0.00309845
Kiribati,1973,18,0.00337355
Kiribati,1973,19,0.00364404
Kiribati,1973,20,0.00389564
Kiribati,1973,21,0.00411498
Kiribati,1973,22,0.00429258
Kiribati,1973,23,0.00442197
Kiribati,1973,24,0.00451028
Kiribati,1973,25,0.00457164
Kiribati,1973,26,0.00462426
Kiribati,1973,27,0.00468784
Kiribati,1973,28,0.00477467
Kiribati,1973,29,0.00489096
Kiribati,1973,30,0.00503349
Kiribati,1973,31,0.00519495
Kiribati,1973,32,0.00536733
Kiribati,1973,33,0.0055426
Kiribati,1973,34,0.00572047
Kiribati,1973,35,0.00590563
Kiribati,1973,36,0.00610662
Kiribati,1973,37,0.00633228
Kiribati,1973,38,0.00658298
Kiribati,1973,39,0.00686303
Kiribati,1973,40,0.00717232
Kiribati,1973,41,0.0075002
Kiribati,1973,42,0.00783513
Kiribati,1973,43,0.00816868
Kiribati,1973,44,0.00851191
Kiribati,1973,45,0.00889703
Kiribati,1973,46,0.009343
Kiribati,1973,47,0.00987073
Kiribati,1973,48,0.01049272
Kiribati,1973,49,0.01120989
Kiribati,1973,50,0.01200024
Kiribati,1973,51,0.01283995
Kiribati,1973,52,0.01373239
Kiribati,1973,53,0.0146531
Kiribati,1973,54,0.01559213
Kiribati,1973,55,0.01656045
Kiribati,1973,56,0.01761575
Kiribati,1973,57,0.01888778
Kiribati,1973,58,0.02039568
Kiribati,1973,59,0.02211706
Kiribati,1973,60,0.0240961
Kiribati,1973,61,0.02623677
Kiribati,1973,62,0.02848375
Kiribati,1973,63,0.03084358
Kiribati,1973,64,0.03329818
Kiribati,1973,65,0.03597311
Kiribati,1973,66,0.03895306
Kiribati,1973,67,0.04218522
Kiribati,1973,68,0.04581528
Kiribati,1973,69,0.04990434
Kiribati,1973,70,0.05449442
Kiribati,1973,71,0.05966888
Kiribati,1973,72,0.06532585
Kiribati,1973,73,0.07156147
Kiribati,1973,74,0.0783842
Kiribati,1973,75,0.08582475
Kiribati,1973,76,0.09399762
Kiribati,1973,77,0.10285816
Kiribati,1973,78,0.11242565
Kiribati,1973,79,0.12298384
Kiribati,1973,80,0.13467181
Kiribati,1973,81,0.14728016
Kiribati,1973,82,0.16104067
Kiribati,1973,83,0.17565424
Kiribati,1973,84,0.19065392
Kiribati,1973,85,0.2068365
Kiribati,1973,86,0.22498851
Kiribati,1973,87,0.244378
Kiribati,1973,88,0.26465206
Kiribati,1973,89,0.2843203
Kiribati,1973,90,0.30367567
Kiribati,1973,91,0.32523538
Kiribati,1973,92,0.34824709
Kiribati,1973,93,0.37111676
Kiribati,1973,94,0.39456383
Kiribati,1973,95,0.41777449
Kiribati,1973,96,0.43877404
Kiribati,1973,97,0.46095102
Kiribati,1973,98,0.4862097
Kiribati,1973,99,0.51376621
Kiribati,1973,100,0.57020925
Kiribati,1974,0,0.09570982
Kiribati,1974,1,0.01746293
Kiribati,1974,2,0.01167112
Kiribati,1974,3,0.00789603
Kiribati,1974,4,0.00547892
Kiribati,1974,5,0.00395387
Kiribati,1974,6,0.00300764
Kiribati,1974,7,0.00243662
Kiribati,1974,8,0.00210593
Kiribati,1974,9,0.0019378
Kiribati,1974,10,0.00188167
Kiribati,1974,11,0.00190822
Kiribati,1974,12,0.00199849
Kiribati,1974,13,0.0021389
Kiribati,1974,14,0.00232106
Kiribati,1974,15,0.00253685
Kiribati,1974,16,0.00277986
Kiribati,1974,17,0.00304233
Kiribati,1974,18,0.00331385
Kiribati,1974,19,0.00358035
Kiribati,1974,20,0.00382631
Kiribati,1974,21,0.00403783
Kiribati,1974,22,0.00420956
Kiribati,1974,23,0.00433664
Kiribati,1974,24,0.004424
Kiribati,1974,25,0.00448538
Kiribati,1974,26,0.00453905
Kiribati,1974,27,0.00460343
Kiribati,1974,28,0.00468897
Kiribati,1974,29,0.00480299
Kiribati,1974,30,0.00494248
Kiribati,1974,31,0.00510026
Kiribati,1974,32,0.00527031
Kiribati,1974,33,0.00544499
Kiribati,1974,34,0.00562189
Kiribati,1974,35,0.00580477
Kiribati,1974,36,0.0060016
Kiribati,1974,37,0.00622286
Kiribati,1974,38,0.00647311
Kiribati,1974,39,0.00674874
Kiribati,1974,40,0.00705075
Kiribati,1974,41,0.00737606
Kiribati,1974,42,0.00771656
Kiribati,1974,43,0.00806307
Kiribati,1974,44,0.00841233
Kiribati,1974,45,0.0087848
Kiribati,1974,46,0.00922057
Kiribati,1974,47,0.00974281
Kiribati,1974,48,0.01036181
Kiribati,1974,49,0.01107736
Kiribati,1974,50,0.01187566
Kiribati,1974,51,0.01271956
Kiribati,1974,52,0.01359358
Kiribati,1974,53,0.01451068
Kiribati,1974,54,0.01545855
Kiribati,1974,55,0.01645568
Kiribati,1974,56,0.01752188
Kiribati,1974,57,0.01871746
Kiribati,1974,58,0.0201922
Kiribati,1974,59,0.0219353
Kiribati,1974,60,0.02388209
Kiribati,1974,61,0.02605057
Kiribati,1974,62,0.0283264
Kiribati,1974,63,0.03066338
Kiribati,1974,64,0.03311046
Kiribati,1974,65,0.03569014
Kiribati,1974,66,0.03857955
Kiribati,1974,67,0.04190585
Kiribati,1974,68,0.04555048
Kiribati,1974,69,0.04966498
Kiribati,1974,70,0.05427724
Kiribati,1974,71,0.05936794
Kiribati,1974,72,0.0650106
Kiribati,1974,73,0.07110833
Kiribati,1974,74,0.07783758
Kiribati,1974,75,0.0851792
Kiribati,1974,76,0.0932233
Kiribati,1974,77,0.10224821
Kiribati,1974,78,0.11196971
Kiribati,1974,79,0.122299
Kiribati,1974,80,0.1338667
Kiribati,1974,81,0.14662941
Kiribati,1974,82,0.16020829
Kiribati,1974,83,0.17496213
Kiribati,1974,84,0.19054184
Kiribati,1974,85,0.20630311
Kiribati,1974,86,0.22337098
Kiribati,1974,87,0.24286218
Kiribati,1974,88,0.2633747
Kiribati,1974,89,0.28514576
Kiribati,1974,90,0.30664688
Kiribati,1974,91,0.32623158
Kiribati,1974,92,0.34727752
Kiribati,1974,93,0.37096784
Kiribati,1974,94,0.39439706
Kiribati,1974,95,0.41835306
Kiribati,1974,96,0.4419995
Kiribati,1974,97,0.46333276
Kiribati,1974,98,0.48585128
Kiribati,1974,99,0.51131694
Kiribati,1974,100,0.56879337
Kiribati,1975,0,0.09424661
Kiribati,1975,1,0.01706518
Kiribati,1975,2,0.01142015
Kiribati,1975,3,0.00773595
Kiribati,1975,4,0.00537381
Kiribati,1975,5,0.00388137
Kiribati,1975,6,0.00295446
Kiribati,1975,7,0.00239462
Kiribati,1975,8,0.00207005
Kiribati,1975,9,0.00190481
Kiribati,1975,10,0.00184948
Kiribati,1975,11,0.00187543
Kiribati,1975,12,0.00196429
Kiribati,1975,13,0.0021027
Kiribati,1975,14,0.0022825
Kiribati,1975,15,0.0024957
Kiribati,1975,16,0.00273601
Kiribati,1975,17,0.00299549
Kiribati,1975,18,0.00326437
Kiribati,1975,19,0.00352884
Kiribati,1975,20,0.00377311
Kiribati,1975,21,0.00398174
Kiribati,1975,22,0.00414746
Kiribati,1975,23,0.00426957
Kiribati,1975,24,0.00435472
Kiribati,1975,25,0.00441475
Kiribati,1975,26,0.00446774
Kiribati,1975,27,0.0045321
Kiribati,1975,28,0.00461781
Kiribati,1975,29,0.00473074
Kiribati,1975,30,0.00486855
Kiribati,1975,31,0.00502403
Kiribati,1975,32,0.00519055
Kiribati,1975,33,0.00536311
Kiribati,1975,34,0.00554022
Kiribati,1975,35,0.00572274
Kiribati,1975,36,0.00591716
Kiribati,1975,37,0.00613324
Kiribati,1975,38,0.00637827
Kiribati,1975,39,0.00665468
Kiribati,1975,40,0.006953
Kiribati,1975,41,0.0072732
Kiribati,1975,42,0.00761435
Kiribati,1975,43,0.00796762
Kiribati,1975,44,0.00833348
Kiribati,1975,45,0.00871688
Kiribati,1975,46,0.00914002
Kiribati,1975,47,0.00964576
Kiribati,1975,48,0.01024911
Kiribati,1975,49,0.01095417
Kiribati,1975,50,0.01174828
Kiribati,1975,51,0.012605
Kiribati,1975,52,0.01349375
Kiribati,1975,53,0.01439739
Kiribati,1975,54,0.01534347
Kiribati,1975,55,0.01634852
Kiribati,1975,56,0.01744424
Kiribati,1975,57,0.01866039
Kiribati,1975,58,0.0200447
Kiribati,1975,59,0.02172642
Kiribati,1975,60,0.02368349
Kiribati,1975,61,0.02581057
Kiribati,1975,62,0.02811885
Kiribati,1975,63,0.0305166
Kiribati,1975,64,0.0329722
Kiribati,1975,65,0.03558326
Kiribati,1975,66,0.03839237
Kiribati,1975,67,0.04160412
Kiribati,1975,68,0.04536055
Kiribati,1975,69,0.04948938
Kiribati,1975,70,0.05413948
Kiribati,1975,71,0.05926077
Kiribati,1975,72,0.06484233
Kiribati,1975,73,0.07099694
Kiribati,1975,74,0.07758012
Kiribati,1975,75,0.08486498
Kiribati,1975,76,0.09285503
Kiribati,1975,77,0.10164008
Kiribati,1975,78,0.11152799
Kiribati,1975,79,0.12211651
Kiribati,1975,80,0.13343856
Kiribati,1975,81,0.14608396
Kiribati,1975,82,0.15981984
Kiribati,1975,83,0.1743371
Kiribati,1975,84,0.19002206
Kiribati,1975,85,0.20671021
Kiribati,1975,86,0.22331587
Kiribati,1975,87,0.24115013
Kiribati,1975,88,0.26172282
Kiribati,1975,89,0.2832593
Kiribati,1975,90,0.30600398
Kiribati,1975,91,0.32833772
Kiribati,1975,92,0.34855819
Kiribati,1975,93,0.37020589
Kiribati,1975,94,0.39449492
Kiribati,1975,95,0.41843978
Kiribati,1975,96,0.44286713
Kiribati,1975,97,0.46690726
Kiribati,1975,98,0.48856987
Kiribati,1975,99,0.51133925
Kiribati,1975,100,0.56732689
Kiribati,1976,0,0.09307301
Kiribati,1976,1,0.01675058
Kiribati,1976,2,0.01122144
Kiribati,1976,3,0.00760885
Kiribati,1976,4,0.00529036
Kiribati,1976,5,0.0038239
Kiribati,1976,6,0.00291219
Kiribati,1976,7,0.0023611
Kiribati,1976,8,0.00204148
Kiribati,1976,9,0.00187859
Kiribati,1976,10,0.00182389
Kiribati,1976,11,0.00184938
Kiribati,1976,12,0.00193702
Kiribati,1976,13,0.0020739
Kiribati,1976,14,0.00225184
Kiribati,1976,15,0.002463
Kiribati,1976,16,0.00270116
Kiribati,1976,17,0.00295834
Kiribati,1976,18,0.00322446
Kiribati,1976,19,0.00348704
Kiribati,1976,20,0.00373003
Kiribati,1976,21,0.00393758
Kiribati,1976,22,0.00410118
Kiribati,1976,23,0.00421862
Kiribati,1976,24,0.00430036
Kiribati,1976,25,0.00435878
Kiribati,1976,26,0.00441079
Kiribati,1976,27,0.00447456
Kiribati,1976,28,0.00455986
Kiribati,1976,29,0.00467273
Kiribati,1976,30,0.00480968
Kiribati,1976,31,0.00496424
Kiribati,1976,32,0.0051294
Kiribati,1976,33,0.00529891
Kiribati,1976,34,0.00547427
Kiribati,1976,35,0.00565758
Kiribati,1976,36,0.00585229
Kiribati,1976,37,0.00606597
Kiribati,1976,38,0.00630465
Kiribati,1976,39,0.00657434
Kiribati,1976,40,0.00687385
Kiribati,1976,41,0.00718921
Kiribati,1976,42,0.00752614
Kiribati,1976,43,0.00788426
Kiribati,1976,44,0.00825928
Kiribati,1976,45,0.00866014
Kiribati,1976,46,0.00909593
Kiribati,1976,47,0.00958979
Kiribati,1976,48,0.01017491
Kiribati,1976,49,0.01085954
Kiribati,1976,50,0.01163872
Kiribati,1976,51,0.01248762
Kiribati,1976,52,0.01338495
Kiribati,1976,53,0.01430895
Kiribati,1976,54,0.01525352
Kiribati,1976,55,0.0162604
Kiribati,1976,56,0.01736413
Kiribati,1976,57,0.01861087
Kiribati,1976,58,0.02001533
Kiribati,1976,59,0.0216078
Kiribati,1976,60,0.02349126
Kiribati,1976,61,0.02562585
Kiribati,1976,62,0.02789753
Kiribati,1976,63,0.03032403
Kiribati,1976,64,0.03284924
Kiribati,1976,65,0.03546809
Kiribati,1976,66,0.03831979
Kiribati,1976,67,0.04146143
Kiribati,1976,68,0.04508713
Kiribati,1976,69,0.04933981
Kiribati,1976,70,0.05399425
Kiribati,1976,71,0.0591765
Kiribati,1976,72,0.06480782
Kiribati,1976,73,0.07088151
Kiribati,1976,74,0.07754539
Kiribati,1976,75,0.08467709
Kiribati,1976,76,0.09259132
Kiribati,1976,77,0.10132434
Kiribati,1976,78,0.11098251
Kiribati,1976,79,0.12181114
Kiribati,1976,80,0.13331381
Kiribati,1976,81,0.14562568
Kiribati,1976,82,0.15933191
Kiribati,1976,83,0.17401374
Kiribati,1976,84,0.18959875
Kiribati,1976,85,0.20642179
Kiribati,1976,86,0.2241802
Kiribati,1976,87,0.24172996
Kiribati,1976,88,0.26025797
Kiribati,1976,89,0.28159356
Kiribati,1976,90,0.3041011
Kiribati,1976,91,0.32774084
Kiribati,1976,92,0.35082659
Kiribati,1976,93,0.37160107
Kiribati,1976,94,0.39376432
Kiribati,1976,95,0.41859593
Kiribati,1976,96,0.44300749
Kiribati,1976,97,0.46783517
Kiribati,1976,98,0.492183
Kiribati,1976,99,0.51404284
Kiribati,1976,100,0.56656732
Kiribati,1977,0,0.0930363
Kiribati,1977,1,0.01724521
Kiribati,1977,2,0.01164293
Kiribati,1977,3,0.0079843
Kiribati,1977,4,0.00561767
Kiribati,1977,5,0.00410312
Kiribati,1977,6,0.00315152
Kiribati,1977,7,0.00257468
Kiribati,1977,8,0.00223772
Kiribati,1977,9,0.00205828
Kiribati,1977,10,0.00198959
Kiribati,1977,11,0.00200515
Kiribati,1977,12,0.00208825
Kiribati,1977,13,0.00222505
Kiribati,1977,14,0.00240506
Kiribati,1977,15,0.00261934
Kiribati,1977,16,0.00286083
Kiribati,1977,17,0.0031206
Kiribati,1977,18,0.0033906
Kiribati,1977,19,0.00365947
Kiribati,1977,20,0.00391162
Kiribati,1977,21,0.0041287
Kiribati,1977,22,0.00429998
Kiribati,1977,23,0.00442299
Kiribati,1977,24,0.00450809
Kiribati,1977,25,0.00457055
Kiribati,1977,26,0.00462745
Kiribati,1977,27,0.00469651
Kiribati,1977,28,0.00478728
Kiribati,1977,29,0.00490565
Kiribati,1977,30,0.00504878
Kiribati,1977,31,0.00520904
Kiribati,1977,32,0.00538012
Kiribati,1977,33,0.00555525
Kiribati,1977,34,0.00573401
Kiribati,1977,35,0.00592154
Kiribati,1977,36,0.00612301
Kiribati,1977,37,0.00634314
Kiribati,1977,38,0.00658487
Kiribati,1977,39,0.00685171
Kiribati,1977,40,0.00714752
Kiribati,1977,41,0.00746998
Kiribati,1977,42,0.00780711
Kiribati,1977,43,0.00816899
Kiribati,1977,44,0.00856038
Kiribati,1977,45,0.00898001
Kiribati,1977,46,0.00944193
Kiribati,1977,47,0.00995673
Kiribati,1977,48,0.01053496
Kiribati,1977,49,0.01120454
Kiribati,1977,50,0.01196253
Kiribati,1977,51,0.01279432
Kiribati,1977,52,0.01368557
Kiribati,1977,53,0.01462356
Kiribati,1977,54,0.01560637
Kiribati,1977,55,0.01663527
Kiribati,1977,56,0.01776265
Kiribati,1977,57,0.01904105
Kiribati,1977,58,0.02049411
Kiribati,1977,59,0.02212063
Kiribati,1977,60,0.02393203
Kiribati,1977,61,0.02600237
Kiribati,1977,62,0.02830295
Kiribati,1977,63,0.03071724
Kiribati,1977,64,0.03329624
Kiribati,1977,65,0.03603183
Kiribati,1977,66,0.03892762
Kiribati,1977,67,0.04213483
Kiribati,1977,68,0.04571322
Kiribati,1977,69,0.04986869
Kiribati,1977,70,0.05469059
Kiribati,1977,71,0.0599045
Kiribati,1977,72,0.06558165
Kiribati,1977,73,0.07165817
Kiribati,1977,74,0.07816531
Kiribati,1977,75,0.08529528
Kiribati,1977,76,0.09299651
Kiribati,1977,77,0.10166954
Kiribati,1977,78,0.11141933
Kiribati,1977,79,0.12226641
Kiribati,1977,80,0.13425592
Kiribati,1977,81,0.1468075
Kiribati,1977,82,0.16022483
Kiribati,1977,83,0.17503455
Kiribati,1977,84,0.19068844
Kiribati,1977,85,0.20746188
Kiribati,1977,86,0.22513546
Kiribati,1977,87,0.24348434
Kiribati,1977,88,0.26253934
Kiribati,1977,89,0.282734
Kiribati,1977,90,0.30529951
Kiribati,1977,91,0.3280672
Kiribati,1977,92,0.35175103
Kiribati,1977,93,0.37558373
Kiribati,1977,94,0.39721919
Kiribati,1977,95,0.42028302
Kiribati,1977,96,0.44584836
Kiribati,1977,97,0.47082675
Kiribati,1977,98,0.49587252
Kiribati,1977,99,0.52005623
Kiribati,1977,100,0.56923822
Kiribati,1978,0,0.09106904
Kiribati,1978,1,0.0162004
Kiribati,1978,2,0.01087363
Kiribati,1978,3,0.00738638
Kiribati,1978,4,0.00514387
Kiribati,1978,5,0.00372294
Kiribati,1978,6,0.00283806
Kiribati,1978,7,0.00230233
Kiribati,1978,8,0.0019912
Kiribati,1978,9,0.00183247
Kiribati,1978,10,0.00177907
Kiribati,1978,11,0.00180384
Kiribati,1978,12,0.00188943
Kiribati,1978,13,0.00202348
Kiribati,1978,14,0.00219824
Kiribati,1978,15,0.00240597
Kiribati,1978,16,0.00264041
Kiribati,1978,17,0.00289357
Kiribati,1978,18,0.00315524
Kiribati,1978,19,0.00341256
Kiribati,1978,20,0.00365104
Kiribati,1978,21,0.00385628
Kiribati,1978,22,0.0040176
Kiribati,1978,23,0.00413213
Kiribati,1978,24,0.00420983
Kiribati,1978,25,0.00426406
Kiribati,1978,26,0.00431319
Kiribati,1978,27,0.00437462
Kiribati,1978,28,0.00445779
Kiribati,1978,29,0.00456834
Kiribati,1978,30,0.00470361
Kiribati,1978,31,0.00485722
Kiribati,1978,32,0.0050215
Kiribati,1978,33,0.00519069
Kiribati,1978,34,0.00536377
Kiribati,1978,35,0.00554304
Kiribati,1978,36,0.00573677
Kiribati,1978,37,0.00595177
Kiribati,1978,38,0.0061892
Kiribati,1978,39,0.006449
Kiribati,1978,40,0.00672961
Kiribati,1978,41,0.0070344
Kiribati,1978,42,0.00736585
Kiribati,1978,43,0.00771339
Kiribati,1978,44,0.00809606
Kiribati,1978,45,0.00852083
Kiribati,1978,46,0.0089872
Kiribati,1978,47,0.00951552
Kiribati,1978,48,0.01010696
Kiribati,1978,49,0.01076096
Kiribati,1978,50,0.01149428
Kiribati,1978,51,0.01229147
Kiribati,1978,52,0.01314358
Kiribati,1978,53,0.01404866
Kiribati,1978,54,0.01501764
Kiribati,1978,55,0.016069
Kiribati,1978,56,0.01720231
Kiribati,1978,57,0.01847322
Kiribati,1978,58,0.01992856
Kiribati,1978,59,0.02157133
Kiribati,1978,60,0.02337697
Kiribati,1978,61,0.0253327
Kiribati,1978,62,0.0275083
Kiribati,1978,63,0.02989484
Kiribati,1978,64,0.03239532
Kiribati,1978,65,0.03510416
Kiribati,1978,66,0.0380538
Kiribati,1978,67,0.0412546
Kiribati,1978,68,0.04485931
Kiribati,1978,69,0.04890621
Kiribati,1978,70,0.05356573
Kiribati,1978,71,0.05888728
Kiribati,1978,72,0.06461078
Kiribati,1978,73,0.07076563
Kiribati,1978,74,0.07735183
Kiribati,1978,75,0.08449245
Kiribati,1978,76,0.09232238
Kiribati,1978,77,0.1008073
Kiribati,1978,78,0.11042045
Kiribati,1978,79,0.12103071
Kiribati,1978,80,0.13273329
Kiribati,1978,81,0.14554111
Kiribati,1978,82,0.15864216
Kiribati,1978,83,0.17266546
Kiribati,1978,84,0.18843244
Kiribati,1978,85,0.2051273
Kiribati,1978,86,0.22261589
Kiribati,1978,87,0.24096924
Kiribati,1978,88,0.26003722
Kiribati,1978,89,0.27971284
Kiribati,1978,90,0.30042064
Kiribati,1978,91,0.3239311
Kiribati,1978,92,0.35016149
Kiribati,1978,93,0.37500149
Kiribati,1978,94,0.39762158
Kiribati,1978,95,0.41931037
Kiribati,1978,96,0.44238477
Kiribati,1978,97,0.46812309
Kiribati,1978,98,0.49323485
Kiribati,1978,99,0.51850078
Kiribati,1978,100,0.56923937
Kiribati,1979,0,0.09006908
Kiribati,1979,1,0.01592912
Kiribati,1979,2,0.0107019
Kiribati,1979,3,0.00727645
Kiribati,1979,4,0.0050715
Kiribati,1979,5,0.00367301
Kiribati,1979,6,0.00280135
Kiribati,1979,7,0.00227319
Kiribati,1979,8,0.00196625
Kiribati,1979,9,0.00180957
Kiribati,1979,10,0.00175682
Kiribati,1979,11,0.00178128
Kiribati,1979,12,0.00186589
Kiribati,1979,13,0.00199856
Kiribati,1979,14,0.00217171
Kiribati,1979,15,0.00237775
Kiribati,1979,16,0.00261037
Kiribati,1979,17,0.00286154
Kiribati,1979,18,0.00312105
Kiribati,1979,19,0.00337579
Kiribati,1979,20,0.00361165
Kiribati,1979,21,0.00381376
Kiribati,1979,22,0.00397388
Kiribati,1979,23,0.00408728
Kiribati,1979,24,0.0041635
Kiribati,1979,25,0.00421754
Kiribati,1979,26,0.00426571
Kiribati,1979,27,0.00432585
Kiribati,1979,28,0.00440757
Kiribati,1979,29,0.00451674
Kiribati,1979,30,0.00465044
Kiribati,1979,31,0.00480237
Kiribati,1979,32,0.00496633
Kiribati,1979,33,0.00513491
Kiribati,1979,34,0.00530877
Kiribati,1979,35,0.00548933
Kiribati,1979,36,0.00568124
Kiribati,1979,37,0.00589461
Kiribati,1979,38,0.00613218
Kiribati,1979,39,0.0063937
Kiribati,1979,40,0.00667368
Kiribati,1979,41,0.00696671
Kiribati,1979,42,0.00728225
Kiribati,1979,43,0.00762731
Kiribati,1979,44,0.00800006
Kiribati,1979,45,0.00842775
Kiribati,1979,46,0.00891152
Kiribati,1979,47,0.00945174
Kiribati,1979,48,0.0100651
Kiribati,1979,49,0.01074152
Kiribati,1979,50,0.01146508
Kiribati,1979,51,0.01224257
Kiribati,1979,52,0.01306265
Kiribati,1979,53,0.01392725
Kiribati,1979,54,0.01485991
Kiribati,1979,55,0.01589769
Kiribati,1979,56,0.01707505
Kiribati,1979,57,0.0183769
Kiribati,1979,58,0.01983859
Kiribati,1979,59,0.02150491
Kiribati,1979,60,0.02335531
Kiribati,1979,61,0.02532897
Kiribati,1979,62,0.02741291
Kiribati,1979,63,0.02969261
Kiribati,1979,64,0.03219011
Kiribati,1979,65,0.0348407
Kiribati,1979,66,0.03778096
Kiribati,1979,67,0.04107978
Kiribati,1979,68,0.04470752
Kiribati,1979,69,0.04880063
Kiribati,1979,70,0.0533854
Kiribati,1979,71,0.05857966
Kiribati,1979,72,0.06442248
Kiribati,1979,73,0.07063753
Kiribati,1979,74,0.07730003
Kiribati,1979,75,0.08439732
Kiribati,1979,76,0.09216451
Kiribati,1979,77,0.10072246
Kiribati,1979,78,0.11004689
Kiribati,1979,79,0.1207627
Kiribati,1979,80,0.13234153
Kiribati,1979,81,0.14507358
Kiribati,1979,82,0.15889059
Kiribati,1979,83,0.17266891
Kiribati,1979,84,0.18736419
Kiribati,1979,85,0.20417974
Kiribati,1979,86,0.22205314
Kiribati,1979,87,0.24014859
Kiribati,1979,88,0.25885758
Kiribati,1979,89,0.27830377
Kiribati,1979,90,0.29804241
Kiribati,1979,91,0.31801525
Kiribati,1979,92,0.3410051
Kiribati,1979,93,0.37692973
Kiribati,1979,94,0.40195486
Kiribati,1979,95,0.42183076
Kiribati,1979,96,0.44391199
Kiribati,1979,97,0.46736776
Kiribati,1979,98,0.49341959
Kiribati,1979,99,0.51866979
Kiribati,1979,100,0.57068427
Kiribati,1980,0,0.08900433
Kiribati,1980,1,0.01563789
Kiribati,1980,2,0.010517
Kiribati,1980,3,0.00715799
Kiribati,1980,4,0.00499346
Kiribati,1980,5,0.00361921
Kiribati,1980,6,0.00276179
Kiribati,1980,7,0.00224176
Kiribati,1980,8,0.00193929
Kiribati,1980,9,0.00178478
Kiribati,1980,10,0.00173275
Kiribati,1980,11,0.00175694
Kiribati,1980,12,0.00184057
Kiribati,1980,13,0.00197179
Kiribati,1980,14,0.00214318
Kiribati,1980,15,0.00234732
Kiribati,1980,16,0.00257799
Kiribati,1980,17,0.00282703
Kiribati,1980,18,0.00308453
Kiribati,1980,19,0.00333732
Kiribati,1980,20,0.00357086
Kiribati,1980,21,0.00377081
Kiribati,1980,22,0.00392846
Kiribati,1980,23,0.00404071
Kiribati,1980,24,0.00411492
Kiribati,1980,25,0.00416637
Kiribati,1980,26,0.0042135
Kiribati,1980,27,0.00427264
Kiribati,1980,28,0.00435316
Kiribati,1980,29,0.00446064
Kiribati,1980,30,0.00459257
Kiribati,1980,31,0.00474261
Kiribati,1980,32,0.00490459
Kiribati,1980,33,0.00507266
Kiribati,1980,34,0.0052448
Kiribati,1980,35,0.00542532
Kiribati,1980,36,0.00561858
Kiribati,1980,37,0.00582998
Kiribati,1980,38,0.00606661
Kiribati,1980,39,0.00632927
Kiribati,1980,40,0.00661332
Kiribati,1980,41,0.00690995
Kiribati,1980,42,0.00721634
Kiribati,1980,43,0.00754595
Kiribati,1980,44,0.00791351
Kiribati,1980,45,0.00832031
Kiribati,1980,46,0.00879723
Kiribati,1980,47,0.0093495
Kiribati,1980,48,0.00996946
Kiribati,1980,49,0.01066814
Kiribati,1980,50,0.01142307
Kiribati,1980,51,0.01220378
Kiribati,1980,52,0.01302508
Kiribati,1980,53,0.01387232
Kiribati,1980,54,0.01476287
Kiribati,1980,55,0.015752
Kiribati,1980,56,0.01688274
Kiribati,1980,57,0.01819638
Kiribati,1980,58,0.01967451
Kiribati,1980,59,0.02135127
Kiribati,1980,60,0.02324493
Kiribati,1980,61,0.02528616
Kiribati,1980,62,0.0274095
Kiribati,1980,63,0.02961429
Kiribati,1980,64,0.03202547
Kiribati,1980,65,0.0346936
Kiribati,1980,66,0.03754992
Kiribati,1980,67,0.04079897
Kiribati,1980,68,0.04450181
Kiribati,1980,69,0.04861032
Kiribati,1980,70,0.05322533
Kiribati,1980,71,0.05830768
Kiribati,1980,72,0.06402743
Kiribati,1980,73,0.07039702
Kiribati,1980,74,0.07712228
Kiribati,1980,75,0.0843455
Kiribati,1980,76,0.0920742
Kiribati,1980,77,0.10058769
Kiribati,1980,78,0.11001058
Kiribati,1980,79,0.12028405
Kiribati,1980,80,0.13200773
Kiribati,1980,81,0.14458577
Kiribati,1980,82,0.15829034
Kiribati,1980,83,0.17306253
Kiribati,1980,84,0.18768849
Kiribati,1980,85,0.20321611
Kiribati,1980,86,0.22101467
Kiribati,1980,87,0.23991154
Kiribati,1980,88,0.25897951
Kiribati,1980,89,0.27863062
Kiribati,1980,90,0.29898428
Kiribati,1980,91,0.31954194
Kiribati,1980,92,0.34022415
Kiribati,1980,93,0.36387833
Kiribati,1980,94,0.40076983
Kiribati,1980,95,0.42635237
Kiribati,1980,96,0.44651969
Kiribati,1980,97,0.46894516
Kiribati,1980,98,0.49271048
Kiribati,1980,99,0.51890138
Kiribati,1980,100,0.57155163
Kiribati,1981,0,0.08781002
Kiribati,1981,1,0.0153166
Kiribati,1981,2,0.01031297
Kiribati,1981,3,0.00702683
Kiribati,1981,4,0.00490707
Kiribati,1981,5,0.00355962
Kiribati,1981,6,0.00271805
Kiribati,1981,7,0.00220708
Kiribati,1981,8,0.00190957
Kiribati,1981,9,0.00175741
Kiribati,1981,10,0.00170611
Kiribati,1981,11,0.00172995
Kiribati,1981,12,0.00181247
Kiribati,1981,13,0.00194209
Kiribati,1981,14,0.00211154
Kiribati,1981,15,0.00231357
Kiribati,1981,16,0.00254201
Kiribati,1981,17,0.00278873
Kiribati,1981,18,0.0030435
Kiribati,1981,19,0.00329365
Kiribati,1981,20,0.0035247
Kiribati,1981,21,0.00372194
Kiribati,1981,22,0.00387718
Kiribati,1981,23,0.00398711
Kiribati,1981,24,0.00406073
Kiribati,1981,25,0.00411071
Kiribati,1981,26,0.00415587
Kiribati,1981,27,0.00421395
Kiribati,1981,28,0.00429307
Kiribati,1981,29,0.00439886
Kiribati,1981,30,0.00452858
Kiribati,1981,31,0.0046765
Kiribati,1981,32,0.00483649
Kiribati,1981,33,0.00500271
Kiribati,1981,34,0.00517494
Kiribati,1981,35,0.00535392
Kiribati,1981,36,0.00554711
Kiribati,1981,37,0.00575998
Kiribati,1981,38,0.00599416
Kiribati,1981,39,0.0062548
Kiribati,1981,40,0.0065384
Kiribati,1981,41,0.00683812
Kiribati,1981,42,0.00714815
Kiribati,1981,43,0.00746724
Kiribati,1981,44,0.00781961
Kiribati,1981,45,0.00822603
Kiribati,1981,46,0.0086858
Kiribati,1981,47,0.00923382
Kiribati,1981,48,0.00986864
Kiribati,1981,49,0.01057123
Kiribati,1981,50,0.01134287
Kiribati,1981,51,0.01215166
Kiribati,1981,52,0.01296356
Kiribati,1981,53,0.01380747
Kiribati,1981,54,0.01468747
Kiribati,1981,55,0.01563815
Kiribati,1981,56,0.01673112
Kiribati,1981,57,0.0180109
Kiribati,1981,58,0.01951098
Kiribati,1981,59,0.02119691
Kiribati,1981,60,0.02307221
Kiribati,1981,61,0.02513306
Kiribati,1981,62,0.02731459
Kiribati,1981,63,0.0295556
Kiribati,1981,64,0.03188383
Kiribati,1981,65,0.03445798
Kiribati,1981,66,0.03736443
Kiribati,1981,67,0.04054345
Kiribati,1981,68,0.04421211
Kiribati,1981,69,0.04839912
Kiribati,1981,70,0.05300961
Kiribati,1981,71,0.05811875
Kiribati,1981,72,0.063679
Kiribati,1981,73,0.06988787
Kiribati,1981,74,0.07676503
Kiribati,1981,75,0.08404322
Kiribati,1981,76,0.09192675
Kiribati,1981,77,0.100422
Kiribati,1981,78,0.10972848
Kiribati,1981,79,0.12012251
Kiribati,1981,80,0.13148589
Kiribati,1981,81,0.14420918
Kiribati,1981,82,0.15775453
Kiribati,1981,83,0.17240221
Kiribati,1981,84,0.18810785
Kiribati,1981,85,0.20357076
Kiribati,1981,86,0.21995112
Kiribati,1981,87,0.23877816
Kiribati,1981,88,0.25872391
Kiribati,1981,89,0.2787569
Kiribati,1981,90,0.2993216
Kiribati,1981,91,0.32050852
Kiribati,1981,92,0.3417842
Kiribati,1981,93,0.36309359
Kiribati,1981,94,0.38733871
Kiribati,1981,95,0.4251336
Kiribati,1981,96,0.45120739
Kiribati,1981,97,0.47162368
Kiribati,1981,98,0.49433087
Kiribati,1981,99,0.51825786
Kiribati,1981,100,0.57214469
Kiribati,1982,0,0.08647599
Kiribati,1982,1,0.01495956
Kiribati,1982,2,0.01008616
Kiribati,1982,3,0.00688093
Kiribati,1982,4,0.00481056
Kiribati,1982,5,0.00349304
Kiribati,1982,6,0.0026691
Kiribati,1982,7,0.00216833
Kiribati,1982,8,0.00187642
Kiribati,1982,9,0.0017269
Kiribati,1982,10,0.00167637
Kiribati,1982,11,0.00169978
Kiribati,1982,12,0.00178104
Kiribati,1982,13,0.00190887
Kiribati,1982,14,0.00207617
Kiribati,1982,15,0.00227581
Kiribati,1982,16,0.00250167
Kiribati,1982,17,0.00274568
Kiribati,1982,18,0.00299768
Kiribati,1982,19,0.00324452
Kiribati,1982,20,0.00347257
Kiribati,1982,21,0.00366709
Kiribati,1982,22,0.00381957
Kiribati,1982,23,0.00392743
Kiribati,1982,24,0.00399903
Kiribati,1982,25,0.00404853
Kiribati,1982,26,0.0040923
Kiribati,1982,27,0.00414842
Kiribati,1982,28,0.00422615
Kiribati,1982,29,0.00433009
Kiribati,1982,30,0.00445761
Kiribati,1982,31,0.00460285
Kiribati,1982,32,0.00476039
Kiribati,1982,33,0.00492457
Kiribati,1982,34,0.00509505
Kiribati,1982,35,0.00527436
Kiribati,1982,36,0.00546561
Kiribati,1982,37,0.00567801
Kiribati,1982,38,0.00591372
Kiribati,1982,39,0.00617171
Kiribati,1982,40,0.00645309
Kiribati,1982,41,0.00675214
Kiribati,1982,42,0.00706607
Kiribati,1982,43,0.00739041
Kiribati,1982,44,0.00773108
Kiribati,1982,45,0.00812073
Kiribati,1982,46,0.00857978
Kiribati,1982,47,0.00910842
Kiribati,1982,48,0.00973725
Kiribati,1982,49,0.01045427
Kiribati,1982,50,0.01122733
Kiribati,1982,51,0.01205215
Kiribati,1982,52,0.01289953
Kiribati,1982,53,0.01373681
Kiribati,1982,54,0.01461136
Kiribati,1982,55,0.01555035
Kiribati,1982,56,0.0166008
Kiribati,1982,57,0.017838
Kiribati,1982,58,0.01929986
Kiribati,1982,59,0.02100695
Kiribati,1982,60,0.02288961
Kiribati,1982,61,0.02492954
Kiribati,1982,62,0.02713108
Kiribati,1982,63,0.02943443
Kiribati,1982,64,0.03180362
Kiribati,1982,65,0.0342909
Kiribati,1982,66,0.03709653
Kiribati,1982,67,0.04034001
Kiribati,1982,68,0.04393306
Kiribati,1982,69,0.04806954
Kiribati,1982,70,0.0527589
Kiribati,1982,71,0.05786061
Kiribati,1982,72,0.06344551
Kiribati,1982,73,0.06948624
Kiribati,1982,74,0.07618922
Kiribati,1982,75,0.08362779
Kiribati,1982,76,0.09157298
Kiribati,1982,77,0.10023402
Kiribati,1982,78,0.10951914
Kiribati,1982,79,0.11978933
Kiribati,1982,80,0.13127333
Kiribati,1982,81,0.14363415
Kiribati,1982,82,0.15732576
Kiribati,1982,83,0.17180449
Kiribati,1982,84,0.18736997
Kiribati,1982,85,0.20402598
Kiribati,1982,86,0.22033701
Kiribati,1982,87,0.2376158
Kiribati,1982,88,0.25750565
Kiribati,1982,89,0.27848209
Kiribati,1982,90,0.29944768
Kiribati,1982,91,0.32085276
Kiribati,1982,92,0.34277364
Kiribati,1982,93,0.36468768
Kiribati,1982,94,0.38655611
Kiribati,1982,95,0.41137679
Kiribati,1982,96,0.44997233
Kiribati,1982,97,0.47644689
Kiribati,1982,98,0.49706407
Kiribati,1982,99,0.51991783
Kiribati,1982,100,0.57222853
Kiribati,1983,0,0.08499497
Kiribati,1983,1,0.01456681
Kiribati,1983,2,0.00983627
Kiribati,1983,3,0.00672018
Kiribati,1983,4,0.0047041
Kiribati,1983,5,0.00341935
Kiribati,1983,6,0.00261501
Kiribati,1983,7,0.00212539
Kiribati,1983,8,0.00183969
Kiribati,1983,9,0.00169315
Kiribati,1983,10,0.00164349
Kiribati,1983,11,0.00166638
Kiribati,1983,12,0.00174622
Kiribati,1983,13,0.00187206
Kiribati,1983,14,0.00203695
Kiribati,1983,15,0.0022339
Kiribati,1983,16,0.00245689
Kiribati,1983,17,0.00269775
Kiribati,1983,18,0.00294647
Kiribati,1983,19,0.0031901
Kiribati,1983,20,0.00341441
Kiribati,1983,21,0.00360579
Kiribati,1983,22,0.00375554
Kiribati,1983,23,0.00386093
Kiribati,1983,24,0.00393078
Kiribati,1983,25,0.00397859
Kiribati,1983,26,0.00402189
Kiribati,1983,27,0.00407651
Kiribati,1983,28,0.00415205
Kiribati,1983,29,0.004254
Kiribati,1983,30,0.00437911
Kiribati,1983,31,0.00452177
Kiribati,1983,32,0.00467639
Kiribati,1983,33,0.00483803
Kiribati,1983,34,0.00500645
Kiribati,1983,35,0.00518393
Kiribati,1983,36,0.0053756
Kiribati,1983,37,0.00558583
Kiribati,1983,38,0.00582086
Kiribati,1983,39,0.00607996
Kiribati,1983,40,0.0063583
Kiribati,1983,41,0.00665564
Kiribati,1983,42,0.00696872
Kiribati,1983,43,0.00729786
Kiribati,1983,44,0.00764534
Kiribati,1983,45,0.0080218
Kiribati,1983,46,0.00846215
Kiribati,1983,47,0.00898896
Kiribati,1983,48,0.00959548
Kiribati,1983,49,0.01030426
Kiribati,1983,50,0.01109153
Kiribati,1983,51,0.01191759
Kiribati,1983,52,0.01278331
Kiribati,1983,53,0.01365875
Kiribati,1983,54,0.0145268
Kiribati,1983,55,0.01546295
Kiribati,1983,56,0.01649945
Kiribati,1983,57,0.01768834
Kiribati,1983,58,0.01910182
Kiribati,1983,59,0.02076065
Kiribati,1983,60,0.02266285
Kiribati,1983,61,0.02471442
Kiribati,1983,62,0.02689337
Kiribati,1983,63,0.02921854
Kiribati,1983,64,0.03164596
Kiribati,1983,65,0.03417852
Kiribati,1983,66,0.03690257
Kiribati,1983,67,0.04003636
Kiribati,1983,68,0.04369587
Kiribati,1983,69,0.0477497
Kiribati,1983,70,0.0523831
Kiribati,1983,71,0.05756363
Kiribati,1983,72,0.06313874
Kiribati,1983,73,0.06920252
Kiribati,1983,74,0.07572781
Kiribati,1983,75,0.08297871
Kiribati,1983,76,0.09109454
Kiribati,1983,77,0.0998241
Kiribati,1983,78,0.10933858
Kiribati,1983,79,0.11958186
Kiribati,1983,80,0.13088492
Kiribati,1983,81,0.14336832
Kiribati,1983,82,0.15669039
Kiribati,1983,83,0.17131992
Kiribati,1983,84,0.18670236
Kiribati,1983,85,0.20320322
Kiribati,1983,86,0.22083649
Kiribati,1983,87,0.23803297
Kiribati,1983,88,0.25626131
Kiribati,1983,89,0.27719831
Kiribati,1983,90,0.29915991
Kiribati,1983,91,0.32098219
Kiribati,1983,92,0.34312984
Kiribati,1983,93,0.36570633
Kiribati,1983,94,0.38819151
Kiribati,1983,95,0.41061216
Kiribati,1983,96,0.43600588
Kiribati,1983,97,0.4752242
Kiribati,1983,98,0.50198484
Kiribati,1983,99,0.52269093
Kiribati,1983,100,0.57304675
Kiribati,1984,0,0.08336938
Kiribati,1984,1,0.01413963
Kiribati,1984,2,0.00956402
Kiribati,1984,3,0.00654479
Kiribati,1984,4,0.00458802
Kiribati,1984,5,0.0033388
Kiribati,1984,6,0.00255561
Kiribati,1984,7,0.0020784
Kiribati,1984,8,0.00179945
Kiribati,1984,9,0.00165617
Kiribati,1984,10,0.0016075
Kiribati,1984,11,0.00162982
Kiribati,1984,12,0.00170807
Kiribati,1984,13,0.0018317
Kiribati,1984,14,0.00199392
Kiribati,1984,15,0.00218789
Kiribati,1984,16,0.00240762
Kiribati,1984,17,0.00264503
Kiribati,1984,18,0.00289004
Kiribati,1984,19,0.00312981
Kiribati,1984,20,0.00335048
Kiribati,1984,21,0.003538
Kiribati,1984,22,0.00368499
Kiribati,1984,23,0.00378803
Kiribati,1984,24,0.00385572
Kiribati,1984,25,0.0039021
Kiribati,1984,26,0.00394383
Kiribati,1984,27,0.00399759
Kiribati,1984,28,0.00407126
Kiribati,1984,29,0.00417058
Kiribati,1984,30,0.0042932
Kiribati,1984,31,0.00443308
Kiribati,1984,32,0.00458495
Kiribati,1984,33,0.00474358
Kiribati,1984,34,0.00490932
Kiribati,1984,35,0.00508478
Kiribati,1984,36,0.00527441
Kiribati,1984,37,0.00548478
Kiribati,1984,38,0.00571708
Kiribati,1984,39,0.0059753
Kiribati,1984,40,0.00625516
Kiribati,1984,41,0.00654997
Kiribati,1984,42,0.00686181
Kiribati,1984,43,0.00719001
Kiribati,1984,44,0.00754307
Kiribati,1984,45,0.00792664
Kiribati,1984,46,0.00835196
Kiribati,1984,47,0.00885746
Kiribati,1984,48,0.00945881
Kiribati,1984,49,0.01014163
Kiribati,1984,50,0.01092002
Kiribati,1984,51,0.01176108
Kiribati,1984,52,0.01262878
Kiribati,1984,53,0.01352606
Kiribati,1984,54,0.01443797
Kiribati,1984,55,0.0153637
Kiribati,1984,56,0.01639536
Kiribati,1984,57,0.0175706
Kiribati,1984,58,0.01892879
Kiribati,1984,59,0.02053287
Kiribati,1984,60,0.02238153
Kiribati,1984,61,0.02445201
Kiribati,1984,62,0.02664278
Kiribati,1984,63,0.02894492
Kiribati,1984,64,0.0313973
Kiribati,1984,65,0.03399412
Kiribati,1984,66,0.03676794
Kiribati,1984,67,0.03981253
Kiribati,1984,68,0.04335231
Kiribati,1984,69,0.04748629
Kiribati,1984,70,0.05203045
Kiribati,1984,71,0.05713487
Kiribati,1984,72,0.06278941
Kiribati,1984,73,0.06884161
Kiribati,1984,74,0.0753898
Kiribati,1984,75,0.0824532
Kiribati,1984,76,0.09036683
Kiribati,1984,77,0.09927961
Kiribati,1984,78,0.10887012
Kiribati,1984,79,0.11934882
Kiribati,1984,80,0.13061977
Kiribati,1984,81,0.14292249
Kiribati,1984,82,0.15637284
Kiribati,1984,83,0.17061696
Kiribati,1984,84,0.1861603
Kiribati,1984,85,0.20246246
Kiribati,1984,86,0.21992913
Kiribati,1984,87,0.23857772
Kiribati,1984,88,0.25670538
Kiribati,1984,89,0.27589326
Kiribati,1984,90,0.29783145
Kiribati,1984,91,0.32068933
Kiribati,1984,92,0.34326942
Kiribati,1984,93,0.36608275
Kiribati,1984,94,0.38924878
Kiribati,1984,95,0.41229492
Kiribati,1984,96,0.43528289
Kiribati,1984,97,0.46121014
Kiribati,1984,98,0.50080943
Kiribati,1984,99,0.52766907
Kiribati,1984,100,0.57475109
Kiribati,1985,0,0.08149679
Kiribati,1985,1,0.01363815
Kiribati,1985,2,0.00924396
Kiribati,1985,3,0.00633824
Kiribati,1985,4,0.00445112
Kiribati,1985,5,0.00324396
Kiribati,1985,6,0.00248549
Kiribati,1985,7,0.00202259
Kiribati,1985,8,0.00175173
Kiribati,1985,9,0.00161225
Kiribati,1985,10,0.00156469
Kiribati,1985,11,0.00158631
Kiribati,1985,12,0.00166264
Kiribati,1985,13,0.00178359
Kiribati,1985,14,0.00194264
Kiribati,1985,15,0.0021331
Kiribati,1985,16,0.00234897
Kiribati,1985,17,0.00258226
Kiribati,1985,18,0.00282296
Kiribati,1985,19,0.00305824
Kiribati,1985,20,0.00327449
Kiribati,1985,21,0.00345801
Kiribati,1985,22,0.00360106
Kiribati,1985,23,0.00370163
Kiribati,1985,24,0.00376725
Kiribati,1985,25,0.00381177
Kiribati,1985,26,0.00385199
Kiribati,1985,27,0.00390377
Kiribati,1985,28,0.00397586
Kiribati,1985,29,0.00407256
Kiribati,1985,30,0.00419184
Kiribati,1985,31,0.00432866
Kiribati,1985,32,0.00447736
Kiribati,1985,33,0.00463308
Kiribati,1985,34,0.00479561
Kiribati,1985,35,0.0049682
Kiribati,1985,36,0.00515554
Kiribati,1985,37,0.00536334
Kiribati,1985,38,0.00559531
Kiribati,1985,39,0.00585011
Kiribati,1985,40,0.0061294
Kiribati,1985,41,0.00642648
Kiribati,1985,42,0.006736
Kiribati,1985,43,0.00706349
Kiribati,1985,44,0.0074158
Kiribati,1985,45,0.0078052
Kiribati,1985,46,0.00823723
Kiribati,1985,47,0.00872488
Kiribati,1985,48,0.00930127
Kiribati,1985,49,0.00997778
Kiribati,1985,50,0.01072595
Kiribati,1985,51,0.01155431
Kiribati,1985,52,0.01243653
Kiribati,1985,53,0.01333681
Kiribati,1985,54,0.0142766
Kiribati,1985,55,0.01525096
Kiribati,1985,56,0.01626895
Kiribati,1985,57,0.01743509
Kiribati,1985,58,0.01876838
Kiribati,1985,59,0.02030727
Kiribati,1985,60,0.02209877
Kiribati,1985,61,0.02410952
Kiribati,1985,62,0.02631847
Kiribati,1985,63,0.02863265
Kiribati,1985,64,0.03106906
Kiribati,1985,65,0.03369391
Kiribati,1985,66,0.03652761
Kiribati,1985,67,0.03962232
Kiribati,1985,68,0.04304378
Kiribati,1985,69,0.04704351
Kiribati,1985,70,0.0516817
Kiribati,1985,71,0.05668611
Kiribati,1985,72,0.06225444
Kiribati,1985,73,0.06838423
Kiribati,1985,74,0.07491603
Kiribati,1985,75,0.0819982
Kiribati,1985,76,0.08970843
Kiribati,1985,77,0.09840138
Kiribati,1985,78,0.10818569
Kiribati,1985,79,0.11874173
Kiribati,1985,80,0.13024253
Kiribati,1985,81,0.14250726
Kiribati,1985,82,0.15576891
Kiribati,1985,83,0.17014562
Kiribati,1985,84,0.18526934
Kiribati,1985,85,0.20174491
Kiribati,1985,86,0.2189912
Kiribati,1985,87,0.23746019
Kiribati,1985,88,0.25714821
Kiribati,1985,89,0.27619934
Kiribati,1985,90,0.29630848
Kiribati,1985,91,0.31914964
Kiribati,1985,92,0.3427956
Kiribati,1985,93,0.36605146
Kiribati,1985,94,0.38945899
Kiribati,1985,95,0.41319215
Kiribati,1985,96,0.4367881
Kiribati,1985,97,0.46029459
Kiribati,1985,98,0.48665259
Kiribati,1985,99,0.52635578
Kiribati,1985,100,0.57766015
Kiribati,1986,0,0.07945774
Kiribati,1986,1,0.0130959
Kiribati,1986,2,0.00889732
Kiribati,1986,3,0.00611417
Kiribati,1986,4,0.00430227
Kiribati,1986,5,0.00314062
Kiribati,1986,6,0.00240929
Kiribati,1986,7,0.00196185
Kiribati,1986,8,0.00169954
Kiribati,1986,9,0.0015643
Kiribati,1986,10,0.00151796
Kiribati,1986,11,0.00153882
Kiribati,1986,12,0.00161303
Kiribati,1986,13,0.00173103
Kiribati,1986,14,0.00188657
Kiribati,1986,15,0.0020732
Kiribati,1986,16,0.00228485
Kiribati,1986,17,0.00251351
Kiribati,1986,18,0.00274942
Kiribati,1986,19,0.00297977
Kiribati,1986,20,0.00319119
Kiribati,1986,21,0.00337026
Kiribati,1986,22,0.00350946
Kiribati,1986,23,0.00360656
Kiribati,1986,24,0.00367027
Kiribati,1986,25,0.00371301
Kiribati,1986,26,0.0037514
Kiribati,1986,27,0.00380136
Kiribati,1986,28,0.00387091
Kiribati,1986,29,0.00396524
Kiribati,1986,30,0.00408138
Kiribati,1986,31,0.00421443
Kiribati,1986,32,0.00435982
Kiribati,1986,33,0.00451238
Kiribati,1986,34,0.00467195
Kiribati,1986,35,0.00484092
Kiribati,1986,36,0.00502525
Kiribati,1986,37,0.00523042
Kiribati,1986,38,0.00545926
Kiribati,1986,39,0.00571406
Kiribati,1986,40,0.00598972
Kiribati,1986,41,0.00628653
Kiribati,1986,42,0.00659968
Kiribati,1986,43,0.00692541
Kiribati,1986,44,0.00727582
Kiribati,1986,45,0.00766302
Kiribati,1986,46,0.00810114
Kiribati,1986,47,0.00859525
Kiribati,1986,48,0.00915044
Kiribati,1986,49,0.00979793
Kiribati,1986,50,0.01053937
Kiribati,1986,51,0.01133591
Kiribati,1986,52,0.01220469
Kiribati,1986,53,0.01312064
Kiribati,1986,54,0.01406307
Kiribati,1986,55,0.01507237
Kiribati,1986,56,0.01614356
Kiribati,1986,57,0.01729196
Kiribati,1986,58,0.01861604
Kiribati,1986,59,0.02012332
Kiribati,1986,60,0.02183549
Kiribati,1986,61,0.02377818
Kiribati,1986,62,0.02592951
Kiribati,1986,63,0.02826481
Kiribati,1986,64,0.0307113
Kiribati,1986,65,0.03332299
Kiribati,1986,66,0.03618806
Kiribati,1986,67,0.03934633
Kiribati,1986,68,0.04281782
Kiribati,1986,69,0.04666943
Kiribati,1986,70,0.0511605
Kiribati,1986,71,0.05629402
Kiribati,1986,72,0.06177526
Kiribati,1986,73,0.06781829
Kiribati,1986,74,0.0744417
Kiribati,1986,75,0.08152097
Kiribati,1986,76,0.08918073
Kiribati,1986,77,0.09763056
Kiribati,1986,78,0.10724858
Kiribati,1986,79,0.11798268
Kiribati,1986,80,0.12953582
Kiribati,1986,81,0.14203254
Kiribati,1986,82,0.1552587
Kiribati,1986,83,0.16943961
Kiribati,1986,84,0.18471121
Kiribati,1986,85,0.20072506
Kiribati,1986,86,0.21816659
Kiribati,1986,87,0.23639849
Kiribati,1986,88,0.2559017
Kiribati,1986,89,0.27661383
Kiribati,1986,90,0.29656431
Kiribati,1986,91,0.31751718
Kiribati,1986,92,0.34115361
Kiribati,1986,93,0.36551407
Kiribati,1986,94,0.38938229
Kiribati,1986,95,0.41336526
Kiribati,1986,96,0.43765287
Kiribati,1986,97,0.46174901
Kiribati,1986,98,0.48569271
Kiribati,1986,99,0.51227323
Kiribati,1986,100,0.57859636
Kiribati,1987,0,0.07714039
Kiribati,1987,1,0.01247526
Kiribati,1987,2,0.0085006
Kiribati,1987,3,0.00585817
Kiribati,1987,4,0.00413266
Kiribati,1987,5,0.00302315
Kiribati,1987,6,0.00232281
Kiribati,1987,7,0.00189327
Kiribati,1987,8,0.00164073
Kiribati,1987,9,0.00151016
Kiribati,1987,10,0.00146531
Kiribati,1987,11,0.00148533
Kiribati,1987,12,0.00155718
Kiribati,1987,13,0.00167192
Kiribati,1987,14,0.00182359
Kiribati,1987,15,0.00200594
Kiribati,1987,16,0.00221295
Kiribati,1987,17,0.00243638
Kiribati,1987,18,0.00266649
Kiribati,1987,19,0.002891
Kiribati,1987,20,0.00309668
Kiribati,1987,21,0.00327041
Kiribati,1987,22,0.00340503
Kiribati,1987,23,0.00349863
Kiribati,1987,24,0.00355938
Kiribati,1987,25,0.00360042
Kiribati,1987,26,0.00363709
Kiribati,1987,27,0.00368495
Kiribati,1987,28,0.00375206
Kiribati,1987,29,0.00384299
Kiribati,1987,30,0.00395589
Kiribati,1987,31,0.00408513
Kiribati,1987,32,0.00422623
Kiribati,1987,33,0.00437535
Kiribati,1987,34,0.00453181
Kiribati,1987,35,0.00469779
Kiribati,1987,36,0.00487779
Kiribati,1987,37,0.00507881
Kiribati,1987,38,0.0053038
Kiribati,1987,39,0.00555409
Kiribati,1987,40,0.00582873
Kiribati,1987,41,0.00612129
Kiribati,1987,42,0.0064349
Kiribati,1987,43,0.00676589
Kiribati,1987,44,0.00711607
Kiribati,1987,45,0.00750176
Kiribati,1987,46,0.00793555
Kiribati,1987,47,0.00843436
Kiribati,1987,48,0.00899448
Kiribati,1987,49,0.00961588
Kiribati,1987,50,0.01032579
Kiribati,1987,51,0.01111759
Kiribati,1987,52,0.01195365
Kiribati,1987,53,0.01286074
Kiribati,1987,54,0.01382547
Kiribati,1987,55,0.01483408
Kiribati,1987,56,0.01593733
Kiribati,1987,57,0.01713356
Kiribati,1987,58,0.01843028
Kiribati,1987,59,0.01992398
Kiribati,1987,60,0.0215997
Kiribati,1987,61,0.02345497
Kiribati,1987,62,0.02553691
Kiribati,1987,63,0.02782221
Kiribati,1987,64,0.03028983
Kiribati,1987,65,0.03291308
Kiribati,1987,66,0.03576482
Kiribati,1987,67,0.03894448
Kiribati,1987,68,0.04247798
Kiribati,1987,69,0.04637785
Kiribati,1987,70,0.05069084
Kiribati,1987,71,0.05564157
Kiribati,1987,72,0.06124625
Kiribati,1987,73,0.06718706
Kiribati,1987,74,0.07370657
Kiribati,1987,75,0.08091185
Kiribati,1987,76,0.08869226
Kiribati,1987,77,0.09713435
Kiribati,1987,78,0.10640805
Kiribati,1987,79,0.11693279
Kiribati,1987,80,0.12866558
Kiribati,1987,81,0.14121444
Kiribati,1987,82,0.15468256
Kiribati,1987,83,0.16883578
Kiribati,1987,84,0.18390228
Kiribati,1987,85,0.20008523
Kiribati,1987,86,0.21701936
Kiribati,1987,87,0.23547204
Kiribati,1987,88,0.25472761
Kiribati,1987,89,0.27525438
Kiribati,1987,90,0.29695109
Kiribati,1987,91,0.31774135
Kiribati,1987,92,0.3394471
Kiribati,1987,93,0.36380397
Kiribati,1987,94,0.38881566
Kiribati,1987,95,0.41327792
Kiribati,1987,96,0.43782164
Kiribati,1987,97,0.46260896
Kiribati,1987,98,0.48712377
Kiribati,1987,99,0.51133301
Kiribati,1987,100,0.57293649
Kiribati,1988,0,0.07473882
Kiribati,1988,1,0.01184318
Kiribati,1988,2,0.0080956
Kiribati,1988,3,0.00559585
Kiribati,1988,4,0.00395856
Kiribati,1988,5,0.0029024
Kiribati,1988,6,0.00223372
Kiribati,1988,7,0.00182255
Kiribati,1988,8,0.00158021
Kiribati,1988,9,0.00145442
Kiribati,1988,10,0.00141097
Kiribati,1988,11,0.00143021
Kiribati,1988,12,0.00149966
Kiribati,1988,13,0.00161103
Kiribati,1988,14,0.00175871
Kiribati,1988,15,0.00193665
Kiribati,1988,16,0.00213876
Kiribati,1988,17,0.0023568
Kiribati,1988,18,0.00258087
Kiribati,1988,19,0.00279871
Kiribati,1988,20,0.0029982
Kiribati,1988,21,0.00316654
Kiribati,1988,22,0.00329663
Kiribati,1988,23,0.00338672
Kiribati,1988,24,0.00344488
Kiribati,1988,25,0.00348375
Kiribati,1988,26,0.00351893
Kiribati,1988,27,0.00356472
Kiribati,1988,28,0.00362915
Kiribati,1988,29,0.00371684
Kiribati,1988,30,0.00382561
Kiribati,1988,31,0.00395129
Kiribati,1988,32,0.00408864
Kiribati,1988,33,0.00423357
Kiribati,1988,34,0.00438666
Kiribati,1988,35,0.00454953
Kiribati,1988,36,0.00472625
Kiribati,1988,37,0.00492214
Kiribati,1988,38,0.00514237
Kiribati,1988,39,0.00538793
Kiribati,1988,40,0.00565774
Kiribati,1988,41,0.00594991
Kiribati,1988,42,0.00625911
Kiribati,1988,43,0.0065921
Kiribati,1988,44,0.0069493
Kiribati,1988,45,0.00733449
Kiribati,1988,46,0.00776654
Kiribati,1988,47,0.00825781
Kiribati,1988,48,0.00881941
Kiribati,1988,49,0.00944495
Kiribati,1988,50,0.0101256
Kiribati,1988,51,0.01088341
Kiribati,1988,52,0.01171716
Kiribati,1988,53,0.01258809
Kiribati,1988,54,0.01354253
Kiribati,1988,55,0.01458257
Kiribati,1988,56,0.01568481
Kiribati,1988,57,0.01690991
Kiribati,1988,58,0.0182533
Kiribati,1988,59,0.01970782
Kiribati,1988,60,0.0213644
Kiribati,1988,61,0.02318435
Kiribati,1988,62,0.02517478
Kiribati,1988,63,0.02738871
Kiribati,1988,64,0.02981323
Kiribati,1988,65,0.03247129
Kiribati,1988,66,0.0353394
Kiribati,1988,67,0.03849503
Kiribati,1988,68,0.04203708
Kiribati,1988,69,0.04599637
Kiribati,1988,70,0.05036663
Kiribati,1988,71,0.0551276
Kiribati,1988,72,0.06052275
Kiribati,1988,73,0.06659163
Kiribati,1988,74,0.0730035
Kiribati,1988,75,0.080058
Kiribati,1988,76,0.08796957
Kiribati,1988,77,0.09658201
Kiribati,1988,78,0.10584755
Kiribati,1988,79,0.11602046
Kiribati,1988,80,0.12754313
Kiribati,1988,81,0.14027255
Kiribati,1988,82,0.15379445
Kiribati,1988,83,0.16820776
Kiribati,1988,84,0.18325512
Kiribati,1988,85,0.19921881
Kiribati,1988,86,0.2163453
Kiribati,1988,87,0.23424746
Kiribati,1988,88,0.25375119
Kiribati,1988,89,0.27402647
Kiribati,1988,90,0.29554217
Kiribati,1988,91,0.31814597
Kiribati,1988,92,0.33968887
Kiribati,1988,93,0.36207803
Kiribati,1988,94,0.38709122
Kiribati,1988,95,0.41272998
Kiribati,1988,96,0.43776282
Kiribati,1988,97,0.46280538
Kiribati,1988,98,0.48799982
Kiribati,1988,99,0.51275686
Kiribati,1988,100,0.56958118
Kiribati,1989,0,0.07233786
Kiribati,1989,1,0.01122442
Kiribati,1989,2,0.00769801
Kiribati,1989,3,0.00533758
Kiribati,1989,4,0.00378636
Kiribati,1989,5,0.00278283
Kiribati,1989,6,0.00214541
Kiribati,1989,7,0.00175225
Kiribati,1989,8,0.00151998
Kiribati,1989,9,0.00139908
Kiribati,1989,10,0.00135703
Kiribati,1989,11,0.00137538
Kiribati,1989,12,0.0014425
Kiribati,1989,13,0.00155051
Kiribati,1989,14,0.00169419
Kiribati,1989,15,0.00186777
Kiribati,1989,16,0.00206504
Kiribati,1989,17,0.00227756
Kiribati,1989,18,0.00249562
Kiribati,1989,19,0.00270683
Kiribati,1989,20,0.00289947
Kiribati,1989,21,0.00306214
Kiribati,1989,22,0.00318785
Kiribati,1989,23,0.00327463
Kiribati,1989,24,0.00333054
Kiribati,1989,25,0.00336763
Kiribati,1989,26,0.00340091
Kiribati,1989,27,0.00344495
Kiribati,1989,28,0.00350676
Kiribati,1989,29,0.00359109
Kiribati,1989,30,0.00369607
Kiribati,1989,31,0.00381738
Kiribati,1989,32,0.00395124
Kiribati,1989,33,0.00409275
Kiribati,1989,34,0.00424186
Kiribati,1989,35,0.00440146
Kiribati,1989,36,0.00457491
Kiribati,1989,37,0.00476719
Kiribati,1989,38,0.00498133
Kiribati,1989,39,0.00522135
Kiribati,1989,40,0.00548625
Kiribati,1989,41,0.00577387
Kiribati,1989,42,0.00608426
Kiribati,1989,43,0.00641346
Kiribati,1989,44,0.00677351
Kiribati,1989,45,0.00716618
Kiribati,1989,46,0.0075957
Kiribati,1989,47,0.00808305
Kiribati,1989,48,0.0086344
Kiribati,1989,49,0.00925925
Kiribati,1989,50,0.00994415
Kiribati,1989,51,0.01066932
Kiribati,1989,52,0.01146735
Kiribati,1989,53,0.01233989
Kiribati,1989,54,0.01325678
Kiribati,1989,55,0.01428368
Kiribati,1989,56,0.01542008
Kiribati,1989,57,0.01664494
Kiribati,1989,58,0.01801555
Kiribati,1989,59,0.01951446
Kiribati,1989,60,0.02112549
Kiribati,1989,61,0.02293039
Kiribati,1989,62,0.02488565
Kiribati,1989,63,0.02699925
Kiribati,1989,64,0.02935164
Kiribati,1989,65,0.03196607
Kiribati,1989,66,0.03487382
Kiribati,1989,67,0.03805746
Kiribati,1989,68,0.04158396
Kiribati,1989,69,0.04553632
Kiribati,1989,70,0.04994947
Kiribati,1989,71,0.05476548
Kiribati,1989,72,0.05996086
Kiribati,1989,73,0.06580845
Kiribati,1989,74,0.0723581
Kiribati,1989,75,0.07932698
Kiribati,1989,76,0.08703394
Kiribati,1989,77,0.09575569
Kiribati,1989,78,0.105295
Kiribati,1989,79,0.11546067
Kiribati,1989,80,0.126583
Kiribati,1989,81,0.1390998
Kiribati,1989,82,0.1528047
Kiribati,1989,83,0.16727622
Kiribati,1989,84,0.18261178
Kiribati,1989,85,0.19856359
Kiribati,1989,86,0.21545317
Kiribati,1989,87,0.23357115
Kiribati,1989,88,0.25248753
Kiribati,1989,89,0.27303657
Kiribati,1989,90,0.29430121
Kiribati,1989,91,0.31672854
Kiribati,1989,92,0.34014456
Kiribati,1989,93,0.36237116
Kiribati,1989,94,0.38537964
Kiribati,1989,95,0.41102444
Kiribati,1989,96,0.4372587
Kiribati,1989,97,0.4627937
Kiribati,1989,98,0.48823819
Kiribati,1989,99,0.51365931
Kiribati,1989,100,0.56850473
Kiribati,1990,0,0.06997891
Kiribati,1990,1,0.01062422
Kiribati,1990,2,0.00731139
Kiribati,1990,3,0.00508614
Kiribati,1990,4,0.00361837
Kiribati,1990,5,0.00266562
Kiribati,1990,6,0.0020589
Kiribati,1990,7,0.00168342
Kiribati,1990,8,0.00146089
Kiribati,1990,9,0.00134472
Kiribati,1990,10,0.00130412
Kiribati,1990,11,0.0013216
Kiribati,1990,12,0.00138631
Kiribati,1990,13,0.00149108
Kiribati,1990,14,0.00163083
Kiribati,1990,15,0.0018001
Kiribati,1990,16,0.00199274
Kiribati,1990,17,0.00220005
Kiribati,1990,18,0.00241206
Kiribati,1990,19,0.0026168
Kiribati,1990,20,0.00280275
Kiribati,1990,21,0.0029591
Kiribati,1990,22,0.00308028
Kiribati,1990,23,0.00316422
Kiribati,1990,24,0.00321796
Kiribati,1990,25,0.00325363
Kiribati,1990,26,0.0032855
Kiribati,1990,27,0.00332738
Kiribati,1990,28,0.00338689
Kiribati,1990,29,0.00346797
Kiribati,1990,30,0.00356914
Kiribati,1990,31,0.00368649
Kiribati,1990,32,0.00381606
Kiribati,1990,33,0.00395464
Kiribati,1990,34,0.00410083
Kiribati,1990,35,0.00425662
Kiribati,1990,36,0.00442665
Kiribati,1990,37,0.00461504
Kiribati,1990,38,0.00482516
Kiribati,1990,39,0.00505871
Kiribati,1990,40,0.005318
Kiribati,1990,41,0.00560124
Kiribati,1990,42,0.0059079
Kiribati,1990,43,0.00623976
Kiribati,1990,44,0.00659641
Kiribati,1990,45,0.00699228
Kiribati,1990,46,0.00742904
Kiribati,1990,47,0.00791193
Kiribati,1990,48,0.00845713
Kiribati,1990,49,0.00906819
Kiribati,1990,50,0.00974979
Kiribati,1990,51,0.01047954
Kiribati,1990,52,0.01124524
Kiribati,1990,53,0.01208534
Kiribati,1990,54,0.01300944
Kiribati,1990,55,0.01399422
Kiribati,1990,56,0.01511353
Kiribati,1990,57,0.01637401
Kiribati,1990,58,0.01774102
Kiribati,1990,59,0.01926522
Kiribati,1990,60,0.02091457
Kiribati,1990,61,0.0226706
Kiribati,1990,62,0.02461683
Kiribati,1990,63,0.02669812
Kiribati,1990,64,0.02894907
Kiribati,1990,65,0.03148977
Kiribati,1990,66,0.03435274
Kiribati,1990,67,0.03757957
Kiribati,1990,68,0.04113414
Kiribati,1990,69,0.04507993
Kiribati,1990,70,0.04948193
Kiribati,1990,71,0.05432504
Kiribati,1990,72,0.05957756
Kiribati,1990,73,0.06521839
Kiribati,1990,74,0.07153662
Kiribati,1990,75,0.07865737
Kiribati,1990,76,0.08627802
Kiribati,1990,77,0.094788
Kiribati,1990,78,0.10444702
Kiribati,1990,79,0.11489787
Kiribati,1990,80,0.12601622
Kiribati,1990,81,0.13813408
Kiribati,1990,82,0.15162174
Kiribati,1990,83,0.16628588
Kiribati,1990,84,0.18169028
Kiribati,1990,85,0.19796945
Kiribati,1990,86,0.21485649
Kiribati,1990,87,0.23272352
Kiribati,1990,88,0.25188257
Kiribati,1990,89,0.2718223
Kiribati,1990,90,0.2933887
Kiribati,1990,91,0.31557294
Kiribati,1990,92,0.33881996
Kiribati,1990,93,0.36297849
Kiribati,1990,94,0.38583058
Kiribati,1990,95,0.40944323
Kiribati,1990,96,0.43569283
Kiribati,1990,97,0.46245156
Kiribati,1990,98,0.48839823
Kiribati,1990,99,0.51407801
Kiribati,1990,100,0.56856072
Kiribati,1991,0,0.06761157
Kiribati,1991,1,0.01001525
Kiribati,1991,2,0.00691898
Kiribati,1991,3,0.0048309
Kiribati,1991,4,0.0034482
Kiribati,1991,5,0.00254695
Kiribati,1991,6,0.00197098
Kiribati,1991,7,0.00161361
Kiribati,1991,8,0.00140098
Kiribati,1991,9,0.00128945
Kiribati,1991,10,0.00125022
Kiribati,1991,11,0.00126686
Kiribati,1991,12,0.00132912
Kiribati,1991,13,0.0014305
Kiribati,1991,14,0.00156641
Kiribati,1991,15,0.00173146
Kiribati,1991,16,0.00191958
Kiribati,1991,17,0.00212193
Kiribati,1991,18,0.00232828
Kiribati,1991,19,0.00252654
Kiribati,1991,20,0.00270589
Kiribati,1991,21,0.00285588
Kiribati,1991,22,0.00297183
Kiribati,1991,23,0.00305279
Kiribati,1991,24,0.00310494
Kiribati,1991,25,0.0031393
Kiribati,1991,26,0.00316994
Kiribati,1991,27,0.00321007
Kiribati,1991,28,0.00326688
Kiribati,1991,29,0.00334493
Kiribati,1991,30,0.00344235
Kiribati,1991,31,0.00355569
Kiribati,1991,32,0.00368136
Kiribati,1991,33,0.00381594
Kiribati,1991,34,0.00395981
Kiribati,1991,35,0.00411302
Kiribati,1991,36,0.00427947
Kiribati,1991,37,0.00446446
Kiribati,1991,38,0.00466992
Kiribati,1991,39,0.00489906
Kiribati,1991,40,0.0051517
Kiribati,1991,41,0.00542986
Kiribati,1991,42,0.00573391
Kiribati,1991,43,0.00606377
Kiribati,1991,44,0.00642467
Kiribati,1991,45,0.00681809
Kiribati,1991,46,0.00725818
Kiribati,1991,47,0.00774667
Kiribati,1991,48,0.00828548
Kiribati,1991,49,0.00888733
Kiribati,1991,50,0.00955204
Kiribati,1991,51,0.01028008
Kiribati,1991,52,0.01105225
Kiribati,1991,53,0.01185888
Kiribati,1991,54,0.01275162
Kiribati,1991,55,0.01374657
Kiribati,1991,56,0.01482
Kiribati,1991,57,0.01606138
Kiribati,1991,58,0.01746092
Kiribati,1991,59,0.0189738
Kiribati,1991,60,0.02064716
Kiribati,1991,61,0.02244208
Kiribati,1991,62,0.02433891
Kiribati,1991,63,0.02642097
Kiribati,1991,64,0.02865668
Kiribati,1991,65,0.03109181
Kiribati,1991,66,0.03387712
Kiribati,1991,67,0.03705858
Kiribati,1991,68,0.04065381
Kiribati,1991,69,0.04461432
Kiribati,1991,70,0.04900643
Kiribati,1991,71,0.05385528
Kiribati,1991,72,0.05913758
Kiribati,1991,73,0.06484466
Kiribati,1991,74,0.07095335
Kiribati,1991,75,0.07783558
Kiribati,1991,76,0.08562892
Kiribati,1991,77,0.09400173
Kiribati,1991,78,0.10344893
Kiribati,1991,79,0.11414394
Kiribati,1991,80,0.12556631
Kiribati,1991,81,0.13764571
Kiribati,1991,82,0.15074326
Kiribati,1991,83,0.16518903
Kiribati,1991,84,0.18081024
Kiribati,1991,85,0.19718319
Kiribati,1991,86,0.21445355
Kiribati,1991,87,0.23234306
Kiribati,1991,88,0.25126017
Kiribati,1991,89,0.271488
Kiribati,1991,90,0.29245682
Kiribati,1991,91,0.31498443
Kiribati,1991,92,0.33801424
Kiribati,1991,93,0.36202374
Kiribati,1991,94,0.38687062
Kiribati,1991,95,0.41036057
Kiribati,1991,96,0.434603
Kiribati,1991,97,0.46141788
Kiribati,1991,98,0.48863121
Kiribati,1991,99,0.51486403
Kiribati,1991,100,0.56946467
Kiribati,1992,0,0.06534348
Kiribati,1992,1,0.00943237
Kiribati,1992,2,0.00654404
Kiribati,1992,3,0.00458748
Kiribati,1992,4,0.00328622
Kiribati,1992,5,0.00243464
Kiribati,1992,6,0.00188801
Kiribati,1992,7,0.00154754
Kiribati,1992,8,0.00134442
Kiribati,1992,9,0.00123728
Kiribati,1992,10,0.00119923
Kiribati,1992,11,0.00121495
Kiribati,1992,12,0.00127495
Kiribati,1992,13,0.00137312
Kiribati,1992,14,0.00150525
Kiribati,1992,15,0.00166646
Kiribati,1992,16,0.00185038
Kiribati,1992,17,0.00204826
Kiribati,1992,18,0.00224969
Kiribati,1992,19,0.00244209
Kiribati,1992,20,0.00261478
Kiribati,1992,21,0.00275839
Kiribati,1992,22,0.00286858
Kiribati,1992,23,0.00294538
Kiribati,1992,24,0.00299572
Kiribati,1992,25,0.00302959
Kiribati,1992,26,0.00305963
Kiribati,1992,27,0.00309856
Kiribati,1992,28,0.00315344
Kiribati,1992,29,0.00322846
Kiribati,1992,30,0.00332257
Kiribati,1992,31,0.00343215
Kiribati,1992,32,0.00355405
Kiribati,1992,33,0.00368503
Kiribati,1992,34,0.00382504
Kiribati,1992,35,0.00397631
Kiribati,1992,36,0.0041402
Kiribati,1992,37,0.00432156
Kiribati,1992,38,0.00452428
Kiribati,1992,39,0.00474933
Kiribati,1992,40,0.00499836
Kiribati,1992,41,0.00527068
Kiribati,1992,42,0.00556991
Kiribati,1992,43,0.00589749
Kiribati,1992,44,0.00625646
Kiribati,1992,45,0.00665388
Kiribati,1992,46,0.00709114
Kiribati,1992,47,0.00758224
Kiribati,1992,48,0.00812551
Kiribati,1992,49,0.00871907
Kiribati,1992,50,0.00937111
Kiribati,1992,51,0.01008078
Kiribati,1992,52,0.01085007
Kiribati,1992,53,0.01166071
Kiribati,1992,54,0.01251481
Kiribati,1992,55,0.01347935
Kiribati,1992,56,0.01456914
Kiribati,1992,57,0.01575676
Kiribati,1992,58,0.01713726
Kiribati,1992,59,0.01869151
Kiribati,1992,60,0.02035555
Kiribati,1992,61,0.02217158
Kiribati,1992,62,0.02410651
Kiribati,1992,63,0.02614239
Kiribati,1992,64,0.02837952
Kiribati,1992,65,0.03080472
Kiribati,1992,66,0.03348809
Kiribati,1992,67,0.03659916
Kiribati,1992,68,0.04015759
Kiribati,1992,69,0.04416365
Kiribati,1992,70,0.04855694
Kiribati,1992,71,0.05339194
Kiribati,1992,72,0.05868122
Kiribati,1992,73,0.06440579
Kiribati,1992,74,0.07059147
Kiribati,1992,75,0.0772588
Kiribati,1992,76,0.08480418
Kiribati,1992,77,0.09336826
Kiribati,1992,78,0.10261227
Kiribati,1992,79,0.11304897
Kiribati,1992,80,0.1247889
Kiribati,1992,81,0.13723092
Kiribati,1992,82,0.15029995
Kiribati,1992,83,0.16434673
Kiribati,1992,84,0.17973424
Kiribati,1992,85,0.1963473
Kiribati,1992,86,0.2137291
Kiribati,1992,87,0.23204302
Kiribati,1992,88,0.25098747
Kiribati,1992,89,0.27096543
Kiribati,1992,90,0.29223733
Kiribati,1992,91,0.31415963
Kiribati,1992,92,0.33754173
Kiribati,1992,93,0.36133446
Kiribati,1992,94,0.38603278
Kiribati,1992,95,0.41153985
Kiribati,1992,96,0.43565351
Kiribati,1992,97,0.46048236
Kiribati,1992,98,0.48777165
Kiribati,1992,99,0.51524962
Kiribati,1992,100,0.57040068
Kiribati,1993,0,0.0632282
Kiribati,1993,1,0.00889184
Kiribati,1993,2,0.0061958
Kiribati,1993,3,0.00436166
Kiribati,1993,4,0.00313613
Kiribati,1993,5,0.00233061
Kiribati,1993,6,0.00181153
Kiribati,1993,7,0.00148672
Kiribati,1993,8,0.00129218
Kiribati,1993,9,0.00118927
Kiribati,1993,10,0.00115231
Kiribati,1993,11,0.00116712
Kiribati,1993,12,0.00122492
Kiribati,1993,13,0.00132019
Kiribati,1993,14,0.00144884
Kiribati,1993,15,0.00160627
Kiribati,1993,16,0.00178649
Kiribati,1993,17,0.00198012
Kiribati,1993,18,0.00217706
Kiribati,1993,19,0.0023645
Kiribati,1993,20,0.00253132
Kiribati,1993,21,0.00266883
Kiribati,1993,22,0.00277355
Kiribati,1993,23,0.00284609
Kiribati,1993,24,0.00289383
Kiribati,1993,25,0.00292681
Kiribati,1993,26,0.00295665
Kiribati,1993,27,0.0029948
Kiribati,1993,28,0.00304802
Kiribati,1993,29,0.00312056
Kiribati,1993,30,0.00321141
Kiribati,1993,31,0.00331782
Kiribati,1993,32,0.00343633
Kiribati,1993,33,0.00356416
Kiribati,1993,34,0.00370106
Kiribati,1993,35,0.00384862
Kiribati,1993,36,0.00401087
Kiribati,1993,37,0.00418953
Kiribati,1993,38,0.00438815
Kiribati,1993,39,0.00461039
Kiribati,1993,40,0.00485565
Kiribati,1993,41,0.00512467
Kiribati,1993,42,0.0054181
Kiribati,1993,43,0.00574185
Kiribati,1993,44,0.00609964
Kiribati,1993,45,0.0064952
Kiribati,1993,46,0.00693572
Kiribati,1993,47,0.0074226
Kiribati,1993,48,0.00796629
Kiribati,1993,49,0.00856221
Kiribati,1993,50,0.00920607
Kiribati,1993,51,0.00990313
Kiribati,1993,52,0.01065475
Kiribati,1993,53,0.01146541
Kiribati,1993,54,0.01232439
Kiribati,1993,55,0.01324864
Kiribati,1993,56,0.0143108
Kiribati,1993,57,0.01551612
Kiribati,1993,58,0.01683076
Kiribati,1993,59,0.01835864
Kiribati,1993,60,0.02006683
Kiribati,1993,61,0.02187927
Kiribati,1993,62,0.02384072
Kiribati,1993,63,0.02591635
Kiribati,1993,64,0.02810999
Kiribati,1993,65,0.03055671
Kiribati,1993,66,0.03323335
Kiribati,1993,67,0.03621299
Kiribati,1993,68,0.03969352
Kiribati,1993,69,0.0436867
Kiribati,1993,70,0.04812772
Kiribati,1993,71,0.05294928
Kiribati,1993,72,0.05822485
Kiribati,1993,73,0.06396017
Kiribati,1993,74,0.07017016
Kiribati,1993,75,0.07692735
Kiribati,1993,76,0.08425179
Kiribati,1993,77,0.09256093
Kiribati,1993,78,0.10201346
Kiribati,1993,79,0.11217198
Kiribati,1993,80,0.1236602
Kiribati,1993,81,0.13649972
Kiribati,1993,82,0.14994468
Kiribati,1993,83,0.16397435
Kiribati,1993,84,0.17894275
Kiribati,1993,85,0.19530433
Kiribati,1993,86,0.21295695
Kiribati,1993,87,0.23140178
Kiribati,1993,88,0.25080686
Kiribati,1993,89,0.27081399
Kiribati,1993,90,0.29182834
Kiribati,1993,91,0.31406211
Kiribati,1993,92,0.33682907
Kiribati,1993,93,0.36097912
Kiribati,1993,94,0.38545882
Kiribati,1993,95,0.41081958
Kiribati,1993,96,0.43696648
Kiribati,1993,97,0.46165632
Kiribati,1993,98,0.48699062
Kiribati,1993,99,0.5145541
Kiribati,1993,100,0.57115422
Kiribati,1994,0,0.06135739
Kiribati,1994,1,0.00842587
Kiribati,1994,2,0.00589415
Kiribati,1994,3,0.00416515
Kiribati,1994,4,0.00300534
Kiribati,1994,5,0.00223969
Kiribati,1994,6,0.00174447
Kiribati,1994,7,0.00143352
Kiribati,1994,8,0.00124642
Kiribati,1994,9,0.001147
Kiribati,1994,10,0.00111116
Kiribati,1994,11,0.00112519
Kiribati,1994,12,0.00118101
Kiribati,1994,13,0.00127362
Kiribati,1994,14,0.00139925
Kiribati,1994,15,0.00155332
Kiribati,1994,16,0.00172987
Kiribati,1994,17,0.00192001
Kiribati,1994,18,0.00211272
Kiribati,1994,19,0.00229576
Kiribati,1994,20,0.00245824
Kiribati,1994,21,0.00259063
Kiribati,1994,22,0.00269042
Kiribati,1994,23,0.00275895
Kiribati,1994,24,0.00280386
Kiribati,1994,25,0.0028355
Kiribati,1994,26,0.00286488
Kiribati,1994,27,0.00290257
Kiribati,1994,28,0.00295458
Kiribati,1994,29,0.00302505
Kiribati,1994,30,0.00311329
Kiribati,1994,31,0.00321663
Kiribati,1994,32,0.0033324
Kiribati,1994,33,0.00345752
Kiribati,1994,34,0.00359193
Kiribati,1994,35,0.00373678
Kiribati,1994,36,0.00389537
Kiribati,1994,37,0.00407245
Kiribati,1994,38,0.00426832
Kiribati,1994,39,0.00448631
Kiribati,1994,40,0.00472889
Kiribati,1994,41,0.00499501
Kiribati,1994,42,0.00528636
Kiribati,1994,43,0.00560448
Kiribati,1994,44,0.00595878
Kiribati,1994,45,0.0063532
Kiribati,1994,46,0.0067913
Kiribati,1994,47,0.00728071
Kiribati,1994,48,0.00781866
Kiribati,1994,49,0.008414
Kiribati,1994,50,0.0090602
Kiribati,1994,51,0.00974971
Kiribati,1994,52,0.01048839
Kiribati,1994,53,0.01128428
Kiribati,1994,54,0.01215057
Kiribati,1994,55,0.01308027
Kiribati,1994,56,0.01409128
Kiribati,1994,57,0.01526443
Kiribati,1994,58,0.01660099
Kiribati,1994,59,0.01805444
Kiribati,1994,60,0.01973428
Kiribati,1994,61,0.02159117
Kiribati,1994,62,0.02355255
Kiribati,1994,63,0.02566751
Kiribati,1994,64,0.02791645
Kiribati,1994,65,0.03032149
Kiribati,1994,66,0.03301722
Kiribati,1994,67,0.03599932
Kiribati,1994,68,0.03933775
Kiribati,1994,69,0.04321942
Kiribati,1994,70,0.04765948
Kiribati,1994,71,0.05254985
Kiribati,1994,72,0.05779769
Kiribati,1994,73,0.06352148
Kiribati,1994,74,0.06974829
Kiribati,1994,75,0.07653785
Kiribati,1994,76,0.08396489
Kiribati,1994,77,0.09204623
Kiribati,1994,78,0.10123892
Kiribati,1994,79,0.11162167
Kiribati,1994,80,0.12283135
Kiribati,1994,81,0.1354195
Kiribati,1994,82,0.14926645
Kiribati,1994,83,0.16369446
Kiribati,1994,84,0.17865615
Kiribati,1994,85,0.19456682
Kiribati,1994,86,0.21194937
Kiribati,1994,87,0.23069861
Kiribati,1994,88,0.25025208
Kiribati,1994,89,0.27074653
Kiribati,1994,90,0.29178762
Kiribati,1994,91,0.31375469
Kiribati,1994,92,0.33683609
Kiribati,1994,93,0.36035914
Kiribati,1994,94,0.38519918
Kiribati,1994,95,0.4103401
Kiribati,1994,96,0.43634434
Kiribati,1994,97,0.46306833
Kiribati,1994,98,0.48824919
Kiribati,1994,99,0.51389566
Kiribati,1994,100,0.57131254
Kiribati,1995,0,0.05969709
Kiribati,1995,1,0.00802174
Kiribati,1995,2,0.0056316
Kiribati,1995,3,0.00399324
Kiribati,1995,4,0.00289044
Kiribati,1995,5,0.00215989
Kiribati,1995,6,0.00168543
Kiribati,1995,7,0.00138658
Kiribati,1995,8,0.00120625
Kiribati,1995,9,0.00110983
Kiribati,1995,10,0.00107477
Kiribati,1995,11,0.00108827
Kiribati,1995,12,0.00114235
Kiribati,1995,13,0.00123256
Kiribati,1995,14,0.00135535
Kiribati,1995,15,0.00150649
Kiribati,1995,16,0.0016798
Kiribati,1995,17,0.00186629
Kiribati,1995,18,0.00205571
Kiribati,1995,19,0.00223471
Kiribati,1995,20,0.0023931
Kiribati,1995,21,0.0025217
Kiribati,1995,22,0.00261735
Kiribati,1995,23,0.00268237
Kiribati,1995,24,0.00272467
Kiribati,1995,25,0.00275445
Kiribati,1995,26,0.00278292
Kiribati,1995,27,0.00282009
Kiribati,1995,28,0.00287125
Kiribati,1995,29,0.00294011
Kiribati,1995,30,0.00302613
Kiribati,1995,31,0.00312703
Kiribati,1995,32,0.00324013
Kiribati,1995,33,0.00336304
Kiribati,1995,34,0.00349526
Kiribati,1995,35,0.00363799
Kiribati,1995,36,0.00379389
Kiribati,1995,37,0.00396707
Kiribati,1995,38,0.00416155
Kiribati,1995,39,0.00437682
Kiribati,1995,40,0.00461524
Kiribati,1995,41,0.00487933
Kiribati,1995,42,0.00516887
Kiribati,1995,43,0.00548583
Kiribati,1995,44,0.00583416
Kiribati,1995,45,0.00622491
Kiribati,1995,46,0.00666142
Kiribati,1995,47,0.00714735
Kiribati,1995,48,0.00768714
Kiribati,1995,49,0.00827551
Kiribati,1995,50,0.00891963
Kiribati,1995,51,0.0096126
Kiribati,1995,52,0.01034664
Kiribati,1995,53,0.01113111
Kiribati,1995,54,0.01198356
Kiribati,1995,55,0.01292313
Kiribati,1995,56,0.01394068
Kiribati,1995,57,0.01505571
Kiribati,1995,58,0.01635562
Kiribati,1995,59,0.01783143
Kiribati,1995,60,0.01942927
Kiribati,1995,61,0.02125759
Kiribati,1995,62,0.02327012
Kiribati,1995,63,0.02539575
Kiribati,1995,64,0.0276931
Kiribati,1995,65,0.03015648
Kiribati,1995,66,0.03280934
Kiribati,1995,67,0.03581186
Kiribati,1995,68,0.03915111
Kiribati,1995,69,0.04287919
Kiribati,1995,70,0.04720023
Kiribati,1995,71,0.05208998
Kiribati,1995,72,0.0574114
Kiribati,1995,73,0.06310942
Kiribati,1995,74,0.06932803
Kiribati,1995,75,0.07614126
Kiribati,1995,76,0.08360871
Kiribati,1995,77,0.09180295
Kiribati,1995,78,0.10076175
Kiribati,1995,79,0.11088382
Kiribati,1995,80,0.12232657
Kiribati,1995,81,0.13463496
Kiribati,1995,82,0.1482213
Kiribati,1995,83,0.16306364
Kiribati,1995,84,0.17845842
Kiribati,1995,85,0.19437021
Kiribati,1995,86,0.21126308
Kiribati,1995,87,0.22972674
Kiribati,1995,88,0.24961849
Kiribati,1995,89,0.27027579
Kiribati,1995,90,0.29182304
Kiribati,1995,91,0.31381371
Kiribati,1995,92,0.33661989
Kiribati,1995,93,0.36045992
Kiribati,1995,94,0.38466211
Kiribati,1995,95,0.41016881
Kiribati,1995,96,0.43595553
Kiribati,1995,97,0.46254257
Kiribati,1995,98,0.48973885
Kiribati,1995,99,0.51521418
Kiribati,1995,100,0.57117109
Kiribati,1996,0,0.05817317
Kiribati,1996,1,0.00765187
Kiribati,1996,2,0.00539081
Kiribati,1996,3,0.00383542
Kiribati,1996,4,0.00278455
Kiribati,1996,5,0.00208617
Kiribati,1996,6,0.00163115
Kiribati,1996,7,0.00134328
Kiribati,1996,8,0.0011691
Kiribati,1996,9,0.0010757
Kiribati,1996,10,0.00104131
Kiribati,1996,11,0.00105408
Kiribati,1996,12,0.00110667
Kiribati,1996,13,0.00119461
Kiribati,1996,14,0.00131476
Kiribati,1996,15,0.001463
Kiribati,1996,16,0.00163338
Kiribati,1996,17,0.00181657
Kiribati,1996,18,0.00200222
Kiribati,1996,19,0.00217808
Kiribati,1996,20,0.00233267
Kiribati,1996,21,0.00245785
Kiribati,1996,22,0.00255051
Kiribati,1996,23,0.00261238
Kiribati,1996,24,0.00265227
Kiribati,1996,25,0.00268024
Kiribati,1996,26,0.0027073
Kiribati,1996,27,0.00274341
Kiribati,1996,28,0.0027936
Kiribati,1996,29,0.00286107
Kiribati,1996,30,0.00294522
Kiribati,1996,31,0.00304399
Kiribati,1996,32,0.00315497
Kiribati,1996,33,0.00327565
Kiribati,1996,34,0.00340605
Kiribati,1996,35,0.00354691
Kiribati,1996,36,0.00370093
Kiribati,1996,37,0.00387133
Kiribati,1996,38,0.0040615
Kiribati,1996,39,0.00427557
Kiribati,1996,40,0.00451151
Kiribati,1996,41,0.00477149
Kiribati,1996,42,0.00505937
Kiribati,1996,43,0.00537558
Kiribati,1996,44,0.00572324
Kiribati,1996,45,0.00610749
Kiribati,1996,46,0.00654021
Kiribati,1996,47,0.00702368
Kiribati,1996,48,0.00755886
Kiribati,1996,49,0.00814956
Kiribati,1996,50,0.00878723
Kiribati,1996,51,0.0094775
Kiribati,1996,52,0.01021723
Kiribati,1996,53,0.01099767
Kiribati,1996,54,0.01183786
Kiribati,1996,55,0.01276295
Kiribati,1996,56,0.01379174
Kiribati,1996,57,0.0149196
Kiribati,1996,58,0.01615356
Kiribati,1996,59,0.01758389
Kiribati,1996,60,0.0192045
Kiribati,1996,61,0.02094931
Kiribati,1996,62,0.02293411
Kiribati,1996,63,0.02511464
Kiribati,1996,64,0.02742189
Kiribati,1996,65,0.02993969
Kiribati,1996,66,0.03266467
Kiribati,1996,67,0.03562214
Kiribati,1996,68,0.03898113
Kiribati,1996,69,0.0427201
Kiribati,1996,70,0.04686526
Kiribati,1996,71,0.05161112
Kiribati,1996,72,0.05694647
Kiribati,1996,73,0.0627233
Kiribati,1996,74,0.06891779
Kiribati,1996,75,0.07572514
Kiribati,1996,76,0.08322204
Kiribati,1996,77,0.0914625
Kiribati,1996,78,0.10054188
Kiribati,1996,79,0.1104964
Kiribati,1996,80,0.12168275
Kiribati,1996,81,0.13415431
Kiribati,1996,82,0.14745581
Kiribati,1996,83,0.16201663
Kiribati,1996,84,0.17784714
Kiribati,1996,85,0.19423351
Kiribati,1996,86,0.21112768
Kiribati,1996,87,0.22905872
Kiribati,1996,88,0.2486562
Kiribati,1996,89,0.26968612
Kiribati,1996,90,0.29141411
Kiribati,1996,91,0.31393118
Kiribati,1996,92,0.33676402
Kiribati,1996,93,0.36032474
Kiribati,1996,94,0.38484685
Kiribati,1996,95,0.40970454
Kiribati,1996,96,0.43585818
Kiribati,1996,97,0.4622254
Kiribati,1996,98,0.4892855
Kiribati,1996,99,0.5167296
Kiribati,1996,100,0.57168699
Kiribati,1997,0,0.05668347
Kiribati,1997,1,0.00727871
Kiribati,1997,2,0.00514792
Kiribati,1997,3,0.00367636
Kiribati,1997,4,0.00267812
Kiribati,1997,5,0.00201196
Kiribati,1997,6,0.00157645
Kiribati,1997,7,0.00129995
Kiribati,1997,8,0.00113179
Kiribati,1997,9,0.00104125
Kiribati,1997,10,0.00100771
Kiribati,1997,11,0.00101967
Kiribati,1997,12,0.00107049
Kiribati,1997,13,0.00115622
Kiribati,1997,14,0.00127359
Kiribati,1997,15,0.00141889
Kiribati,1997,16,0.00158615
Kiribati,1997,17,0.00176629
Kiribati,1997,18,0.00194859
Kiribati,1997,19,0.00212061
Kiribati,1997,20,0.0022725
Kiribati,1997,21,0.00239448
Kiribati,1997,22,0.00248434
Kiribati,1997,23,0.00254383
Kiribati,1997,24,0.0025809
Kiribati,1997,25,0.00260682
Kiribati,1997,26,0.00263225
Kiribati,1997,27,0.00266684
Kiribati,1997,28,0.00271559
Kiribati,1997,29,0.00278157
Kiribati,1997,30,0.00286403
Kiribati,1997,31,0.0029608
Kiribati,1997,32,0.00306973
Kiribati,1997,33,0.00318862
Kiribati,1997,34,0.00331701
Kiribati,1997,35,0.00345621
Kiribati,1997,36,0.00360839
Kiribati,1997,37,0.00377681
Kiribati,1997,38,0.00396404
Kiribati,1997,39,0.00417333
Kiribati,1997,40,0.00440831
Kiribati,1997,41,0.00466633
Kiribati,1997,42,0.00495063
Kiribati,1997,43,0.00526509
Kiribati,1997,44,0.00561153
Kiribati,1997,45,0.00599487
Kiribati,1997,46,0.00642029
Kiribati,1997,47,0.00689975
Kiribati,1997,48,0.00743263
Kiribati,1997,49,0.00801923
Kiribati,1997,50,0.0086603
Kiribati,1997,51,0.00934439
Kiribati,1997,52,0.01008272
Kiribati,1997,53,0.01087201
Kiribati,1997,54,0.01170833
Kiribati,1997,55,0.01262337
Kiribati,1997,56,0.01364185
Kiribati,1997,57,0.01477935
Kiribati,1997,58,0.01603034
Kiribati,1997,59,0.01740061
Kiribati,1997,60,0.01897351
Kiribati,1997,61,0.02072927
Kiribati,1997,62,0.02261004
Kiribati,1997,63,0.024747
Kiribati,1997,64,0.02709896
Kiribati,1997,65,0.0296067
Kiribati,1997,66,0.03236932
Kiribati,1997,67,0.03540106
Kiribati,1997,68,0.03871537
Kiribati,1997,69,0.04246819
Kiribati,1997,70,0.04662943
Kiribati,1997,71,0.05120916
Kiribati,1997,72,0.0564073
Kiribati,1997,73,0.06221138
Kiribati,1997,74,0.06848672
Kiribati,1997,75,0.07527621
Kiribati,1997,76,0.08277809
Kiribati,1997,77,0.09105247
Kiribati,1997,78,0.10018339
Kiribati,1997,79,0.11023529
Kiribati,1997,80,0.1212122
Kiribati,1997,81,0.13336022
Kiribati,1997,82,0.14674216
Kiribati,1997,83,0.16108802
Kiribati,1997,84,0.17672678
Kiribati,1997,85,0.19357824
Kiribati,1997,86,0.21098993
Kiribati,1997,87,0.22891753
Kiribati,1997,88,0.24795017
Kiribati,1997,89,0.26869669
Kiribati,1997,90,0.29084563
Kiribati,1997,91,0.31357422
Kiribati,1997,92,0.33695982
Kiribati,1997,93,0.36055237
Kiribati,1997,94,0.38478416
Kiribati,1997,95,0.40995193
Kiribati,1997,96,0.43543303
Kiribati,1997,97,0.46215085
Kiribati,1997,98,0.48897735
Kiribati,1997,99,0.5162761
Kiribati,1997,100,0.57257583
Kiribati,1998,0,0.05531275
Kiribati,1998,1,0.00694333
Kiribati,1998,2,0.00492878
Kiribati,1998,3,0.00353219
Kiribati,1998,4,0.00258135
Kiribati,1998,5,0.00194441
Kiribati,1998,6,0.00152643
Kiribati,1998,7,0.00126028
Kiribati,1998,8,0.00109786
Kiribati,1998,9,0.00100984
Kiribati,1998,10,0.00097698
Kiribati,1998,11,0.00098841
Kiribati,1998,12,0.00103757
Kiribati,1998,13,0.00112106
Kiribati,1998,14,0.00123603
Kiribati,1998,15,0.00137853
Kiribati,1998,16,0.00154284
Kiribati,1998,17,0.00171984
Kiribati,1998,18,0.00189912
Kiribati,1998,19,0.00206784
Kiribati,1998,20,0.00221617
Kiribati,1998,21,0.00233613
Kiribati,1998,22,0.00242353
Kiribati,1998,23,0.00248105
Kiribati,1998,24,0.00251644
Kiribati,1998,25,0.00254017
Kiribati,1998,26,0.00256398
Kiribati,1998,27,0.00259694
Kiribati,1998,28,0.0026439
Kiribati,1998,29,0.00270807
Kiribati,1998,30,0.00278877
Kiribati,1998,31,0.00288388
Kiribati,1998,32,0.00299107
Kiribati,1998,33,0.00310834
Kiribati,1998,34,0.00323537
Kiribati,1998,35,0.0033728
Kiribati,1998,36,0.00352343
Kiribati,1998,37,0.0036899
Kiribati,1998,38,0.003875
Kiribati,1998,39,0.00408111
Kiribati,1998,40,0.00431097
Kiribati,1998,41,0.00456863
Kiribati,1998,42,0.00485121
Kiribati,1998,43,0.00516237
Kiribati,1998,44,0.00550781
Kiribati,1998,45,0.00589049
Kiribati,1998,46,0.00631467
Kiribati,1998,47,0.00678468
Kiribati,1998,48,0.00731231
Kiribati,1998,49,0.00789568
Kiribati,1998,50,0.00853209
Kiribati,1998,51,0.00922071
Kiribati,1998,52,0.00995364
Kiribati,1998,53,0.01074335
Kiribati,1998,54,0.01159168
Kiribati,1998,55,0.01250154
Kiribati,1998,56,0.01350852
Kiribati,1998,57,0.01463585
Kiribati,1998,58,0.01589604
Kiribati,1998,59,0.01728308
Kiribati,1998,60,0.01878951
Kiribati,1998,61,0.02049464
Kiribati,1998,62,0.02238889
Kiribati,1998,63,0.02441646
Kiribati,1998,64,0.0267257
Kiribati,1998,65,0.02928553
Kiribati,1998,66,0.03204018
Kiribati,1998,67,0.03511379
Kiribati,1998,68,0.0385067
Kiribati,1998,69,0.04221051
Kiribati,1998,70,0.0463735
Kiribati,1998,71,0.05096725
Kiribati,1998,72,0.05600123
Kiribati,1998,73,0.06165865
Kiribati,1998,74,0.06796391
Kiribati,1998,75,0.07484534
Kiribati,1998,76,0.08233443
Kiribati,1998,77,0.09062013
Kiribati,1998,78,0.09979257
Kiribati,1998,79,0.10990239
Kiribati,1998,80,0.12098304
Kiribati,1998,81,0.13291631
Kiribati,1998,82,0.14595779
Kiribati,1998,83,0.16038105
Kiribati,1998,84,0.17577856
Kiribati,1998,85,0.19241549
Kiribati,1998,86,0.2103513
Kiribati,1998,87,0.22886056
Kiribati,1998,88,0.24789849
Kiribati,1998,89,0.26805833
Kiribati,1998,90,0.28992721
Kiribati,1998,91,0.31309396
Kiribati,1998,92,0.33668852
Kiribati,1998,93,0.36083152
Kiribati,1998,94,0.38508071
Kiribati,1998,95,0.40994255
Kiribati,1998,96,0.43573185
Kiribati,1998,97,0.46177587
Kiribati,1998,98,0.48895934
Kiribati,1998,99,0.51603536
Kiribati,1998,100,0.57290363
Kiribati,1999,0,0.05399126
Kiribati,1999,1,0.00661604
Kiribati,1999,2,0.00471524
Kiribati,1999,3,0.00339194
Kiribati,1999,4,0.00248735
Kiribati,1999,5,0.00187913
Kiribati,1999,6,0.00147836
Kiribati,1999,7,0.00122213
Kiribati,1999,8,0.00106534
Kiribati,1999,9,0.00097998
Kiribati,1999,10,0.00094769
Kiribati,1999,11,0.00095848
Kiribati,1999,12,0.00100624
Kiribati,1999,13,0.00108761
Kiribati,1999,14,0.00120009
Kiribati,1999,15,0.00134016
Kiribati,1999,16,0.00150165
Kiribati,1999,17,0.00167566
Kiribati,1999,18,0.00185175
Kiribati,1999,19,0.00201753
Kiribati,1999,20,0.00216248
Kiribati,1999,21,0.00227903
Kiribati,1999,22,0.00236511
Kiribati,1999,23,0.00242071
Kiribati,1999,24,0.00245476
Kiribati,1999,25,0.00247739
Kiribati,1999,26,0.0024993
Kiribati,1999,27,0.00253069
Kiribati,1999,28,0.00257593
Kiribati,1999,29,0.00263795
Kiribati,1999,30,0.00271644
Kiribati,1999,31,0.00280959
Kiribati,1999,32,0.00291523
Kiribati,1999,33,0.00303098
Kiribati,1999,34,0.00315671
Kiribati,1999,35,0.0032931
Kiribati,1999,36,0.00344192
Kiribati,1999,37,0.00360675
Kiribati,1999,38,0.00378972
Kiribati,1999,39,0.00399356
Kiribati,1999,40,0.00422011
Kiribati,1999,41,0.00447242
Kiribati,1999,42,0.00475558
Kiribati,1999,43,0.00506564
Kiribati,1999,44,0.00540759
Kiribati,1999,45,0.00578886
Kiribati,1999,46,0.00621204
Kiribati,1999,47,0.00668067
Kiribati,1999,48,0.00719722
Kiribati,1999,49,0.00777427
Kiribati,1999,50,0.00840711
Kiribati,1999,51,0.0090914
Kiribati,1999,52,0.00982932
Kiribati,1999,53,0.01061465
Kiribati,1999,54,0.0114668
Kiribati,1999,55,0.01239101
Kiribati,1999,56,0.01339208
Kiribati,1999,57,0.01450574
Kiribati,1999,58,0.01575311
Kiribati,1999,59,0.0171486
Kiribati,1999,60,0.01867228
Kiribati,1999,61,0.02030642
Kiribati,1999,62,0.02214812
Kiribati,1999,63,0.02419263
Kiribati,1999,64,0.02638681
Kiribati,1999,65,0.02890335
Kiribati,1999,66,0.03171692
Kiribati,1999,67,0.03478325
Kiribati,1999,68,0.03822084
Kiribati,1999,69,0.04200703
Kiribati,1999,70,0.04612859
Kiribati,1999,71,0.05072514
Kiribati,1999,72,0.05576032
Kiribati,1999,73,0.06124352
Kiribati,1999,74,0.06739225
Kiribati,1999,75,0.07427158
Kiribati,1999,76,0.08186327
Kiribati,1999,77,0.09018062
Kiribati,1999,78,0.09937062
Kiribati,1999,79,0.1095284
Kiribati,1999,80,0.12067229
Kiribati,1999,81,0.13271425
Kiribati,1999,82,0.14553411
Kiribati,1999,83,0.15959109
Kiribati,1999,84,0.1750649
Kiribati,1999,85,0.19143606
Kiribati,1999,86,0.20914364
Kiribati,1999,87,0.2282476
Kiribati,1999,88,0.2479286
Kiribati,1999,89,0.26809988
Kiribati,1999,90,0.28936578
Kiribati,1999,91,0.31224979
Kiribati,1999,92,0.33628604
Kiribati,1999,93,0.36063141
Kiribati,1999,94,0.38542821
Kiribati,1999,95,0.41029757
Kiribati,1999,96,0.4357723
Kiribati,1999,97,0.46212579
Kiribati,1999,98,0.4886432
Kiribati,1999,99,0.51607864
Kiribati,1999,100,0.57302088
Kiribati,2000,0,0.05272994
Kiribati,2000,1,0.0062991
Kiribati,2000,2,0.0045086
Kiribati,2000,3,0.00325671
Kiribati,2000,4,0.00239699
Kiribati,2000,5,0.00181647
Kiribati,2000,6,0.00143254
Kiribati,2000,7,0.001186
Kiribati,2000,8,0.00103444
Kiribati,2000,9,0.00095169
Kiribati,2000,10,0.00092012
Kiribati,2000,11,0.00093022
Kiribati,2000,12,0.00097653
Kiribati,2000,13,0.00105611
Kiribati,2000,14,0.00116627
Kiribati,2000,15,0.00130383
Kiribati,2000,16,0.00146302
Kiribati,2000,17,0.00163417
Kiribati,2000,18,0.00180719
Kiribati,2000,19,0.00196957
Kiribati,2000,20,0.00211176
Kiribati,2000,21,0.00222523
Kiribati,2000,22,0.0023083
Kiribati,2000,23,0.00236347
Kiribati,2000,24,0.00239627
Kiribati,2000,25,0.00241805
Kiribati,2000,26,0.0024391
Kiribati,2000,27,0.00246872
Kiribati,2000,28,0.0025123
Kiribati,2000,29,0.0025723
Kiribati,2000,30,0.00264832
Kiribati,2000,31,0.00273906
Kiribati,2000,32,0.00284274
Kiribati,2000,33,0.00295716
Kiribati,2000,34,0.00308165
Kiribati,2000,35,0.00321698
Kiribati,2000,36,0.00336482
Kiribati,2000,37,0.00352774
Kiribati,2000,38,0.00370906
Kiribati,2000,39,0.00391065
Kiribati,2000,40,0.00413498
Kiribati,2000,41,0.0043841
Kiribati,2000,42,0.00466155
Kiribati,2000,43,0.00497296
Kiribati,2000,44,0.00531498
Kiribati,2000,45,0.00569269
Kiribati,2000,46,0.00611376
Kiribati,2000,47,0.0065808
Kiribati,2000,48,0.00709528
Kiribati,2000,49,0.00765978
Kiribati,2000,50,0.00828574
Kiribati,2000,51,0.00896692
Kiribati,2000,52,0.00970142
Kiribati,2000,53,0.01049406
Kiribati,2000,54,0.01134286
Kiribati,2000,55,0.01227224
Kiribati,2000,56,0.01328955
Kiribati,2000,57,0.01439552
Kiribati,2000,58,0.01562632
Kiribati,2000,59,0.01700644
Kiribati,2000,60,0.01853882
Kiribati,2000,61,0.02019282
Kiribati,2000,62,0.02196046
Kiribati,2000,63,0.02395148
Kiribati,2000,64,0.02616662
Kiribati,2000,65,0.02856093
Kiribati,2000,66,0.03133713
Kiribati,2000,67,0.03446918
Kiribati,2000,68,0.03789129
Kiribati,2000,69,0.04172472
Kiribati,2000,70,0.04593264
Kiribati,2000,71,0.05046766
Kiribati,2000,72,0.05550509
Kiribati,2000,73,0.06101115
Kiribati,2000,74,0.06697583
Kiribati,2000,75,0.07368966
Kiribati,2000,76,0.08128363
Kiribati,2000,77,0.08971755
Kiribati,2000,78,0.09894756
Kiribati,2000,79,0.10912832
Kiribati,2000,80,0.1203254
Kiribati,2000,81,0.13243429
Kiribati,2000,82,0.14536937
Kiribati,2000,83,0.15919382
Kiribati,2000,84,0.17426789
Kiribati,2000,85,0.19072243
Kiribati,2000,86,0.20814589
Kiribati,2000,87,0.2270193
Kiribati,2000,88,0.24736677
Kiribati,2000,89,0.2682295
Kiribati,2000,90,0.28950794
Kiribati,2000,91,0.31177258
Kiribati,2000,92,0.33551416
Kiribati,2000,93,0.36029789
Kiribati,2000,94,0.38528823
Kiribati,2000,95,0.41070551
Kiribati,2000,96,0.43618108
Kiribati,2000,97,0.46221536
Kiribati,2000,98,0.48904282
Kiribati,2000,99,0.51582357
Kiribati,2000,100,0.5731445
Kiribati,2001,0,0.0516324
Kiribati,2001,1,0.00603007
Kiribati,2001,2,0.00433255
Kiribati,2001,3,0.003141
Kiribati,2001,4,0.00231956
Kiribati,2001,5,0.00176258
Kiribati,2001,6,0.00139288
Kiribati,2001,7,0.00115473
Kiribati,2001,8,0.00100775
Kiribati,2001,9,0.00092709
Kiribati,2001,10,0.00089624
Kiribati,2001,11,0.00090593
Kiribati,2001,12,0.00095096
Kiribati,2001,13,0.00102887
Kiribati,2001,14,0.00113723
Kiribati,2001,15,0.00127261
Kiribati,2001,16,0.00142943
Kiribati,2001,17,0.00159842
Kiribati,2001,18,0.00176856
Kiribati,2001,19,0.001928
Kiribati,2001,20,0.00206717
Kiribati,2001,21,0.00217861
Kiribati,2001,22,0.0022595
Kiribati,2001,23,0.00231276
Kiribati,2001,24,0.00234585
Kiribati,2001,25,0.00236686
Kiribati,2001,26,0.00238721
Kiribati,2001,27,0.00241581
Kiribati,2001,28,0.00245753
Kiribati,2001,29,0.00251568
Kiribati,2001,30,0.00258961
Kiribati,2001,31,0.002678
Kiribati,2001,32,0.00277947
Kiribati,2001,33,0.00289231
Kiribati,2001,34,0.00301591
Kiribati,2001,35,0.00315029
Kiribati,2001,36,0.00329739
Kiribati,2001,37,0.00345945
Kiribati,2001,38,0.00363886
Kiribati,2001,39,0.00383902
Kiribati,2001,40,0.00406132
Kiribati,2001,41,0.00430845
Kiribati,2001,42,0.00458286
Kiribati,2001,43,0.00488895
Kiribati,2001,44,0.00523277
Kiribati,2001,45,0.00561083
Kiribati,2001,46,0.00602838
Kiribati,2001,47,0.00649276
Kiribati,2001,48,0.00700506
Kiribati,2001,49,0.00756619
Kiribati,2001,50,0.00817847
Kiribati,2001,51,0.00885292
Kiribati,2001,52,0.00958665
Kiribati,2001,53,0.01037895
Kiribati,2001,54,0.01123814
Kiribati,2001,55,0.01216347
Kiribati,2001,56,0.01318237
Kiribati,2001,57,0.01430539
Kiribati,2001,58,0.01552977
Kiribati,2001,59,0.01689097
Kiribati,2001,60,0.01840615
Kiribati,2001,61,0.02007132
Kiribati,2001,62,0.021863
Kiribati,2001,63,0.0237779
Kiribati,2001,64,0.02593904
Kiribati,2001,65,0.02836781
Kiribati,2001,66,0.03101719
Kiribati,2001,67,0.03409979
Kiribati,2001,68,0.03759058
Kiribati,2001,69,0.04140789
Kiribati,2001,70,0.04566971
Kiribati,2001,71,0.05031409
Kiribati,2001,72,0.05528616
Kiribati,2001,73,0.06077926
Kiribati,2001,74,0.06680205
Kiribati,2001,75,0.07336315
Kiribati,2001,76,0.08075492
Kiribati,2001,77,0.08915823
Kiribati,2001,78,0.0985177
Kiribati,2001,79,0.1087459
Kiribati,2001,80,0.11996978
Kiribati,2001,81,0.13213508
Kiribati,2001,82,0.14525733
Kiribati,2001,83,0.15921728
Kiribati,2001,84,0.17391412
Kiribati,2001,85,0.18993187
Kiribati,2001,86,0.20745586
Kiribati,2001,87,0.22603473
Kiribati,2001,88,0.24615923
Kiribati,2001,89,0.26774668
Kiribati,2001,90,0.28974705
Kiribati,2001,91,0.31201756
Kiribati,2001,92,0.33511827
Kiribati,2001,93,0.35958902
Kiribati,2001,94,0.38501074
Kiribati,2001,95,0.41061481
Kiribati,2001,96,0.43663991
Kiribati,2001,97,0.46266869
Kiribati,2001,98,0.48917499
Kiribati,2001,99,0.51626063
Kiribati,2001,100,0.57313215
Kiribati,2002,0,0.05071174
Kiribati,2002,1,0.00580911
Kiribati,2002,2,0.00418736
Kiribati,2002,3,0.00304524
Kiribati,2002,4,0.00225519
Kiribati,2002,5,0.00171775
Kiribati,2002,6,0.00135967
Kiribati,2002,7,0.00112837
Kiribati,2002,8,0.00098531
Kiribati,2002,9,0.00090648
Kiribati,2002,10,0.00087612
Kiribati,2002,11,0.00088562
Kiribati,2002,12,0.00092975
Kiribati,2002,13,0.00100623
Kiribati,2002,14,0.00111298
Kiribati,2002,15,0.00124676
Kiribati,2002,16,0.0014016
Kiribati,2002,17,0.0015684
Kiribati,2002,18,0.00173662
Kiribati,2002,19,0.00189332
Kiribati,2002,20,0.00202992
Kiribati,2002,21,0.00213907
Kiribati,2002,22,0.00221894
Kiribati,2002,23,0.00227087
Kiribati,2002,24,0.0023028
Kiribati,2002,25,0.00232442
Kiribati,2002,26,0.00234407
Kiribati,2002,27,0.00237184
Kiribati,2002,28,0.00241242
Kiribati,2002,29,0.00246871
Kiribati,2002,30,0.00254081
Kiribati,2002,31,0.0026272
Kiribati,2002,32,0.00272655
Kiribati,2002,33,0.00283757
Kiribati,2002,34,0.00296001
Kiribati,2002,35,0.00309399
Kiribati,2002,36,0.00324049
Kiribati,2002,37,0.00340201
Kiribati,2002,38,0.00358067
Kiribati,2002,39,0.00377893
Kiribati,2002,40,0.00400028
Kiribati,2002,41,0.00424602
Kiribati,2002,42,0.00451883
Kiribati,2002,43,0.00482207
Kiribati,2002,44,0.0051606
Kiribati,2002,45,0.0055407
Kiribati,2002,46,0.00595818
Kiribati,2002,47,0.00641782
Kiribati,2002,48,0.00692683
Kiribati,2002,49,0.00748527
Kiribati,2002,50,0.00809317
Kiribati,2002,51,0.00875419
Kiribati,2002,52,0.00948039
Kiribati,2002,53,0.01027024
Kiribati,2002,54,0.01112939
Kiribati,2002,55,0.0120661
Kiribati,2002,56,0.01308195
Kiribati,2002,57,0.01420822
Kiribati,2002,58,0.0154497
Kiribati,2002,59,0.01680584
Kiribati,2002,60,0.01830811
Kiribati,2002,61,0.01996503
Kiribati,2002,62,0.02177776
Kiribati,2002,63,0.0237244
Kiribati,2002,64,0.02581008
Kiribati,2002,65,0.02817982
Kiribati,2002,66,0.03085508
Kiribati,2002,67,0.03379839
Kiribati,2002,68,0.03725261
Kiribati,2002,69,0.04114724
Kiribati,2002,70,0.04538092
Kiribati,2002,71,0.05008095
Kiribati,2002,72,0.05517236
Kiribati,2002,73,0.06060371
Kiribati,2002,74,0.06659398
Kiribati,2002,75,0.0732014
Kiribati,2002,76,0.08044925
Kiribati,2002,77,0.08864461
Kiribati,2002,78,0.09797301
Kiribati,2002,79,0.10833433
Kiribati,2002,80,0.11960946
Kiribati,2002,81,0.1318578
Kiribati,2002,82,0.14499427
Kiribati,2002,83,0.15903211
Kiribati,2002,84,0.17385293
Kiribati,2002,85,0.18942563
Kiribati,2002,86,0.20655731
Kiribati,2002,87,0.22538742
Kiribati,2002,88,0.2452146
Kiribati,2002,89,0.26658726
Kiribati,2002,90,0.28935223
Kiribati,2002,91,0.31235844
Kiribati,2002,92,0.3354532
Kiribati,2002,93,0.35925901
Kiribati,2002,94,0.38434718
Kiribati,2002,95,0.41038075
Kiribati,2002,96,0.43659026
Kiribati,2002,97,0.46316981
Kiribati,2002,98,0.48966442
Kiribati,2002,99,0.51642758
Kiribati,2002,100,0.57333765
Kiribati,2003,0,0.04996936
Kiribati,2003,1,0.00563429
Kiribati,2003,2,0.00407225
Kiribati,2003,3,0.00296914
Kiribati,2003,4,0.00220393
Kiribati,2003,5,0.00168198
Kiribati,2003,6,0.0013333
Kiribati,2003,7,0.00110728
Kiribati,2003,8,0.00096722
Kiribati,2003,9,0.00088993
Kiribati,2003,10,0.00085998
Kiribati,2003,11,0.00086917
Kiribati,2003,12,0.00091274
Kiribati,2003,13,0.00098824
Kiribati,2003,14,0.00109363
Kiribati,2003,15,0.00122606
Kiribati,2003,16,0.0013796
Kiribati,2003,17,0.00154464
Kiribati,2003,18,0.00171091
Kiribati,2003,19,0.00186596
Kiribati,2003,20,0.00200011
Kiribati,2003,21,0.0021074
Kiribati,2003,22,0.00218586
Kiribati,2003,23,0.00223759
Kiribati,2003,24,0.00226886
Kiribati,2003,25,0.00228972
Kiribati,2003,26,0.00230991
Kiribati,2003,27,0.00233694
Kiribati,2003,28,0.00237655
Kiribati,2003,29,0.0024316
Kiribati,2003,30,0.00250198
Kiribati,2003,31,0.00258675
Kiribati,2003,32,0.00268437
Kiribati,2003,33,0.00279363
Kiribati,2003,34,0.00291452
Kiribati,2003,35,0.0030476
Kiribati,2003,36,0.00319399
Kiribati,2003,37,0.00335511
Kiribati,2003,38,0.00353344
Kiribati,2003,39,0.0037312
Kiribati,2003,40,0.00395072
Kiribati,2003,41,0.0041958
Kiribati,2003,42,0.00446786
Kiribati,2003,43,0.00476987
Kiribati,2003,44,0.00510564
Kiribati,2003,45,0.00548046
Kiribati,2003,46,0.00590032
Kiribati,2003,47,0.00636027
Kiribati,2003,48,0.00686391
Kiribati,2003,49,0.00741881
Kiribati,2003,50,0.00802588
Kiribati,2003,51,0.00868334
Kiribati,2003,52,0.00939655
Kiribati,2003,53,0.01018023
Kiribati,2003,54,0.01103572
Kiribati,2003,55,0.01197205
Kiribati,2003,56,0.01300346
Kiribati,2003,57,0.01412928
Kiribati,2003,58,0.01537498
Kiribati,2003,59,0.01674667
Kiribati,2003,60,0.01824066
Kiribati,2003,61,0.01988607
Kiribati,2003,62,0.02169281
Kiribati,2003,63,0.02366588
Kiribati,2003,64,0.02579008
Kiribati,2003,65,0.02808297
Kiribati,2003,66,0.03070555
Kiribati,2003,67,0.03368699
Kiribati,2003,68,0.03698272
Kiribati,2003,69,0.04082757
Kiribati,2003,70,0.04514328
Kiribati,2003,71,0.04981523
Kiribati,2003,72,0.05498467
Kiribati,2003,73,0.0605673
Kiribati,2003,74,0.06650591
Kiribati,2003,75,0.07308312
Kiribati,2003,76,0.08037904
Kiribati,2003,77,0.08841064
Kiribati,2003,78,0.09750968
Kiribati,2003,79,0.10784532
Kiribati,2003,80,0.11925641
Kiribati,2003,81,0.1315585
Kiribati,2003,82,0.14477759
Kiribati,2003,83,0.15890238
Kiribati,2003,84,0.17390533
Kiribati,2003,85,0.189658
Kiribati,2003,86,0.20622277
Kiribati,2003,87,0.22451051
Kiribati,2003,88,0.24462628
Kiribati,2003,89,0.26569998
Kiribati,2003,90,0.28825497
Kiribati,2003,91,0.31204542
Kiribati,2003,92,0.33587986
Kiribati,2003,93,0.35966682
Kiribati,2003,94,0.38406439
Kiribati,2003,95,0.40974794
Kiribati,2003,96,0.43639021
Kiribati,2003,97,0.46315385
Kiribati,2003,98,0.4901968
Kiribati,2003,99,0.51693974
Kiribati,2003,100,0.57353444
Kiribati,2004,0,0.04938826
Kiribati,2004,1,0.00549959
Kiribati,2004,2,0.00398333
Kiribati,2004,3,0.00291033
Kiribati,2004,4,0.00216426
Kiribati,2004,5,0.00165421
Kiribati,2004,6,0.00131279
Kiribati,2004,7,0.00109102
Kiribati,2004,8,0.00095314
Kiribati,2004,9,0.00087693
Kiribati,2004,10,0.00084738
Kiribati,2004,11,0.00085634
Kiribati,2004,12,0.00089929
Kiribati,2004,13,0.00097417
Kiribati,2004,14,0.00107872
Kiribati,2004,15,0.00120996
Kiribati,2004,16,0.00136239
Kiribati,2004,17,0.00152644
Kiribati,2004,18,0.00169107
Kiribati,2004,19,0.00184436
Kiribati,2004,20,0.00197732
Kiribati,2004,21,0.00208253
Kiribati,2004,22,0.00215968
Kiribati,2004,23,0.00221078
Kiribati,2004,24,0.00224244
Kiribati,2004,25,0.0022629
Kiribati,2004,26,0.00228251
Kiribati,2004,27,0.00230991
Kiribati,2004,28,0.00234879
Kiribati,2004,29,0.00240297
Kiribati,2004,30,0.00247221
Kiribati,2004,31,0.00255553
Kiribati,2004,32,0.00265184
Kiribati,2004,33,0.00275956
Kiribati,2004,34,0.00287895
Kiribati,2004,35,0.00301076
Kiribati,2004,36,0.00315645
Kiribati,2004,37,0.0033176
Kiribati,2004,38,0.00349572
Kiribati,2004,39,0.00369352
Kiribati,2004,40,0.0039129
Kiribati,2004,41,0.00415658
Kiribati,2004,42,0.0044285
Kiribati,2004,43,0.00473004
Kiribati,2004,44,0.00506512
Kiribati,2004,45,0.00543712
Kiribati,2004,46,0.00585088
Kiribati,2004,47,0.00631342
Kiribati,2004,48,0.00681736
Kiribati,2004,49,0.0073664
Kiribati,2004,50,0.00796986
Kiribati,2004,51,0.0086272
Kiribati,2004,52,0.00933645
Kiribati,2004,53,0.01010679
Kiribati,2004,54,0.01095803
Kiribati,2004,55,0.01189306
Kiribati,2004,56,0.01292256
Kiribati,2004,57,0.01406324
Kiribati,2004,58,0.01531109
Kiribati,2004,59,0.01668745
Kiribati,2004,60,0.01819814
Kiribati,2004,61,0.01983566
Kiribati,2004,62,0.02163281
Kiribati,2004,63,0.02359615
Kiribati,2004,64,0.02574358
Kiribati,2004,65,0.02807725
Kiribati,2004,66,0.03062615
Kiribati,2004,67,0.03356215
Kiribati,2004,68,0.03689839
Kiribati,2004,69,0.0405765
Kiribati,2004,70,0.04484088
Kiribati,2004,71,0.0496002
Kiribati,2004,72,0.05472474
Kiribati,2004,73,0.06039006
Kiribati,2004,74,0.06650943
Kiribati,2004,75,0.07303603
Kiribati,2004,76,0.08028161
Kiribati,2004,77,0.0883649
Kiribati,2004,78,0.09732531
Kiribati,2004,79,0.10743601
Kiribati,2004,80,0.11882399
Kiribati,2004,81,0.13126095
Kiribati,2004,82,0.1445352
Kiribati,2004,83,0.158672
Kiribati,2004,84,0.17376064
Kiribati,2004,85,0.18979879
Kiribati,2004,86,0.20656613
Kiribati,2004,87,0.22423602
Kiribati,2004,88,0.24378204
Kiribati,2004,89,0.26517357
Kiribati,2004,90,0.28742712
Kiribati,2004,91,0.31100411
Kiribati,2004,92,0.3356298
Kiribati,2004,93,0.36015985
Kiribati,2004,94,0.38452719
Kiribati,2004,95,0.40949652
Kiribati,2004,96,0.43577819
Kiribati,2004,97,0.46297993
Kiribati,2004,98,0.4902069
Kiribati,2004,99,0.51748893
Kiribati,2004,100,0.57386812
Kiribati,2005,0,0.04893321
Kiribati,2005,1,0.00539509
Kiribati,2005,2,0.00391409
Kiribati,2005,3,0.00286443
Kiribati,2005,4,0.00213338
Kiribati,2005,5,0.00163256
Kiribati,2005,6,0.00129671
Kiribati,2005,7,0.00107825
Kiribati,2005,8,0.00094224
Kiribati,2005,9,0.00086674
Kiribati,2005,10,0.0008374
Kiribati,2005,11,0.00084626
Kiribati,2005,12,0.00088873
Kiribati,2005,13,0.00096294
Kiribati,2005,14,0.00106696
Kiribati,2005,15,0.00119757
Kiribati,2005,16,0.00134895
Kiribati,2005,17,0.00151202
Kiribati,2005,18,0.00167593
Kiribati,2005,19,0.00182775
Kiribati,2005,20,0.0019591
Kiribati,2005,21,0.00206353
Kiribati,2005,22,0.00213916
Kiribati,2005,23,0.00218943
Kiribati,2005,24,0.00222073
Kiribati,2005,25,0.00224187
Kiribati,2005,26,0.00226128
Kiribati,2005,27,0.00228805
Kiribati,2005,28,0.00232718
Kiribati,2005,29,0.00238072
Kiribati,2005,30,0.00244921
Kiribati,2005,31,0.00253158
Kiribati,2005,32,0.00262666
Kiribati,2005,33,0.00273331
Kiribati,2005,34,0.00285135
Kiribati,2005,35,0.0029818
Kiribati,2005,36,0.00312623
Kiribati,2005,37,0.00328685
Kiribati,2005,38,0.0034653
Kiribati,2005,39,0.00366302
Kiribati,2005,40,0.00388279
Kiribati,2005,41,0.0041266
Kiribati,2005,42,0.00439753
Kiribati,2005,43,0.00469981
Kiribati,2005,44,0.00503422
Kiribati,2005,45,0.00540498
Kiribati,2005,46,0.00581589
Kiribati,2005,47,0.00627149
Kiribati,2005,48,0.0067783
Kiribati,2005,49,0.00732835
Kiribati,2005,50,0.00792399
Kiribati,2005,51,0.00857666
Kiribati,2005,52,0.00928837
Kiribati,2005,53,0.0100565
Kiribati,2005,54,0.01089374
Kiribati,2005,55,0.01182481
Kiribati,2005,56,0.01285338
Kiribati,2005,57,0.01398951
Kiribati,2005,58,0.01525335
Kiribati,2005,59,0.01663522
Kiribati,2005,60,0.01815139
Kiribati,2005,61,0.01980719
Kiribati,2005,62,0.02159634
Kiribati,2005,63,0.02355698
Kiribati,2005,64,0.02570338
Kiribati,2005,65,0.0280596
Kiribati,2005,66,0.03063776
Kiribati,2005,67,0.03349368
Kiribati,2005,68,0.03679275
Kiribati,2005,69,0.0405134
Kiribati,2005,70,0.04460277
Kiribati,2005,71,0.04930909
Kiribati,2005,72,0.05452688
Kiribati,2005,73,0.06012742
Kiribati,2005,74,0.0663348
Kiribati,2005,75,0.0730568
Kiribati,2005,76,0.08025125
Kiribati,2005,77,0.08830585
Kiribati,2005,78,0.0973199
Kiribati,2005,79,0.10729359
Kiribati,2005,80,0.11846107
Kiribati,2005,81,0.13087289
Kiribati,2005,82,0.14427964
Kiribati,2005,83,0.15847444
Kiribati,2005,84,0.17348662
Kiribati,2005,85,0.18960313
Kiribati,2005,86,0.20679016
Kiribati,2005,87,0.22467956
Kiribati,2005,88,0.24355998
Kiribati,2005,89,0.26436138
Kiribati,2005,90,0.28695249
Kiribati,2005,91,0.31022206
Kiribati,2005,92,0.33462369
Kiribati,2005,93,0.35995066
Kiribati,2005,94,0.38506892
Kiribati,2005,95,0.40999923
Kiribati,2005,96,0.43554718
Kiribati,2005,97,0.46238365
Kiribati,2005,98,0.49005364
Kiribati,2005,99,0.51751768
Kiribati,2005,100,0.57428786
Kiribati,2006,0,0.04856115
Kiribati,2006,1,0.00531044
Kiribati,2006,2,0.00385786
Kiribati,2006,3,0.0028269
Kiribati,2006,4,0.00210808
Kiribati,2006,5,0.00161498
Kiribati,2006,6,0.00128366
Kiribati,2006,7,0.00106777
Kiribati,2006,8,0.00093326
Kiribati,2006,9,0.00085851
Kiribati,2006,10,0.00082924
Kiribati,2006,11,0.00083792
Kiribati,2006,12,0.00088007
Kiribati,2006,13,0.00095369
Kiribati,2006,14,0.00105703
Kiribati,2006,15,0.00118723
Kiribati,2006,16,0.00133816
Kiribati,2006,17,0.00150028
Kiribati,2006,18,0.00166329
Kiribati,2006,19,0.00181452
Kiribati,2006,20,0.00194463
Kiribati,2006,21,0.0020477
Kiribati,2006,22,0.00212276
Kiribati,2006,23,0.00217191
Kiribati,2006,24,0.00220276
Kiribati,2006,25,0.0022237
Kiribati,2006,26,0.00224376
Kiribati,2006,27,0.00227043
Kiribati,2006,28,0.0023089
Kiribati,2006,29,0.00236257
Kiribati,2006,30,0.00243057
Kiribati,2006,31,0.00251229
Kiribati,2006,32,0.00260658
Kiribati,2006,33,0.00271226
Kiribati,2006,34,0.00282944
Kiribati,2006,35,0.00295862
Kiribati,2006,36,0.00310172
Kiribati,2006,37,0.00326098
Kiribati,2006,38,0.00343887
Kiribati,2006,39,0.00363724
Kiribati,2006,40,0.00385731
Kiribati,2006,41,0.00410195
Kiribati,2006,42,0.00437324
Kiribati,2006,43,0.00467452
Kiribati,2006,44,0.00501032
Kiribati,2006,45,0.00538084
Kiribati,2006,46,0.00579014
Kiribati,2006,47,0.00624216
Kiribati,2006,48,0.00674125
Kiribati,2006,49,0.00729386
Kiribati,2006,50,0.00789073
Kiribati,2006,51,0.00853494
Kiribati,2006,52,0.00924066
Kiribati,2006,53,0.01001194
Kiribati,2006,54,0.01084835
Kiribati,2006,55,0.01176388
Kiribati,2006,56,0.0127881
Kiribati,2006,57,0.01392772
Kiribati,2006,58,0.01518691
Kiribati,2006,59,0.01658033
Kiribati,2006,60,0.01810269
Kiribati,2006,61,0.01976898
Kiribati,2006,62,0.02157885
Kiribati,2006,63,0.02353239
Kiribati,2006,64,0.02567759
Kiribati,2006,65,0.02804014
Kiribati,2006,66,0.03065104
Kiribati,2006,67,0.0335219
Kiribati,2006,68,0.03671422
Kiribati,2006,69,0.0404158
Kiribati,2006,70,0.04456347
Kiribati,2006,71,0.04907611
Kiribati,2006,72,0.05423852
Kiribati,2006,73,0.05993884
Kiribati,2006,74,0.06604238
Kiribati,2006,75,0.07285781
Kiribati,2006,76,0.08029953
Kiribati,2006,77,0.08830247
Kiribati,2006,78,0.09728869
Kiribati,2006,79,0.10731628
Kiribati,2006,80,0.118349
Kiribati,2006,81,0.13054208
Kiribati,2006,82,0.14391736
Kiribati,2006,83,0.1582445
Kiribati,2006,84,0.17332052
Kiribati,2006,85,0.18924511
Kiribati,2006,86,0.2063439
Kiribati,2006,87,0.22479732
Kiribati,2006,88,0.24408269
Kiribati,2006,89,0.26417957
Kiribati,2006,90,0.28616725
Kiribati,2006,91,0.30978397
Kiribati,2006,92,0.33386844
Kiribati,2006,93,0.35895849
Kiribati,2006,94,0.38488276
Kiribati,2006,95,0.41057683
Kiribati,2006,96,0.43607845
Kiribati,2006,97,0.46216733
Kiribati,2006,98,0.48947361
Kiribati,2006,99,0.51738177
Kiribati,2006,100,0.57452685
Kiribati,2007,0,0.04823624
Kiribati,2007,1,0.00523694
Kiribati,2007,2,0.00380935
Kiribati,2007,3,0.00279469
Kiribati,2007,4,0.00208629
Kiribati,2007,5,0.00160004
Kiribati,2007,6,0.00127299
Kiribati,2007,7,0.0010593
Kiribati,2007,8,0.0009258
Kiribati,2007,9,0.00085152
Kiribati,2007,10,0.00082235
Kiribati,2007,11,0.0008307
Kiribati,2007,12,0.00087241
Kiribati,2007,13,0.00094558
Kiribati,2007,14,0.00104824
Kiribati,2007,15,0.00117774
Kiribati,2007,16,0.00132838
Kiribati,2007,17,0.00149018
Kiribati,2007,18,0.00165221
Kiribati,2007,19,0.00180244
Kiribati,2007,20,0.00193184
Kiribati,2007,21,0.00203366
Kiribati,2007,22,0.00210762
Kiribati,2007,23,0.00215673
Kiribati,2007,24,0.00218708
Kiribati,2007,25,0.00220792
Kiribati,2007,26,0.00222783
Kiribati,2007,27,0.00225478
Kiribati,2007,28,0.00229299
Kiribati,2007,29,0.00234593
Kiribati,2007,30,0.00241389
Kiribati,2007,31,0.00249515
Kiribati,2007,32,0.00258888
Kiribati,2007,33,0.002694
Kiribati,2007,34,0.00281046
Kiribati,2007,35,0.00293887
Kiribati,2007,36,0.00308076
Kiribati,2007,37,0.00323871
Kiribati,2007,38,0.00341503
Kiribati,2007,39,0.00361241
Kiribati,2007,40,0.00383281
Kiribati,2007,41,0.00407752
Kiribati,2007,42,0.00434955
Kiribati,2007,43,0.00465113
Kiribati,2007,44,0.00498582
Kiribati,2007,45,0.00535843
Kiribati,2007,46,0.00576813
Kiribati,2007,47,0.00621889
Kiribati,2007,48,0.00671469
Kiribati,2007,49,0.00725957
Kiribati,2007,50,0.00786096
Kiribati,2007,51,0.0085073
Kiribati,2007,52,0.00920312
Kiribati,2007,53,0.00996824
Kiribati,2007,54,0.01080809
Kiribati,2007,55,0.0117227
Kiribati,2007,56,0.01272956
Kiribati,2007,57,0.01386136
Kiribati,2007,58,0.01512297
Kiribati,2007,59,0.01651918
Kiribati,2007,60,0.01806137
Kiribati,2007,61,0.01973122
Kiribati,2007,62,0.02153984
Kiribati,2007,63,0.02350157
Kiribati,2007,64,0.02562427
Kiribati,2007,65,0.02798313
Kiribati,2007,66,0.03061846
Kiribati,2007,67,0.03354416
Kiribati,2007,68,0.03675594
Kiribati,2007,69,0.04031814
Kiribati,2007,70,0.04442733
Kiribati,2007,71,0.04901147
Kiribati,2007,72,0.05397882
Kiribati,2007,73,0.05961033
Kiribati,2007,74,0.06584871
Kiribati,2007,75,0.07257108
Kiribati,2007,76,0.08006975
Kiribati,2007,77,0.0883255
Kiribati,2007,78,0.09729711
Kiribati,2007,79,0.10734777
Kiribati,2007,80,0.11846547
Kiribati,2007,81,0.13048609
Kiribati,2007,82,0.14359597
Kiribati,2007,83,0.15788238
Kiribati,2007,84,0.17309453
Kiribati,2007,85,0.18919769
Kiribati,2007,86,0.2062585
Kiribati,2007,87,0.22452046
Kiribati,2007,88,0.24424203
Kiribati,2007,89,0.26475903
Kiribati,2007,90,0.28601453
Kiribati,2007,91,0.30901784
Kiribati,2007,92,0.3334523
Kiribati,2007,93,0.35821406
Kiribati,2007,94,0.38388775
Kiribati,2007,95,0.41040339
Kiribati,2007,96,0.43668301
Kiribati,2007,97,0.46271867
Kiribati,2007,98,0.4892713
Kiribati,2007,99,0.51682234
Kiribati,2007,100,0.57459958
Kiribati,2008,0,0.04793919
Kiribati,2008,1,0.00517029
Kiribati,2008,2,0.00376519
Kiribati,2008,3,0.00276555
Kiribati,2008,4,0.00206655
Kiribati,2008,5,0.00158619
Kiribati,2008,6,0.00126303
Kiribati,2008,7,0.0010517
Kiribati,2008,8,0.00091924
Kiribati,2008,9,0.00084526
Kiribati,2008,10,0.00081612
Kiribati,2008,11,0.0008243
Kiribati,2008,12,0.00086549
Kiribati,2008,13,0.00093811
Kiribati,2008,14,0.00104027
Kiribati,2008,15,0.00116906
Kiribati,2008,16,0.00131898
Kiribati,2008,17,0.00148061
Kiribati,2008,18,0.00164242
Kiribati,2008,19,0.00179161
Kiribati,2008,20,0.00192003
Kiribati,2008,21,0.00202128
Kiribati,2008,22,0.00209416
Kiribati,2008,23,0.00214244
Kiribati,2008,24,0.00217295
Kiribati,2008,25,0.00219347
Kiribati,2008,26,0.00221332
Kiribati,2008,27,0.00224008
Kiribati,2008,28,0.00227842
Kiribati,2008,29,0.00233104
Kiribati,2008,30,0.00239825
Kiribati,2008,31,0.00247947
Kiribati,2008,32,0.0025728
Kiribati,2008,33,0.00267745
Kiribati,2008,34,0.00279341
Kiribati,2008,35,0.00292122
Kiribati,2008,36,0.00306234
Kiribati,2008,37,0.0032189
Kiribati,2008,38,0.00339377
Kiribati,2008,39,0.00358939
Kiribati,2008,40,0.00380876
Kiribati,2008,41,0.00405406
Kiribati,2008,42,0.00432642
Kiribati,2008,43,0.00462909
Kiribati,2008,44,0.00496431
Kiribati,2008,45,0.00533576
Kiribati,2008,46,0.00574781
Kiribati,2008,47,0.00619889
Kiribati,2008,48,0.00669317
Kiribati,2008,49,0.00723434
Kiribati,2008,50,0.00782709
Kiribati,2008,51,0.00847871
Kiribati,2008,52,0.00917731
Kiribati,2008,53,0.00993146
Kiribati,2008,54,0.01076479
Kiribati,2008,55,0.01168375
Kiribati,2008,56,0.01268978
Kiribati,2008,57,0.01380214
Kiribati,2008,58,0.01505496
Kiribati,2008,59,0.01645634
Kiribati,2008,60,0.01800185
Kiribati,2008,61,0.01969075
Kiribati,2008,62,0.02150855
Kiribati,2008,63,0.02346984
Kiribati,2008,64,0.02559653
Kiribati,2008,65,0.02793273
Kiribati,2008,66,0.03056569
Kiribati,2008,67,0.03351704
Kiribati,2008,68,0.0367859
Kiribati,2008,69,0.04036931
Kiribati,2008,70,0.04433484
Kiribati,2008,71,0.04887698
Kiribati,2008,72,0.05391666
Kiribati,2008,73,0.05934012
Kiribati,2008,74,0.06550493
Kiribati,2008,75,0.07235742
Kiribati,2008,76,0.07976067
Kiribati,2008,77,0.08809869
Kiribati,2008,78,0.09733288
Kiribati,2008,79,0.10736741
Kiribati,2008,80,0.11850948
Kiribati,2008,81,0.13062137
Kiribati,2008,82,0.14355321
Kiribati,2008,83,0.15754758
Kiribati,2008,84,0.17269949
Kiribati,2008,85,0.18896149
Kiribati,2008,86,0.20622897
Kiribati,2008,87,0.22445156
Kiribati,2008,88,0.24397196
Kiribati,2008,89,0.26495119
Kiribati,2008,90,0.28663488
Kiribati,2008,91,0.30888801
Kiribati,2008,92,0.33269796
Kiribati,2008,93,0.35781048
Kiribati,2008,94,0.38314329
Kiribati,2008,95,0.40939837
Kiribati,2008,96,0.43651862
Kiribati,2008,97,0.46334343
Kiribati,2008,98,0.48983588
Kiribati,2008,99,0.5166357
Kiribati,2008,100,0.57440346
Kiribati,2009,0,0.04767046
Kiribati,2009,1,0.00511032
Kiribati,2009,2,0.00372529
Kiribati,2009,3,0.00273915
Kiribati,2009,4,0.00204891
Kiribati,2009,5,0.00157377
Kiribati,2009,6,0.00125382
Kiribati,2009,7,0.00104462
Kiribati,2009,8,0.00091342
Kiribati,2009,9,0.00083983
Kiribati,2009,10,0.00081061
Kiribati,2009,11,0.00081856
Kiribati,2009,12,0.00085942
Kiribati,2009,13,0.00093143
Kiribati,2009,14,0.00103298
Kiribati,2009,15,0.00116126
Kiribati,2009,16,0.00131045
Kiribati,2009,17,0.00147136
Kiribati,2009,18,0.00163312
Kiribati,2009,19,0.00178219
Kiribati,2009,20,0.00190957
Kiribati,2009,21,0.00200993
Kiribati,2009,22,0.00208244
Kiribati,2009,23,0.00212986
Kiribati,2009,24,0.00215978
Kiribati,2009,25,0.00218054
Kiribati,2009,26,0.00220014
Kiribati,2009,27,0.00222681
Kiribati,2009,28,0.00226489
Kiribati,2009,29,0.00231752
Kiribati,2009,30,0.00238439
Kiribati,2009,31,0.00246488
Kiribati,2009,32,0.00255827
Kiribati,2009,33,0.0026626
Kiribati,2009,34,0.00277813
Kiribati,2009,35,0.00290543
Kiribati,2009,36,0.00304595
Kiribati,2009,37,0.00320179
Kiribati,2009,38,0.00337513
Kiribati,2009,39,0.00356913
Kiribati,2009,40,0.00378655
Kiribati,2009,41,0.00403084
Kiribati,2009,42,0.00430397
Kiribati,2009,43,0.00460726
Kiribati,2009,44,0.00494409
Kiribati,2009,45,0.00531622
Kiribati,2009,46,0.00572697
Kiribati,2009,47,0.00618059
Kiribati,2009,48,0.00667512
Kiribati,2009,49,0.00721455
Kiribati,2009,50,0.00780325
Kiribati,2009,51,0.00844534
Kiribati,2009,52,0.00915032
Kiribati,2009,53,0.00990799
Kiribati,2009,54,0.01072914
Kiribati,2009,55,0.01164103
Kiribati,2009,56,0.01265217
Kiribati,2009,57,0.01376362
Kiribati,2009,58,0.01499468
Kiribati,2009,59,0.01638342
Kiribati,2009,60,0.017934
Kiribati,2009,61,0.01963009
Kiribati,2009,62,0.02146548
Kiribati,2009,63,0.02343733
Kiribati,2009,64,0.02556835
Kiribati,2009,65,0.02790846
Kiribati,2009,66,0.03051877
Kiribati,2009,67,0.03346843
Kiribati,2009,68,0.03676458
Kiribati,2009,69,0.0404082
Kiribati,2009,70,0.044397
Kiribati,2009,71,0.04878961
Kiribati,2009,72,0.05378357
Kiribati,2009,73,0.05928141
Kiribati,2009,74,0.06522333
Kiribati,2009,75,0.07201648
Kiribati,2009,76,0.07956217
Kiribati,2009,77,0.08778769
Kiribati,2009,78,0.09711034
Kiribati,2009,79,0.10738665
Kiribati,2009,80,0.11851047
Kiribati,2009,81,0.13068128
Kiribati,2009,82,0.14371408
Kiribati,2009,83,0.15752116
Kiribati,2009,84,0.17234021
Kiribati,2009,85,0.18853256
Kiribati,2009,86,0.20598977
Kiribati,2009,87,0.2244425
Kiribati,2009,88,0.24392246
Kiribati,2009,89,0.26469365
Kiribati,2009,90,0.28685674
Kiribati,2009,91,0.30954209
Kiribati,2009,92,0.33258792
Kiribati,2009,93,0.3570622
Kiribati,2009,94,0.38274642
Kiribati,2009,95,0.40864989
Kiribati,2009,96,0.43550472
Kiribati,2009,97,0.46318823
Kiribati,2009,98,0.49047404
Kiribati,2009,99,0.5172065
Kiribati,2009,100,0.57422822
Kiribati,2010,0,0.04745357
Kiribati,2010,1,0.00506217
Kiribati,2010,2,0.00369322
Kiribati,2010,3,0.00271774
Kiribati,2010,4,0.00203462
Kiribati,2010,5,0.00156396
Kiribati,2010,6,0.00124649
Kiribati,2010,7,0.00103878
Kiribati,2010,8,0.00090862
Kiribati,2010,9,0.00083561
Kiribati,2010,10,0.00080639
Kiribati,2010,11,0.00081405
Kiribati,2010,12,0.00085458
Kiribati,2010,13,0.00092624
Kiribati,2010,14,0.00102717
Kiribati,2010,15,0.00115487
Kiribati,2010,16,0.00130361
Kiribati,2010,17,0.00146381
Kiribati,2010,18,0.00162491
Kiribati,2010,19,0.00177415
Kiribati,2010,20,0.00190161
Kiribati,2010,21,0.00200105
Kiribati,2010,22,0.00207286
Kiribati,2010,23,0.00212014
Kiribati,2010,24,0.00214942
Kiribati,2010,25,0.00216978
Kiribati,2010,26,0.00218962
Kiribati,2010,27,0.00221606
Kiribati,2010,28,0.002254
Kiribati,2010,29,0.00230633
Kiribati,2010,30,0.0023732
Kiribati,2010,31,0.00245341
Kiribati,2010,32,0.00254614
Kiribati,2010,33,0.00265068
Kiribati,2010,34,0.00276601
Kiribati,2010,35,0.00289297
Kiribati,2010,36,0.00303305
Kiribati,2010,37,0.0031883
Kiribati,2010,38,0.0033609
Kiribati,2010,39,0.00355324
Kiribati,2010,40,0.00376894
Kiribati,2010,41,0.00401117
Kiribati,2010,42,0.00428338
Kiribati,2010,43,0.00458787
Kiribati,2010,44,0.00492563
Kiribati,2010,45,0.00529971
Kiribati,2010,46,0.00571126
Kiribati,2010,47,0.00616342
Kiribati,2010,48,0.00666074
Kiribati,2010,49,0.0072005
Kiribati,2010,50,0.00778745
Kiribati,2010,51,0.00842541
Kiribati,2010,52,0.00912007
Kiribati,2010,53,0.00988548
Kiribati,2010,54,0.01071093
Kiribati,2010,55,0.01160929
Kiribati,2010,56,0.01261266
Kiribati,2010,57,0.01373
Kiribati,2010,58,0.01496015
Kiribati,2010,59,0.01632481
Kiribati,2010,60,0.0178616
Kiribati,2010,61,0.01956384
Kiribati,2010,62,0.02140855
Kiribati,2010,63,0.02340102
Kiribati,2010,64,0.02554458
Kiribati,2010,65,0.0278888
Kiribati,2010,66,0.03050318
Kiribati,2010,67,0.03342998
Kiribati,2010,68,0.03672532
Kiribati,2010,69,0.04039868
Kiribati,2010,70,0.04445157
Kiribati,2010,71,0.04886974
Kiribati,2010,72,0.05370761
Kiribati,2010,73,0.05915702
Kiribati,2010,74,0.06517636
Kiribati,2010,75,0.07173269
Kiribati,2010,76,0.07921824
Kiribati,2010,77,0.08759847
Kiribati,2010,78,0.09680853
Kiribati,2010,79,0.10717865
Kiribati,2010,80,0.1185506
Kiribati,2010,81,0.13070502
Kiribati,2010,82,0.14380501
Kiribati,2010,83,0.15772849
Kiribati,2010,84,0.17234439
Kiribati,2010,85,0.18815674
Kiribati,2010,86,0.20554641
Kiribati,2010,87,0.22421361
Kiribati,2010,88,0.24394476
Kiribati,2010,89,0.26467346
Kiribati,2010,90,0.28662268
Kiribati,2010,91,0.30979585
Kiribati,2010,92,0.33327617
Kiribati,2010,93,0.356971
Kiribati,2010,94,0.38199939
Kiribati,2010,95,0.40825781
Kiribati,2010,96,0.4347536
Kiribati,2010,97,0.46217179
Kiribati,2010,98,0.49032861
Kiribati,2010,99,0.51784818
Kiribati,2010,100,0.57438939
Kiribati,2011,0,0.0473156
Kiribati,2011,1,0.00503169
Kiribati,2011,2,0.00367285
Kiribati,2011,3,0.00270413
Kiribati,2011,4,0.00202542
Kiribati,2011,5,0.00155785
Kiribati,2011,6,0.00124222
Kiribati,2011,7,0.00103531
Kiribati,2011,8,0.00090561
Kiribati,2011,9,0.00083296
Kiribati,2011,10,0.00080393
Kiribati,2011,11,0.00081142
Kiribati,2011,12,0.00085161
Kiribati,2011,13,0.00092291
Kiribati,2011,14,0.00102352
Kiribati,2011,15,0.00115064
Kiribati,2011,16,0.00129884
Kiribati,2011,17,0.0014587
Kiribati,2011,18,0.00161923
Kiribati,2011,19,0.00176798
Kiribati,2011,20,0.00189585
Kiribati,2011,21,0.00199543
Kiribati,2011,22,0.00206649
Kiribati,2011,23,0.00211332
Kiribati,2011,24,0.00214261
Kiribati,2011,25,0.00216258
Kiribati,2011,26,0.00218216
Kiribati,2011,27,0.00220896
Kiribati,2011,28,0.00224677
Kiribati,2011,29,0.00229899
Kiribati,2011,30,0.00236571
Kiribati,2011,31,0.00244608
Kiribati,2011,32,0.00253863
Kiribati,2011,33,0.00264262
Kiribati,2011,34,0.00275844
Kiribati,2011,35,0.00288546
Kiribati,2011,36,0.00302538
Kiribati,2011,37,0.00318021
Kiribati,2011,38,0.00335211
Kiribati,2011,39,0.00354362
Kiribati,2011,40,0.00375749
Kiribati,2011,41,0.00399771
Kiribati,2011,42,0.00426756
Kiribati,2011,43,0.00457125
Kiribati,2011,44,0.0049104
Kiribati,2011,45,0.00528557
Kiribati,2011,46,0.00569982
Kiribati,2011,47,0.00615317
Kiribati,2011,48,0.00664848
Kiribati,2011,49,0.00719119
Kiribati,2011,50,0.00777879
Kiribati,2011,51,0.00841527
Kiribati,2011,52,0.0091062
Kiribati,2011,53,0.00985941
Kiribati,2011,54,0.01069314
Kiribati,2011,55,0.01159648
Kiribati,2011,56,0.01258379
Kiribati,2011,57,0.01369339
Kiribati,2011,58,0.01493161
Kiribati,2011,59,0.01629717
Kiribati,2011,60,0.01781053
Kiribati,2011,61,0.01949589
Kiribati,2011,62,0.02134553
Kiribati,2011,63,0.02334485
Kiribati,2011,64,0.02550623
Kiribati,2011,65,0.02785876
Kiribati,2011,66,0.03047185
Kiribati,2011,67,0.03340342
Kiribati,2011,68,0.0366842
Kiribati,2011,69,0.04036432
Kiribati,2011,70,0.04443514
Kiribati,2011,71,0.04890567
Kiribati,2011,72,0.05377377
Kiribati,2011,73,0.0590629
Kiribati,2011,74,0.06502155
Kiribati,2011,75,0.07166444
Kiribati,2011,76,0.07892704
Kiribati,2011,77,0.0872649
Kiribati,2011,78,0.09660095
Kiribati,2011,79,0.1068382
Kiribati,2011,80,0.11837926
Kiribati,2011,81,0.13085056
Kiribati,2011,82,0.1439566
Kiribati,2011,83,0.15792313
Kiribati,2011,84,0.17262487
Kiribati,2011,85,0.18805457
Kiribati,2011,86,0.20499974
Kiribati,2011,87,0.22377084
Kiribati,2011,88,0.24374044
Kiribati,2011,89,0.26473483
Kiribati,2011,90,0.28663738
Kiribati,2011,91,0.30958952
Kiribati,2011,92,0.33356114
Kiribati,2011,93,0.35769307
Kiribati,2011,94,0.38192351
Kiribati,2011,95,0.40750843
Kiribati,2011,96,0.43436526
Kiribati,2011,97,0.46142094
Kiribati,2011,98,0.48931721
Kiribati,2011,99,0.51770944
Kiribati,2011,100,0.57475317
Kiribati,2012,0,0.04727853
Kiribati,2012,1,0.00502329
Kiribati,2012,2,0.0036671
Kiribati,2012,3,0.00269986
Kiribati,2012,4,0.00202202
Kiribati,2012,5,0.00155487
Kiribati,2012,6,0.00123981
Kiribati,2012,7,0.00103347
Kiribati,2012,8,0.00090402
Kiribati,2012,9,0.00083163
Kiribati,2012,10,0.00080295
Kiribati,2012,11,0.00081071
Kiribati,2012,12,0.00085092
Kiribati,2012,13,0.00092212
Kiribati,2012,14,0.00102265
Kiribati,2012,15,0.00114974
Kiribati,2012,16,0.00129754
Kiribati,2012,17,0.00145693
Kiribati,2012,18,0.00161727
Kiribati,2012,19,0.00176569
Kiribati,2012,20,0.00189347
Kiribati,2012,21,0.00199403
Kiribati,2012,22,0.00206534
Kiribati,2012,23,0.00211128
Kiribati,2012,24,0.00214024
Kiribati,2012,25,0.00216033
Kiribati,2012,26,0.00217985
Kiribati,2012,27,0.00220667
Kiribati,2012,28,0.00224479
Kiribati,2012,29,0.00229692
Kiribati,2012,30,0.00236364
Kiribati,2012,31,0.00244403
Kiribati,2012,32,0.00253696
Kiribati,2012,33,0.00264078
Kiribati,2012,34,0.00275594
Kiribati,2012,35,0.00288346
Kiribati,2012,36,0.00302335
Kiribati,2012,37,0.00317807
Kiribati,2012,38,0.00335011
Kiribati,2012,39,0.00354175
Kiribati,2012,40,0.00375539
Kiribati,2012,41,0.00399426
Kiribati,2012,42,0.00426261
Kiribati,2012,43,0.00456375
Kiribati,2012,44,0.00490234
Kiribati,2012,45,0.00527941
Kiribati,2012,46,0.00569521
Kiribati,2012,47,0.00615273
Kiribati,2012,48,0.00665085
Kiribati,2012,49,0.0071914
Kiribati,2012,50,0.0077806
Kiribati,2012,51,0.0084179
Kiribati,2012,52,0.00910907
Kiribati,2012,53,0.00986143
Kiribati,2012,54,0.01068503
Kiribati,2012,55,0.01159909
Kiribati,2012,56,0.01259217
Kiribati,2012,57,0.01368381
Kiribati,2012,58,0.01491302
Kiribati,2012,59,0.01627817
Kiribati,2012,60,0.01777315
Kiribati,2012,61,0.01942438
Kiribati,2012,62,0.02126792
Kiribati,2012,63,0.02329321
Kiribati,2012,64,0.02547797
Kiribati,2012,65,0.02785317
Kiribati,2012,66,0.0304628
Kiribati,2012,67,0.0333885
Kiribati,2012,68,0.03667307
Kiribati,2012,69,0.04033776
Kiribati,2012,70,0.04443484
Kiribati,2012,71,0.04891658
Kiribati,2012,72,0.05382365
Kiribati,2012,73,0.05917254
Kiribati,2012,74,0.064984
Kiribati,2012,75,0.07155308
Kiribati,2012,76,0.07894756
Kiribati,2012,77,0.08707069
Kiribati,2012,78,0.09637513
Kiribati,2012,79,0.10672287
Kiribati,2012,80,0.11797909
Kiribati,2012,81,0.1306204
Kiribati,2012,82,0.14415265
Kiribati,2012,83,0.15813605
Kiribati,2012,84,0.17281696
Kiribati,2012,85,0.18848021
Kiribati,2012,86,0.20510251
Kiribati,2012,87,0.22322035
Kiribati,2012,88,0.24331208
Kiribati,2012,89,0.26456238
Kiribati,2012,90,0.28673748
Kiribati,2012,91,0.3096367
Kiribati,2012,92,0.33337834
Kiribati,2012,93,0.35800494
Kiribati,2012,94,0.38267737
Kiribati,2012,95,0.40744303
Kiribati,2012,96,0.4336116
Kiribati,2012,97,0.4610347
Kiribati,2012,98,0.4885692
Kiribati,2012,99,0.51670784
Kiribati,2012,100,0.57487615
Kiribati,2013,0,0.04734263
Kiribati,2013,1,0.00503703
Kiribati,2013,2,0.00367624
Kiribati,2013,3,0.00270573
Kiribati,2013,4,0.00202553
Kiribati,2013,5,0.00155687
Kiribati,2013,6,0.00124081
Kiribati,2013,7,0.00103415
Kiribati,2013,8,0.00090473
Kiribati,2013,9,0.00083232
Kiribati,2013,10,0.00080375
Kiribati,2013,11,0.00081185
Kiribati,2013,12,0.0008524
Kiribati,2013,13,0.00092376
Kiribati,2013,14,0.00102436
Kiribati,2013,15,0.00115157
Kiribati,2013,16,0.00129954
Kiribati,2013,17,0.00145869
Kiribati,2013,18,0.00161875
Kiribati,2013,19,0.00176724
Kiribati,2013,20,0.00189496
Kiribati,2013,21,0.00199568
Kiribati,2013,22,0.00206823
Kiribati,2013,23,0.00211465
Kiribati,2013,24,0.00214278
Kiribati,2013,25,0.0021626
Kiribati,2013,26,0.00218237
Kiribati,2013,27,0.00220919
Kiribati,2013,28,0.00224745
Kiribati,2013,29,0.00229998
Kiribati,2013,30,0.00236675
Kiribati,2013,31,0.00244728
Kiribati,2013,32,0.0025404
Kiribati,2013,33,0.00264489
Kiribati,2013,34,0.00275998
Kiribati,2013,35,0.00288685
Kiribati,2013,36,0.00302759
Kiribati,2013,37,0.00318245
Kiribati,2013,38,0.00335437
Kiribati,2013,39,0.00354624
Kiribati,2013,40,0.00376036
Kiribati,2013,41,0.00399914
Kiribati,2013,42,0.00426607
Kiribati,2013,43,0.0045658
Kiribati,2013,44,0.00490157
Kiribati,2013,45,0.0052782
Kiribati,2013,46,0.00569639
Kiribati,2013,47,0.00615584
Kiribati,2013,48,0.0066589
Kiribati,2013,49,0.00720333
Kiribati,2013,50,0.00779064
Kiribati,2013,51,0.00842923
Kiribati,2013,52,0.00912242
Kiribati,2013,53,0.00987623
Kiribati,2013,54,0.01069925
Kiribati,2013,55,0.01160363
Kiribati,2013,56,0.01260991
Kiribati,2013,57,0.01370886
Kiribati,2013,58,0.01491423
Kiribati,2013,59,0.01626729
Kiribati,2013,60,0.01776598
Kiribati,2013,61,0.01939959
Kiribati,2013,62,0.02120352
Kiribati,2013,63,0.02322339
Kiribati,2013,64,0.02544279
Kiribati,2013,65,0.02784401
Kiribati,2013,66,0.03047723
Kiribati,2013,67,0.03339894
Kiribati,2013,68,0.03667692
Kiribati,2013,69,0.04034557
Kiribati,2013,70,0.04442954
Kiribati,2013,71,0.04894315
Kiribati,2013,72,0.05386649
Kiribati,2013,73,0.05925963
Kiribati,2013,74,0.06513779
Kiribati,2013,75,0.07156156
Kiribati,2013,76,0.07884013
Kiribati,2013,77,0.08708783
Kiribati,2013,78,0.09620435
Kiribati,2013,79,0.10652131
Kiribati,2013,80,0.11789377
Kiribati,2013,81,0.13017017
Kiribati,2013,82,0.14387346
Kiribati,2013,83,0.15839459
Kiribati,2013,84,0.17310666
Kiribati,2013,85,0.18874502
Kiribati,2013,86,0.20561371
Kiribati,2013,87,0.22337205
Kiribati,2013,88,0.24276386
Kiribati,2013,89,0.26415035
Kiribati,2013,90,0.2865916
Kiribati,2013,91,0.30976508
Kiribati,2013,92,0.33344775
Kiribati,2013,93,0.35783545
Kiribati,2013,94,0.3830093
Kiribati,2013,95,0.40822284
Kiribati,2013,96,0.43355084
Kiribati,2013,97,0.46027618
Kiribati,2013,98,0.48818256
Kiribati,2013,99,0.5159638
Kiribati,2013,100,0.57449158
Kiribati,2014,0,0.04749057
Kiribati,2014,1,0.00506935
Kiribati,2014,2,0.00369777
Kiribati,2014,3,0.00272005
Kiribati,2014,4,0.00203501
Kiribati,2014,5,0.00156307
Kiribati,2014,6,0.00124501
Kiribati,2014,7,0.00103711
Kiribati,2014,8,0.00090722
Kiribati,2014,9,0.00083477
Kiribati,2014,10,0.00080619
Kiribati,2014,11,0.00081444
Kiribati,2014,12,0.00085544
Kiribati,2014,13,0.00092733
Kiribati,2014,14,0.00102826
Kiribati,2014,15,0.0011557
Kiribati,2014,16,0.001304
Kiribati,2014,17,0.00146354
Kiribati,2014,18,0.00162348
Kiribati,2014,19,0.00177186
Kiribati,2014,20,0.0018999
Kiribati,2014,21,0.00200079
Kiribati,2014,22,0.00207372
Kiribati,2014,23,0.0021215
Kiribati,2014,24,0.00215012
Kiribati,2014,25,0.00216919
Kiribati,2014,26,0.00218875
Kiribati,2014,27,0.00221585
Kiribati,2014,28,0.00225421
Kiribati,2014,29,0.00230694
Kiribati,2014,30,0.00237423
Kiribati,2014,31,0.00245499
Kiribati,2014,32,0.00254838
Kiribati,2014,33,0.0026532
Kiribati,2014,34,0.00276916
Kiribati,2014,35,0.00289608
Kiribati,2014,36,0.00303617
Kiribati,2014,37,0.00319214
Kiribati,2014,38,0.00336437
Kiribati,2014,39,0.00355626
Kiribati,2014,40,0.0037708
Kiribati,2014,41,0.00401028
Kiribati,2014,42,0.0042772
Kiribati,2014,43,0.00457534
Kiribati,2014,44,0.00490955
Kiribati,2014,45,0.00528303
Kiribati,2014,46,0.00570092
Kiribati,2014,47,0.00616332
Kiribati,2014,48,0.00666881
Kiribati,2014,49,0.00721913
Kiribati,2014,50,0.00781122
Kiribati,2014,51,0.00844815
Kiribati,2014,52,0.00914319
Kiribati,2014,53,0.00989953
Kiribati,2014,54,0.01072428
Kiribati,2014,55,0.01162802
Kiribati,2014,56,0.01262345
Kiribati,2014,57,0.01373777
Kiribati,2014,58,0.01495181
Kiribati,2014,59,0.01627898
Kiribati,2014,60,0.01776526
Kiribati,2014,61,0.0194044
Kiribati,2014,62,0.02119077
Kiribati,2014,63,0.02316412
Kiribati,2014,64,0.02537885
Kiribati,2014,65,0.0278241
Kiribati,2014,66,0.03048527
Kiribati,2014,67,0.03343098
Kiribati,2014,68,0.03670463
Kiribati,2014,69,0.04036595
Kiribati,2014,70,0.04445423
Kiribati,2014,71,0.04895728
Kiribati,2014,72,0.05391904
Kiribati,2014,73,0.05933261
Kiribati,2014,74,0.06526052
Kiribati,2014,75,0.07175812
Kiribati,2014,76,0.07887749
Kiribati,2014,77,0.08699751
Kiribati,2014,78,0.09624884
Kiribati,2014,79,0.10636786
Kiribati,2014,80,0.11770532
Kiribati,2014,81,0.13010637
Kiribati,2014,82,0.14341243
Kiribati,2014,83,0.15811321
Kiribati,2014,84,0.17343823
Kiribati,2014,85,0.18910732
Kiribati,2014,86,0.20593628
Kiribati,2014,87,0.2239577
Kiribati,2014,88,0.24295196
Kiribati,2014,89,0.26360192
Kiribati,2014,90,0.28618867
Kiribati,2014,91,0.30963298
Kiribati,2014,92,0.3335912
Kiribati,2014,93,0.35791578
Kiribati,2014,94,0.38284274
Kiribati,2014,95,0.40856747
Kiribati,2014,96,0.43434741
Kiribati,2014,97,0.46021419
Kiribati,2014,98,0.48742079
Kiribati,2014,99,0.51557449
Kiribati,2014,100,0.57395196
Kiribati,2015,0,0.0476766
Kiribati,2015,1,0.00511011
Kiribati,2015,2,0.00372492
Kiribati,2015,3,0.00273814
Kiribati,2015,4,0.00204721
Kiribati,2015,5,0.00157139
Kiribati,2015,6,0.00125077
Kiribati,2015,7,0.00104135
Kiribati,2015,8,0.00091054
Kiribati,2015,9,0.00083783
Kiribati,2015,10,0.00080935
Kiribati,2015,11,0.00081773
Kiribati,2015,12,0.00085897
Kiribati,2015,13,0.00093141
Kiribati,2015,14,0.00103305
Kiribati,2015,15,0.00116093
Kiribati,2015,16,0.00130954
Kiribati,2015,17,0.00146952
Kiribati,2015,18,0.00162999
Kiribati,2015,19,0.00177829
Kiribati,2015,20,0.00190628
Kiribati,2015,21,0.0020076
Kiribati,2015,22,0.00208075
Kiribati,2015,23,0.00212887
Kiribati,2015,24,0.00215884
Kiribati,2015,25,0.00217836
Kiribati,2015,26,0.00219719
Kiribati,2015,27,0.00222416
Kiribati,2015,28,0.00226283
Kiribati,2015,29,0.00231575
Kiribati,2015,30,0.00238329
Kiribati,2015,31,0.00246464
Kiribati,2015,32,0.00255837
Kiribati,2015,33,0.00266352
Kiribati,2015,34,0.00277987
Kiribati,2015,35,0.00290779
Kiribati,2015,36,0.00304796
Kiribati,2015,37,0.0032033
Kiribati,2015,38,0.00337691
Kiribati,2015,39,0.00356914
Kiribati,2015,40,0.00378374
Kiribati,2015,41,0.00402372
Kiribati,2015,42,0.00429142
Kiribati,2015,43,0.00458948
Kiribati,2015,44,0.00492181
Kiribati,2015,45,0.00529375
Kiribati,2015,46,0.00570819
Kiribati,2015,47,0.00617018
Kiribati,2015,48,0.0066792
Kiribati,2015,49,0.00723245
Kiribati,2015,50,0.00783185
Kiribati,2015,51,0.00847497
Kiribati,2015,52,0.00916781
Kiribati,2015,53,0.00992561
Kiribati,2015,54,0.01075208
Kiribati,2015,55,0.01165738
Kiribati,2015,56,0.01265339
Kiribati,2015,57,0.01375349
Kiribati,2015,58,0.01498493
Kiribati,2015,59,0.01632455
Kiribati,2015,60,0.01778511
Kiribati,2015,61,0.01941133
Kiribati,2015,62,0.02120179
Kiribati,2015,63,0.02315697
Kiribati,2015,64,0.02532236
Kiribati,2015,65,0.02776402
Kiribati,2015,66,0.03047296
Kiribati,2015,67,0.03344785
Kiribati,2015,68,0.03674589
Kiribati,2015,69,0.04040247
Kiribati,2015,70,0.04448232
Kiribati,2015,71,0.04898893
Kiribati,2015,72,0.05394276
Kiribati,2015,73,0.05940085
Kiribati,2015,74,0.06535242
Kiribati,2015,75,0.0719044
Kiribati,2015,76,0.07910561
Kiribati,2015,77,0.08704983
Kiribati,2015,78,0.09611318
Kiribati,2015,79,0.10637055
Kiribati,2015,80,0.11754571
Kiribati,2015,81,0.12990724
Kiribati,2015,82,0.14335044
Kiribati,2015,83,0.15760779
Kiribati,2015,84,0.17313044
Kiribati,2015,85,0.18949606
Kiribati,2015,86,0.20634506
Kiribati,2015,87,0.22431616
Kiribati,2015,88,0.24358185
Kiribati,2015,89,0.26380199
Kiribati,2015,90,0.28562765
Kiribati,2015,91,0.30922309
Kiribati,2015,92,0.33345622
Kiribati,2015,93,0.35806104
Kiribati,2015,94,0.3829236
Kiribati,2015,95,0.40839507
Kiribati,2015,96,0.43469651
Kiribati,2015,97,0.46101566
Kiribati,2015,98,0.48735345
Kiribati,2015,99,0.51481504
Kiribati,2015,100,0.5734937
Kiribati,2016,0,0.0478338
Kiribati,2016,1,0.00514448
Kiribati,2016,2,0.00374781
Kiribati,2016,3,0.00275342
Kiribati,2016,4,0.00205756
Kiribati,2016,5,0.00157863
Kiribati,2016,6,0.00125592
Kiribati,2016,7,0.00104512
Kiribati,2016,8,0.00091352
Kiribati,2016,9,0.00084033
Kiribati,2016,10,0.0008118
Kiribati,2016,11,0.00082036
Kiribati,2016,12,0.00086178
Kiribati,2016,13,0.00093444
Kiribati,2016,14,0.00103662
Kiribati,2016,15,0.00116528
Kiribati,2016,16,0.00131433
Kiribati,2016,17,0.00147455
Kiribati,2016,18,0.0016354
Kiribati,2016,19,0.00178422
Kiribati,2016,20,0.00191198
Kiribati,2016,21,0.00201319
Kiribati,2016,22,0.00208673
Kiribati,2016,23,0.00213495
Kiribati,2016,24,0.00216518
Kiribati,2016,25,0.00218585
Kiribati,2016,26,0.002205
Kiribati,2016,27,0.00223133
Kiribati,2016,28,0.00226987
Kiribati,2016,29,0.0023231
Kiribati,2016,30,0.00239085
Kiribati,2016,31,0.00247241
Kiribati,2016,32,0.00256668
Kiribati,2016,33,0.00267202
Kiribati,2016,34,0.00278868
Kiribati,2016,35,0.00291701
Kiribati,2016,36,0.00305817
Kiribati,2016,37,0.00321347
Kiribati,2016,38,0.00338641
Kiribati,2016,39,0.00358043
Kiribati,2016,40,0.00379524
Kiribati,2016,41,0.00403518
Kiribati,2016,42,0.00430336
Kiribati,2016,43,0.00460196
Kiribati,2016,44,0.0049338
Kiribati,2016,45,0.0053032
Kiribati,2016,46,0.00571611
Kiribati,2016,47,0.00617453
Kiribati,2016,48,0.00668313
Kiribati,2016,49,0.00724032
Kiribati,2016,50,0.00784248
Kiribati,2016,51,0.0084937
Kiribati,2016,52,0.0091933
Kiribati,2016,53,0.00994824
Kiribati,2016,54,0.01077693
Kiribati,2016,55,0.01168271
Kiribati,2016,56,0.01267853
Kiribati,2016,57,0.01378052
Kiribati,2016,58,0.0150001
Kiribati,2016,59,0.01635966
Kiribati,2016,60,0.01782851
Kiribati,2016,61,0.01942509
Kiribati,2016,62,0.02120793
Kiribati,2016,63,0.02317269
Kiribati,2016,64,0.02531464
Kiribati,2016,65,0.02769875
Kiribati,2016,66,0.03040488
Kiribati,2016,67,0.03343049
Kiribati,2016,68,0.03675882
Kiribati,2016,69,0.04043973
Kiribati,2016,70,0.04451365
Kiribati,2016,71,0.04900917
Kiribati,2016,72,0.0539649
Kiribati,2016,73,0.0594168
Kiribati,2016,74,0.06541783
Kiribati,2016,75,0.07198253
Kiribati,2016,76,0.0792691
Kiribati,2016,77,0.08731975
Kiribati,2016,78,0.09620643
Kiribati,2016,79,0.1062663
Kiribati,2016,80,0.11752771
Kiribati,2016,81,0.12979094
Kiribati,2016,82,0.14319164
Kiribati,2016,83,0.15751916
Kiribati,2016,84,0.17253672
Kiribati,2016,85,0.18913206
Kiribati,2016,86,0.20675539
Kiribati,2016,87,0.22474142
Kiribati,2016,88,0.24394367
Kiribati,2016,89,0.26444005
Kiribati,2016,90,0.28581424
Kiribati,2016,91,0.30863515
Kiribati,2016,92,0.33302438
Kiribati,2016,93,0.35791094
Kiribati,2016,94,0.38306246
Kiribati,2016,95,0.4084699
Kiribati,2016,96,0.43451394
Kiribati,2016,97,0.46136319
Kiribati,2016,98,0.48814955
Kiribati,2016,99,0.51474481
Kiribati,2016,100,0.57293216
Kiribati,2017,0,0.04789646
Kiribati,2017,1,0.00515788
Kiribati,2017,2,0.00375664
Kiribati,2017,3,0.00275943
Kiribati,2017,4,0.0020618
Kiribati,2017,5,0.00158173
Kiribati,2017,6,0.00125825
Kiribati,2017,7,0.00104674
Kiribati,2017,8,0.00091462
Kiribati,2017,9,0.00084116
Kiribati,2017,10,0.00081244
Kiribati,2017,11,0.00082108
Kiribati,2017,12,0.00086269
Kiribati,2017,13,0.00093549
Kiribati,2017,14,0.00103782
Kiribati,2017,15,0.001167
Kiribati,2017,16,0.00131693
Kiribati,2017,17,0.00147758
Kiribati,2017,18,0.00163849
Kiribati,2017,19,0.00178749
Kiribati,2017,20,0.00191561
Kiribati,2017,21,0.00201629
Kiribati,2017,22,0.00208943
Kiribati,2017,23,0.00213795
Kiribati,2017,24,0.00216809
Kiribati,2017,25,0.00218867
Kiribati,2017,26,0.00220837
Kiribati,2017,27,0.00223461
Kiribati,2017,28,0.00227265
Kiribati,2017,29,0.00232577
Kiribati,2017,30,0.00239361
Kiribati,2017,31,0.00247518
Kiribati,2017,32,0.0025694
Kiribati,2017,33,0.00267514
Kiribati,2017,34,0.00279192
Kiribati,2017,35,0.00292048
Kiribati,2017,36,0.00306203
Kiribati,2017,37,0.00321839
Kiribati,2017,38,0.00339104
Kiribati,2017,39,0.00358403
Kiribati,2017,40,0.00380154
Kiribati,2017,41,0.00404256
Kiribati,2017,42,0.00431098
Kiribati,2017,43,0.00460993
Kiribati,2017,44,0.00494162
Kiribati,2017,45,0.00530911
Kiribati,2017,46,0.00571729
Kiribati,2017,47,0.00617248
Kiribati,2017,48,0.00667612
Kiribati,2017,49,0.00723335
Kiribati,2017,50,0.00784153
Kiribati,2017,51,0.0084949
Kiribati,2017,52,0.00919866
Kiribati,2017,53,0.00995484
Kiribati,2017,54,0.01077601
Kiribati,2017,55,0.01168524
Kiribati,2017,56,0.01268342
Kiribati,2017,57,0.01378474
Kiribati,2017,58,0.01500509
Kiribati,2017,59,0.01635523
Kiribati,2017,60,0.01785872
Kiribati,2017,61,0.01947405
Kiribati,2017,62,0.02122266
Kiribati,2017,63,0.02316874
Kiribati,2017,64,0.02531778
Kiribati,2017,65,0.02767802
Kiribati,2017,66,0.03032588
Kiribati,2017,67,0.03335316
Kiribati,2017,68,0.03673602
Kiribati,2017,69,0.04045149
Kiribati,2017,70,0.04455244
Kiribati,2017,71,0.04905243
Kiribati,2017,72,0.05398723
Kiribati,2017,73,0.0594298
Kiribati,2017,74,0.06543439
Kiribati,2017,75,0.07207031
Kiribati,2017,76,0.07935353
Kiribati,2017,77,0.08745647
Kiribati,2017,78,0.09645563
Kiribati,2017,79,0.10636799
Kiribati,2017,80,0.1175071
Kiribati,2017,81,0.12983769
Kiribati,2017,82,0.14297841
Kiribati,2017,83,0.15723719
Kiribati,2017,84,0.17249044
Kiribati,2017,85,0.18842944
Kiribati,2017,86,0.20607875
Kiribati,2017,87,0.22481987
Kiribati,2017,88,0.24415935
Kiribati,2017,89,0.26477953
Kiribati,2017,90,0.28643521
Kiribati,2017,91,0.30879575
Kiribati,2017,92,0.33240288
Kiribati,2017,93,0.35745108
Kiribati,2017,94,0.38289325
Kiribati,2017,95,0.40860014
Kiribati,2017,96,0.43458145
Kiribati,2017,97,0.46117274
Kiribati,2017,98,0.48849466
Kiribati,2017,99,0.51553199
Kiribati,2017,100,0.572625
Kiribati,2018,0,0.04781617
Kiribati,2018,1,0.00513963
Kiribati,2018,2,0.00374439
Kiribati,2018,3,0.00275118
Kiribati,2018,4,0.00205636
Kiribati,2018,5,0.00157806
Kiribati,2018,6,0.00125567
Kiribati,2018,7,0.00104475
Kiribati,2018,8,0.00091269
Kiribati,2018,9,0.0008391
Kiribati,2018,10,0.00081028
Kiribati,2018,11,0.0008187
Kiribati,2018,12,0.00086025
Kiribati,2018,13,0.00093303
Kiribati,2018,14,0.00103525
Kiribati,2018,15,0.00116432
Kiribati,2018,16,0.00131461
Kiribati,2018,17,0.00147604
Kiribati,2018,18,0.00163711
Kiribati,2018,19,0.00178574
Kiribati,2018,20,0.00191361
Kiribati,2018,21,0.00201421
Kiribati,2018,22,0.00208648
Kiribati,2018,23,0.00213431
Kiribati,2018,24,0.00216447
Kiribati,2018,25,0.00218484
Kiribati,2018,26,0.00220434
Kiribati,2018,27,0.00223099
Kiribati,2018,28,0.00226889
Kiribati,2018,29,0.00232143
Kiribati,2018,30,0.00238899
Kiribati,2018,31,0.00247042
Kiribati,2018,32,0.00256439
Kiribati,2018,33,0.00266984
Kiribati,2018,34,0.00278682
Kiribati,2018,35,0.00291529
Kiribati,2018,36,0.0030569
Kiribati,2018,37,0.00321349
Kiribati,2018,38,0.00338712
Kiribati,2018,39,0.00357951
Kiribati,2018,40,0.00379538
Kiribati,2018,41,0.00403921
Kiribati,2018,42,0.00430876
Kiribati,2018,43,0.00460776
Kiribati,2018,44,0.00493967
Kiribati,2018,45,0.00530678
Kiribati,2018,46,0.00571256
Kiribati,2018,47,0.0061621
Kiribati,2018,48,0.00666171
Kiribati,2018,49,0.00721284
Kiribati,2018,50,0.00782048
Kiribati,2018,51,0.00847997
Kiribati,2018,52,0.00918558
Kiribati,2018,53,0.00994598
Kiribati,2018,54,0.01076821
Kiribati,2018,55,0.01166863
Kiribati,2018,56,0.01267048
Kiribati,2018,57,0.0137741
Kiribati,2018,58,0.01499306
Kiribati,2018,59,0.0163431
Kiribati,2018,60,0.01783496
Kiribati,2018,61,0.01948588
Kiribati,2018,62,0.02125294
Kiribati,2018,63,0.0231614
Kiribati,2018,64,0.02528885
Kiribati,2018,65,0.02765578
Kiribati,2018,66,0.03027241
Kiribati,2018,67,0.03323599
Kiribati,2018,68,0.03662621
Kiribati,2018,69,0.04039892
Kiribati,2018,70,0.04453428
Kiribati,2018,71,0.04905973
Kiribati,2018,72,0.05399662
Kiribati,2018,73,0.05941401
Kiribati,2018,74,0.0654067
Kiribati,2018,75,0.07204478
Kiribati,2018,76,0.07940099
Kiribati,2018,77,0.08749889
Kiribati,2018,78,0.09654961
Kiribati,2018,79,0.10657213
Kiribati,2018,80,0.11755976
Kiribati,2018,81,0.12976719
Kiribati,2018,82,0.14297708
Kiribati,2018,83,0.15696405
Kiribati,2018,84,0.17213338
Kiribati,2018,85,0.18832852
Kiribati,2018,86,0.20527085
Kiribati,2018,87,0.22406452
Kiribati,2018,88,0.24420438
Kiribati,2018,89,0.26495677
Kiribati,2018,90,0.28674241
Kiribati,2018,91,0.30939339
Kiribati,2018,92,0.33253927
Kiribati,2018,93,0.35679796
Kiribati,2018,94,0.38240678
Kiribati,2018,95,0.40841457
Kiribati,2018,96,0.43470589
Kiribati,2018,97,0.46123737
Kiribati,2018,98,0.48830604
Kiribati,2018,99,0.51588072
Kiribati,2018,100,0.57283111
Kiribati,2019,0,0.04755665
Kiribati,2019,1,0.00508175
Kiribati,2019,2,0.00370586
Kiribati,2019,3,0.00272532
Kiribati,2019,4,0.00203876
Kiribati,2019,5,0.00156586
Kiribati,2019,6,0.00124678
Kiribati,2019,7,0.00103783
Kiribati,2019,8,0.00090683
Kiribati,2019,9,0.0008335
Kiribati,2019,10,0.00080453
Kiribati,2019,11,0.0008127
Kiribati,2019,12,0.00085376
Kiribati,2019,13,0.00092611
Kiribati,2019,14,0.00102795
Kiribati,2019,15,0.00115657
Kiribati,2019,16,0.00130636
Kiribati,2019,17,0.00146787
Kiribati,2019,18,0.00162953
Kiribati,2019,19,0.00177785
Kiribati,2019,20,0.00190475
Kiribati,2019,21,0.00200463
Kiribati,2019,22,0.00207639
Kiribati,2019,23,0.00212301
Kiribati,2019,24,0.00215235
Kiribati,2019,25,0.00217263
Kiribati,2019,26,0.00219185
Kiribati,2019,27,0.0022182
Kiribati,2019,28,0.00225628
Kiribati,2019,29,0.00230847
Kiribati,2019,30,0.00237521
Kiribati,2019,31,0.00245602
Kiribati,2019,32,0.00254959
Kiribati,2019,33,0.00265457
Kiribati,2019,34,0.00277094
Kiribati,2019,35,0.00289932
Kiribati,2019,36,0.00304058
Kiribati,2019,37,0.00319701
Kiribati,2019,38,0.00337061
Kiribati,2019,39,0.0035638
Kiribati,2019,40,0.00377859
Kiribati,2019,41,0.00402017
Kiribati,2019,42,0.0042927
Kiribati,2019,43,0.00459262
Kiribati,2019,44,0.00492441
Kiribati,2019,45,0.00529182
Kiribati,2019,46,0.00569692
Kiribati,2019,47,0.00614337
Kiribati,2019,48,0.00663604
Kiribati,2019,49,0.00718194
Kiribati,2019,50,0.00778191
Kiribati,2019,51,0.00843988
Kiribati,2019,52,0.00915169
Kiribati,2019,53,0.0099138
Kiribati,2019,54,0.01074044
Kiribati,2019,55,0.01164169
Kiribati,2019,56,0.0126332
Kiribati,2019,57,0.01374037
Kiribati,2019,58,0.01496099
Kiribati,2019,59,0.01630815
Kiribati,2019,60,0.01779807
Kiribati,2019,61,0.01943475
Kiribati,2019,62,0.02123787
Kiribati,2019,63,0.02316497
Kiribati,2019,64,0.02525115
Kiribati,2019,65,0.02759332
Kiribati,2019,66,0.03021634
Kiribati,2019,67,0.03314549
Kiribati,2019,68,0.03646723
Kiribati,2019,69,0.04024706
Kiribati,2019,70,0.04444062
Kiribati,2019,71,0.04899928
Kiribati,2019,72,0.05395869
Kiribati,2019,73,0.05937485
Kiribati,2019,74,0.06533772
Kiribati,2019,75,0.07196088
Kiribati,2019,76,0.07931694
Kiribati,2019,77,0.08748996
Kiribati,2019,78,0.09653313
Kiribati,2019,79,0.10660609
Kiribati,2019,80,0.11769888
Kiribati,2019,81,0.12975266
Kiribati,2019,82,0.14284562
Kiribati,2019,83,0.15690224
Kiribati,2019,84,0.17177546
Kiribati,2019,85,0.18787569
Kiribati,2019,86,0.20510202
Kiribati,2019,87,0.22315458
Kiribati,2019,88,0.24336085
Kiribati,2019,89,0.26494983
Kiribati,2019,90,0.28687873
Kiribati,2019,91,0.30966912
Kiribati,2019,92,0.3331174
Kiribati,2019,93,0.35691567
Kiribati,2019,94,0.38172476
Kiribati,2019,95,0.40790595
Kiribati,2019,96,0.43451011
Kiribati,2019,97,0.46136235
Kiribati,2019,98,0.48837757
Kiribati,2019,99,0.51571012
Kiribati,2019,100,0.57312673
Kiribati,2020,0,0.0470439
Kiribati,2020,1,0.00496822
Kiribati,2020,2,0.00363046
Kiribati,2020,3,0.00267505
Kiribati,2020,4,0.00200457
Kiribati,2020,5,0.00154191
Kiribati,2020,6,0.00122923
Kiribati,2020,7,0.00102407
Kiribati,2020,8,0.0008952
Kiribati,2020,9,0.00082287
Kiribati,2020,10,0.00079395
Kiribati,2020,11,0.0008016
Kiribati,2020,12,0.00084187
Kiribati,2020,13,0.00091308
Kiribati,2020,14,0.00101376
Kiribati,2020,15,0.00114124
Kiribati,2020,16,0.00128981
Kiribati,2020,17,0.00145009
Kiribati,2020,18,0.00161119
Kiribati,2020,19,0.00175952
Kiribati,2020,20,0.00188531
Kiribati,2020,21,0.00198354
Kiribati,2020,22,0.00205417
Kiribati,2020,23,0.00209999
Kiribati,2020,24,0.002128
Kiribati,2020,25,0.00214742
Kiribati,2020,26,0.00216644
Kiribati,2020,27,0.00219233
Kiribati,2020,28,0.00222973
Kiribati,2020,29,0.0022816
Kiribati,2020,30,0.00234763
Kiribati,2020,31,0.00242727
Kiribati,2020,32,0.00251985
Kiribati,2020,33,0.00262411
Kiribati,2020,34,0.00273977
Kiribati,2020,35,0.00286733
Kiribati,2020,36,0.0030083
Kiribati,2020,37,0.00316401
Kiribati,2020,38,0.00333716
Kiribati,2020,39,0.00353002
Kiribati,2020,40,0.00374523
Kiribati,2020,41,0.00398501
Kiribati,2020,42,0.00425444
Kiribati,2020,43,0.00457361
Kiribati,2020,44,0.00494798
Kiribati,2020,45,0.00537385
Kiribati,2020,46,0.0058467
Kiribati,2020,47,0.00635935
Kiribati,2020,48,0.00692071
Kiribati,2020,49,0.00754484
Kiribati,2020,50,0.00823743
Kiribati,2020,51,0.00899772
Kiribati,2020,52,0.00982982
Kiribati,2020,53,0.01073586
Kiribati,2020,54,0.01172055
Kiribati,2020,55,0.0128019
Kiribati,2020,56,0.01398661
Kiribati,2020,57,0.01528948
Kiribati,2020,58,0.01676004
Kiribati,2020,59,0.01839443
Kiribati,2020,60,0.02018924
Kiribati,2020,61,0.02215093
Kiribati,2020,62,0.02426477
Kiribati,2020,63,0.02656124
Kiribati,2020,64,0.02899029
Kiribati,2020,65,0.03160867
Kiribati,2020,66,0.0345471
Kiribati,2020,67,0.03780019
Kiribati,2020,68,0.04141794
Kiribati,2020,69,0.04552958
Kiribati,2020,70,0.05014513
Kiribati,2020,71,0.05506239
Kiribati,2020,72,0.06011958
Kiribati,2020,73,0.06527013
Kiribati,2020,74,0.07063501
Kiribati,2020,75,0.0765263
Kiribati,2020,76,0.08327272
Kiribati,2020,77,0.09113417
Kiribati,2020,78,0.10004446
Kiribati,2020,79,0.10971038
Kiribati,2020,80,0.12036569
Kiribati,2020,81,0.13216073
Kiribati,2020,82,0.14492431
Kiribati,2020,83,0.16142911
Kiribati,2020,84,0.182857
Kiribati,2020,85,0.20669401
Kiribati,2020,86,0.23162935
Kiribati,2020,87,0.25523744
Kiribati,2020,88,0.27729431
Kiribati,2020,89,0.30178974
Kiribati,2020,90,0.32699013
Kiribati,2020,91,0.35156631
Kiribati,2020,92,0.37699395
Kiribati,2020,93,0.40487403
Kiribati,2020,94,0.43597084
Kiribati,2020,95,0.46934596
Kiribati,2020,96,0.50149571
Kiribati,2020,97,0.53063102
Kiribati,2020,98,0.5551118
Kiribati,2020,99,0.57404505
Kiribati,2020,100,0.61480789
Kiribati,2021,0,0.04653575
Kiribati,2021,1,0.00485925
Kiribati,2021,2,0.00355816
Kiribati,2021,3,0.00262702
Kiribati,2021,4,0.00197216
Kiribati,2021,5,0.00151933
Kiribati,2021,6,0.00121282
Kiribati,2021,7,0.00101135
Kiribati,2021,8,0.00088453
Kiribati,2021,9,0.00081317
Kiribati,2021,10,0.0007845
Kiribati,2021,11,0.00079171
Kiribati,2021,12,0.00083113
Kiribati,2021,13,0.00090134
Kiribati,2021,14,0.00100068
Kiribati,2021,15,0.00112685
Kiribati,2021,16,0.0012742
Kiribati,2021,17,0.0014332
Kiribati,2021,18,0.0015931
Kiribati,2021,19,0.00174105
Kiribati,2021,20,0.00186715
Kiribati,2021,21,0.00196445
Kiribati,2021,22,0.00203377
Kiribati,2021,23,0.00208053
Kiribati,2021,24,0.00211244
Kiribati,2021,25,0.00213727
Kiribati,2021,26,0.00216335
Kiribati,2021,27,0.00219727
Kiribati,2021,28,0.00224902
Kiribati,2021,29,0.00232616
Kiribati,2021,30,0.00242568
Kiribati,2021,31,0.00254303
Kiribati,2021,32,0.00267414
Kiribati,2021,33,0.00281949
Kiribati,2021,34,0.00298244
Kiribati,2021,35,0.00316361
Kiribati,2021,36,0.0033647
Kiribati,2021,37,0.00358815
Kiribati,2021,38,0.00384121
Kiribati,2021,39,0.00413109
Kiribati,2021,40,0.00445801
Kiribati,2021,41,0.00482275
Kiribati,2021,42,0.00522486
Kiribati,2021,43,0.00569227
Kiribati,2021,44,0.00623927
Kiribati,2021,45,0.00683686
Kiribati,2021,46,0.00747214
Kiribati,2021,47,0.00812985
Kiribati,2021,48,0.00880955
Kiribati,2021,49,0.00953025
Kiribati,2021,50,0.01030022
Kiribati,2021,51,0.01112919
Kiribati,2021,52,0.01202025
Kiribati,2021,53,0.01297942
Kiribati,2021,54,0.01400465
Kiribati,2021,55,0.0150996
Kiribati,2021,56,0.01628891
Kiribati,2021,57,0.01758503
Kiribati,2021,58,0.01900838
Kiribati,2021,59,0.02059327
Kiribati,2021,60,0.02232677
Kiribati,2021,61,0.02421803
Kiribati,2021,62,0.02628758
Kiribati,2021,63,0.028547
Kiribati,2021,64,0.03102782
Kiribati,2021,65,0.03369112
Kiribati,2021,66,0.03660226
Kiribati,2021,67,0.03988766
Kiribati,2021,68,0.04361254
Kiribati,2021,69,0.04778486
Kiribati,2021,70,0.05244128
Kiribati,2021,71,0.0575921
Kiribati,2021,72,0.06307747
Kiribati,2021,73,0.0688397
Kiribati,2021,74,0.07505348
Kiribati,2021,75,0.08188707
Kiribati,2021,76,0.08951507
Kiribati,2021,77,0.09811572
Kiribati,2021,78,0.10781247
Kiribati,2021,79,0.11875025
Kiribati,2021,80,0.13094022
Kiribati,2021,81,0.14447509
Kiribati,2021,82,0.15940757
Kiribati,2021,83,0.1787069
Kiribati,2021,84,0.20362821
Kiribati,2021,85,0.23150467
Kiribati,2021,86,0.25947758
Kiribati,2021,87,0.28533407
Kiribati,2021,88,0.30913126
Kiribati,2021,89,0.33319446
Kiribati,2021,90,0.35860591
Kiribati,2021,91,0.38525549
Kiribati,2021,92,0.413462
Kiribati,2021,93,0.44445329
Kiribati,2021,94,0.47803443
Kiribati,2021,95,0.51312993
Kiribati,2021,96,0.54642622
Kiribati,2021,97,0.57437054
Kiribati,2021,98,0.59571868
Kiribati,2021,99,0.6084618
Kiribati,2021,100,0.63918203
Kiribati,2022,0,0.0457612
Kiribati,2022,1,0.00469201
Kiribati,2022,2,0.00344658
Kiribati,2022,3,0.0025527
Kiribati,2022,4,0.00192167
Kiribati,2022,5,0.00148377
Kiribati,2022,6,0.00118641
Kiribati,2022,7,0.00099049
Kiribati,2022,8,0.00086684
Kiribati,2022,9,0.00079701
Kiribati,2022,10,0.00076879
Kiribati,2022,11,0.00077562
Kiribati,2022,12,0.00081388
Kiribati,2022,13,0.00088244
Kiribati,2022,14,0.0009799
Kiribati,2022,15,0.00110377
Kiribati,2022,16,0.00124886
Kiribati,2022,17,0.00140576
Kiribati,2022,18,0.00156357
Kiribati,2022,19,0.00170963
Kiribati,2022,20,0.00183486
Kiribati,2022,21,0.00193199
Kiribati,2022,22,0.00199981
Kiribati,2022,23,0.00204341
Kiribati,2022,24,0.00207017
Kiribati,2022,25,0.00208796
Kiribati,2022,26,0.00210521
Kiribati,2022,27,0.00212993
Kiribati,2022,28,0.00216603
Kiribati,2022,29,0.00221598
Kiribati,2022,30,0.00228019
Kiribati,2022,31,0.00235808
Kiribati,2022,32,0.00244833
Kiribati,2022,33,0.00255013
Kiribati,2022,34,0.00266384
Kiribati,2022,35,0.00278975
Kiribati,2022,36,0.00292876
Kiribati,2022,37,0.00308275
Kiribati,2022,38,0.00325409
Kiribati,2022,39,0.00344454
Kiribati,2022,40,0.00365764
Kiribati,2022,41,0.0038962
Kiribati,2022,42,0.00416318
Kiribati,2022,43,0.00446061
Kiribati,2022,44,0.00479401
Kiribati,2022,45,0.0051676
Kiribati,2022,46,0.00557402
Kiribati,2022,47,0.00601851
Kiribati,2022,48,0.00650487
Kiribati,2022,49,0.00703344
Kiribati,2022,50,0.00760976
Kiribati,2022,51,0.00824018
Kiribati,2022,52,0.0089336
Kiribati,2022,53,0.00969515
Kiribati,2022,54,0.01053428
Kiribati,2022,55,0.01144998
Kiribati,2022,56,0.0124455
Kiribati,2022,57,0.01354128
Kiribati,2022,58,0.01474561
Kiribati,2022,59,0.01607617
Kiribati,2022,60,0.01755924
Kiribati,2022,61,0.01918103
Kiribati,2022,62,0.02095601
Kiribati,2022,63,0.02290299
Kiribati,2022,64,0.02504008
Kiribati,2022,65,0.0274071
Kiribati,2022,66,0.02997763
Kiribati,2022,67,0.03282967
Kiribati,2022,68,0.03607687
Kiribati,2022,69,0.03973431
Kiribati,2022,70,0.04380196
Kiribati,2022,71,0.04834438
Kiribati,2022,72,0.05340582
Kiribati,2022,73,0.05893197
Kiribati,2022,74,0.0649028
Kiribati,2022,75,0.07144385
Kiribati,2022,76,0.07869784
Kiribati,2022,77,0.08680419
Kiribati,2022,78,0.09592558
Kiribati,2022,79,0.10608282
Kiribati,2022,80,0.1172765
Kiribati,2022,81,0.12942069
Kiribati,2022,82,0.14251325
Kiribati,2022,83,0.15653212
Kiribati,2022,84,0.17128945
Kiribati,2022,85,0.18699048
Kiribati,2022,86,0.20397034
Kiribati,2022,87,0.2220379
Kiribati,2022,88,0.24167076
Kiribati,2022,89,0.2626596
Kiribati,2022,90,0.28459876
Kiribati,2022,91,0.30853847
Kiribati,2022,92,0.33321765
Kiribati,2022,93,0.35769159
Kiribati,2022,94,0.38267459
Kiribati,2022,95,0.4082367
Kiribati,2022,96,0.43418154
Kiribati,2022,97,0.46125338
Kiribati,2022,98,0.48959337
Kiribati,2022,99,0.51772127
Kiribati,2022,100,0.57489661
Kiribati,2023,0,0.04487151
Kiribati,2023,1,0.00450211
Kiribati,2023,2,0.00331971
Kiribati,2023,3,0.00246775
Kiribati,2023,4,0.00186416
Kiribati,2023,5,0.00144328
Kiribati,2023,6,0.00115631
Kiribati,2023,7,0.00096649
Kiribati,2023,8,0.00084636
Kiribati,2023,9,0.00077825
Kiribati,2023,10,0.00075047
Kiribati,2023,11,0.00075687
Kiribati,2023,12,0.00079398
Kiribati,2023,13,0.00086063
Kiribati,2023,14,0.00095566
Kiribati,2023,15,0.00107695
Kiribati,2023,16,0.00121906
Kiribati,2023,17,0.00137313
Kiribati,2023,18,0.00152845
Kiribati,2023,19,0.0016722
Kiribati,2023,20,0.00179549
Kiribati,2023,21,0.00189208
Kiribati,2023,22,0.00196012
Kiribati,2023,23,0.00200228
Kiribati,2023,24,0.00202756
Kiribati,2023,25,0.00204459
Kiribati,2023,26,0.00206101
Kiribati,2023,27,0.0020843
Kiribati,2023,28,0.00211901
Kiribati,2023,29,0.00216775
Kiribati,2023,30,0.00223049
Kiribati,2023,31,0.00230679
Kiribati,2023,32,0.00239593
Kiribati,2023,33,0.0024965
Kiribati,2023,34,0.00260863
Kiribati,2023,35,0.00273325
Kiribati,2023,36,0.00287131
Kiribati,2023,37,0.00302408
Kiribati,2023,38,0.00319379
Kiribati,2023,39,0.00338324
Kiribati,2023,40,0.0035944
Kiribati,2023,41,0.00383145
Kiribati,2023,42,0.00409707
Kiribati,2023,43,0.00439461
Kiribati,2023,44,0.00472553
Kiribati,2023,45,0.005095
Kiribati,2023,46,0.00550709
Kiribati,2023,47,0.005952
Kiribati,2023,48,0.00643587
Kiribati,2023,49,0.00696382
Kiribati,2023,50,0.00753589
Kiribati,2023,51,0.00815828
Kiribati,2023,52,0.00883969
Kiribati,2023,53,0.0095913
Kiribati,2023,54,0.01042012
Kiribati,2023,55,0.01133762
Kiribati,2023,56,0.01234202
Kiribati,2023,57,0.01343643
Kiribati,2023,58,0.01464171
Kiribati,2023,59,0.01596359
Kiribati,2023,60,0.01742077
Kiribati,2023,61,0.01904134
Kiribati,2023,62,0.02081354
Kiribati,2023,63,0.02275425
Kiribati,2023,64,0.02488633
Kiribati,2023,65,0.02724018
Kiribati,2023,66,0.02986229
Kiribati,2023,67,0.03272838
Kiribati,2023,68,0.03591782
Kiribati,2023,69,0.03954106
Kiribati,2023,70,0.04360373
Kiribati,2023,71,0.04808963
Kiribati,2023,72,0.0530674
Kiribati,2023,73,0.05859372
Kiribati,2023,74,0.06462955
Kiribati,2023,75,0.07118894
Kiribati,2023,76,0.07842165
Kiribati,2023,77,0.08649429
Kiribati,2023,78,0.09554254
Kiribati,2023,79,0.1056864
Kiribati,2023,80,0.11690712
Kiribati,2023,81,0.12913206
Kiribati,2023,82,0.14224341
Kiribati,2023,83,0.15624985
Kiribati,2023,84,0.17115185
Kiribati,2023,85,0.1868408
Kiribati,2023,86,0.20357905
Kiribati,2023,87,0.22175367
Kiribati,2023,88,0.24112272
Kiribati,2023,89,0.26207003
Kiribati,2023,90,0.28429611
Kiribati,2023,91,0.30728248
Kiribati,2023,92,0.33207101
Kiribati,2023,93,0.35746193
Kiribati,2023,94,0.38252959
Kiribati,2023,95,0.40811205
Kiribati,2023,96,0.43430265
Kiribati,2023,97,0.46084788
Kiribati,2023,98,0.48845005
Kiribati,2023,99,0.51707809
Kiribati,2023,100,0.5751351
Kiribati,2024,0,0.04414681
Kiribati,2024,1,0.00442593
Kiribati,2024,2,0.00326394
Kiribati,2024,3,0.00242648
Kiribati,2024,4,0.00183325
Kiribati,2024,5,0.00141983
Kiribati,2024,6,0.00113762
Kiribati,2024,7,0.00095085
Kiribati,2024,8,0.00083261
Kiribati,2024,9,0.00076567
Kiribati,2024,10,0.00073842
Kiribati,2024,11,0.00074478
Kiribati,2024,12,0.00078136
Kiribati,2024,13,0.00084699
Kiribati,2024,14,0.00094025
Kiribati,2024,15,0.00105909
Kiribati,2024,16,0.00119859
Kiribati,2024,17,0.00134964
Kiribati,2024,18,0.00150229
Kiribati,2024,19,0.00164401
Kiribati,2024,20,0.00176585
Kiribati,2024,21,0.00186175
Kiribati,2024,22,0.00193063
Kiribati,2024,23,0.00197425
Kiribati,2024,24,0.00199906
Kiribati,2024,25,0.00201545
Kiribati,2024,26,0.00203199
Kiribati,2024,27,0.00205516
Kiribati,2024,28,0.00208923
Kiribati,2024,29,0.00213744
Kiribati,2024,30,0.00219985
Kiribati,2024,31,0.00227578
Kiribati,2024,32,0.00236433
Kiribati,2024,33,0.00246475
Kiribati,2024,34,0.0025764
Kiribati,2024,35,0.0026999
Kiribati,2024,36,0.00283712
Kiribati,2024,37,0.00298932
Kiribati,2024,38,0.00315827
Kiribati,2024,39,0.00334668
Kiribati,2024,40,0.00355753
Kiribati,2024,41,0.00379334
Kiribati,2024,42,0.00405841
Kiribati,2024,43,0.00435515
Kiribati,2024,44,0.0046863
Kiribati,2024,45,0.0050531
Kiribati,2024,46,0.00546065
Kiribati,2024,47,0.00591254
Kiribati,2024,48,0.00639806
Kiribati,2024,49,0.00692434
Kiribati,2024,50,0.00749718
Kiribati,2024,51,0.0081177
Kiribati,2024,52,0.00879404
Kiribati,2024,53,0.0095354
Kiribati,2024,54,0.01035606
Kiribati,2024,55,0.01126472
Kiribati,2024,56,0.01227327
Kiribati,2024,57,0.01338015
Kiribati,2024,58,0.01458749
Kiribati,2024,59,0.015917
Kiribati,2024,60,0.01737349
Kiribati,2024,61,0.01897396
Kiribati,2024,62,0.02074895
Kiribati,2024,63,0.02268952
Kiribati,2024,64,0.02482157
Kiribati,2024,65,0.02717981
Kiribati,2024,66,0.02979654
Kiribati,2024,67,0.03272157
Kiribati,2024,68,0.03593073
Kiribati,2024,69,0.03949959
Kiribati,2024,70,0.04353505
Kiribati,2024,71,0.04802568
Kiribati,2024,72,0.052956
Kiribati,2024,73,0.05840664
Kiribati,2024,74,0.06445541
Kiribati,2024,75,0.07109695
Kiribati,2024,76,0.07836046
Kiribati,2024,77,0.08642051
Kiribati,2024,78,0.09544192
Kiribati,2024,79,0.10551785
Kiribati,2024,80,0.11673024
Kiribati,2024,81,0.12898533
Kiribati,2024,82,0.1421837
Kiribati,2024,83,0.15621558
Kiribati,2024,84,0.17110851
Kiribati,2024,85,0.18695951
Kiribati,2024,86,0.20367847
Kiribati,2024,87,0.22157563
Kiribati,2024,88,0.24104433
Kiribati,2024,89,0.26169508
Kiribati,2024,90,0.28385749
Kiribati,2024,91,0.30710795
Kiribati,2024,92,0.33089332
Kiribati,2024,93,0.35635313
Kiribati,2024,94,0.38231617
Kiribati,2024,95,0.40794487
Kiribati,2024,96,0.43412532
Kiribati,2024,97,0.46088967
Kiribati,2024,98,0.48793718
Kiribati,2024,99,0.51581872
Kiribati,2024,100,0.57661602
Kiribati,2025,0,0.04346117
Kiribati,2025,1,0.00435367
Kiribati,2025,2,0.00321087
Kiribati,2025,3,0.0023874
Kiribati,2025,4,0.00180383
Kiribati,2025,5,0.00139725
Kiribati,2025,6,0.00111997
Kiribati,2025,7,0.00093613
Kiribati,2025,8,0.00081967
Kiribati,2025,9,0.0007537
Kiribati,2025,10,0.00072692
Kiribati,2025,11,0.00073329
Kiribati,2025,12,0.00076939
Kiribati,2025,13,0.00083411
Kiribati,2025,14,0.00092602
Kiribati,2025,15,0.0010428
Kiribati,2025,16,0.0011796
Kiribati,2025,17,0.00132786
Kiribati,2025,18,0.00147739
Kiribati,2025,19,0.00161665
Kiribati,2025,20,0.00173686
Kiribati,2025,21,0.00183194
Kiribati,2025,22,0.00190063
Kiribati,2025,23,0.00194555
Kiribati,2025,24,0.00197201
Kiribati,2025,25,0.00198806
Kiribati,2025,26,0.00200415
Kiribati,2025,27,0.00202738
Kiribati,2025,28,0.00206131
Kiribati,2025,29,0.00210883
Kiribati,2025,30,0.00217061
Kiribati,2025,31,0.00224626
Kiribati,2025,32,0.00233433
Kiribati,2025,33,0.00243406
Kiribati,2025,34,0.00254552
Kiribati,2025,35,0.00266846
Kiribati,2025,36,0.00280453
Kiribati,2025,37,0.00295581
Kiribati,2025,38,0.0031241
Kiribati,2025,39,0.00331154
Kiribati,2025,40,0.00352127
Kiribati,2025,41,0.00375673
Kiribati,2025,42,0.00402024
Kiribati,2025,43,0.00431635
Kiribati,2025,44,0.00464679
Kiribati,2025,45,0.00501391
Kiribati,2025,46,0.00541803
Kiribati,2025,47,0.00586483
Kiribati,2025,48,0.00635831
Kiribati,2025,49,0.00688651
Kiribati,2025,50,0.00745804
Kiribati,2025,51,0.00807904
Kiribati,2025,52,0.00875267
Kiribati,2025,53,0.00948834
Kiribati,2025,54,0.01029736
Kiribati,2025,55,0.01119676
Kiribati,2025,56,0.01219459
Kiribati,2025,57,0.01330619
Kiribati,2025,58,0.01452726
Kiribati,2025,59,0.01585871
Kiribati,2025,60,0.01732305
Kiribati,2025,61,0.01892112
Kiribati,2025,62,0.02067604
Kiribati,2025,63,0.02262171
Kiribati,2025,64,0.0247538
Kiribati,2025,65,0.02710789
Kiribati,2025,66,0.02972229
Kiribati,2025,67,0.03263978
Kiribati,2025,68,0.03590869
Kiribati,2025,69,0.03949497
Kiribati,2025,70,0.04346993
Kiribati,2025,71,0.04792732
Kiribati,2025,72,0.052859
Kiribati,2025,73,0.05825571
Kiribati,2025,74,0.0642202
Kiribati,2025,75,0.07087092
Kiribati,2025,76,0.07822191
Kiribati,2025,77,0.08631608
Kiribati,2025,78,0.09531774
Kiribati,2025,79,0.10535919
Kiribati,2025,80,0.11649596
Kiribati,2025,81,0.12873406
Kiribati,2025,82,0.14195625
Kiribati,2025,83,0.15607422
Kiribati,2025,84,0.17098966
Kiribati,2025,85,0.18682231
Kiribati,2025,86,0.20370614
Kiribati,2025,87,0.22156185
Kiribati,2025,88,0.24071127
Kiribati,2025,89,0.26144906
Kiribati,2025,90,0.28328734
Kiribati,2025,91,0.30645607
Kiribati,2025,92,0.33049324
Kiribati,2025,93,0.35491392
Kiribati,2025,94,0.38093276
Kiribati,2025,95,0.40746642
Kiribati,2025,96,0.43368168
Kiribati,2025,97,0.4604119
Kiribati,2025,98,0.48765375
Kiribati,2025,99,0.51495713
Kiribati,2025,100,0.5755731
Kiribati,2026,0,0.04273542
Kiribati,2026,1,0.00427625
Kiribati,2026,2,0.00315414
Kiribati,2026,3,0.00234549
Kiribati,2026,4,0.00177255
Kiribati,2026,5,0.00137312
Kiribati,2026,6,0.00110085
Kiribati,2026,7,0.00092053
Kiribati,2026,8,0.00080601
Kiribati,2026,9,0.00074106
Kiribati,2026,10,0.00071465
Kiribati,2026,11,0.00072097
Kiribati,2026,12,0.00075658
Kiribati,2026,13,0.00082035
Kiribati,2026,14,0.0009109
Kiribati,2026,15,0.00102591
Kiribati,2026,16,0.00116025
Kiribati,2026,17,0.00130541
Kiribati,2026,18,0.00145193
Kiribati,2026,19,0.00158801
Kiribati,2026,20,0.00170599
Kiribati,2026,21,0.00179998
Kiribati,2026,22,0.00186829
Kiribati,2026,23,0.00191336
Kiribati,2026,24,0.00194128
Kiribati,2026,25,0.00195889
Kiribati,2026,26,0.00197479
Kiribati,2026,27,0.00199757
Kiribati,2026,28,0.00203144
Kiribati,2026,29,0.00207869
Kiribati,2026,30,0.00213966
Kiribati,2026,31,0.00221469
Kiribati,2026,32,0.00230235
Kiribati,2026,33,0.00240146
Kiribati,2026,34,0.00251207
Kiribati,2026,35,0.00263474
Kiribati,2026,36,0.00277024
Kiribati,2026,37,0.00292016
Kiribati,2026,38,0.00308734
Kiribati,2026,39,0.00327395
Kiribati,2026,40,0.00348248
Kiribati,2026,41,0.00371658
Kiribati,2026,42,0.00397961
Kiribati,2026,43,0.00427382
Kiribati,2026,44,0.00460347
Kiribati,2026,45,0.0049697
Kiribati,2026,46,0.00537398
Kiribati,2026,47,0.00581684
Kiribati,2026,48,0.00630453
Kiribati,2026,49,0.00684163
Kiribati,2026,50,0.00741532
Kiribati,2026,51,0.00803444
Kiribati,2026,52,0.00870863
Kiribati,2026,53,0.00944126
Kiribati,2026,54,0.01024379
Kiribati,2026,55,0.01112994
Kiribati,2026,56,0.01211641
Kiribati,2026,57,0.01321589
Kiribati,2026,58,0.01444202
Kiribati,2026,59,0.01578828
Kiribati,2026,60,0.01725441
Kiribati,2026,61,0.01885943
Kiribati,2026,62,0.02061135
Kiribati,2026,63,0.02253519
Kiribati,2026,64,0.02467238
Kiribati,2026,65,0.02702618
Kiribati,2026,66,0.02963437
Kiribati,2026,67,0.03254872
Kiribati,2026,68,0.0358089
Kiribati,2026,69,0.03945734
Kiribati,2026,70,0.04345019
Kiribati,2026,71,0.04784263
Kiribati,2026,72,0.05273901
Kiribati,2026,73,0.05813699
Kiribati,2026,74,0.06404421
Kiribati,2026,75,0.070605
Kiribati,2026,76,0.07796387
Kiribati,2026,77,0.08614829
Kiribati,2026,78,0.09518377
Kiribati,2026,79,0.10520408
Kiribati,2026,80,0.11630583
Kiribati,2026,81,0.12846638
Kiribati,2026,82,0.14167139
Kiribati,2026,83,0.15581649
Kiribati,2026,84,0.17083117
Kiribati,2026,85,0.18669593
Kiribati,2026,86,0.20356285
Kiribati,2026,87,0.22160269
Kiribati,2026,88,0.24070804
Kiribati,2026,89,0.26111273
Kiribati,2026,90,0.28304734
Kiribati,2026,91,0.30589066
Kiribati,2026,92,0.32985126
Kiribati,2026,93,0.35453736
Kiribati,2026,94,0.37949728
Kiribati,2026,95,0.40608278
Kiribati,2026,96,0.43324203
Kiribati,2026,97,0.46002289
Kiribati,2026,98,0.48724687
Kiribati,2026,99,0.51476274
Kiribati,2026,100,0.57473552
Kiribati,2027,0,0.04189197
Kiribati,2027,1,0.00419265
Kiribati,2027,2,0.00309407
Kiribati,2027,3,0.00230197
Kiribati,2027,4,0.00174051
Kiribati,2027,5,0.00134911
Kiribati,2027,6,0.00108198
Kiribati,2027,7,0.00090515
Kiribati,2027,8,0.00079305
Kiribati,2027,9,0.00072929
Kiribati,2027,10,0.00070339
Kiribati,2027,11,0.00070971
Kiribati,2027,12,0.00074501
Kiribati,2027,13,0.00080813
Kiribati,2027,14,0.00089769
Kiribati,2027,15,0.00101148
Kiribati,2027,16,0.00114435
Kiribati,2027,17,0.00128738
Kiribati,2027,18,0.00143122
Kiribati,2027,19,0.00156497
Kiribati,2027,20,0.00168058
Kiribati,2027,21,0.0017733
Kiribati,2027,22,0.00184136
Kiribati,2027,23,0.00188675
Kiribati,2027,24,0.00191531
Kiribati,2027,25,0.00193457
Kiribati,2027,26,0.0019521
Kiribati,2027,27,0.00197474
Kiribati,2027,28,0.00200825
Kiribati,2027,29,0.00205551
Kiribati,2027,30,0.00211633
Kiribati,2027,31,0.00219077
Kiribati,2027,32,0.00227791
Kiribati,2027,33,0.00237677
Kiribati,2027,34,0.00248694
Kiribati,2027,35,0.00260896
Kiribati,2027,36,0.00274453
Kiribati,2027,37,0.00289412
Kiribati,2027,38,0.00306008
Kiribati,2027,39,0.00324579
Kiribati,2027,40,0.00345379
Kiribati,2027,41,0.00368694
Kiribati,2027,42,0.00394886
Kiribati,2027,43,0.00424307
Kiribati,2027,44,0.00457115
Kiribati,2027,45,0.00493715
Kiribati,2027,46,0.00534097
Kiribati,2027,47,0.00578478
Kiribati,2027,48,0.00626888
Kiribati,2027,49,0.00680035
Kiribati,2027,50,0.00738495
Kiribati,2027,51,0.0080071
Kiribati,2027,52,0.00868027
Kiribati,2027,53,0.00941466
Kiribati,2027,54,0.01021489
Kiribati,2027,55,0.01109483
Kiribati,2027,56,0.01206689
Kiribati,2027,57,0.0131551
Kiribati,2027,58,0.01436941
Kiribati,2027,59,0.0157229
Kiribati,2027,60,0.01720671
Kiribati,2027,61,0.01881426
Kiribati,2027,62,0.02057539
Kiribati,2027,63,0.02249791
Kiribati,2027,64,0.02461388
Kiribati,2027,65,0.02697529
Kiribati,2027,66,0.0295841
Kiribati,2027,67,0.03249409
Kiribati,2027,68,0.03575327
Kiribati,2027,69,0.03939501
Kiribati,2027,70,0.04345549
Kiribati,2027,71,0.04786808
Kiribati,2027,72,0.05269938
Kiribati,2027,73,0.05806322
Kiribati,2027,74,0.06397489
Kiribati,2027,75,0.07047818
Kiribati,2027,76,0.07774419
Kiribati,2027,77,0.08594024
Kiribati,2027,78,0.09507114
Kiribati,2027,79,0.10512731
Kiribati,2027,80,0.11620941
Kiribati,2027,81,0.12833701
Kiribati,2027,82,0.14146662
Kiribati,2027,83,0.15559743
Kiribati,2027,84,0.170646
Kiribati,2027,85,0.1866249
Kiribati,2027,86,0.20353074
Kiribati,2027,87,0.22155415
Kiribati,2027,88,0.24085464
Kiribati,2027,89,0.26120812
Kiribati,2027,90,0.28279913
Kiribati,2027,91,0.30574548
Kiribati,2027,92,0.32938597
Kiribati,2027,93,0.35400389
Kiribati,2027,94,0.37924302
Kiribati,2027,95,0.40476197
Kiribati,2027,96,0.43200928
Kiribati,2027,97,0.45977307
Kiribati,2027,98,0.48707117
Kiribati,2027,99,0.51459416
Kiribati,2027,100,0.5744455
Kiribati,2028,0,0.04106951
Kiribati,2028,1,0.0041105
Kiribati,2028,2,0.00303498
Kiribati,2028,3,0.00225909
Kiribati,2028,4,0.00170887
Kiribati,2028,5,0.00132516
Kiribati,2028,6,0.00106334
Kiribati,2028,7,0.0008898
Kiribati,2028,8,0.0007799
Kiribati,2028,9,0.00071762
Kiribati,2028,10,0.00069225
Kiribati,2028,11,0.00069855
Kiribati,2028,12,0.00073339
Kiribati,2028,13,0.00079579
Kiribati,2028,14,0.00088437
Kiribati,2028,15,0.0009969
Kiribati,2028,16,0.00112836
Kiribati,2028,17,0.00126986
Kiribati,2028,18,0.0014115
Kiribati,2028,19,0.00154255
Kiribati,2028,20,0.00165597
Kiribati,2028,21,0.00174659
Kiribati,2028,22,0.00181377
Kiribati,2028,23,0.00185926
Kiribati,2028,24,0.00188835
Kiribati,2028,25,0.00190832
Kiribati,2028,26,0.00192737
Kiribati,2028,27,0.00195137
Kiribati,2028,28,0.00198465
Kiribati,2028,29,0.00203144
Kiribati,2028,30,0.00209213
Kiribati,2028,31,0.00216637
Kiribati,2028,32,0.00225276
Kiribati,2028,33,0.00235091
Kiribati,2028,34,0.00246068
Kiribati,2028,35,0.00258208
Kiribati,2028,36,0.00271685
Kiribati,2028,37,0.00286638
Kiribati,2028,38,0.00303182
Kiribati,2028,39,0.00321596
Kiribati,2028,40,0.00342273
Kiribati,2028,41,0.00365503
Kiribati,2028,42,0.00391565
Kiribati,2028,43,0.00420835
Kiribati,2028,44,0.00453617
Kiribati,2028,45,0.0049001
Kiribati,2028,46,0.00530318
Kiribati,2028,47,0.00574614
Kiribati,2028,48,0.00623092
Kiribati,2028,49,0.00675794
Kiribati,2028,50,0.00733576
Kiribati,2028,51,0.00796932
Kiribati,2028,52,0.0086454
Kiribati,2028,53,0.00937806
Kiribati,2028,54,0.01017961
Kiribati,2028,55,0.01105609
Kiribati,2028,56,0.01201954
Kiribati,2028,57,0.01309056
Kiribati,2028,58,0.01429131
Kiribati,2028,59,0.01563069
Kiribati,2028,60,0.01712103
Kiribati,2028,61,0.01874509
Kiribati,2028,62,0.02050701
Kiribati,2028,63,0.02243723
Kiribati,2028,64,0.02454936
Kiribati,2028,65,0.02688542
Kiribati,2028,66,0.02949808
Kiribati,2028,67,0.03240512
Kiribati,2028,68,0.03565549
Kiribati,2028,69,0.03929142
Kiribati,2028,70,0.04333952
Kiribati,2028,71,0.0478157
Kiribati,2028,72,0.05266167
Kiribati,2028,73,0.05794973
Kiribati,2028,74,0.06381725
Kiribati,2028,75,0.07031627
Kiribati,2028,76,0.07750989
Kiribati,2028,77,0.08559802
Kiribati,2028,78,0.09472956
Kiribati,2028,79,0.10486867
Kiribati,2028,80,0.11597008
Kiribati,2028,81,0.12805992
Kiribati,2028,82,0.14113773
Kiribati,2028,83,0.15516969
Kiribati,2028,84,0.17018218
Kiribati,2028,85,0.18617686
Kiribati,2028,86,0.20318548
Kiribati,2028,87,0.22122031
Kiribati,2028,88,0.24046631
Kiribati,2028,89,0.26098382
Kiribati,2028,90,0.28247502
Kiribati,2028,91,0.30502959
Kiribati,2028,92,0.3287347
Kiribati,2028,93,0.35298589
Kiribati,2028,94,0.37811483
Kiribati,2028,95,0.40387772
Kiribati,2028,96,0.43001388
Kiribati,2028,97,0.45783918
Kiribati,2028,98,0.48609453
Kiribati,2028,99,0.51364086
Kiribati,2028,100,0.57336026
Kiribati,2029,0,0.04033353
Kiribati,2029,1,0.00403592
Kiribati,2029,2,0.00298143
Kiribati,2029,3,0.00222033
Kiribati,2029,4,0.0016803
Kiribati,2029,5,0.00130355
Kiribati,2029,6,0.00104636
Kiribati,2029,7,0.00087601
Kiribati,2029,8,0.00076797
Kiribati,2029,9,0.00070688
Kiribati,2029,10,0.00068226
Kiribati,2029,11,0.00068855
Kiribati,2029,12,0.00072297
Kiribati,2029,13,0.0007846
Kiribati,2029,14,0.00087225
Kiribati,2029,15,0.00098369
Kiribati,2029,16,0.0011139
Kiribati,2029,17,0.00125415
Kiribati,2029,18,0.00139452
Kiribati,2029,19,0.00152359
Kiribati,2029,20,0.00163454
Kiribati,2029,21,0.00172335
Kiribati,2029,22,0.00178883
Kiribati,2029,23,0.00183387
Kiribati,2029,24,0.00186334
Kiribati,2029,25,0.00188394
Kiribati,2029,26,0.0019037
Kiribati,2029,27,0.001929
Kiribati,2029,28,0.00196343
Kiribati,2029,29,0.00200994
Kiribati,2029,30,0.00207013
Kiribati,2029,31,0.00214426
Kiribati,2029,32,0.00223043
Kiribati,2029,33,0.00232781
Kiribati,2029,34,0.00243685
Kiribati,2029,35,0.00255787
Kiribati,2029,36,0.00269207
Kiribati,2029,37,0.00284078
Kiribati,2029,38,0.00300625
Kiribati,2029,39,0.00318991
Kiribati,2029,40,0.00339501
Kiribati,2029,41,0.003626
Kiribati,2029,42,0.0038858
Kiribati,2029,43,0.00417718
Kiribati,2029,44,0.00450348
Kiribati,2029,45,0.00486734
Kiribati,2029,46,0.00526818
Kiribati,2029,47,0.00571058
Kiribati,2029,48,0.00619469
Kiribati,2029,49,0.0067228
Kiribati,2029,50,0.00729599
Kiribati,2029,51,0.00792195
Kiribati,2029,52,0.0086113
Kiribati,2029,53,0.00934776
Kiribati,2029,54,0.01014785
Kiribati,2029,55,0.01102628
Kiribati,2029,56,0.01198569
Kiribati,2029,57,0.01304748
Kiribati,2029,58,0.01422965
Kiribati,2029,59,0.01555474
Kiribati,2029,60,0.01703045
Kiribati,2029,61,0.01866145
Kiribati,2029,62,0.02044186
Kiribati,2029,63,0.0223738
Kiribati,2029,64,0.02449514
Kiribati,2029,65,0.02682821
Kiribati,2029,66,0.02941397
Kiribati,2029,67,0.03232629
Kiribati,2029,68,0.03557487
Kiribati,2029,69,0.03920302
Kiribati,2029,70,0.04324678
Kiribati,2029,71,0.04771088
Kiribati,2029,72,0.05262648
Kiribati,2029,73,0.05793406
Kiribati,2029,74,0.06372557
Kiribati,2029,75,0.07018163
Kiribati,2029,76,0.07737397
Kiribati,2029,77,0.08539104
Kiribati,2029,78,0.09441626
Kiribati,2029,79,0.1045612
Kiribati,2029,80,0.1157521
Kiribati,2029,81,0.12786945
Kiribati,2029,82,0.14091965
Kiribati,2029,83,0.15491015
Kiribati,2029,84,0.16982874
Kiribati,2029,85,0.18579711
Kiribati,2029,86,0.20283937
Kiribati,2029,87,0.22100305
Kiribati,2029,88,0.24027654
Kiribati,2029,89,0.2607531
Kiribati,2029,90,0.28243335
Kiribati,2029,91,0.30491206
Kiribati,2029,92,0.32824587
Kiribati,2029,93,0.35259094
Kiribati,2029,94,0.37737379
Kiribati,2029,95,0.40304918
Kiribati,2029,96,0.42948142
Kiribati,2029,97,0.45620526
Kiribati,2029,98,0.4845448
Kiribati,2029,99,0.51307624
Kiribati,2029,100,0.57279356
Kiribati,2030,0,0.03953508
Kiribati,2030,1,0.00395491
Kiribati,2030,2,0.00292328
Kiribati,2030,3,0.00217824
Kiribati,2030,4,0.00164933
Kiribati,2030,5,0.00128012
Kiribati,2030,6,0.00102794
Kiribati,2030,7,0.00086088
Kiribati,2030,8,0.00075508
Kiribati,2030,9,0.00069515
Kiribati,2030,10,0.00067116
Kiribati,2030,11,0.00067772
Kiribati,2030,12,0.00071172
Kiribati,2030,13,0.00077252
Kiribati,2030,14,0.00085901
Kiribati,2030,15,0.00096919
Kiribati,2030,16,0.00109804
Kiribati,2030,17,0.00123691
Kiribati,2030,18,0.00137602
Kiribati,2030,19,0.0015039
Kiribati,2030,20,0.00161293
Kiribati,2030,21,0.00169936
Kiribati,2030,22,0.00176331
Kiribati,2030,23,0.001807
Kiribati,2030,24,0.00183632
Kiribati,2030,25,0.00185747
Kiribati,2030,26,0.00187791
Kiribati,2030,27,0.00190383
Kiribati,2030,28,0.00193935
Kiribati,2030,29,0.00198686
Kiribati,2030,30,0.00204672
Kiribati,2030,31,0.00212034
Kiribati,2030,32,0.00220638
Kiribati,2030,33,0.00230351
Kiribati,2030,34,0.0024117
Kiribati,2030,35,0.00253193
Kiribati,2030,36,0.00266576
Kiribati,2030,37,0.00281386
Kiribati,2030,38,0.00297844
Kiribati,2030,39,0.0031622
Kiribati,2030,40,0.00336682
Kiribati,2030,41,0.00359593
Kiribati,2030,42,0.00385432
Kiribati,2030,43,0.00414487
Kiribati,2030,44,0.0044698
Kiribati,2030,45,0.00483209
Kiribati,2030,46,0.00523288
Kiribati,2030,47,0.00567295
Kiribati,2030,48,0.00615667
Kiribati,2030,49,0.00668429
Kiribati,2030,50,0.00725903
Kiribati,2030,51,0.00787983
Kiribati,2030,52,0.00856101
Kiribati,2030,53,0.0093129
Kiribati,2030,54,0.01011779
Kiribati,2030,55,0.01099506
Kiribati,2030,56,0.01195646
Kiribati,2030,57,0.01301402
Kiribati,2030,58,0.0141863
Kiribati,2030,59,0.01549154
Kiribati,2030,60,0.01695247
Kiribati,2030,61,0.01856766
Kiribati,2030,62,0.0203563
Kiribati,2030,63,0.02230883
Kiribati,2030,64,0.02443287
Kiribati,2030,65,0.02677663
Kiribati,2030,66,0.02935888
Kiribati,2030,67,0.03224338
Kiribati,2030,68,0.03549827
Kiribati,2030,69,0.03912533
Kiribati,2030,70,0.04316186
Kiribati,2030,71,0.0476212
Kiribati,2030,72,0.05252525
Kiribati,2030,73,0.05790753
Kiribati,2030,74,0.0637214
Kiribati,2030,75,0.07009836
Kiribati,2030,76,0.07724489
Kiribati,2030,77,0.08526078
Kiribati,2030,78,0.09421385
Kiribati,2030,79,0.10425285
Kiribati,2030,80,0.1154518
Kiribati,2030,81,0.12766128
Kiribati,2030,82,0.14074357
Kiribati,2030,83,0.15471088
Kiribati,2030,84,0.16959133
Kiribati,2030,85,0.18546248
Kiribati,2030,86,0.20248314
Kiribati,2030,87,0.22068981
Kiribati,2030,88,0.24010471
Kiribati,2030,89,0.26061032
Kiribati,2030,90,0.28224864
Kiribati,2030,91,0.30492349
Kiribati,2030,92,0.32818437
Kiribati,2030,93,0.35216005
Kiribati,2030,94,0.37704597
Kiribati,2030,95,0.40237796
Kiribati,2030,96,0.42875117
Kiribati,2030,97,0.45578776
Kiribati,2030,98,0.4830481
Kiribati,2030,99,0.51169325
Kiribati,2030,100,0.57238172
